

================================================================
== Vitis HLS Report for 'B_IO_L2_in_boundary_x0'
================================================================
* Date:           Sun Sep 18 03:37:13 2022

* Version:        2020.2 (Build 3064766 on Wed Nov 18 09:12:47 MST 2020)
* Project:        top
* Solution:       solution (Vitis Kernel Flow Target)
* Product family: virtexuplus
* Target device:  xcu250-figd2104-2L-e


================================================================
== Performance Estimates
================================================================
+ Timing: 
    * Summary: 
    +--------+---------+----------+------------+
    |  Clock |  Target | Estimated| Uncertainty|
    +--------+---------+----------+------------+
    |ap_clk  |  3.33 ns|  1.963 ns|     0.90 ns|
    +--------+---------+----------+------------+

+ Latency: 
    * Summary: 
    +---------+-----------+----------+-----------+--------+-----------+---------+
    |   Latency (cycles)  |  Latency (absolute)  |      Interval      | Pipeline|
    |   min   |    max    |    min   |    max    |   min  |    max    |   Type  |
    +---------+-----------+----------+-----------+--------+-----------+---------+
    |   157888|  255379648|  0.526 ms|  0.851 sec|  157888|  255379648|     none|
    +---------+-----------+----------+-----------+--------+-----------+---------+

    + Detail: 
        * Instance: 
        N/A

        * Loop: 
        +-----------------------------------------------+---------+-----------+-----------------+-----------+-----------+------+----------+
        |                                               |   Latency (cycles)  |    Iteration    |  Initiation Interval  | Trip |          |
        |                   Loop Name                   |   min   |    max    |     Latency     |  achieved |   target  | Count| Pipelined|
        +-----------------------------------------------+---------+-----------+-----------------+-----------+-----------+------+----------+
        |- B_IO_L2_in_boundary_x0_loop_1                |     9272|  255231032|  2318 ~ 63807758|          -|          -|     4|        no|
        | + B_IO_L2_in_boundary_x0_loop_2               |     2316|   63807756|   386 ~ 10634626|          -|          -|     6|        no|
        |  ++ B_IO_L2_in_boundary_x0_loop_3             |      384|   10634624|        3 ~ 83083|          -|          -|   128|        no|
        |   +++ B_IO_L2_in_boundary_x0_loop_5           |        2|          2|                1|          -|          -|     2|        no|
        |   +++ B_IO_L2_in_boundary_x0_loop_6           |    83078|      83078|            41539|          -|          -|     2|        no|
        |    ++++ B_IO_L2_in_boundary_x0_loop_7         |    41536|      41536|             1298|          -|          -|    32|        no|
        |     +++++ B_IO_L2_in_boundary_x0_loop_8       |     1296|       1296|              162|          -|          -|     8|        no|
        |      ++++++ B_IO_L2_in_boundary_x0_loop_9     |      160|        160|               10|          -|          -|    16|        no|
        |       +++++++ B_IO_L2_in_boundary_x0_loop_10  |        8|          8|                1|          -|          -|     8|        no|
        |   +++ B_IO_L2_in_boundary_x0_loop_12          |        2|          2|                1|          -|          -|     2|        no|
        |   +++ B_IO_L2_in_boundary_x0_loop_13          |    83078|      83078|            41539|          -|          -|     2|        no|
        |    ++++ B_IO_L2_in_boundary_x0_loop_14        |    41536|      41536|             1298|          -|          -|    32|        no|
        |     +++++ B_IO_L2_in_boundary_x0_loop_15      |     1296|       1296|              162|          -|          -|     8|        no|
        |      ++++++ B_IO_L2_in_boundary_x0_loop_16    |      160|        160|               10|          -|          -|    16|        no|
        |       +++++++ B_IO_L2_in_boundary_x0_loop_17  |        8|          8|                1|          -|          -|     8|        no|
        |- B_IO_L2_in_boundary_x0_loop_18               |   148614|     148614|            74307|          -|          -|     2|        no|
        | + B_IO_L2_in_boundary_x0_loop_19              |    74304|      74304|             2322|          -|          -|    32|        no|
        |  ++ B_IO_L2_in_boundary_x0_loop_20            |     2320|       2320|              290|          -|          -|     8|        no|
        |   +++ B_IO_L2_in_boundary_x0_loop_21          |      288|        288|               18|          -|          -|    16|        no|
        |    ++++ B_IO_L2_in_boundary_x0_loop_22        |       16|         16|                2|          -|          -|     8|        no|
        +-----------------------------------------------+---------+-----------+-----------------+-----------+-----------+------+----------+

============================================================
+ Verbose Summary: Synthesis Manager
============================================================
InlineROM: 1
ExposeGlobal: 0
============================================================
+ Verbose Summary: CDFG Model
============================================================
IsTopModel: 0
ResetActiveHigh: 1
IsCombinational: 2
IsDatapathOnly: 0
HasWiredReturn: 1
HasMFsm: 0
HasVarLatency: 1
IsPipeline: 0
IsRtlPipelined: 0
IsInstanceOverlapped: 0
IsDontTouch: 0
HasImplIP: 0
IsGatedGlobalClock: 0


============================================================
+ Verbose Summary: Schedule
============================================================
* Number of FSM states : 24
* Pipeline : 0
* Dataflow Pipeline: 0

* FSM state transitions: 
1 --> 2 
2 --> 3 18 
3 --> 4 2 
4 --> 5 12 3 
5 --> 5 6 
6 --> 7 13 4 
7 --> 8 
8 --> 9 6 
9 --> 10 8 
10 --> 11 9 
11 --> 11 10 
12 --> 12 6 
13 --> 14 
14 --> 15 6 
15 --> 16 14 
16 --> 17 15 
17 --> 17 16 
18 --> 19 
19 --> 20 
20 --> 21 18 
21 --> 22 20 
22 --> 23 21 
23 --> 24 22 
24 --> 23 

* FSM state operations: 

State 1 <SV = 0> <Delay = 0.74>
ST_1 : Operation 25 [1/1] (0.00ns)   --->   "%data_split_V_7 = alloca i32 1"   --->   Operation 25 'alloca' 'data_split_V_7' <Predicate = true> <Delay = 0.00>
ST_1 : Operation 26 [1/1] (0.00ns)   --->   "%data_split_V_7_27 = alloca i32 1"   --->   Operation 26 'alloca' 'data_split_V_7_27' <Predicate = true> <Delay = 0.00>
ST_1 : Operation 27 [1/1] (0.00ns)   --->   "%data_split_V_7_28 = alloca i32 1"   --->   Operation 27 'alloca' 'data_split_V_7_28' <Predicate = true> <Delay = 0.00>
ST_1 : Operation 28 [1/1] (0.00ns)   --->   "%data_split_V_7_29 = alloca i32 1"   --->   Operation 28 'alloca' 'data_split_V_7_29' <Predicate = true> <Delay = 0.00>
ST_1 : Operation 29 [1/1] (0.00ns)   --->   "%data_split_V_7_30 = alloca i32 1"   --->   Operation 29 'alloca' 'data_split_V_7_30' <Predicate = true> <Delay = 0.00>
ST_1 : Operation 30 [1/1] (0.00ns)   --->   "%data_split_V_7_31 = alloca i32 1"   --->   Operation 30 'alloca' 'data_split_V_7_31' <Predicate = true> <Delay = 0.00>
ST_1 : Operation 31 [1/1] (0.00ns)   --->   "%data_split_V_7_32 = alloca i32 1"   --->   Operation 31 'alloca' 'data_split_V_7_32' <Predicate = true> <Delay = 0.00>
ST_1 : Operation 32 [1/1] (0.00ns)   --->   "%data_split_V_7_33 = alloca i32 1"   --->   Operation 32 'alloca' 'data_split_V_7_33' <Predicate = true> <Delay = 0.00>
ST_1 : Operation 33 [1/1] (0.00ns)   --->   "%data_split_V_7_34 = alloca i32 1"   --->   Operation 33 'alloca' 'data_split_V_7_34' <Predicate = true> <Delay = 0.00>
ST_1 : Operation 34 [1/1] (0.00ns)   --->   "%data_split_V_7_35 = alloca i32 1"   --->   Operation 34 'alloca' 'data_split_V_7_35' <Predicate = true> <Delay = 0.00>
ST_1 : Operation 35 [1/1] (0.00ns)   --->   "%data_split_V_7_36 = alloca i32 1"   --->   Operation 35 'alloca' 'data_split_V_7_36' <Predicate = true> <Delay = 0.00>
ST_1 : Operation 36 [1/1] (0.00ns)   --->   "%data_split_V_7_37 = alloca i32 1"   --->   Operation 36 'alloca' 'data_split_V_7_37' <Predicate = true> <Delay = 0.00>
ST_1 : Operation 37 [1/1] (0.00ns)   --->   "%data_split_V_7_38 = alloca i32 1"   --->   Operation 37 'alloca' 'data_split_V_7_38' <Predicate = true> <Delay = 0.00>
ST_1 : Operation 38 [1/1] (0.00ns)   --->   "%data_split_V_7_39 = alloca i32 1"   --->   Operation 38 'alloca' 'data_split_V_7_39' <Predicate = true> <Delay = 0.00>
ST_1 : Operation 39 [1/1] (0.00ns)   --->   "%data_split_V_7_40 = alloca i32 1"   --->   Operation 39 'alloca' 'data_split_V_7_40' <Predicate = true> <Delay = 0.00>
ST_1 : Operation 40 [1/1] (0.00ns)   --->   "%data_split_V_7_41 = alloca i32 1"   --->   Operation 40 'alloca' 'data_split_V_7_41' <Predicate = true> <Delay = 0.00>
ST_1 : Operation 41 [1/1] (0.00ns)   --->   "%specmemcore_ln0 = specmemcore void @_ssdm_op_SpecMemCore, i32 %fifo_B_PE_0_7_x096, i64 666, i64 10, i64 18446744073709551615"   --->   Operation 41 'specmemcore' 'specmemcore_ln0' <Predicate = true> <Delay = 0.00>
ST_1 : Operation 42 [1/1] (0.00ns)   --->   "%specmemcore_ln0 = specmemcore void @_ssdm_op_SpecMemCore, i256 %fifo_B_B_IO_L2_in_7_x016, i64 666, i64 10, i64 18446744073709551615"   --->   Operation 42 'specmemcore' 'specmemcore_ln0' <Predicate = true> <Delay = 0.00>
ST_1 : Operation 43 [1/1] (0.00ns)   --->   "%specinterface_ln0 = specinterface void @_ssdm_op_SpecInterface, i32 %fifo_B_PE_0_7_x096, void @empty_708, i32 0, i32 0, void @empty_1340, i32 0, i32 0, void @empty_1340, void @empty_1340, void @empty_1340, i32 0, i32 0, i32 0, i32 0, void @empty_1340, void @empty_1340"   --->   Operation 43 'specinterface' 'specinterface_ln0' <Predicate = true> <Delay = 0.00>
ST_1 : Operation 44 [1/1] (0.00ns)   --->   "%specinterface_ln0 = specinterface void @_ssdm_op_SpecInterface, i256 %fifo_B_B_IO_L2_in_7_x016, void @empty_708, i32 0, i32 0, void @empty_1340, i32 0, i32 0, void @empty_1340, void @empty_1340, void @empty_1340, i32 0, i32 0, i32 0, i32 0, void @empty_1340, void @empty_1340"   --->   Operation 44 'specinterface' 'specinterface_ln0' <Predicate = true> <Delay = 0.00>
ST_1 : Operation 45 [1/1] (0.74ns)   --->   "%local_B_ping_V_0 = alloca i64 1" [./dut.cpp:2778]   --->   Operation 45 'alloca' 'local_B_ping_V_0' <Predicate = true> <Delay = 0.74> <CoreInst = "RAM">   --->   Core 83 'RAM' <Latency = 1> <II = 1> <Delay = 0.74> <Storage> <Opcode : 'load' 'store'> <Ports = 2> <Width = 256> <Depth = 2> <RAM>
ST_1 : Operation 46 [1/1] (0.74ns)   --->   "%local_B_pong_V_0 = alloca i64 1" [./dut.cpp:2779]   --->   Operation 46 'alloca' 'local_B_pong_V_0' <Predicate = true> <Delay = 0.74> <CoreInst = "RAM">   --->   Core 83 'RAM' <Latency = 1> <II = 1> <Delay = 0.74> <Storage> <Opcode : 'load' 'store'> <Ports = 2> <Width = 256> <Depth = 2> <RAM>
ST_1 : Operation 47 [1/1] (0.38ns)   --->   "%br_ln2789 = br void" [./dut.cpp:2789]   --->   Operation 47 'br' 'br_ln2789' <Predicate = true> <Delay = 0.38>

State 2 <SV = 1> <Delay = 0.57>
ST_2 : Operation 48 [1/1] (0.00ns)   --->   "%c0_V = phi i3 0, void, i3 %add_ln691, void"   --->   Operation 48 'phi' 'c0_V' <Predicate = true> <Delay = 0.00>
ST_2 : Operation 49 [1/1] (0.00ns)   --->   "%intra_trans_en = phi i1 0, void, i1 1, void"   --->   Operation 49 'phi' 'intra_trans_en' <Predicate = true> <Delay = 0.00>
ST_2 : Operation 50 [1/1] (0.57ns)   --->   "%add_ln691 = add i3 %c0_V, i3 1"   --->   Operation 50 'add' 'add_ln691' <Predicate = true> <Delay = 0.57> <CoreInst = "Adder">   --->   Core 1 'Adder' <Latency = 0> <II = 1> <Delay = 0.70> <FuncUnit> <Opcode : 'add' 'sub'> <InPorts = 2> <OutPorts = 1>
ST_2 : Operation 51 [1/1] (0.49ns)   --->   "%icmp_ln890 = icmp_eq  i3 %c0_V, i3 4"   --->   Operation 51 'icmp' 'icmp_ln890' <Predicate = true> <Delay = 0.49> <CoreInst = "Cmp">   --->   Core 9 'Cmp' <Latency = 0> <II = 1> <Delay = 0.65> <FuncUnit> <Opcode : 'icmp'> <InPorts = 2> <OutPorts = 1>
ST_2 : Operation 52 [1/1] (0.00ns)   --->   "%speclooptripcount_ln0 = speclooptripcount void @_ssdm_op_SpecLoopTripCount, i64 4, i64 4, i64 4"   --->   Operation 52 'speclooptripcount' 'speclooptripcount_ln0' <Predicate = true> <Delay = 0.00>
ST_2 : Operation 53 [1/1] (0.00ns)   --->   "%br_ln2789 = br i1 %icmp_ln890, void %.split54, void %.preheader67.preheader" [./dut.cpp:2789]   --->   Operation 53 'br' 'br_ln2789' <Predicate = true> <Delay = 0.00>
ST_2 : Operation 54 [1/1] (0.00ns)   --->   "%specloopname_ln2789 = specloopname void @_ssdm_op_SpecLoopName, void @empty_2350" [./dut.cpp:2789]   --->   Operation 54 'specloopname' 'specloopname_ln2789' <Predicate = (!icmp_ln890)> <Delay = 0.00>
ST_2 : Operation 55 [1/1] (0.38ns)   --->   "%br_ln2790 = br void" [./dut.cpp:2790]   --->   Operation 55 'br' 'br_ln2790' <Predicate = (!icmp_ln890)> <Delay = 0.38>
ST_2 : Operation 56 [1/1] (0.00ns)   --->   "%data_split_V_7_42 = alloca i32 1"   --->   Operation 56 'alloca' 'data_split_V_7_42' <Predicate = (icmp_ln890)> <Delay = 0.00>
ST_2 : Operation 57 [1/1] (0.00ns)   --->   "%data_split_V_7_43 = alloca i32 1"   --->   Operation 57 'alloca' 'data_split_V_7_43' <Predicate = (icmp_ln890)> <Delay = 0.00>
ST_2 : Operation 58 [1/1] (0.00ns)   --->   "%data_split_V_7_44 = alloca i32 1"   --->   Operation 58 'alloca' 'data_split_V_7_44' <Predicate = (icmp_ln890)> <Delay = 0.00>
ST_2 : Operation 59 [1/1] (0.00ns)   --->   "%data_split_V_7_45 = alloca i32 1"   --->   Operation 59 'alloca' 'data_split_V_7_45' <Predicate = (icmp_ln890)> <Delay = 0.00>
ST_2 : Operation 60 [1/1] (0.00ns)   --->   "%data_split_V_7_46 = alloca i32 1"   --->   Operation 60 'alloca' 'data_split_V_7_46' <Predicate = (icmp_ln890)> <Delay = 0.00>
ST_2 : Operation 61 [1/1] (0.00ns)   --->   "%data_split_V_7_47 = alloca i32 1"   --->   Operation 61 'alloca' 'data_split_V_7_47' <Predicate = (icmp_ln890)> <Delay = 0.00>
ST_2 : Operation 62 [1/1] (0.00ns)   --->   "%data_split_V_7_48 = alloca i32 1"   --->   Operation 62 'alloca' 'data_split_V_7_48' <Predicate = (icmp_ln890)> <Delay = 0.00>
ST_2 : Operation 63 [1/1] (0.00ns)   --->   "%data_split_V_7_032 = alloca i32 1"   --->   Operation 63 'alloca' 'data_split_V_7_032' <Predicate = (icmp_ln890)> <Delay = 0.00>
ST_2 : Operation 64 [1/1] (0.38ns)   --->   "%br_ln890 = br void %.preheader67"   --->   Operation 64 'br' 'br_ln890' <Predicate = (icmp_ln890)> <Delay = 0.38>

State 3 <SV = 2> <Delay = 1.32>
ST_3 : Operation 65 [1/1] (0.00ns)   --->   "%c1_V = phi i3 0, void %.split54, i3 %add_ln691_1679, void"   --->   Operation 65 'phi' 'c1_V' <Predicate = true> <Delay = 0.00>
ST_3 : Operation 66 [1/1] (0.00ns)   --->   "%intra_trans_en_19 = phi i1 %intra_trans_en, void %.split54, i1 1, void"   --->   Operation 66 'phi' 'intra_trans_en_19' <Predicate = true> <Delay = 0.00>
ST_3 : Operation 67 [1/1] (0.57ns)   --->   "%add_ln691_1679 = add i3 %c1_V, i3 1"   --->   Operation 67 'add' 'add_ln691_1679' <Predicate = true> <Delay = 0.57> <CoreInst = "Adder">   --->   Core 1 'Adder' <Latency = 0> <II = 1> <Delay = 0.70> <FuncUnit> <Opcode : 'add' 'sub'> <InPorts = 2> <OutPorts = 1>
ST_3 : Operation 68 [1/1] (0.49ns)   --->   "%icmp_ln890_1600 = icmp_eq  i3 %c1_V, i3 6"   --->   Operation 68 'icmp' 'icmp_ln890_1600' <Predicate = true> <Delay = 0.49> <CoreInst = "Cmp">   --->   Core 9 'Cmp' <Latency = 0> <II = 1> <Delay = 0.65> <FuncUnit> <Opcode : 'icmp'> <InPorts = 2> <OutPorts = 1>
ST_3 : Operation 69 [1/1] (0.00ns)   --->   "%speclooptripcount_ln0 = speclooptripcount void @_ssdm_op_SpecLoopTripCount, i64 6, i64 6, i64 6"   --->   Operation 69 'speclooptripcount' 'speclooptripcount_ln0' <Predicate = true> <Delay = 0.00>
ST_3 : Operation 70 [1/1] (0.00ns)   --->   "%br_ln2790 = br i1 %icmp_ln890_1600, void %.split52, void" [./dut.cpp:2790]   --->   Operation 70 'br' 'br_ln2790' <Predicate = true> <Delay = 0.00>
ST_3 : Operation 71 [1/1] (0.00ns)   --->   "%specloopname_ln2790 = specloopname void @_ssdm_op_SpecLoopName, void @empty_1128" [./dut.cpp:2790]   --->   Operation 71 'specloopname' 'specloopname_ln2790' <Predicate = (!icmp_ln890_1600)> <Delay = 0.00>
ST_3 : Operation 72 [1/1] (0.00ns)   --->   "%p_shl = bitconcatenate i6 @_ssdm_op_BitConcatenate.i6.i3.i3, i3 %c1_V, i3 0"   --->   Operation 72 'bitconcatenate' 'p_shl' <Predicate = (!icmp_ln890_1600)> <Delay = 0.00>
ST_3 : Operation 73 [1/1] (0.70ns)   --->   "%add_i_i579_cast = sub i6 41, i6 %p_shl"   --->   Operation 73 'sub' 'add_i_i579_cast' <Predicate = (!icmp_ln890_1600)> <Delay = 0.70> <CoreInst = "Adder">   --->   Core 1 'Adder' <Latency = 0> <II = 1> <Delay = 0.70> <FuncUnit> <Opcode : 'add' 'sub'> <InPorts = 2> <OutPorts = 1>
ST_3 : Operation 74 [1/1] (0.61ns)   --->   "%cmp_i_i565 = icmp_ult  i6 %add_i_i579_cast, i6 7"   --->   Operation 74 'icmp' 'cmp_i_i565' <Predicate = (!icmp_ln890_1600)> <Delay = 0.61> <CoreInst = "Cmp">   --->   Core 9 'Cmp' <Latency = 0> <II = 1> <Delay = 0.65> <FuncUnit> <Opcode : 'icmp'> <InPorts = 2> <OutPorts = 1>
ST_3 : Operation 75 [1/1] (0.38ns)   --->   "%br_ln2791 = br void" [./dut.cpp:2791]   --->   Operation 75 'br' 'br_ln2791' <Predicate = (!icmp_ln890_1600)> <Delay = 0.38>
ST_3 : Operation 76 [1/1] (0.00ns)   --->   "%br_ln0 = br void"   --->   Operation 76 'br' 'br_ln0' <Predicate = (icmp_ln890_1600)> <Delay = 0.00>

State 4 <SV = 3> <Delay = 0.70>
ST_4 : Operation 77 [1/1] (0.00ns)   --->   "%intra_trans_en_20 = phi i1 %intra_trans_en_19, void %.split52, i1 1, void %.loopexit949"   --->   Operation 77 'phi' 'intra_trans_en_20' <Predicate = true> <Delay = 0.00>
ST_4 : Operation 78 [1/1] (0.00ns)   --->   "%arb_18 = phi i1 0, void %.split52, i1 %arb, void %.loopexit949"   --->   Operation 78 'phi' 'arb_18' <Predicate = true> <Delay = 0.00>
ST_4 : Operation 79 [1/1] (0.00ns)   --->   "%c2_V = phi i8 0, void %.split52, i8 %c2_V_181, void %.loopexit949"   --->   Operation 79 'phi' 'c2_V' <Predicate = true> <Delay = 0.00>
ST_4 : Operation 80 [1/1] (0.70ns)   --->   "%c2_V_181 = add i8 %c2_V, i8 1"   --->   Operation 80 'add' 'c2_V_181' <Predicate = true> <Delay = 0.70> <CoreInst = "Adder">   --->   Core 1 'Adder' <Latency = 0> <II = 1> <Delay = 0.70> <FuncUnit> <Opcode : 'add' 'sub'> <InPorts = 2> <OutPorts = 1>
ST_4 : Operation 81 [1/1] (0.58ns)   --->   "%icmp_ln2791 = icmp_eq  i8 %c2_V, i8 128" [./dut.cpp:2791]   --->   Operation 81 'icmp' 'icmp_ln2791' <Predicate = true> <Delay = 0.58> <CoreInst = "Cmp">   --->   Core 9 'Cmp' <Latency = 0> <II = 1> <Delay = 0.65> <FuncUnit> <Opcode : 'icmp'> <InPorts = 2> <OutPorts = 1>
ST_4 : Operation 82 [1/1] (0.00ns)   --->   "%speclooptripcount_ln0 = speclooptripcount void @_ssdm_op_SpecLoopTripCount, i64 128, i64 128, i64 128"   --->   Operation 82 'speclooptripcount' 'speclooptripcount_ln0' <Predicate = true> <Delay = 0.00>
ST_4 : Operation 83 [1/1] (0.00ns)   --->   "%br_ln2791 = br i1 %icmp_ln2791, void %.split49, void" [./dut.cpp:2791]   --->   Operation 83 'br' 'br_ln2791' <Predicate = true> <Delay = 0.00>
ST_4 : Operation 84 [1/1] (0.00ns)   --->   "%specloopname_ln2791 = specloopname void @_ssdm_op_SpecLoopName, void @empty_1834" [./dut.cpp:2791]   --->   Operation 84 'specloopname' 'specloopname_ln2791' <Predicate = (!icmp_ln2791)> <Delay = 0.00>
ST_4 : Operation 85 [1/1] (0.00ns)   --->   "%br_ln2795 = br i1 %arb_18, void, void" [./dut.cpp:2795]   --->   Operation 85 'br' 'br_ln2795' <Predicate = (!icmp_ln2791)> <Delay = 0.00>
ST_4 : Operation 86 [1/1] (0.00ns)   --->   "%br_ln2799 = br i1 %cmp_i_i565, void %.preheader4.preheader, void %.loopexit" [./dut.cpp:2799]   --->   Operation 86 'br' 'br_ln2799' <Predicate = (!icmp_ln2791 & !arb_18)> <Delay = 0.00>
ST_4 : Operation 87 [1/1] (0.38ns)   --->   "%br_ln890 = br void %.preheader4"   --->   Operation 87 'br' 'br_ln890' <Predicate = (!icmp_ln2791 & !arb_18 & !cmp_i_i565)> <Delay = 0.38>
ST_4 : Operation 88 [1/1] (0.00ns)   --->   "%br_ln2855 = br i1 %cmp_i_i565, void %.preheader1.preheader, void %.loopexit882" [./dut.cpp:2855]   --->   Operation 88 'br' 'br_ln2855' <Predicate = (!icmp_ln2791 & arb_18)> <Delay = 0.00>
ST_4 : Operation 89 [1/1] (0.38ns)   --->   "%br_ln890 = br void %.preheader1"   --->   Operation 89 'br' 'br_ln890' <Predicate = (!icmp_ln2791 & arb_18 & !cmp_i_i565)> <Delay = 0.38>
ST_4 : Operation 90 [1/1] (0.00ns)   --->   "%br_ln0 = br void"   --->   Operation 90 'br' 'br_ln0' <Predicate = (icmp_ln2791)> <Delay = 0.00>

State 5 <SV = 4> <Delay = 1.96>
ST_5 : Operation 91 [1/1] (0.00ns)   --->   "%c4_V_60 = phi i2 %add_ln691_1683, void %.split37, i2 0, void %.preheader4.preheader"   --->   Operation 91 'phi' 'c4_V_60' <Predicate = (!cmp_i_i565)> <Delay = 0.00>
ST_5 : Operation 92 [1/1] (0.43ns)   --->   "%add_ln691_1683 = add i2 %c4_V_60, i2 1"   --->   Operation 92 'add' 'add_ln691_1683' <Predicate = (!cmp_i_i565)> <Delay = 0.43> <CoreInst = "Adder">   --->   Core 1 'Adder' <Latency = 0> <II = 1> <Delay = 0.70> <FuncUnit> <Opcode : 'add' 'sub'> <InPorts = 2> <OutPorts = 1>
ST_5 : Operation 93 [1/1] (0.00ns)   --->   "%zext_ln890_70 = zext i2 %c4_V_60"   --->   Operation 93 'zext' 'zext_ln890_70' <Predicate = (!cmp_i_i565)> <Delay = 0.00>
ST_5 : Operation 94 [1/1] (0.34ns)   --->   "%icmp_ln890_1605 = icmp_eq  i2 %c4_V_60, i2 2"   --->   Operation 94 'icmp' 'icmp_ln890_1605' <Predicate = (!cmp_i_i565)> <Delay = 0.34> <CoreInst = "Cmp">   --->   Core 9 'Cmp' <Latency = 0> <II = 1> <Delay = 0.65> <FuncUnit> <Opcode : 'icmp'> <InPorts = 2> <OutPorts = 1>
ST_5 : Operation 95 [1/1] (0.00ns)   --->   "%speclooptripcount_ln0 = speclooptripcount void @_ssdm_op_SpecLoopTripCount, i64 2, i64 2, i64 2"   --->   Operation 95 'speclooptripcount' 'speclooptripcount_ln0' <Predicate = (!cmp_i_i565)> <Delay = 0.00>
ST_5 : Operation 96 [1/1] (0.00ns)   --->   "%br_ln2803 = br i1 %icmp_ln890_1605, void %.split37, void %.loopexit.loopexit" [./dut.cpp:2803]   --->   Operation 96 'br' 'br_ln2803' <Predicate = (!cmp_i_i565)> <Delay = 0.00>
ST_5 : Operation 97 [1/1] (0.00ns)   --->   "%specloopname_ln2803 = specloopname void @_ssdm_op_SpecLoopName, void @empty_2177" [./dut.cpp:2803]   --->   Operation 97 'specloopname' 'specloopname_ln2803' <Predicate = (!cmp_i_i565 & !icmp_ln890_1605)> <Delay = 0.00>
ST_5 : Operation 98 [1/1] (1.21ns)   --->   "%tmp = read i256 @_ssdm_op_Read.ap_fifo.volatile.i256P0A, i256 %fifo_B_B_IO_L2_in_7_x016" [/home/rcslfpgaserver/Softwares/Xilinx/Vitis_HLS/2020.2/common/technology/autopilot/hls_stream_39.h:145]   --->   Operation 98 'read' 'tmp' <Predicate = (!cmp_i_i565 & !icmp_ln890_1605)> <Delay = 1.21> <CoreInst = "FIFO_SRL">   --->   Core 81 'FIFO_SRL' <Latency = 0> <II = 1> <Delay = 1.42> <Storage> <Opcode : 'read' 'write' 'nbread' 'nbwrite'> <Ports = 0> <Width = 256> <Depth = 2> <FIFO>
ST_5 : Operation 99 [1/1] (0.00ns)   --->   "%local_B_pong_V_0_addr = getelementptr i256 %local_B_pong_V_0, i64 0, i64 %zext_ln890_70" [./dut.cpp:2811]   --->   Operation 99 'getelementptr' 'local_B_pong_V_0_addr' <Predicate = (!cmp_i_i565 & !icmp_ln890_1605)> <Delay = 0.00>
ST_5 : Operation 100 [1/1] (0.74ns)   --->   "%store_ln2811 = store i256 %tmp, i1 %local_B_pong_V_0_addr" [./dut.cpp:2811]   --->   Operation 100 'store' 'store_ln2811' <Predicate = (!cmp_i_i565 & !icmp_ln890_1605)> <Delay = 0.74> <CoreInst = "RAM">   --->   Core 83 'RAM' <Latency = 1> <II = 1> <Delay = 0.74> <Storage> <Opcode : 'load' 'store'> <Ports = 2> <Width = 256> <Depth = 2> <RAM>
ST_5 : Operation 101 [1/1] (0.00ns)   --->   "%br_ln0 = br void %.preheader4"   --->   Operation 101 'br' 'br_ln0' <Predicate = (!cmp_i_i565 & !icmp_ln890_1605)> <Delay = 0.00>
ST_5 : Operation 102 [1/1] (0.00ns)   --->   "%br_ln0 = br void %.loopexit"   --->   Operation 102 'br' 'br_ln0' <Predicate = (!cmp_i_i565 & icmp_ln890_1605)> <Delay = 0.00>
ST_5 : Operation 103 [1/1] (0.00ns)   --->   "%br_ln2821 = br i1 %intra_trans_en_20, void %.loopexit949, void %.preheader2.preheader" [./dut.cpp:2821]   --->   Operation 103 'br' 'br_ln2821' <Predicate = (icmp_ln890_1605) | (cmp_i_i565)> <Delay = 0.00>
ST_5 : Operation 104 [1/1] (0.38ns)   --->   "%br_ln890 = br void %.preheader2"   --->   Operation 104 'br' 'br_ln890' <Predicate = (icmp_ln890_1605 & intra_trans_en_20) | (cmp_i_i565 & intra_trans_en_20)> <Delay = 0.38>

State 6 <SV = 5> <Delay = 0.74>
ST_6 : Operation 105 [1/1] (0.00ns)   --->   "%c5_V_158 = phi i2 %add_ln691_1688, void, i2 0, void %.preheader2.preheader"   --->   Operation 105 'phi' 'c5_V_158' <Predicate = (!arb_18 & intra_trans_en_20)> <Delay = 0.00>
ST_6 : Operation 106 [1/1] (0.43ns)   --->   "%add_ln691_1688 = add i2 %c5_V_158, i2 1"   --->   Operation 106 'add' 'add_ln691_1688' <Predicate = (!arb_18 & intra_trans_en_20)> <Delay = 0.43> <CoreInst = "Adder">   --->   Core 1 'Adder' <Latency = 0> <II = 1> <Delay = 0.70> <FuncUnit> <Opcode : 'add' 'sub'> <InPorts = 2> <OutPorts = 1>
ST_6 : Operation 107 [1/1] (0.00ns)   --->   "%zext_ln890_72 = zext i2 %c5_V_158"   --->   Operation 107 'zext' 'zext_ln890_72' <Predicate = (!arb_18 & intra_trans_en_20)> <Delay = 0.00>
ST_6 : Operation 108 [1/1] (0.34ns)   --->   "%icmp_ln890_1607 = icmp_eq  i2 %c5_V_158, i2 2"   --->   Operation 108 'icmp' 'icmp_ln890_1607' <Predicate = (!arb_18 & intra_trans_en_20)> <Delay = 0.34> <CoreInst = "Cmp">   --->   Core 9 'Cmp' <Latency = 0> <II = 1> <Delay = 0.65> <FuncUnit> <Opcode : 'icmp'> <InPorts = 2> <OutPorts = 1>
ST_6 : Operation 109 [1/1] (0.00ns)   --->   "%speclooptripcount_ln0 = speclooptripcount void @_ssdm_op_SpecLoopTripCount, i64 2, i64 2, i64 2"   --->   Operation 109 'speclooptripcount' 'speclooptripcount_ln0' <Predicate = (!arb_18 & intra_trans_en_20)> <Delay = 0.00>
ST_6 : Operation 110 [1/1] (0.00ns)   --->   "%br_ln2822 = br i1 %icmp_ln890_1607, void %.split47, void %.loopexit949.loopexit33" [./dut.cpp:2822]   --->   Operation 110 'br' 'br_ln2822' <Predicate = (!arb_18 & intra_trans_en_20)> <Delay = 0.00>
ST_6 : Operation 111 [1/1] (0.00ns)   --->   "%local_B_ping_V_0_addr_4 = getelementptr i256 %local_B_ping_V_0, i64 0, i64 %zext_ln890_72"   --->   Operation 111 'getelementptr' 'local_B_ping_V_0_addr_4' <Predicate = (!arb_18 & intra_trans_en_20 & !icmp_ln890_1607)> <Delay = 0.00>
ST_6 : Operation 112 [2/2] (0.74ns)   --->   "%in_data_V_140 = load i1 %local_B_ping_V_0_addr_4"   --->   Operation 112 'load' 'in_data_V_140' <Predicate = (!arb_18 & intra_trans_en_20 & !icmp_ln890_1607)> <Delay = 0.74> <CoreInst = "RAM">   --->   Core 83 'RAM' <Latency = 1> <II = 1> <Delay = 0.74> <Storage> <Opcode : 'load' 'store'> <Ports = 2> <Width = 256> <Depth = 2> <RAM>
ST_6 : Operation 113 [1/1] (0.00ns)   --->   "%br_ln0 = br void %.loopexit949"   --->   Operation 113 'br' 'br_ln0' <Predicate = (!arb_18 & intra_trans_en_20 & icmp_ln890_1607)> <Delay = 0.00>
ST_6 : Operation 114 [1/1] (0.00ns)   --->   "%c5_V_157 = phi i2 %add_ln691_1687, void, i2 0, void %.preheader.preheader"   --->   Operation 114 'phi' 'c5_V_157' <Predicate = (arb_18 & intra_trans_en_20)> <Delay = 0.00>
ST_6 : Operation 115 [1/1] (0.43ns)   --->   "%add_ln691_1687 = add i2 %c5_V_157, i2 1"   --->   Operation 115 'add' 'add_ln691_1687' <Predicate = (arb_18 & intra_trans_en_20)> <Delay = 0.43> <CoreInst = "Adder">   --->   Core 1 'Adder' <Latency = 0> <II = 1> <Delay = 0.70> <FuncUnit> <Opcode : 'add' 'sub'> <InPorts = 2> <OutPorts = 1>
ST_6 : Operation 116 [1/1] (0.00ns)   --->   "%zext_ln890_71 = zext i2 %c5_V_157"   --->   Operation 116 'zext' 'zext_ln890_71' <Predicate = (arb_18 & intra_trans_en_20)> <Delay = 0.00>
ST_6 : Operation 117 [1/1] (0.34ns)   --->   "%icmp_ln890_1606 = icmp_eq  i2 %c5_V_157, i2 2"   --->   Operation 117 'icmp' 'icmp_ln890_1606' <Predicate = (arb_18 & intra_trans_en_20)> <Delay = 0.34> <CoreInst = "Cmp">   --->   Core 9 'Cmp' <Latency = 0> <II = 1> <Delay = 0.65> <FuncUnit> <Opcode : 'icmp'> <InPorts = 2> <OutPorts = 1>
ST_6 : Operation 118 [1/1] (0.00ns)   --->   "%speclooptripcount_ln0 = speclooptripcount void @_ssdm_op_SpecLoopTripCount, i64 2, i64 2, i64 2"   --->   Operation 118 'speclooptripcount' 'speclooptripcount_ln0' <Predicate = (arb_18 & intra_trans_en_20)> <Delay = 0.00>
ST_6 : Operation 119 [1/1] (0.00ns)   --->   "%br_ln2878 = br i1 %icmp_ln890_1606, void %.split35, void %.loopexit949.loopexit" [./dut.cpp:2878]   --->   Operation 119 'br' 'br_ln2878' <Predicate = (arb_18 & intra_trans_en_20)> <Delay = 0.00>
ST_6 : Operation 120 [1/1] (0.00ns)   --->   "%local_B_pong_V_0_addr_2 = getelementptr i256 %local_B_pong_V_0, i64 0, i64 %zext_ln890_71"   --->   Operation 120 'getelementptr' 'local_B_pong_V_0_addr_2' <Predicate = (arb_18 & intra_trans_en_20 & !icmp_ln890_1606)> <Delay = 0.00>
ST_6 : Operation 121 [2/2] (0.74ns)   --->   "%in_data_V_139 = load i1 %local_B_pong_V_0_addr_2"   --->   Operation 121 'load' 'in_data_V_139' <Predicate = (arb_18 & intra_trans_en_20 & !icmp_ln890_1606)> <Delay = 0.74> <CoreInst = "RAM">   --->   Core 83 'RAM' <Latency = 1> <II = 1> <Delay = 0.74> <Storage> <Opcode : 'load' 'store'> <Ports = 2> <Width = 256> <Depth = 2> <RAM>
ST_6 : Operation 122 [1/1] (0.00ns)   --->   "%br_ln0 = br void %.loopexit949"   --->   Operation 122 'br' 'br_ln0' <Predicate = (arb_18 & intra_trans_en_20 & icmp_ln890_1606)> <Delay = 0.00>
ST_6 : Operation 123 [1/1] (0.12ns)   --->   "%arb = xor i1 %arb_18, i1 1" [./dut.cpp:2909]   --->   Operation 123 'xor' 'arb' <Predicate = (!intra_trans_en_20) | (arb_18 & icmp_ln890_1606) | (!arb_18 & icmp_ln890_1607)> <Delay = 0.12> <CoreInst = "LogicGate">   --->   Core 74 'LogicGate' <Latency = 0> <II = 1> <Delay = 0.12> <FuncUnit> <Opcode : 'and' 'or' 'xor'> <InPorts = 2> <OutPorts = 1>
ST_6 : Operation 124 [1/1] (0.00ns)   --->   "%br_ln0 = br void"   --->   Operation 124 'br' 'br_ln0' <Predicate = (!intra_trans_en_20) | (arb_18 & icmp_ln890_1606) | (!arb_18 & icmp_ln890_1607)> <Delay = 0.00>

State 7 <SV = 6> <Delay = 0.74>
ST_7 : Operation 125 [1/1] (0.00ns)   --->   "%specloopname_ln2822 = specloopname void @_ssdm_op_SpecLoopName, void @empty_405" [./dut.cpp:2822]   --->   Operation 125 'specloopname' 'specloopname_ln2822' <Predicate = true> <Delay = 0.00>
ST_7 : Operation 126 [1/2] (0.74ns)   --->   "%in_data_V_140 = load i1 %local_B_ping_V_0_addr_4"   --->   Operation 126 'load' 'in_data_V_140' <Predicate = true> <Delay = 0.74> <CoreInst = "RAM">   --->   Core 83 'RAM' <Latency = 1> <II = 1> <Delay = 0.74> <Storage> <Opcode : 'load' 'store'> <Ports = 2> <Width = 256> <Depth = 2> <RAM>
ST_7 : Operation 127 [1/1] (0.38ns)   --->   "%br_ln2823 = br void" [./dut.cpp:2823]   --->   Operation 127 'br' 'br_ln2823' <Predicate = true> <Delay = 0.38>

State 8 <SV = 7> <Delay = 0.70>
ST_8 : Operation 128 [1/1] (0.00ns)   --->   "%c6_V_162 = phi i6 0, void %.split47, i6 %add_ln691_1690, void"   --->   Operation 128 'phi' 'c6_V_162' <Predicate = true> <Delay = 0.00>
ST_8 : Operation 129 [1/1] (0.70ns)   --->   "%add_ln691_1690 = add i6 %c6_V_162, i6 1"   --->   Operation 129 'add' 'add_ln691_1690' <Predicate = true> <Delay = 0.70> <CoreInst = "Adder">   --->   Core 1 'Adder' <Latency = 0> <II = 1> <Delay = 0.70> <FuncUnit> <Opcode : 'add' 'sub'> <InPorts = 2> <OutPorts = 1>
ST_8 : Operation 130 [1/1] (0.61ns)   --->   "%icmp_ln890_1609 = icmp_eq  i6 %c6_V_162, i6 32"   --->   Operation 130 'icmp' 'icmp_ln890_1609' <Predicate = true> <Delay = 0.61> <CoreInst = "Cmp">   --->   Core 9 'Cmp' <Latency = 0> <II = 1> <Delay = 0.65> <FuncUnit> <Opcode : 'icmp'> <InPorts = 2> <OutPorts = 1>
ST_8 : Operation 131 [1/1] (0.00ns)   --->   "%speclooptripcount_ln0 = speclooptripcount void @_ssdm_op_SpecLoopTripCount, i64 32, i64 32, i64 32"   --->   Operation 131 'speclooptripcount' 'speclooptripcount_ln0' <Predicate = true> <Delay = 0.00>
ST_8 : Operation 132 [1/1] (0.00ns)   --->   "%br_ln2823 = br i1 %icmp_ln890_1609, void %.split45, void" [./dut.cpp:2823]   --->   Operation 132 'br' 'br_ln2823' <Predicate = true> <Delay = 0.00>
ST_8 : Operation 133 [1/1] (0.00ns)   --->   "%specloopname_ln2823 = specloopname void @_ssdm_op_SpecLoopName, void @empty_416" [./dut.cpp:2823]   --->   Operation 133 'specloopname' 'specloopname_ln2823' <Predicate = (!icmp_ln890_1609)> <Delay = 0.00>
ST_8 : Operation 134 [1/1] (0.38ns)   --->   "%br_ln2825 = br void" [./dut.cpp:2825]   --->   Operation 134 'br' 'br_ln2825' <Predicate = (!icmp_ln890_1609)> <Delay = 0.38>
ST_8 : Operation 135 [1/1] (0.00ns)   --->   "%br_ln0 = br void %.preheader2"   --->   Operation 135 'br' 'br_ln0' <Predicate = (icmp_ln890_1609)> <Delay = 0.00>

State 9 <SV = 8> <Delay = 0.70>
ST_9 : Operation 136 [1/1] (0.00ns)   --->   "%c7_V_100 = phi i4 0, void %.split45, i4 %add_ln691_1692, void"   --->   Operation 136 'phi' 'c7_V_100' <Predicate = true> <Delay = 0.00>
ST_9 : Operation 137 [1/1] (0.70ns)   --->   "%add_ln691_1692 = add i4 %c7_V_100, i4 1"   --->   Operation 137 'add' 'add_ln691_1692' <Predicate = true> <Delay = 0.70> <CoreInst = "Adder">   --->   Core 1 'Adder' <Latency = 0> <II = 1> <Delay = 0.70> <FuncUnit> <Opcode : 'add' 'sub'> <InPorts = 2> <OutPorts = 1>
ST_9 : Operation 138 [1/1] (0.65ns)   --->   "%icmp_ln890_1611 = icmp_eq  i4 %c7_V_100, i4 8"   --->   Operation 138 'icmp' 'icmp_ln890_1611' <Predicate = true> <Delay = 0.65> <CoreInst = "Cmp">   --->   Core 9 'Cmp' <Latency = 0> <II = 1> <Delay = 0.65> <FuncUnit> <Opcode : 'icmp'> <InPorts = 2> <OutPorts = 1>
ST_9 : Operation 139 [1/1] (0.00ns)   --->   "%speclooptripcount_ln0 = speclooptripcount void @_ssdm_op_SpecLoopTripCount, i64 8, i64 8, i64 8"   --->   Operation 139 'speclooptripcount' 'speclooptripcount_ln0' <Predicate = true> <Delay = 0.00>
ST_9 : Operation 140 [1/1] (0.00ns)   --->   "%br_ln2825 = br i1 %icmp_ln890_1611, void %.split43, void" [./dut.cpp:2825]   --->   Operation 140 'br' 'br_ln2825' <Predicate = true> <Delay = 0.00>
ST_9 : Operation 141 [1/1] (0.00ns)   --->   "%specloopname_ln2825 = specloopname void @_ssdm_op_SpecLoopName, void @empty_490" [./dut.cpp:2825]   --->   Operation 141 'specloopname' 'specloopname_ln2825' <Predicate = (!icmp_ln890_1611)> <Delay = 0.00>
ST_9 : Operation 142 [1/1] (0.00ns)   --->   "%empty = trunc i4 %c7_V_100"   --->   Operation 142 'trunc' 'empty' <Predicate = (!icmp_ln890_1611)> <Delay = 0.00>
ST_9 : Operation 143 [1/1] (0.38ns)   --->   "%br_ln2827 = br void" [./dut.cpp:2827]   --->   Operation 143 'br' 'br_ln2827' <Predicate = (!icmp_ln890_1611)> <Delay = 0.38>
ST_9 : Operation 144 [1/1] (0.00ns)   --->   "%br_ln0 = br void"   --->   Operation 144 'br' 'br_ln0' <Predicate = (icmp_ln890_1611)> <Delay = 0.00>

State 10 <SV = 9> <Delay = 0.70>
ST_10 : Operation 145 [1/1] (0.00ns)   --->   "%c8_V_36 = phi i5 0, void %.split43, i5 %add_ln691_1694, void"   --->   Operation 145 'phi' 'c8_V_36' <Predicate = true> <Delay = 0.00>
ST_10 : Operation 146 [1/1] (0.70ns)   --->   "%add_ln691_1694 = add i5 %c8_V_36, i5 1"   --->   Operation 146 'add' 'add_ln691_1694' <Predicate = true> <Delay = 0.70> <CoreInst = "Adder">   --->   Core 1 'Adder' <Latency = 0> <II = 1> <Delay = 0.70> <FuncUnit> <Opcode : 'add' 'sub'> <InPorts = 2> <OutPorts = 1>
ST_10 : Operation 147 [1/1] (0.63ns)   --->   "%icmp_ln890_1613 = icmp_eq  i5 %c8_V_36, i5 16"   --->   Operation 147 'icmp' 'icmp_ln890_1613' <Predicate = true> <Delay = 0.63> <CoreInst = "Cmp">   --->   Core 9 'Cmp' <Latency = 0> <II = 1> <Delay = 0.65> <FuncUnit> <Opcode : 'icmp'> <InPorts = 2> <OutPorts = 1>
ST_10 : Operation 148 [1/1] (0.00ns)   --->   "%speclooptripcount_ln0 = speclooptripcount void @_ssdm_op_SpecLoopTripCount, i64 16, i64 16, i64 16"   --->   Operation 148 'speclooptripcount' 'speclooptripcount_ln0' <Predicate = true> <Delay = 0.00>
ST_10 : Operation 149 [1/1] (0.00ns)   --->   "%br_ln2827 = br i1 %icmp_ln890_1613, void %.split41, void" [./dut.cpp:2827]   --->   Operation 149 'br' 'br_ln2827' <Predicate = true> <Delay = 0.00>
ST_10 : Operation 150 [1/1] (0.00ns)   --->   "%specloopname_ln2827 = specloopname void @_ssdm_op_SpecLoopName, void @empty_238" [./dut.cpp:2827]   --->   Operation 150 'specloopname' 'specloopname_ln2827' <Predicate = (!icmp_ln890_1613)> <Delay = 0.00>
ST_10 : Operation 151 [1/1] (0.38ns)   --->   "%br_ln2834 = br void" [./dut.cpp:2834]   --->   Operation 151 'br' 'br_ln2834' <Predicate = (!icmp_ln890_1613)> <Delay = 0.38>
ST_10 : Operation 152 [1/1] (0.00ns)   --->   "%br_ln0 = br void"   --->   Operation 152 'br' 'br_ln0' <Predicate = (icmp_ln890_1613)> <Delay = 0.00>

State 11 <SV = 10> <Delay = 1.87>
ST_11 : Operation 153 [1/1] (0.00ns)   --->   "%n_V_36 = phi i4 0, void %.split41, i4 %add_ln691_1696, void %.split3917"   --->   Operation 153 'phi' 'n_V_36' <Predicate = true> <Delay = 0.00>
ST_11 : Operation 154 [1/1] (0.00ns)   --->   "%p_Val2_s = phi i256 %in_data_V_140, void %.split41, i256 %zext_ln1497_36, void %.split3917"   --->   Operation 154 'phi' 'p_Val2_s' <Predicate = true> <Delay = 0.00>
ST_11 : Operation 155 [1/1] (0.70ns)   --->   "%add_ln691_1696 = add i4 %n_V_36, i4 1"   --->   Operation 155 'add' 'add_ln691_1696' <Predicate = true> <Delay = 0.70> <CoreInst = "Adder">   --->   Core 1 'Adder' <Latency = 0> <II = 1> <Delay = 0.70> <FuncUnit> <Opcode : 'add' 'sub'> <InPorts = 2> <OutPorts = 1>
ST_11 : Operation 156 [1/1] (0.65ns)   --->   "%icmp_ln878_39 = icmp_eq  i4 %n_V_36, i4 8"   --->   Operation 156 'icmp' 'icmp_ln878_39' <Predicate = true> <Delay = 0.65> <CoreInst = "Cmp">   --->   Core 9 'Cmp' <Latency = 0> <II = 1> <Delay = 0.65> <FuncUnit> <Opcode : 'icmp'> <InPorts = 2> <OutPorts = 1>
ST_11 : Operation 157 [1/1] (0.00ns)   --->   "%speclooptripcount_ln0 = speclooptripcount void @_ssdm_op_SpecLoopTripCount, i64 8, i64 8, i64 8"   --->   Operation 157 'speclooptripcount' 'speclooptripcount_ln0' <Predicate = true> <Delay = 0.00>
ST_11 : Operation 158 [1/1] (0.00ns)   --->   "%br_ln2834 = br i1 %icmp_ln878_39, void %.split39, void" [./dut.cpp:2834]   --->   Operation 158 'br' 'br_ln2834' <Predicate = true> <Delay = 0.00>
ST_11 : Operation 159 [1/1] (0.00ns)   --->   "%specloopname_ln674 = specloopname void @_ssdm_op_SpecLoopName, void @empty_2176"   --->   Operation 159 'specloopname' 'specloopname_ln674' <Predicate = (!icmp_ln878_39)> <Delay = 0.00>
ST_11 : Operation 160 [1/1] (0.00ns)   --->   "%data_split_V_0 = trunc i256 %p_Val2_s"   --->   Operation 160 'trunc' 'data_split_V_0' <Predicate = (!icmp_ln878_39)> <Delay = 0.00>
ST_11 : Operation 161 [1/1] (0.00ns)   --->   "%trunc_ln2835 = trunc i4 %n_V_36" [./dut.cpp:2835]   --->   Operation 161 'trunc' 'trunc_ln2835' <Predicate = (!icmp_ln878_39)> <Delay = 0.00>
ST_11 : Operation 162 [1/1] (0.63ns)   --->   "%switch_ln2835 = switch i3 %trunc_ln2835, void %branch7, i3 0, void %.split39..split3917_crit_edge, i3 1, void %branch1, i3 2, void %branch2, i3 3, void %branch3, i3 4, void %branch4, i3 5, void %branch5, i3 6, void %branch6" [./dut.cpp:2835]   --->   Operation 162 'switch' 'switch_ln2835' <Predicate = (!icmp_ln878_39)> <Delay = 0.63>
ST_11 : Operation 163 [1/1] (0.00ns)   --->   "%store_ln2835 = store i32 %data_split_V_0, i32 %data_split_V_7_32" [./dut.cpp:2835]   --->   Operation 163 'store' 'store_ln2835' <Predicate = (!icmp_ln878_39 & trunc_ln2835 == 6)> <Delay = 0.00>
ST_11 : Operation 164 [1/1] (0.00ns)   --->   "%br_ln2835 = br void %.split3917" [./dut.cpp:2835]   --->   Operation 164 'br' 'br_ln2835' <Predicate = (!icmp_ln878_39 & trunc_ln2835 == 6)> <Delay = 0.00>
ST_11 : Operation 165 [1/1] (0.00ns)   --->   "%store_ln2835 = store i32 %data_split_V_0, i32 %data_split_V_7_31" [./dut.cpp:2835]   --->   Operation 165 'store' 'store_ln2835' <Predicate = (!icmp_ln878_39 & trunc_ln2835 == 5)> <Delay = 0.00>
ST_11 : Operation 166 [1/1] (0.00ns)   --->   "%br_ln2835 = br void %.split3917" [./dut.cpp:2835]   --->   Operation 166 'br' 'br_ln2835' <Predicate = (!icmp_ln878_39 & trunc_ln2835 == 5)> <Delay = 0.00>
ST_11 : Operation 167 [1/1] (0.00ns)   --->   "%store_ln2835 = store i32 %data_split_V_0, i32 %data_split_V_7_30" [./dut.cpp:2835]   --->   Operation 167 'store' 'store_ln2835' <Predicate = (!icmp_ln878_39 & trunc_ln2835 == 4)> <Delay = 0.00>
ST_11 : Operation 168 [1/1] (0.00ns)   --->   "%br_ln2835 = br void %.split3917" [./dut.cpp:2835]   --->   Operation 168 'br' 'br_ln2835' <Predicate = (!icmp_ln878_39 & trunc_ln2835 == 4)> <Delay = 0.00>
ST_11 : Operation 169 [1/1] (0.00ns)   --->   "%store_ln2835 = store i32 %data_split_V_0, i32 %data_split_V_7_29" [./dut.cpp:2835]   --->   Operation 169 'store' 'store_ln2835' <Predicate = (!icmp_ln878_39 & trunc_ln2835 == 3)> <Delay = 0.00>
ST_11 : Operation 170 [1/1] (0.00ns)   --->   "%br_ln2835 = br void %.split3917" [./dut.cpp:2835]   --->   Operation 170 'br' 'br_ln2835' <Predicate = (!icmp_ln878_39 & trunc_ln2835 == 3)> <Delay = 0.00>
ST_11 : Operation 171 [1/1] (0.00ns)   --->   "%store_ln2835 = store i32 %data_split_V_0, i32 %data_split_V_7_28" [./dut.cpp:2835]   --->   Operation 171 'store' 'store_ln2835' <Predicate = (!icmp_ln878_39 & trunc_ln2835 == 2)> <Delay = 0.00>
ST_11 : Operation 172 [1/1] (0.00ns)   --->   "%br_ln2835 = br void %.split3917" [./dut.cpp:2835]   --->   Operation 172 'br' 'br_ln2835' <Predicate = (!icmp_ln878_39 & trunc_ln2835 == 2)> <Delay = 0.00>
ST_11 : Operation 173 [1/1] (0.00ns)   --->   "%store_ln2835 = store i32 %data_split_V_0, i32 %data_split_V_7_27" [./dut.cpp:2835]   --->   Operation 173 'store' 'store_ln2835' <Predicate = (!icmp_ln878_39 & trunc_ln2835 == 1)> <Delay = 0.00>
ST_11 : Operation 174 [1/1] (0.00ns)   --->   "%br_ln2835 = br void %.split3917" [./dut.cpp:2835]   --->   Operation 174 'br' 'br_ln2835' <Predicate = (!icmp_ln878_39 & trunc_ln2835 == 1)> <Delay = 0.00>
ST_11 : Operation 175 [1/1] (0.00ns)   --->   "%store_ln2835 = store i32 %data_split_V_0, i32 %data_split_V_7" [./dut.cpp:2835]   --->   Operation 175 'store' 'store_ln2835' <Predicate = (!icmp_ln878_39 & trunc_ln2835 == 0)> <Delay = 0.00>
ST_11 : Operation 176 [1/1] (0.00ns)   --->   "%br_ln2835 = br void %.split3917" [./dut.cpp:2835]   --->   Operation 176 'br' 'br_ln2835' <Predicate = (!icmp_ln878_39 & trunc_ln2835 == 0)> <Delay = 0.00>
ST_11 : Operation 177 [1/1] (0.00ns)   --->   "%store_ln2835 = store i32 %data_split_V_0, i32 %data_split_V_7_33" [./dut.cpp:2835]   --->   Operation 177 'store' 'store_ln2835' <Predicate = (!icmp_ln878_39 & trunc_ln2835 == 7)> <Delay = 0.00>
ST_11 : Operation 178 [1/1] (0.00ns)   --->   "%br_ln2835 = br void %.split3917" [./dut.cpp:2835]   --->   Operation 178 'br' 'br_ln2835' <Predicate = (!icmp_ln878_39 & trunc_ln2835 == 7)> <Delay = 0.00>
ST_11 : Operation 179 [1/1] (0.00ns)   --->   "%r = partselect i224 @_ssdm_op_PartSelect.i224.i256.i32.i32, i256 %p_Val2_s, i32 32, i32 255"   --->   Operation 179 'partselect' 'r' <Predicate = (!icmp_ln878_39)> <Delay = 0.00>
ST_11 : Operation 180 [1/1] (0.00ns)   --->   "%zext_ln1497_36 = zext i224 %r"   --->   Operation 180 'zext' 'zext_ln1497_36' <Predicate = (!icmp_ln878_39)> <Delay = 0.00>
ST_11 : Operation 181 [1/1] (0.00ns)   --->   "%br_ln0 = br void"   --->   Operation 181 'br' 'br_ln0' <Predicate = (!icmp_ln878_39)> <Delay = 0.00>
ST_11 : Operation 182 [1/1] (0.00ns)   --->   "%data_split_V_7_load = load i32 %data_split_V_7"   --->   Operation 182 'load' 'data_split_V_7_load' <Predicate = (icmp_ln878_39)> <Delay = 0.00>
ST_11 : Operation 183 [1/1] (0.00ns)   --->   "%data_split_V_7_27_load = load i32 %data_split_V_7_27"   --->   Operation 183 'load' 'data_split_V_7_27_load' <Predicate = (icmp_ln878_39)> <Delay = 0.00>
ST_11 : Operation 184 [1/1] (0.00ns)   --->   "%data_split_V_7_28_load = load i32 %data_split_V_7_28"   --->   Operation 184 'load' 'data_split_V_7_28_load' <Predicate = (icmp_ln878_39)> <Delay = 0.00>
ST_11 : Operation 185 [1/1] (0.00ns)   --->   "%data_split_V_7_29_load = load i32 %data_split_V_7_29"   --->   Operation 185 'load' 'data_split_V_7_29_load' <Predicate = (icmp_ln878_39)> <Delay = 0.00>
ST_11 : Operation 186 [1/1] (0.00ns)   --->   "%data_split_V_7_30_load = load i32 %data_split_V_7_30"   --->   Operation 186 'load' 'data_split_V_7_30_load' <Predicate = (icmp_ln878_39)> <Delay = 0.00>
ST_11 : Operation 187 [1/1] (0.00ns)   --->   "%data_split_V_7_31_load = load i32 %data_split_V_7_31"   --->   Operation 187 'load' 'data_split_V_7_31_load' <Predicate = (icmp_ln878_39)> <Delay = 0.00>
ST_11 : Operation 188 [1/1] (0.00ns)   --->   "%data_split_V_7_32_load = load i32 %data_split_V_7_32"   --->   Operation 188 'load' 'data_split_V_7_32_load' <Predicate = (icmp_ln878_39)> <Delay = 0.00>
ST_11 : Operation 189 [1/1] (0.00ns)   --->   "%data_split_V_7_33_load = load i32 %data_split_V_7_33"   --->   Operation 189 'load' 'data_split_V_7_33_load' <Predicate = (icmp_ln878_39)> <Delay = 0.00>
ST_11 : Operation 190 [1/1] (0.58ns)   --->   "%u = mux i32 @_ssdm_op_Mux.ap_auto.8i32.i3, i32 %data_split_V_7_load, i32 %data_split_V_7_27_load, i32 %data_split_V_7_28_load, i32 %data_split_V_7_29_load, i32 %data_split_V_7_30_load, i32 %data_split_V_7_31_load, i32 %data_split_V_7_32_load, i32 %data_split_V_7_33_load, i3 %empty"   --->   Operation 190 'mux' 'u' <Predicate = (icmp_ln878_39)> <Delay = 0.58> <CoreInst = "Multiplexer">   --->   Core 76 'Multiplexer' <Latency = 0> <II = 1> <Delay = 0.58> <FuncUnit> <Opcode : 'mux'> <InPorts = 2> <OutPorts = 1>
ST_11 : Operation 191 [1/1] (1.21ns)   --->   "%write_ln174 = write void @_ssdm_op_Write.ap_fifo.volatile.i32P0A, i32 %fifo_B_PE_0_7_x096, i32 %u" [/home/rcslfpgaserver/Softwares/Xilinx/Vitis_HLS/2020.2/common/technology/autopilot/hls_stream_39.h:174]   --->   Operation 191 'write' 'write_ln174' <Predicate = (icmp_ln878_39)> <Delay = 1.21> <CoreInst = "FIFO_SRL">   --->   Core 81 'FIFO_SRL' <Latency = 0> <II = 1> <Delay = 1.39> <Storage> <Opcode : 'read' 'write' 'nbread' 'nbwrite'> <Ports = 0> <Width = 32> <Depth = 2> <FIFO>
ST_11 : Operation 192 [1/1] (0.00ns)   --->   "%br_ln0 = br void"   --->   Operation 192 'br' 'br_ln0' <Predicate = (icmp_ln878_39)> <Delay = 0.00>

State 12 <SV = 4> <Delay = 1.96>
ST_12 : Operation 193 [1/1] (0.00ns)   --->   "%c4_V = phi i2 %add_ln691_1682, void %.split25, i2 0, void %.preheader1.preheader"   --->   Operation 193 'phi' 'c4_V' <Predicate = (!cmp_i_i565)> <Delay = 0.00>
ST_12 : Operation 194 [1/1] (0.43ns)   --->   "%add_ln691_1682 = add i2 %c4_V, i2 1"   --->   Operation 194 'add' 'add_ln691_1682' <Predicate = (!cmp_i_i565)> <Delay = 0.43> <CoreInst = "Adder">   --->   Core 1 'Adder' <Latency = 0> <II = 1> <Delay = 0.70> <FuncUnit> <Opcode : 'add' 'sub'> <InPorts = 2> <OutPorts = 1>
ST_12 : Operation 195 [1/1] (0.00ns)   --->   "%zext_ln890_69 = zext i2 %c4_V"   --->   Operation 195 'zext' 'zext_ln890_69' <Predicate = (!cmp_i_i565)> <Delay = 0.00>
ST_12 : Operation 196 [1/1] (0.34ns)   --->   "%icmp_ln890_1604 = icmp_eq  i2 %c4_V, i2 2"   --->   Operation 196 'icmp' 'icmp_ln890_1604' <Predicate = (!cmp_i_i565)> <Delay = 0.34> <CoreInst = "Cmp">   --->   Core 9 'Cmp' <Latency = 0> <II = 1> <Delay = 0.65> <FuncUnit> <Opcode : 'icmp'> <InPorts = 2> <OutPorts = 1>
ST_12 : Operation 197 [1/1] (0.00ns)   --->   "%speclooptripcount_ln0 = speclooptripcount void @_ssdm_op_SpecLoopTripCount, i64 2, i64 2, i64 2"   --->   Operation 197 'speclooptripcount' 'speclooptripcount_ln0' <Predicate = (!cmp_i_i565)> <Delay = 0.00>
ST_12 : Operation 198 [1/1] (0.00ns)   --->   "%br_ln2859 = br i1 %icmp_ln890_1604, void %.split25, void %.loopexit882.loopexit" [./dut.cpp:2859]   --->   Operation 198 'br' 'br_ln2859' <Predicate = (!cmp_i_i565)> <Delay = 0.00>
ST_12 : Operation 199 [1/1] (0.00ns)   --->   "%specloopname_ln2859 = specloopname void @_ssdm_op_SpecLoopName, void @empty_1984" [./dut.cpp:2859]   --->   Operation 199 'specloopname' 'specloopname_ln2859' <Predicate = (!cmp_i_i565 & !icmp_ln890_1604)> <Delay = 0.00>
ST_12 : Operation 200 [1/1] (1.21ns)   --->   "%tmp_485 = read i256 @_ssdm_op_Read.ap_fifo.volatile.i256P0A, i256 %fifo_B_B_IO_L2_in_7_x016" [/home/rcslfpgaserver/Softwares/Xilinx/Vitis_HLS/2020.2/common/technology/autopilot/hls_stream_39.h:145]   --->   Operation 200 'read' 'tmp_485' <Predicate = (!cmp_i_i565 & !icmp_ln890_1604)> <Delay = 1.21> <CoreInst = "FIFO_SRL">   --->   Core 81 'FIFO_SRL' <Latency = 0> <II = 1> <Delay = 1.42> <Storage> <Opcode : 'read' 'write' 'nbread' 'nbwrite'> <Ports = 0> <Width = 256> <Depth = 2> <FIFO>
ST_12 : Operation 201 [1/1] (0.00ns)   --->   "%local_B_ping_V_0_addr_3 = getelementptr i256 %local_B_ping_V_0, i64 0, i64 %zext_ln890_69" [./dut.cpp:2867]   --->   Operation 201 'getelementptr' 'local_B_ping_V_0_addr_3' <Predicate = (!cmp_i_i565 & !icmp_ln890_1604)> <Delay = 0.00>
ST_12 : Operation 202 [1/1] (0.74ns)   --->   "%store_ln2867 = store i256 %tmp_485, i1 %local_B_ping_V_0_addr_3" [./dut.cpp:2867]   --->   Operation 202 'store' 'store_ln2867' <Predicate = (!cmp_i_i565 & !icmp_ln890_1604)> <Delay = 0.74> <CoreInst = "RAM">   --->   Core 83 'RAM' <Latency = 1> <II = 1> <Delay = 0.74> <Storage> <Opcode : 'load' 'store'> <Ports = 2> <Width = 256> <Depth = 2> <RAM>
ST_12 : Operation 203 [1/1] (0.00ns)   --->   "%br_ln0 = br void %.preheader1"   --->   Operation 203 'br' 'br_ln0' <Predicate = (!cmp_i_i565 & !icmp_ln890_1604)> <Delay = 0.00>
ST_12 : Operation 204 [1/1] (0.00ns)   --->   "%br_ln0 = br void %.loopexit882"   --->   Operation 204 'br' 'br_ln0' <Predicate = (!cmp_i_i565 & icmp_ln890_1604)> <Delay = 0.00>
ST_12 : Operation 205 [1/1] (0.00ns)   --->   "%br_ln2877 = br i1 %intra_trans_en_20, void %.loopexit949, void %.preheader.preheader" [./dut.cpp:2877]   --->   Operation 205 'br' 'br_ln2877' <Predicate = (icmp_ln890_1604) | (cmp_i_i565)> <Delay = 0.00>
ST_12 : Operation 206 [1/1] (0.38ns)   --->   "%br_ln890 = br void %.preheader"   --->   Operation 206 'br' 'br_ln890' <Predicate = (intra_trans_en_20 & icmp_ln890_1604) | (cmp_i_i565 & intra_trans_en_20)> <Delay = 0.38>

State 13 <SV = 6> <Delay = 0.74>
ST_13 : Operation 207 [1/1] (0.00ns)   --->   "%specloopname_ln2878 = specloopname void @_ssdm_op_SpecLoopName, void @empty_2191" [./dut.cpp:2878]   --->   Operation 207 'specloopname' 'specloopname_ln2878' <Predicate = true> <Delay = 0.00>
ST_13 : Operation 208 [1/2] (0.74ns)   --->   "%in_data_V_139 = load i1 %local_B_pong_V_0_addr_2"   --->   Operation 208 'load' 'in_data_V_139' <Predicate = true> <Delay = 0.74> <CoreInst = "RAM">   --->   Core 83 'RAM' <Latency = 1> <II = 1> <Delay = 0.74> <Storage> <Opcode : 'load' 'store'> <Ports = 2> <Width = 256> <Depth = 2> <RAM>
ST_13 : Operation 209 [1/1] (0.38ns)   --->   "%br_ln2879 = br void" [./dut.cpp:2879]   --->   Operation 209 'br' 'br_ln2879' <Predicate = true> <Delay = 0.38>

State 14 <SV = 7> <Delay = 0.70>
ST_14 : Operation 210 [1/1] (0.00ns)   --->   "%c6_V_161 = phi i6 0, void %.split35, i6 %add_ln691_1689, void"   --->   Operation 210 'phi' 'c6_V_161' <Predicate = true> <Delay = 0.00>
ST_14 : Operation 211 [1/1] (0.70ns)   --->   "%add_ln691_1689 = add i6 %c6_V_161, i6 1"   --->   Operation 211 'add' 'add_ln691_1689' <Predicate = true> <Delay = 0.70> <CoreInst = "Adder">   --->   Core 1 'Adder' <Latency = 0> <II = 1> <Delay = 0.70> <FuncUnit> <Opcode : 'add' 'sub'> <InPorts = 2> <OutPorts = 1>
ST_14 : Operation 212 [1/1] (0.61ns)   --->   "%icmp_ln890_1608 = icmp_eq  i6 %c6_V_161, i6 32"   --->   Operation 212 'icmp' 'icmp_ln890_1608' <Predicate = true> <Delay = 0.61> <CoreInst = "Cmp">   --->   Core 9 'Cmp' <Latency = 0> <II = 1> <Delay = 0.65> <FuncUnit> <Opcode : 'icmp'> <InPorts = 2> <OutPorts = 1>
ST_14 : Operation 213 [1/1] (0.00ns)   --->   "%speclooptripcount_ln0 = speclooptripcount void @_ssdm_op_SpecLoopTripCount, i64 32, i64 32, i64 32"   --->   Operation 213 'speclooptripcount' 'speclooptripcount_ln0' <Predicate = true> <Delay = 0.00>
ST_14 : Operation 214 [1/1] (0.00ns)   --->   "%br_ln2879 = br i1 %icmp_ln890_1608, void %.split33, void" [./dut.cpp:2879]   --->   Operation 214 'br' 'br_ln2879' <Predicate = true> <Delay = 0.00>
ST_14 : Operation 215 [1/1] (0.00ns)   --->   "%specloopname_ln2879 = specloopname void @_ssdm_op_SpecLoopName, void @empty_2179" [./dut.cpp:2879]   --->   Operation 215 'specloopname' 'specloopname_ln2879' <Predicate = (!icmp_ln890_1608)> <Delay = 0.00>
ST_14 : Operation 216 [1/1] (0.38ns)   --->   "%br_ln2881 = br void" [./dut.cpp:2881]   --->   Operation 216 'br' 'br_ln2881' <Predicate = (!icmp_ln890_1608)> <Delay = 0.38>
ST_14 : Operation 217 [1/1] (0.00ns)   --->   "%br_ln0 = br void %.preheader"   --->   Operation 217 'br' 'br_ln0' <Predicate = (icmp_ln890_1608)> <Delay = 0.00>

State 15 <SV = 8> <Delay = 0.70>
ST_15 : Operation 218 [1/1] (0.00ns)   --->   "%c7_V_99 = phi i4 0, void %.split33, i4 %add_ln691_1691, void"   --->   Operation 218 'phi' 'c7_V_99' <Predicate = true> <Delay = 0.00>
ST_15 : Operation 219 [1/1] (0.70ns)   --->   "%add_ln691_1691 = add i4 %c7_V_99, i4 1"   --->   Operation 219 'add' 'add_ln691_1691' <Predicate = true> <Delay = 0.70> <CoreInst = "Adder">   --->   Core 1 'Adder' <Latency = 0> <II = 1> <Delay = 0.70> <FuncUnit> <Opcode : 'add' 'sub'> <InPorts = 2> <OutPorts = 1>
ST_15 : Operation 220 [1/1] (0.65ns)   --->   "%icmp_ln890_1610 = icmp_eq  i4 %c7_V_99, i4 8"   --->   Operation 220 'icmp' 'icmp_ln890_1610' <Predicate = true> <Delay = 0.65> <CoreInst = "Cmp">   --->   Core 9 'Cmp' <Latency = 0> <II = 1> <Delay = 0.65> <FuncUnit> <Opcode : 'icmp'> <InPorts = 2> <OutPorts = 1>
ST_15 : Operation 221 [1/1] (0.00ns)   --->   "%speclooptripcount_ln0 = speclooptripcount void @_ssdm_op_SpecLoopTripCount, i64 8, i64 8, i64 8"   --->   Operation 221 'speclooptripcount' 'speclooptripcount_ln0' <Predicate = true> <Delay = 0.00>
ST_15 : Operation 222 [1/1] (0.00ns)   --->   "%br_ln2881 = br i1 %icmp_ln890_1610, void %.split31, void" [./dut.cpp:2881]   --->   Operation 222 'br' 'br_ln2881' <Predicate = true> <Delay = 0.00>
ST_15 : Operation 223 [1/1] (0.00ns)   --->   "%specloopname_ln2881 = specloopname void @_ssdm_op_SpecLoopName, void @empty_2180" [./dut.cpp:2881]   --->   Operation 223 'specloopname' 'specloopname_ln2881' <Predicate = (!icmp_ln890_1610)> <Delay = 0.00>
ST_15 : Operation 224 [1/1] (0.00ns)   --->   "%empty_3059 = trunc i4 %c7_V_99"   --->   Operation 224 'trunc' 'empty_3059' <Predicate = (!icmp_ln890_1610)> <Delay = 0.00>
ST_15 : Operation 225 [1/1] (0.38ns)   --->   "%br_ln2883 = br void" [./dut.cpp:2883]   --->   Operation 225 'br' 'br_ln2883' <Predicate = (!icmp_ln890_1610)> <Delay = 0.38>
ST_15 : Operation 226 [1/1] (0.00ns)   --->   "%br_ln0 = br void"   --->   Operation 226 'br' 'br_ln0' <Predicate = (icmp_ln890_1610)> <Delay = 0.00>

State 16 <SV = 9> <Delay = 0.70>
ST_16 : Operation 227 [1/1] (0.00ns)   --->   "%c8_V_35 = phi i5 0, void %.split31, i5 %add_ln691_1693, void"   --->   Operation 227 'phi' 'c8_V_35' <Predicate = true> <Delay = 0.00>
ST_16 : Operation 228 [1/1] (0.70ns)   --->   "%add_ln691_1693 = add i5 %c8_V_35, i5 1"   --->   Operation 228 'add' 'add_ln691_1693' <Predicate = true> <Delay = 0.70> <CoreInst = "Adder">   --->   Core 1 'Adder' <Latency = 0> <II = 1> <Delay = 0.70> <FuncUnit> <Opcode : 'add' 'sub'> <InPorts = 2> <OutPorts = 1>
ST_16 : Operation 229 [1/1] (0.63ns)   --->   "%icmp_ln890_1612 = icmp_eq  i5 %c8_V_35, i5 16"   --->   Operation 229 'icmp' 'icmp_ln890_1612' <Predicate = true> <Delay = 0.63> <CoreInst = "Cmp">   --->   Core 9 'Cmp' <Latency = 0> <II = 1> <Delay = 0.65> <FuncUnit> <Opcode : 'icmp'> <InPorts = 2> <OutPorts = 1>
ST_16 : Operation 230 [1/1] (0.00ns)   --->   "%speclooptripcount_ln0 = speclooptripcount void @_ssdm_op_SpecLoopTripCount, i64 16, i64 16, i64 16"   --->   Operation 230 'speclooptripcount' 'speclooptripcount_ln0' <Predicate = true> <Delay = 0.00>
ST_16 : Operation 231 [1/1] (0.00ns)   --->   "%br_ln2883 = br i1 %icmp_ln890_1612, void %.split29, void" [./dut.cpp:2883]   --->   Operation 231 'br' 'br_ln2883' <Predicate = true> <Delay = 0.00>
ST_16 : Operation 232 [1/1] (0.00ns)   --->   "%specloopname_ln2883 = specloopname void @_ssdm_op_SpecLoopName, void @empty_943" [./dut.cpp:2883]   --->   Operation 232 'specloopname' 'specloopname_ln2883' <Predicate = (!icmp_ln890_1612)> <Delay = 0.00>
ST_16 : Operation 233 [1/1] (0.38ns)   --->   "%br_ln2890 = br void" [./dut.cpp:2890]   --->   Operation 233 'br' 'br_ln2890' <Predicate = (!icmp_ln890_1612)> <Delay = 0.38>
ST_16 : Operation 234 [1/1] (0.00ns)   --->   "%br_ln0 = br void"   --->   Operation 234 'br' 'br_ln0' <Predicate = (icmp_ln890_1612)> <Delay = 0.00>

State 17 <SV = 10> <Delay = 1.87>
ST_17 : Operation 235 [1/1] (0.00ns)   --->   "%n_V_35 = phi i4 0, void %.split29, i4 %add_ln691_1695, void %.split2734"   --->   Operation 235 'phi' 'n_V_35' <Predicate = true> <Delay = 0.00>
ST_17 : Operation 236 [1/1] (0.00ns)   --->   "%p_Val2_71 = phi i256 %in_data_V_139, void %.split29, i256 %zext_ln1497_35, void %.split2734"   --->   Operation 236 'phi' 'p_Val2_71' <Predicate = true> <Delay = 0.00>
ST_17 : Operation 237 [1/1] (0.70ns)   --->   "%add_ln691_1695 = add i4 %n_V_35, i4 1"   --->   Operation 237 'add' 'add_ln691_1695' <Predicate = true> <Delay = 0.70> <CoreInst = "Adder">   --->   Core 1 'Adder' <Latency = 0> <II = 1> <Delay = 0.70> <FuncUnit> <Opcode : 'add' 'sub'> <InPorts = 2> <OutPorts = 1>
ST_17 : Operation 238 [1/1] (0.65ns)   --->   "%icmp_ln878_38 = icmp_eq  i4 %n_V_35, i4 8"   --->   Operation 238 'icmp' 'icmp_ln878_38' <Predicate = true> <Delay = 0.65> <CoreInst = "Cmp">   --->   Core 9 'Cmp' <Latency = 0> <II = 1> <Delay = 0.65> <FuncUnit> <Opcode : 'icmp'> <InPorts = 2> <OutPorts = 1>
ST_17 : Operation 239 [1/1] (0.00ns)   --->   "%speclooptripcount_ln0 = speclooptripcount void @_ssdm_op_SpecLoopTripCount, i64 8, i64 8, i64 8"   --->   Operation 239 'speclooptripcount' 'speclooptripcount_ln0' <Predicate = true> <Delay = 0.00>
ST_17 : Operation 240 [1/1] (0.00ns)   --->   "%br_ln2890 = br i1 %icmp_ln878_38, void %.split27, void" [./dut.cpp:2890]   --->   Operation 240 'br' 'br_ln2890' <Predicate = true> <Delay = 0.00>
ST_17 : Operation 241 [1/1] (0.00ns)   --->   "%specloopname_ln674 = specloopname void @_ssdm_op_SpecLoopName, void @empty_944"   --->   Operation 241 'specloopname' 'specloopname_ln674' <Predicate = (!icmp_ln878_38)> <Delay = 0.00>
ST_17 : Operation 242 [1/1] (0.00ns)   --->   "%data_split_V_0_101 = trunc i256 %p_Val2_71"   --->   Operation 242 'trunc' 'data_split_V_0_101' <Predicate = (!icmp_ln878_38)> <Delay = 0.00>
ST_17 : Operation 243 [1/1] (0.00ns)   --->   "%trunc_ln2891 = trunc i4 %n_V_35" [./dut.cpp:2891]   --->   Operation 243 'trunc' 'trunc_ln2891' <Predicate = (!icmp_ln878_38)> <Delay = 0.00>
ST_17 : Operation 244 [1/1] (0.63ns)   --->   "%switch_ln2891 = switch i3 %trunc_ln2891, void %branch15, i3 0, void %.split27..split2734_crit_edge, i3 1, void %branch9, i3 2, void %branch10, i3 3, void %branch11, i3 4, void %branch12, i3 5, void %branch13, i3 6, void %branch14" [./dut.cpp:2891]   --->   Operation 244 'switch' 'switch_ln2891' <Predicate = (!icmp_ln878_38)> <Delay = 0.63>
ST_17 : Operation 245 [1/1] (0.00ns)   --->   "%store_ln2891 = store i32 %data_split_V_0_101, i32 %data_split_V_7_40" [./dut.cpp:2891]   --->   Operation 245 'store' 'store_ln2891' <Predicate = (!icmp_ln878_38 & trunc_ln2891 == 6)> <Delay = 0.00>
ST_17 : Operation 246 [1/1] (0.00ns)   --->   "%br_ln2891 = br void %.split2734" [./dut.cpp:2891]   --->   Operation 246 'br' 'br_ln2891' <Predicate = (!icmp_ln878_38 & trunc_ln2891 == 6)> <Delay = 0.00>
ST_17 : Operation 247 [1/1] (0.00ns)   --->   "%store_ln2891 = store i32 %data_split_V_0_101, i32 %data_split_V_7_39" [./dut.cpp:2891]   --->   Operation 247 'store' 'store_ln2891' <Predicate = (!icmp_ln878_38 & trunc_ln2891 == 5)> <Delay = 0.00>
ST_17 : Operation 248 [1/1] (0.00ns)   --->   "%br_ln2891 = br void %.split2734" [./dut.cpp:2891]   --->   Operation 248 'br' 'br_ln2891' <Predicate = (!icmp_ln878_38 & trunc_ln2891 == 5)> <Delay = 0.00>
ST_17 : Operation 249 [1/1] (0.00ns)   --->   "%store_ln2891 = store i32 %data_split_V_0_101, i32 %data_split_V_7_38" [./dut.cpp:2891]   --->   Operation 249 'store' 'store_ln2891' <Predicate = (!icmp_ln878_38 & trunc_ln2891 == 4)> <Delay = 0.00>
ST_17 : Operation 250 [1/1] (0.00ns)   --->   "%br_ln2891 = br void %.split2734" [./dut.cpp:2891]   --->   Operation 250 'br' 'br_ln2891' <Predicate = (!icmp_ln878_38 & trunc_ln2891 == 4)> <Delay = 0.00>
ST_17 : Operation 251 [1/1] (0.00ns)   --->   "%store_ln2891 = store i32 %data_split_V_0_101, i32 %data_split_V_7_37" [./dut.cpp:2891]   --->   Operation 251 'store' 'store_ln2891' <Predicate = (!icmp_ln878_38 & trunc_ln2891 == 3)> <Delay = 0.00>
ST_17 : Operation 252 [1/1] (0.00ns)   --->   "%br_ln2891 = br void %.split2734" [./dut.cpp:2891]   --->   Operation 252 'br' 'br_ln2891' <Predicate = (!icmp_ln878_38 & trunc_ln2891 == 3)> <Delay = 0.00>
ST_17 : Operation 253 [1/1] (0.00ns)   --->   "%store_ln2891 = store i32 %data_split_V_0_101, i32 %data_split_V_7_36" [./dut.cpp:2891]   --->   Operation 253 'store' 'store_ln2891' <Predicate = (!icmp_ln878_38 & trunc_ln2891 == 2)> <Delay = 0.00>
ST_17 : Operation 254 [1/1] (0.00ns)   --->   "%br_ln2891 = br void %.split2734" [./dut.cpp:2891]   --->   Operation 254 'br' 'br_ln2891' <Predicate = (!icmp_ln878_38 & trunc_ln2891 == 2)> <Delay = 0.00>
ST_17 : Operation 255 [1/1] (0.00ns)   --->   "%store_ln2891 = store i32 %data_split_V_0_101, i32 %data_split_V_7_35" [./dut.cpp:2891]   --->   Operation 255 'store' 'store_ln2891' <Predicate = (!icmp_ln878_38 & trunc_ln2891 == 1)> <Delay = 0.00>
ST_17 : Operation 256 [1/1] (0.00ns)   --->   "%br_ln2891 = br void %.split2734" [./dut.cpp:2891]   --->   Operation 256 'br' 'br_ln2891' <Predicate = (!icmp_ln878_38 & trunc_ln2891 == 1)> <Delay = 0.00>
ST_17 : Operation 257 [1/1] (0.00ns)   --->   "%store_ln2891 = store i32 %data_split_V_0_101, i32 %data_split_V_7_34" [./dut.cpp:2891]   --->   Operation 257 'store' 'store_ln2891' <Predicate = (!icmp_ln878_38 & trunc_ln2891 == 0)> <Delay = 0.00>
ST_17 : Operation 258 [1/1] (0.00ns)   --->   "%br_ln2891 = br void %.split2734" [./dut.cpp:2891]   --->   Operation 258 'br' 'br_ln2891' <Predicate = (!icmp_ln878_38 & trunc_ln2891 == 0)> <Delay = 0.00>
ST_17 : Operation 259 [1/1] (0.00ns)   --->   "%store_ln2891 = store i32 %data_split_V_0_101, i32 %data_split_V_7_41" [./dut.cpp:2891]   --->   Operation 259 'store' 'store_ln2891' <Predicate = (!icmp_ln878_38 & trunc_ln2891 == 7)> <Delay = 0.00>
ST_17 : Operation 260 [1/1] (0.00ns)   --->   "%br_ln2891 = br void %.split2734" [./dut.cpp:2891]   --->   Operation 260 'br' 'br_ln2891' <Predicate = (!icmp_ln878_38 & trunc_ln2891 == 7)> <Delay = 0.00>
ST_17 : Operation 261 [1/1] (0.00ns)   --->   "%r_62 = partselect i224 @_ssdm_op_PartSelect.i224.i256.i32.i32, i256 %p_Val2_71, i32 32, i32 255"   --->   Operation 261 'partselect' 'r_62' <Predicate = (!icmp_ln878_38)> <Delay = 0.00>
ST_17 : Operation 262 [1/1] (0.00ns)   --->   "%zext_ln1497_35 = zext i224 %r_62"   --->   Operation 262 'zext' 'zext_ln1497_35' <Predicate = (!icmp_ln878_38)> <Delay = 0.00>
ST_17 : Operation 263 [1/1] (0.00ns)   --->   "%br_ln0 = br void"   --->   Operation 263 'br' 'br_ln0' <Predicate = (!icmp_ln878_38)> <Delay = 0.00>
ST_17 : Operation 264 [1/1] (0.00ns)   --->   "%data_split_V_7_34_load = load i32 %data_split_V_7_34"   --->   Operation 264 'load' 'data_split_V_7_34_load' <Predicate = (icmp_ln878_38)> <Delay = 0.00>
ST_17 : Operation 265 [1/1] (0.00ns)   --->   "%data_split_V_7_35_load = load i32 %data_split_V_7_35"   --->   Operation 265 'load' 'data_split_V_7_35_load' <Predicate = (icmp_ln878_38)> <Delay = 0.00>
ST_17 : Operation 266 [1/1] (0.00ns)   --->   "%data_split_V_7_36_load = load i32 %data_split_V_7_36"   --->   Operation 266 'load' 'data_split_V_7_36_load' <Predicate = (icmp_ln878_38)> <Delay = 0.00>
ST_17 : Operation 267 [1/1] (0.00ns)   --->   "%data_split_V_7_37_load = load i32 %data_split_V_7_37"   --->   Operation 267 'load' 'data_split_V_7_37_load' <Predicate = (icmp_ln878_38)> <Delay = 0.00>
ST_17 : Operation 268 [1/1] (0.00ns)   --->   "%data_split_V_7_38_load = load i32 %data_split_V_7_38"   --->   Operation 268 'load' 'data_split_V_7_38_load' <Predicate = (icmp_ln878_38)> <Delay = 0.00>
ST_17 : Operation 269 [1/1] (0.00ns)   --->   "%data_split_V_7_39_load = load i32 %data_split_V_7_39"   --->   Operation 269 'load' 'data_split_V_7_39_load' <Predicate = (icmp_ln878_38)> <Delay = 0.00>
ST_17 : Operation 270 [1/1] (0.00ns)   --->   "%data_split_V_7_40_load = load i32 %data_split_V_7_40"   --->   Operation 270 'load' 'data_split_V_7_40_load' <Predicate = (icmp_ln878_38)> <Delay = 0.00>
ST_17 : Operation 271 [1/1] (0.00ns)   --->   "%data_split_V_7_41_load = load i32 %data_split_V_7_41"   --->   Operation 271 'load' 'data_split_V_7_41_load' <Predicate = (icmp_ln878_38)> <Delay = 0.00>
ST_17 : Operation 272 [1/1] (0.58ns)   --->   "%u_7 = mux i32 @_ssdm_op_Mux.ap_auto.8i32.i3, i32 %data_split_V_7_34_load, i32 %data_split_V_7_35_load, i32 %data_split_V_7_36_load, i32 %data_split_V_7_37_load, i32 %data_split_V_7_38_load, i32 %data_split_V_7_39_load, i32 %data_split_V_7_40_load, i32 %data_split_V_7_41_load, i3 %empty_3059"   --->   Operation 272 'mux' 'u_7' <Predicate = (icmp_ln878_38)> <Delay = 0.58> <CoreInst = "Multiplexer">   --->   Core 76 'Multiplexer' <Latency = 0> <II = 1> <Delay = 0.58> <FuncUnit> <Opcode : 'mux'> <InPorts = 2> <OutPorts = 1>
ST_17 : Operation 273 [1/1] (1.21ns)   --->   "%write_ln174 = write void @_ssdm_op_Write.ap_fifo.volatile.i32P0A, i32 %fifo_B_PE_0_7_x096, i32 %u_7" [/home/rcslfpgaserver/Softwares/Xilinx/Vitis_HLS/2020.2/common/technology/autopilot/hls_stream_39.h:174]   --->   Operation 273 'write' 'write_ln174' <Predicate = (icmp_ln878_38)> <Delay = 1.21> <CoreInst = "FIFO_SRL">   --->   Core 81 'FIFO_SRL' <Latency = 0> <II = 1> <Delay = 1.39> <Storage> <Opcode : 'read' 'write' 'nbread' 'nbwrite'> <Ports = 0> <Width = 32> <Depth = 2> <FIFO>
ST_17 : Operation 274 [1/1] (0.00ns)   --->   "%br_ln0 = br void"   --->   Operation 274 'br' 'br_ln0' <Predicate = (icmp_ln878_38)> <Delay = 0.00>

State 18 <SV = 2> <Delay = 0.74>
ST_18 : Operation 275 [1/1] (0.00ns)   --->   "%c5_V = phi i2 %add_ln691_1678, void, i2 0, void %.preheader67.preheader"   --->   Operation 275 'phi' 'c5_V' <Predicate = true> <Delay = 0.00>
ST_18 : Operation 276 [1/1] (0.43ns)   --->   "%add_ln691_1678 = add i2 %c5_V, i2 1"   --->   Operation 276 'add' 'add_ln691_1678' <Predicate = true> <Delay = 0.43> <CoreInst = "Adder">   --->   Core 1 'Adder' <Latency = 0> <II = 1> <Delay = 0.70> <FuncUnit> <Opcode : 'add' 'sub'> <InPorts = 2> <OutPorts = 1>
ST_18 : Operation 277 [1/1] (0.00ns)   --->   "%zext_ln890 = zext i2 %c5_V"   --->   Operation 277 'zext' 'zext_ln890' <Predicate = true> <Delay = 0.00>
ST_18 : Operation 278 [1/1] (0.34ns)   --->   "%icmp_ln890_1599 = icmp_eq  i2 %c5_V, i2 2"   --->   Operation 278 'icmp' 'icmp_ln890_1599' <Predicate = true> <Delay = 0.34> <CoreInst = "Cmp">   --->   Core 9 'Cmp' <Latency = 0> <II = 1> <Delay = 0.65> <FuncUnit> <Opcode : 'icmp'> <InPorts = 2> <OutPorts = 1>
ST_18 : Operation 279 [1/1] (0.00ns)   --->   "%speclooptripcount_ln0 = speclooptripcount void @_ssdm_op_SpecLoopTripCount, i64 2, i64 2, i64 2"   --->   Operation 279 'speclooptripcount' 'speclooptripcount_ln0' <Predicate = true> <Delay = 0.00>
ST_18 : Operation 280 [1/1] (0.00ns)   --->   "%br_ln2921 = br i1 %icmp_ln890_1599, void %.split13, void %.loopexit945" [./dut.cpp:2921]   --->   Operation 280 'br' 'br_ln2921' <Predicate = true> <Delay = 0.00>
ST_18 : Operation 281 [1/1] (0.00ns)   --->   "%local_B_ping_V_0_addr = getelementptr i256 %local_B_ping_V_0, i64 0, i64 %zext_ln890"   --->   Operation 281 'getelementptr' 'local_B_ping_V_0_addr' <Predicate = (!icmp_ln890_1599)> <Delay = 0.00>
ST_18 : Operation 282 [2/2] (0.74ns)   --->   "%in_data_V = load i1 %local_B_ping_V_0_addr"   --->   Operation 282 'load' 'in_data_V' <Predicate = (!icmp_ln890_1599)> <Delay = 0.74> <CoreInst = "RAM">   --->   Core 83 'RAM' <Latency = 1> <II = 1> <Delay = 0.74> <Storage> <Opcode : 'load' 'store'> <Ports = 2> <Width = 256> <Depth = 2> <RAM>
ST_18 : Operation 283 [1/1] (0.00ns)   --->   "%ret_ln2987 = ret" [./dut.cpp:2987]   --->   Operation 283 'ret' 'ret_ln2987' <Predicate = (icmp_ln890_1599)> <Delay = 0.00>

State 19 <SV = 3> <Delay = 0.74>
ST_19 : Operation 284 [1/1] (0.00ns)   --->   "%specloopname_ln2921 = specloopname void @_ssdm_op_SpecLoopName, void @empty_1706" [./dut.cpp:2921]   --->   Operation 284 'specloopname' 'specloopname_ln2921' <Predicate = true> <Delay = 0.00>
ST_19 : Operation 285 [1/2] (0.74ns)   --->   "%in_data_V = load i1 %local_B_ping_V_0_addr"   --->   Operation 285 'load' 'in_data_V' <Predicate = true> <Delay = 0.74> <CoreInst = "RAM">   --->   Core 83 'RAM' <Latency = 1> <II = 1> <Delay = 0.74> <Storage> <Opcode : 'load' 'store'> <Ports = 2> <Width = 256> <Depth = 2> <RAM>
ST_19 : Operation 286 [1/1] (0.38ns)   --->   "%br_ln2922 = br void" [./dut.cpp:2922]   --->   Operation 286 'br' 'br_ln2922' <Predicate = true> <Delay = 0.38>

State 20 <SV = 4> <Delay = 0.70>
ST_20 : Operation 287 [1/1] (0.00ns)   --->   "%c6_V = phi i6 0, void %.split13, i6 %add_ln691_1680, void"   --->   Operation 287 'phi' 'c6_V' <Predicate = true> <Delay = 0.00>
ST_20 : Operation 288 [1/1] (0.70ns)   --->   "%add_ln691_1680 = add i6 %c6_V, i6 1"   --->   Operation 288 'add' 'add_ln691_1680' <Predicate = true> <Delay = 0.70> <CoreInst = "Adder">   --->   Core 1 'Adder' <Latency = 0> <II = 1> <Delay = 0.70> <FuncUnit> <Opcode : 'add' 'sub'> <InPorts = 2> <OutPorts = 1>
ST_20 : Operation 289 [1/1] (0.61ns)   --->   "%icmp_ln890_1601 = icmp_eq  i6 %c6_V, i6 32"   --->   Operation 289 'icmp' 'icmp_ln890_1601' <Predicate = true> <Delay = 0.61> <CoreInst = "Cmp">   --->   Core 9 'Cmp' <Latency = 0> <II = 1> <Delay = 0.65> <FuncUnit> <Opcode : 'icmp'> <InPorts = 2> <OutPorts = 1>
ST_20 : Operation 290 [1/1] (0.00ns)   --->   "%speclooptripcount_ln0 = speclooptripcount void @_ssdm_op_SpecLoopTripCount, i64 32, i64 32, i64 32"   --->   Operation 290 'speclooptripcount' 'speclooptripcount_ln0' <Predicate = true> <Delay = 0.00>
ST_20 : Operation 291 [1/1] (0.00ns)   --->   "%br_ln2922 = br i1 %icmp_ln890_1601, void %.split11, void" [./dut.cpp:2922]   --->   Operation 291 'br' 'br_ln2922' <Predicate = true> <Delay = 0.00>
ST_20 : Operation 292 [1/1] (0.00ns)   --->   "%specloopname_ln2922 = specloopname void @_ssdm_op_SpecLoopName, void @empty_2009" [./dut.cpp:2922]   --->   Operation 292 'specloopname' 'specloopname_ln2922' <Predicate = (!icmp_ln890_1601)> <Delay = 0.00>
ST_20 : Operation 293 [1/1] (0.38ns)   --->   "%br_ln2924 = br void" [./dut.cpp:2924]   --->   Operation 293 'br' 'br_ln2924' <Predicate = (!icmp_ln890_1601)> <Delay = 0.38>
ST_20 : Operation 294 [1/1] (0.00ns)   --->   "%br_ln0 = br void %.preheader67"   --->   Operation 294 'br' 'br_ln0' <Predicate = (icmp_ln890_1601)> <Delay = 0.00>

State 21 <SV = 5> <Delay = 0.70>
ST_21 : Operation 295 [1/1] (0.00ns)   --->   "%c7_V = phi i4 0, void %.split11, i4 %add_ln691_1681, void"   --->   Operation 295 'phi' 'c7_V' <Predicate = true> <Delay = 0.00>
ST_21 : Operation 296 [1/1] (0.70ns)   --->   "%add_ln691_1681 = add i4 %c7_V, i4 1"   --->   Operation 296 'add' 'add_ln691_1681' <Predicate = true> <Delay = 0.70> <CoreInst = "Adder">   --->   Core 1 'Adder' <Latency = 0> <II = 1> <Delay = 0.70> <FuncUnit> <Opcode : 'add' 'sub'> <InPorts = 2> <OutPorts = 1>
ST_21 : Operation 297 [1/1] (0.65ns)   --->   "%icmp_ln890_1602 = icmp_eq  i4 %c7_V, i4 8"   --->   Operation 297 'icmp' 'icmp_ln890_1602' <Predicate = true> <Delay = 0.65> <CoreInst = "Cmp">   --->   Core 9 'Cmp' <Latency = 0> <II = 1> <Delay = 0.65> <FuncUnit> <Opcode : 'icmp'> <InPorts = 2> <OutPorts = 1>
ST_21 : Operation 298 [1/1] (0.00ns)   --->   "%speclooptripcount_ln0 = speclooptripcount void @_ssdm_op_SpecLoopTripCount, i64 8, i64 8, i64 8"   --->   Operation 298 'speclooptripcount' 'speclooptripcount_ln0' <Predicate = true> <Delay = 0.00>
ST_21 : Operation 299 [1/1] (0.00ns)   --->   "%br_ln2924 = br i1 %icmp_ln890_1602, void %.split9, void" [./dut.cpp:2924]   --->   Operation 299 'br' 'br_ln2924' <Predicate = true> <Delay = 0.00>
ST_21 : Operation 300 [1/1] (0.00ns)   --->   "%specloopname_ln2924 = specloopname void @_ssdm_op_SpecLoopName, void @empty_1950" [./dut.cpp:2924]   --->   Operation 300 'specloopname' 'specloopname_ln2924' <Predicate = (!icmp_ln890_1602)> <Delay = 0.00>
ST_21 : Operation 301 [1/1] (0.00ns)   --->   "%empty_3060 = trunc i4 %c7_V"   --->   Operation 301 'trunc' 'empty_3060' <Predicate = (!icmp_ln890_1602)> <Delay = 0.00>
ST_21 : Operation 302 [1/1] (0.38ns)   --->   "%br_ln2926 = br void" [./dut.cpp:2926]   --->   Operation 302 'br' 'br_ln2926' <Predicate = (!icmp_ln890_1602)> <Delay = 0.38>
ST_21 : Operation 303 [1/1] (0.00ns)   --->   "%br_ln0 = br void"   --->   Operation 303 'br' 'br_ln0' <Predicate = (icmp_ln890_1602)> <Delay = 0.00>

State 22 <SV = 6> <Delay = 0.70>
ST_22 : Operation 304 [1/1] (0.00ns)   --->   "%c8_V = phi i5 0, void %.split9, i5 %add_ln691_1684, void"   --->   Operation 304 'phi' 'c8_V' <Predicate = true> <Delay = 0.00>
ST_22 : Operation 305 [1/1] (0.70ns)   --->   "%add_ln691_1684 = add i5 %c8_V, i5 1"   --->   Operation 305 'add' 'add_ln691_1684' <Predicate = true> <Delay = 0.70> <CoreInst = "Adder">   --->   Core 1 'Adder' <Latency = 0> <II = 1> <Delay = 0.70> <FuncUnit> <Opcode : 'add' 'sub'> <InPorts = 2> <OutPorts = 1>
ST_22 : Operation 306 [1/1] (0.63ns)   --->   "%icmp_ln890_1603 = icmp_eq  i5 %c8_V, i5 16"   --->   Operation 306 'icmp' 'icmp_ln890_1603' <Predicate = true> <Delay = 0.63> <CoreInst = "Cmp">   --->   Core 9 'Cmp' <Latency = 0> <II = 1> <Delay = 0.65> <FuncUnit> <Opcode : 'icmp'> <InPorts = 2> <OutPorts = 1>
ST_22 : Operation 307 [1/1] (0.00ns)   --->   "%speclooptripcount_ln0 = speclooptripcount void @_ssdm_op_SpecLoopTripCount, i64 16, i64 16, i64 16"   --->   Operation 307 'speclooptripcount' 'speclooptripcount_ln0' <Predicate = true> <Delay = 0.00>
ST_22 : Operation 308 [1/1] (0.00ns)   --->   "%br_ln2926 = br i1 %icmp_ln890_1603, void %.split7, void" [./dut.cpp:2926]   --->   Operation 308 'br' 'br_ln2926' <Predicate = true> <Delay = 0.00>
ST_22 : Operation 309 [1/1] (0.00ns)   --->   "%specloopname_ln2926 = specloopname void @_ssdm_op_SpecLoopName, void @empty_1992" [./dut.cpp:2926]   --->   Operation 309 'specloopname' 'specloopname_ln2926' <Predicate = (!icmp_ln890_1603)> <Delay = 0.00>
ST_22 : Operation 310 [1/1] (0.38ns)   --->   "%br_ln2933 = br void" [./dut.cpp:2933]   --->   Operation 310 'br' 'br_ln2933' <Predicate = (!icmp_ln890_1603)> <Delay = 0.38>
ST_22 : Operation 311 [1/1] (0.00ns)   --->   "%br_ln0 = br void"   --->   Operation 311 'br' 'br_ln0' <Predicate = (icmp_ln890_1603)> <Delay = 0.00>

State 23 <SV = 7> <Delay = 1.87>
ST_23 : Operation 312 [1/1] (0.00ns)   --->   "%n_V = phi i4 0, void %.split7, i4 %add_ln691_1685, void %.split51"   --->   Operation 312 'phi' 'n_V' <Predicate = true> <Delay = 0.00>
ST_23 : Operation 313 [1/1] (0.00ns)   --->   "%p_Val2_72 = phi i256 %in_data_V, void %.split7, i256 %zext_ln1497, void %.split51"   --->   Operation 313 'phi' 'p_Val2_72' <Predicate = true> <Delay = 0.00>
ST_23 : Operation 314 [1/1] (0.70ns)   --->   "%add_ln691_1685 = add i4 %n_V, i4 1"   --->   Operation 314 'add' 'add_ln691_1685' <Predicate = true> <Delay = 0.70> <CoreInst = "Adder">   --->   Core 1 'Adder' <Latency = 0> <II = 1> <Delay = 0.70> <FuncUnit> <Opcode : 'add' 'sub'> <InPorts = 2> <OutPorts = 1>
ST_23 : Operation 315 [1/1] (0.65ns)   --->   "%icmp_ln878 = icmp_eq  i4 %n_V, i4 8"   --->   Operation 315 'icmp' 'icmp_ln878' <Predicate = true> <Delay = 0.65> <CoreInst = "Cmp">   --->   Core 9 'Cmp' <Latency = 0> <II = 1> <Delay = 0.65> <FuncUnit> <Opcode : 'icmp'> <InPorts = 2> <OutPorts = 1>
ST_23 : Operation 316 [1/1] (0.00ns)   --->   "%speclooptripcount_ln0 = speclooptripcount void @_ssdm_op_SpecLoopTripCount, i64 8, i64 8, i64 8"   --->   Operation 316 'speclooptripcount' 'speclooptripcount_ln0' <Predicate = true> <Delay = 0.00>
ST_23 : Operation 317 [1/1] (0.00ns)   --->   "%br_ln2933 = br i1 %icmp_ln878, void %.split, void" [./dut.cpp:2933]   --->   Operation 317 'br' 'br_ln2933' <Predicate = true> <Delay = 0.00>
ST_23 : Operation 318 [1/1] (0.00ns)   --->   "%specloopname_ln674 = specloopname void @_ssdm_op_SpecLoopName, void @empty_774"   --->   Operation 318 'specloopname' 'specloopname_ln674' <Predicate = (!icmp_ln878)> <Delay = 0.00>
ST_23 : Operation 319 [1/1] (0.00ns)   --->   "%data_split_V_0_102 = trunc i256 %p_Val2_72"   --->   Operation 319 'trunc' 'data_split_V_0_102' <Predicate = (!icmp_ln878)> <Delay = 0.00>
ST_23 : Operation 320 [1/1] (0.00ns)   --->   "%trunc_ln2934 = trunc i4 %n_V" [./dut.cpp:2934]   --->   Operation 320 'trunc' 'trunc_ln2934' <Predicate = (!icmp_ln878)> <Delay = 0.00>
ST_23 : Operation 321 [1/1] (0.63ns)   --->   "%switch_ln2934 = switch i3 %trunc_ln2934, void %branch23, i3 0, void %.split..split51_crit_edge, i3 1, void %branch17, i3 2, void %branch18, i3 3, void %branch19, i3 4, void %branch20, i3 5, void %branch21, i3 6, void %branch22" [./dut.cpp:2934]   --->   Operation 321 'switch' 'switch_ln2934' <Predicate = (!icmp_ln878)> <Delay = 0.63>
ST_23 : Operation 322 [1/1] (0.00ns)   --->   "%store_ln2934 = store i32 %data_split_V_0_102, i32 %data_split_V_7_48" [./dut.cpp:2934]   --->   Operation 322 'store' 'store_ln2934' <Predicate = (!icmp_ln878 & trunc_ln2934 == 6)> <Delay = 0.00>
ST_23 : Operation 323 [1/1] (0.00ns)   --->   "%br_ln2934 = br void %.split51" [./dut.cpp:2934]   --->   Operation 323 'br' 'br_ln2934' <Predicate = (!icmp_ln878 & trunc_ln2934 == 6)> <Delay = 0.00>
ST_23 : Operation 324 [1/1] (0.00ns)   --->   "%store_ln2934 = store i32 %data_split_V_0_102, i32 %data_split_V_7_47" [./dut.cpp:2934]   --->   Operation 324 'store' 'store_ln2934' <Predicate = (!icmp_ln878 & trunc_ln2934 == 5)> <Delay = 0.00>
ST_23 : Operation 325 [1/1] (0.00ns)   --->   "%br_ln2934 = br void %.split51" [./dut.cpp:2934]   --->   Operation 325 'br' 'br_ln2934' <Predicate = (!icmp_ln878 & trunc_ln2934 == 5)> <Delay = 0.00>
ST_23 : Operation 326 [1/1] (0.00ns)   --->   "%store_ln2934 = store i32 %data_split_V_0_102, i32 %data_split_V_7_46" [./dut.cpp:2934]   --->   Operation 326 'store' 'store_ln2934' <Predicate = (!icmp_ln878 & trunc_ln2934 == 4)> <Delay = 0.00>
ST_23 : Operation 327 [1/1] (0.00ns)   --->   "%br_ln2934 = br void %.split51" [./dut.cpp:2934]   --->   Operation 327 'br' 'br_ln2934' <Predicate = (!icmp_ln878 & trunc_ln2934 == 4)> <Delay = 0.00>
ST_23 : Operation 328 [1/1] (0.00ns)   --->   "%store_ln2934 = store i32 %data_split_V_0_102, i32 %data_split_V_7_45" [./dut.cpp:2934]   --->   Operation 328 'store' 'store_ln2934' <Predicate = (!icmp_ln878 & trunc_ln2934 == 3)> <Delay = 0.00>
ST_23 : Operation 329 [1/1] (0.00ns)   --->   "%br_ln2934 = br void %.split51" [./dut.cpp:2934]   --->   Operation 329 'br' 'br_ln2934' <Predicate = (!icmp_ln878 & trunc_ln2934 == 3)> <Delay = 0.00>
ST_23 : Operation 330 [1/1] (0.00ns)   --->   "%store_ln2934 = store i32 %data_split_V_0_102, i32 %data_split_V_7_44" [./dut.cpp:2934]   --->   Operation 330 'store' 'store_ln2934' <Predicate = (!icmp_ln878 & trunc_ln2934 == 2)> <Delay = 0.00>
ST_23 : Operation 331 [1/1] (0.00ns)   --->   "%br_ln2934 = br void %.split51" [./dut.cpp:2934]   --->   Operation 331 'br' 'br_ln2934' <Predicate = (!icmp_ln878 & trunc_ln2934 == 2)> <Delay = 0.00>
ST_23 : Operation 332 [1/1] (0.00ns)   --->   "%store_ln2934 = store i32 %data_split_V_0_102, i32 %data_split_V_7_43" [./dut.cpp:2934]   --->   Operation 332 'store' 'store_ln2934' <Predicate = (!icmp_ln878 & trunc_ln2934 == 1)> <Delay = 0.00>
ST_23 : Operation 333 [1/1] (0.00ns)   --->   "%br_ln2934 = br void %.split51" [./dut.cpp:2934]   --->   Operation 333 'br' 'br_ln2934' <Predicate = (!icmp_ln878 & trunc_ln2934 == 1)> <Delay = 0.00>
ST_23 : Operation 334 [1/1] (0.00ns)   --->   "%store_ln2934 = store i32 %data_split_V_0_102, i32 %data_split_V_7_42" [./dut.cpp:2934]   --->   Operation 334 'store' 'store_ln2934' <Predicate = (!icmp_ln878 & trunc_ln2934 == 0)> <Delay = 0.00>
ST_23 : Operation 335 [1/1] (0.00ns)   --->   "%br_ln2934 = br void %.split51" [./dut.cpp:2934]   --->   Operation 335 'br' 'br_ln2934' <Predicate = (!icmp_ln878 & trunc_ln2934 == 0)> <Delay = 0.00>
ST_23 : Operation 336 [1/1] (0.00ns)   --->   "%store_ln2934 = store i32 %data_split_V_0_102, i32 %data_split_V_7_032" [./dut.cpp:2934]   --->   Operation 336 'store' 'store_ln2934' <Predicate = (!icmp_ln878 & trunc_ln2934 == 7)> <Delay = 0.00>
ST_23 : Operation 337 [1/1] (0.00ns)   --->   "%br_ln2934 = br void %.split51" [./dut.cpp:2934]   --->   Operation 337 'br' 'br_ln2934' <Predicate = (!icmp_ln878 & trunc_ln2934 == 7)> <Delay = 0.00>
ST_23 : Operation 338 [1/1] (0.00ns)   --->   "%data_split_V_7_42_load = load i32 %data_split_V_7_42"   --->   Operation 338 'load' 'data_split_V_7_42_load' <Predicate = (icmp_ln878)> <Delay = 0.00>
ST_23 : Operation 339 [1/1] (0.00ns)   --->   "%data_split_V_7_43_load = load i32 %data_split_V_7_43"   --->   Operation 339 'load' 'data_split_V_7_43_load' <Predicate = (icmp_ln878)> <Delay = 0.00>
ST_23 : Operation 340 [1/1] (0.00ns)   --->   "%data_split_V_7_44_load = load i32 %data_split_V_7_44"   --->   Operation 340 'load' 'data_split_V_7_44_load' <Predicate = (icmp_ln878)> <Delay = 0.00>
ST_23 : Operation 341 [1/1] (0.00ns)   --->   "%data_split_V_7_45_load = load i32 %data_split_V_7_45"   --->   Operation 341 'load' 'data_split_V_7_45_load' <Predicate = (icmp_ln878)> <Delay = 0.00>
ST_23 : Operation 342 [1/1] (0.00ns)   --->   "%data_split_V_7_46_load = load i32 %data_split_V_7_46"   --->   Operation 342 'load' 'data_split_V_7_46_load' <Predicate = (icmp_ln878)> <Delay = 0.00>
ST_23 : Operation 343 [1/1] (0.00ns)   --->   "%data_split_V_7_47_load = load i32 %data_split_V_7_47"   --->   Operation 343 'load' 'data_split_V_7_47_load' <Predicate = (icmp_ln878)> <Delay = 0.00>
ST_23 : Operation 344 [1/1] (0.00ns)   --->   "%data_split_V_7_48_load = load i32 %data_split_V_7_48"   --->   Operation 344 'load' 'data_split_V_7_48_load' <Predicate = (icmp_ln878)> <Delay = 0.00>
ST_23 : Operation 345 [1/1] (0.00ns)   --->   "%data_split_V_7_032_load = load i32 %data_split_V_7_032"   --->   Operation 345 'load' 'data_split_V_7_032_load' <Predicate = (icmp_ln878)> <Delay = 0.00>
ST_23 : Operation 346 [1/1] (0.58ns)   --->   "%u_8 = mux i32 @_ssdm_op_Mux.ap_auto.8i32.i3, i32 %data_split_V_7_42_load, i32 %data_split_V_7_43_load, i32 %data_split_V_7_44_load, i32 %data_split_V_7_45_load, i32 %data_split_V_7_46_load, i32 %data_split_V_7_47_load, i32 %data_split_V_7_48_load, i32 %data_split_V_7_032_load, i3 %empty_3060"   --->   Operation 346 'mux' 'u_8' <Predicate = (icmp_ln878)> <Delay = 0.58> <CoreInst = "Multiplexer">   --->   Core 76 'Multiplexer' <Latency = 0> <II = 1> <Delay = 0.58> <FuncUnit> <Opcode : 'mux'> <InPorts = 2> <OutPorts = 1>
ST_23 : Operation 347 [1/1] (1.21ns)   --->   "%write_ln174 = write void @_ssdm_op_Write.ap_fifo.volatile.i32P0A, i32 %fifo_B_PE_0_7_x096, i32 %u_8" [/home/rcslfpgaserver/Softwares/Xilinx/Vitis_HLS/2020.2/common/technology/autopilot/hls_stream_39.h:174]   --->   Operation 347 'write' 'write_ln174' <Predicate = (icmp_ln878)> <Delay = 1.21> <CoreInst = "FIFO_SRL">   --->   Core 81 'FIFO_SRL' <Latency = 0> <II = 1> <Delay = 1.39> <Storage> <Opcode : 'read' 'write' 'nbread' 'nbwrite'> <Ports = 0> <Width = 32> <Depth = 2> <FIFO>
ST_23 : Operation 348 [1/1] (0.00ns)   --->   "%br_ln0 = br void"   --->   Operation 348 'br' 'br_ln0' <Predicate = (icmp_ln878)> <Delay = 0.00>

State 24 <SV = 8> <Delay = 0.00>
ST_24 : Operation 349 [1/1] (0.00ns)   --->   "%r_63 = partselect i224 @_ssdm_op_PartSelect.i224.i256.i32.i32, i256 %p_Val2_72, i32 32, i32 255"   --->   Operation 349 'partselect' 'r_63' <Predicate = true> <Delay = 0.00>
ST_24 : Operation 350 [1/1] (0.00ns)   --->   "%zext_ln1497 = zext i224 %r_63"   --->   Operation 350 'zext' 'zext_ln1497' <Predicate = true> <Delay = 0.00>
ST_24 : Operation 351 [1/1] (0.00ns)   --->   "%br_ln0 = br void"   --->   Operation 351 'br' 'br_ln0' <Predicate = true> <Delay = 0.00>


============================================================
+ Verbose Summary: Binding
============================================================
STG Binding: 
---------------- STG Properties BEGIN ----------------
- Is combinational: 0
- Is one-state seq: 0
- Is datapath-only: 0
- Is pipelined: 0
- Is top level: 0
Port [ Return ] is wired: 1; IO mode=ap_ctrl_hs:ce=0
Port [ fifo_B_B_IO_L2_in_7_x016]:  wired=1; compound=1; hidden=0; nouse=0; global=0; static=0; extern=0; dir=0; type=3; pingpong=0; private_global=0; IO mode=ap_fifo:ce=0
Port [ fifo_B_PE_0_7_x096]:  wired=1; compound=1; hidden=0; nouse=0; global=0; static=0; extern=0; dir=1; type=3; pingpong=0; private_global=0; IO mode=ap_fifo:ce=0
---------------- STG Properties END ------------------

---------------- Datapath Model BEGIN ----------------

<LifeTime>
<method=bitvector/>
data_split_V_7          (alloca           ) [ 0011111111111111110000000]
data_split_V_7_27       (alloca           ) [ 0011111111111111110000000]
data_split_V_7_28       (alloca           ) [ 0011111111111111110000000]
data_split_V_7_29       (alloca           ) [ 0011111111111111110000000]
data_split_V_7_30       (alloca           ) [ 0011111111111111110000000]
data_split_V_7_31       (alloca           ) [ 0011111111111111110000000]
data_split_V_7_32       (alloca           ) [ 0011111111111111110000000]
data_split_V_7_33       (alloca           ) [ 0011111111111111110000000]
data_split_V_7_34       (alloca           ) [ 0011111111111111110000000]
data_split_V_7_35       (alloca           ) [ 0011111111111111110000000]
data_split_V_7_36       (alloca           ) [ 0011111111111111110000000]
data_split_V_7_37       (alloca           ) [ 0011111111111111110000000]
data_split_V_7_38       (alloca           ) [ 0011111111111111110000000]
data_split_V_7_39       (alloca           ) [ 0011111111111111110000000]
data_split_V_7_40       (alloca           ) [ 0011111111111111110000000]
data_split_V_7_41       (alloca           ) [ 0011111111111111110000000]
specmemcore_ln0         (specmemcore      ) [ 0000000000000000000000000]
specmemcore_ln0         (specmemcore      ) [ 0000000000000000000000000]
specinterface_ln0       (specinterface    ) [ 0000000000000000000000000]
specinterface_ln0       (specinterface    ) [ 0000000000000000000000000]
local_B_ping_V_0        (alloca           ) [ 0011111111111111111111111]
local_B_pong_V_0        (alloca           ) [ 0011111111111111110000000]
br_ln2789               (br               ) [ 0111111111111111110000000]
c0_V                    (phi              ) [ 0010000000000000000000000]
intra_trans_en          (phi              ) [ 0011111111111111110000000]
add_ln691               (add              ) [ 0111111111111111110000000]
icmp_ln890              (icmp             ) [ 0011111111111111110000000]
speclooptripcount_ln0   (speclooptripcount) [ 0000000000000000000000000]
br_ln2789               (br               ) [ 0000000000000000000000000]
specloopname_ln2789     (specloopname     ) [ 0000000000000000000000000]
br_ln2790               (br               ) [ 0011111111111111110000000]
data_split_V_7_42       (alloca           ) [ 0000000000000000001111111]
data_split_V_7_43       (alloca           ) [ 0000000000000000001111111]
data_split_V_7_44       (alloca           ) [ 0000000000000000001111111]
data_split_V_7_45       (alloca           ) [ 0000000000000000001111111]
data_split_V_7_46       (alloca           ) [ 0000000000000000001111111]
data_split_V_7_47       (alloca           ) [ 0000000000000000001111111]
data_split_V_7_48       (alloca           ) [ 0000000000000000001111111]
data_split_V_7_032      (alloca           ) [ 0000000000000000001111111]
br_ln890                (br               ) [ 0011111111111111111111111]
c1_V                    (phi              ) [ 0001000000000000000000000]
intra_trans_en_19       (phi              ) [ 0001111111111111110000000]
add_ln691_1679          (add              ) [ 0011111111111111110000000]
icmp_ln890_1600         (icmp             ) [ 0011111111111111110000000]
speclooptripcount_ln0   (speclooptripcount) [ 0000000000000000000000000]
br_ln2790               (br               ) [ 0000000000000000000000000]
specloopname_ln2790     (specloopname     ) [ 0000000000000000000000000]
p_shl                   (bitconcatenate   ) [ 0000000000000000000000000]
add_i_i579_cast         (sub              ) [ 0000000000000000000000000]
cmp_i_i565              (icmp             ) [ 0000111111111111110000000]
br_ln2791               (br               ) [ 0011111111111111110000000]
br_ln0                  (br               ) [ 0111111111111111110000000]
intra_trans_en_20       (phi              ) [ 0000111111111111110000000]
arb_18                  (phi              ) [ 0000111111111111110000000]
c2_V                    (phi              ) [ 0000100000000000000000000]
c2_V_181                (add              ) [ 0011111111111111110000000]
icmp_ln2791             (icmp             ) [ 0011111111111111110000000]
speclooptripcount_ln0   (speclooptripcount) [ 0000000000000000000000000]
br_ln2791               (br               ) [ 0000000000000000000000000]
specloopname_ln2791     (specloopname     ) [ 0000000000000000000000000]
br_ln2795               (br               ) [ 0000000000000000000000000]
br_ln2799               (br               ) [ 0000000000000000000000000]
br_ln890                (br               ) [ 0011111111111111110000000]
br_ln2855               (br               ) [ 0000000000000000000000000]
br_ln890                (br               ) [ 0011111111111111110000000]
br_ln0                  (br               ) [ 0011111111111111110000000]
c4_V_60                 (phi              ) [ 0000010000000000000000000]
add_ln691_1683          (add              ) [ 0011111111111111110000000]
zext_ln890_70           (zext             ) [ 0000000000000000000000000]
icmp_ln890_1605         (icmp             ) [ 0011111111111111110000000]
speclooptripcount_ln0   (speclooptripcount) [ 0000000000000000000000000]
br_ln2803               (br               ) [ 0000000000000000000000000]
specloopname_ln2803     (specloopname     ) [ 0000000000000000000000000]
tmp                     (read             ) [ 0000000000000000000000000]
local_B_pong_V_0_addr   (getelementptr    ) [ 0000000000000000000000000]
store_ln2811            (store            ) [ 0000000000000000000000000]
br_ln0                  (br               ) [ 0011111111111111110000000]
br_ln0                  (br               ) [ 0000000000000000000000000]
br_ln2821               (br               ) [ 0000000000000000000000000]
br_ln890                (br               ) [ 0011111111111111110000000]
c5_V_158                (phi              ) [ 0000001000000000000000000]
add_ln691_1688          (add              ) [ 0011111111111111110000000]
zext_ln890_72           (zext             ) [ 0000000000000000000000000]
icmp_ln890_1607         (icmp             ) [ 0011111111111111110000000]
speclooptripcount_ln0   (speclooptripcount) [ 0000000000000000000000000]
br_ln2822               (br               ) [ 0000000000000000000000000]
local_B_ping_V_0_addr_4 (getelementptr    ) [ 0000000100000000000000000]
br_ln0                  (br               ) [ 0000000000000000000000000]
c5_V_157                (phi              ) [ 0000001000000000000000000]
add_ln691_1687          (add              ) [ 0011111111111111110000000]
zext_ln890_71           (zext             ) [ 0000000000000000000000000]
icmp_ln890_1606         (icmp             ) [ 0011111111111111110000000]
speclooptripcount_ln0   (speclooptripcount) [ 0000000000000000000000000]
br_ln2878               (br               ) [ 0000000000000000000000000]
local_B_pong_V_0_addr_2 (getelementptr    ) [ 0000000000000100000000000]
br_ln0                  (br               ) [ 0000000000000000000000000]
arb                     (xor              ) [ 0011111111111111110000000]
br_ln0                  (br               ) [ 0011111111111111110000000]
specloopname_ln2822     (specloopname     ) [ 0000000000000000000000000]
in_data_V_140           (load             ) [ 0000000011110000000000000]
br_ln2823               (br               ) [ 0011111111111111110000000]
c6_V_162                (phi              ) [ 0000000010000000000000000]
add_ln691_1690          (add              ) [ 0011111111111111110000000]
icmp_ln890_1609         (icmp             ) [ 0011111111111111110000000]
speclooptripcount_ln0   (speclooptripcount) [ 0000000000000000000000000]
br_ln2823               (br               ) [ 0000000000000000000000000]
specloopname_ln2823     (specloopname     ) [ 0000000000000000000000000]
br_ln2825               (br               ) [ 0011111111111111110000000]
br_ln0                  (br               ) [ 0011111111111111110000000]
c7_V_100                (phi              ) [ 0000000001000000000000000]
add_ln691_1692          (add              ) [ 0011111111111111110000000]
icmp_ln890_1611         (icmp             ) [ 0011111111111111110000000]
speclooptripcount_ln0   (speclooptripcount) [ 0000000000000000000000000]
br_ln2825               (br               ) [ 0000000000000000000000000]
specloopname_ln2825     (specloopname     ) [ 0000000000000000000000000]
empty                   (trunc            ) [ 0000000000110000000000000]
br_ln2827               (br               ) [ 0011111111111111110000000]
br_ln0                  (br               ) [ 0011111111111111110000000]
c8_V_36                 (phi              ) [ 0000000000100000000000000]
add_ln691_1694          (add              ) [ 0011111111111111110000000]
icmp_ln890_1613         (icmp             ) [ 0011111111111111110000000]
speclooptripcount_ln0   (speclooptripcount) [ 0000000000000000000000000]
br_ln2827               (br               ) [ 0000000000000000000000000]
specloopname_ln2827     (specloopname     ) [ 0000000000000000000000000]
br_ln2834               (br               ) [ 0011111111111111110000000]
br_ln0                  (br               ) [ 0011111111111111110000000]
n_V_36                  (phi              ) [ 0000000000010000000000000]
p_Val2_s                (phi              ) [ 0000000000010000000000000]
add_ln691_1696          (add              ) [ 0011111111111111110000000]
icmp_ln878_39           (icmp             ) [ 0011111111111111110000000]
speclooptripcount_ln0   (speclooptripcount) [ 0000000000000000000000000]
br_ln2834               (br               ) [ 0000000000000000000000000]
specloopname_ln674      (specloopname     ) [ 0000000000000000000000000]
data_split_V_0          (trunc            ) [ 0000000000000000000000000]
trunc_ln2835            (trunc            ) [ 0011111111111111110000000]
switch_ln2835           (switch           ) [ 0000000000000000000000000]
store_ln2835            (store            ) [ 0000000000000000000000000]
br_ln2835               (br               ) [ 0000000000000000000000000]
store_ln2835            (store            ) [ 0000000000000000000000000]
br_ln2835               (br               ) [ 0000000000000000000000000]
store_ln2835            (store            ) [ 0000000000000000000000000]
br_ln2835               (br               ) [ 0000000000000000000000000]
store_ln2835            (store            ) [ 0000000000000000000000000]
br_ln2835               (br               ) [ 0000000000000000000000000]
store_ln2835            (store            ) [ 0000000000000000000000000]
br_ln2835               (br               ) [ 0000000000000000000000000]
store_ln2835            (store            ) [ 0000000000000000000000000]
br_ln2835               (br               ) [ 0000000000000000000000000]
store_ln2835            (store            ) [ 0000000000000000000000000]
br_ln2835               (br               ) [ 0000000000000000000000000]
store_ln2835            (store            ) [ 0000000000000000000000000]
br_ln2835               (br               ) [ 0000000000000000000000000]
r                       (partselect       ) [ 0000000000000000000000000]
zext_ln1497_36          (zext             ) [ 0011111111111111110000000]
br_ln0                  (br               ) [ 0011111111111111110000000]
data_split_V_7_load     (load             ) [ 0000000000000000000000000]
data_split_V_7_27_load  (load             ) [ 0000000000000000000000000]
data_split_V_7_28_load  (load             ) [ 0000000000000000000000000]
data_split_V_7_29_load  (load             ) [ 0000000000000000000000000]
data_split_V_7_30_load  (load             ) [ 0000000000000000000000000]
data_split_V_7_31_load  (load             ) [ 0000000000000000000000000]
data_split_V_7_32_load  (load             ) [ 0000000000000000000000000]
data_split_V_7_33_load  (load             ) [ 0000000000000000000000000]
u                       (mux              ) [ 0000000000000000000000000]
write_ln174             (write            ) [ 0000000000000000000000000]
br_ln0                  (br               ) [ 0011111111111111110000000]
c4_V                    (phi              ) [ 0000000000001000000000000]
add_ln691_1682          (add              ) [ 0011111111111111110000000]
zext_ln890_69           (zext             ) [ 0000000000000000000000000]
icmp_ln890_1604         (icmp             ) [ 0011111111111111110000000]
speclooptripcount_ln0   (speclooptripcount) [ 0000000000000000000000000]
br_ln2859               (br               ) [ 0000000000000000000000000]
specloopname_ln2859     (specloopname     ) [ 0000000000000000000000000]
tmp_485                 (read             ) [ 0000000000000000000000000]
local_B_ping_V_0_addr_3 (getelementptr    ) [ 0000000000000000000000000]
store_ln2867            (store            ) [ 0000000000000000000000000]
br_ln0                  (br               ) [ 0011111111111111110000000]
br_ln0                  (br               ) [ 0000000000000000000000000]
br_ln2877               (br               ) [ 0000000000000000000000000]
br_ln890                (br               ) [ 0011111111111111110000000]
specloopname_ln2878     (specloopname     ) [ 0000000000000000000000000]
in_data_V_139           (load             ) [ 0000000000000011110000000]
br_ln2879               (br               ) [ 0011111111111111110000000]
c6_V_161                (phi              ) [ 0000000000000010000000000]
add_ln691_1689          (add              ) [ 0011111111111111110000000]
icmp_ln890_1608         (icmp             ) [ 0011111111111111110000000]
speclooptripcount_ln0   (speclooptripcount) [ 0000000000000000000000000]
br_ln2879               (br               ) [ 0000000000000000000000000]
specloopname_ln2879     (specloopname     ) [ 0000000000000000000000000]
br_ln2881               (br               ) [ 0011111111111111110000000]
br_ln0                  (br               ) [ 0011111111111111110000000]
c7_V_99                 (phi              ) [ 0000000000000001000000000]
add_ln691_1691          (add              ) [ 0011111111111111110000000]
icmp_ln890_1610         (icmp             ) [ 0011111111111111110000000]
speclooptripcount_ln0   (speclooptripcount) [ 0000000000000000000000000]
br_ln2881               (br               ) [ 0000000000000000000000000]
specloopname_ln2881     (specloopname     ) [ 0000000000000000000000000]
empty_3059              (trunc            ) [ 0000000000000000110000000]
br_ln2883               (br               ) [ 0011111111111111110000000]
br_ln0                  (br               ) [ 0011111111111111110000000]
c8_V_35                 (phi              ) [ 0000000000000000100000000]
add_ln691_1693          (add              ) [ 0011111111111111110000000]
icmp_ln890_1612         (icmp             ) [ 0011111111111111110000000]
speclooptripcount_ln0   (speclooptripcount) [ 0000000000000000000000000]
br_ln2883               (br               ) [ 0000000000000000000000000]
specloopname_ln2883     (specloopname     ) [ 0000000000000000000000000]
br_ln2890               (br               ) [ 0011111111111111110000000]
br_ln0                  (br               ) [ 0011111111111111110000000]
n_V_35                  (phi              ) [ 0000000000000000010000000]
p_Val2_71               (phi              ) [ 0000000000000000010000000]
add_ln691_1695          (add              ) [ 0011111111111111110000000]
icmp_ln878_38           (icmp             ) [ 0011111111111111110000000]
speclooptripcount_ln0   (speclooptripcount) [ 0000000000000000000000000]
br_ln2890               (br               ) [ 0000000000000000000000000]
specloopname_ln674      (specloopname     ) [ 0000000000000000000000000]
data_split_V_0_101      (trunc            ) [ 0000000000000000000000000]
trunc_ln2891            (trunc            ) [ 0011111111111111110000000]
switch_ln2891           (switch           ) [ 0000000000000000000000000]
store_ln2891            (store            ) [ 0000000000000000000000000]
br_ln2891               (br               ) [ 0000000000000000000000000]
store_ln2891            (store            ) [ 0000000000000000000000000]
br_ln2891               (br               ) [ 0000000000000000000000000]
store_ln2891            (store            ) [ 0000000000000000000000000]
br_ln2891               (br               ) [ 0000000000000000000000000]
store_ln2891            (store            ) [ 0000000000000000000000000]
br_ln2891               (br               ) [ 0000000000000000000000000]
store_ln2891            (store            ) [ 0000000000000000000000000]
br_ln2891               (br               ) [ 0000000000000000000000000]
store_ln2891            (store            ) [ 0000000000000000000000000]
br_ln2891               (br               ) [ 0000000000000000000000000]
store_ln2891            (store            ) [ 0000000000000000000000000]
br_ln2891               (br               ) [ 0000000000000000000000000]
store_ln2891            (store            ) [ 0000000000000000000000000]
br_ln2891               (br               ) [ 0000000000000000000000000]
r_62                    (partselect       ) [ 0000000000000000000000000]
zext_ln1497_35          (zext             ) [ 0011111111111111110000000]
br_ln0                  (br               ) [ 0011111111111111110000000]
data_split_V_7_34_load  (load             ) [ 0000000000000000000000000]
data_split_V_7_35_load  (load             ) [ 0000000000000000000000000]
data_split_V_7_36_load  (load             ) [ 0000000000000000000000000]
data_split_V_7_37_load  (load             ) [ 0000000000000000000000000]
data_split_V_7_38_load  (load             ) [ 0000000000000000000000000]
data_split_V_7_39_load  (load             ) [ 0000000000000000000000000]
data_split_V_7_40_load  (load             ) [ 0000000000000000000000000]
data_split_V_7_41_load  (load             ) [ 0000000000000000000000000]
u_7                     (mux              ) [ 0000000000000000000000000]
write_ln174             (write            ) [ 0000000000000000000000000]
br_ln0                  (br               ) [ 0011111111111111110000000]
c5_V                    (phi              ) [ 0000000000000000001000000]
add_ln691_1678          (add              ) [ 0010000000000000001111111]
zext_ln890              (zext             ) [ 0000000000000000000000000]
icmp_ln890_1599         (icmp             ) [ 0000000000000000001111111]
speclooptripcount_ln0   (speclooptripcount) [ 0000000000000000000000000]
br_ln2921               (br               ) [ 0000000000000000000000000]
local_B_ping_V_0_addr   (getelementptr    ) [ 0000000000000000000100000]
ret_ln2987              (ret              ) [ 0000000000000000000000000]
specloopname_ln2921     (specloopname     ) [ 0000000000000000000000000]
in_data_V               (load             ) [ 0000000000000000000011111]
br_ln2922               (br               ) [ 0000000000000000001111111]
c6_V                    (phi              ) [ 0000000000000000000010000]
add_ln691_1680          (add              ) [ 0000000000000000001111111]
icmp_ln890_1601         (icmp             ) [ 0000000000000000001111111]
speclooptripcount_ln0   (speclooptripcount) [ 0000000000000000000000000]
br_ln2922               (br               ) [ 0000000000000000000000000]
specloopname_ln2922     (specloopname     ) [ 0000000000000000000000000]
br_ln2924               (br               ) [ 0000000000000000001111111]
br_ln0                  (br               ) [ 0010000000000000001111111]
c7_V                    (phi              ) [ 0000000000000000000001000]
add_ln691_1681          (add              ) [ 0000000000000000001111111]
icmp_ln890_1602         (icmp             ) [ 0000000000000000001111111]
speclooptripcount_ln0   (speclooptripcount) [ 0000000000000000000000000]
br_ln2924               (br               ) [ 0000000000000000000000000]
specloopname_ln2924     (specloopname     ) [ 0000000000000000000000000]
empty_3060              (trunc            ) [ 0000000000000000000000111]
br_ln2926               (br               ) [ 0000000000000000001111111]
br_ln0                  (br               ) [ 0000000000000000001111111]
c8_V                    (phi              ) [ 0000000000000000000000100]
add_ln691_1684          (add              ) [ 0000000000000000001111111]
icmp_ln890_1603         (icmp             ) [ 0000000000000000001111111]
speclooptripcount_ln0   (speclooptripcount) [ 0000000000000000000000000]
br_ln2926               (br               ) [ 0000000000000000000000000]
specloopname_ln2926     (specloopname     ) [ 0000000000000000000000000]
br_ln2933               (br               ) [ 0000000000000000001111111]
br_ln0                  (br               ) [ 0000000000000000001111111]
n_V                     (phi              ) [ 0000000000000000000000010]
p_Val2_72               (phi              ) [ 0000000000000000000000011]
add_ln691_1685          (add              ) [ 0000000000000000001111111]
icmp_ln878              (icmp             ) [ 0000000000000000001111111]
speclooptripcount_ln0   (speclooptripcount) [ 0000000000000000000000000]
br_ln2933               (br               ) [ 0000000000000000000000000]
specloopname_ln674      (specloopname     ) [ 0000000000000000000000000]
data_split_V_0_102      (trunc            ) [ 0000000000000000000000000]
trunc_ln2934            (trunc            ) [ 0000000000000000001111111]
switch_ln2934           (switch           ) [ 0000000000000000000000000]
store_ln2934            (store            ) [ 0000000000000000000000000]
br_ln2934               (br               ) [ 0000000000000000000000000]
store_ln2934            (store            ) [ 0000000000000000000000000]
br_ln2934               (br               ) [ 0000000000000000000000000]
store_ln2934            (store            ) [ 0000000000000000000000000]
br_ln2934               (br               ) [ 0000000000000000000000000]
store_ln2934            (store            ) [ 0000000000000000000000000]
br_ln2934               (br               ) [ 0000000000000000000000000]
store_ln2934            (store            ) [ 0000000000000000000000000]
br_ln2934               (br               ) [ 0000000000000000000000000]
store_ln2934            (store            ) [ 0000000000000000000000000]
br_ln2934               (br               ) [ 0000000000000000000000000]
store_ln2934            (store            ) [ 0000000000000000000000000]
br_ln2934               (br               ) [ 0000000000000000000000000]
store_ln2934            (store            ) [ 0000000000000000000000000]
br_ln2934               (br               ) [ 0000000000000000000000000]
data_split_V_7_42_load  (load             ) [ 0000000000000000000000000]
data_split_V_7_43_load  (load             ) [ 0000000000000000000000000]
data_split_V_7_44_load  (load             ) [ 0000000000000000000000000]
data_split_V_7_45_load  (load             ) [ 0000000000000000000000000]
data_split_V_7_46_load  (load             ) [ 0000000000000000000000000]
data_split_V_7_47_load  (load             ) [ 0000000000000000000000000]
data_split_V_7_48_load  (load             ) [ 0000000000000000000000000]
data_split_V_7_032_load (load             ) [ 0000000000000000000000000]
u_8                     (mux              ) [ 0000000000000000000000000]
write_ln174             (write            ) [ 0000000000000000000000000]
br_ln0                  (br               ) [ 0000000000000000001111111]
r_63                    (partselect       ) [ 0000000000000000000000000]
zext_ln1497             (zext             ) [ 0000000000000000001111111]
br_ln0                  (br               ) [ 0000000000000000001111111]
</LifeTime>

<model>

<comp_list>
<comp id="0" class="1000" name="fifo_B_B_IO_L2_in_7_x016">
<pin_list>
<pin id="1" dir="1" index="0" bw="1" slack="0"/>
</pin_list>
<bind>
<StgValue><ssdm name="fifo_B_B_IO_L2_in_7_x016"/></StgValue>
</bind>
</comp>

<comp id="2" class="1000" name="fifo_B_PE_0_7_x096">
<pin_list>
<pin id="3" dir="1" index="0" bw="1" slack="0"/>
</pin_list>
<bind>
<StgValue><ssdm name="fifo_B_PE_0_7_x096"/></StgValue>
</bind>
</comp>

<comp id="4" class="1001" name="const_4">
<pin_list>
<pin id="5" dir="1" index="0" bw="1" slack="0"/>
</pin_list>
<bind>
<StgValue><ssdm name=""/></StgValue>
</bind>
</comp>

<comp id="6" class="1001" name="const_6">
<pin_list>
<pin id="7" dir="1" index="0" bw="1" slack="2147483647"/>
</pin_list>
<bind>
<StgValue><ssdm name="_ssdm_op_SpecMemCore"/></StgValue>
</bind>
</comp>

<comp id="8" class="1001" name="const_8">
<pin_list>
<pin id="9" dir="1" index="0" bw="1" slack="2147483647"/>
</pin_list>
<bind>
<StgValue><ssdm name=""/></StgValue>
</bind>
</comp>

<comp id="10" class="1001" name="const_10">
<pin_list>
<pin id="11" dir="1" index="0" bw="1" slack="2147483647"/>
</pin_list>
<bind>
<StgValue><ssdm name=""/></StgValue>
</bind>
</comp>

<comp id="12" class="1001" name="const_12">
<pin_list>
<pin id="13" dir="1" index="0" bw="1" slack="2147483647"/>
</pin_list>
<bind>
<StgValue><ssdm name=""/></StgValue>
</bind>
</comp>

<comp id="14" class="1001" name="const_14">
<pin_list>
<pin id="15" dir="1" index="0" bw="1" slack="2147483647"/>
</pin_list>
<bind>
<StgValue><ssdm name="_ssdm_op_SpecInterface"/></StgValue>
</bind>
</comp>

<comp id="16" class="1001" name="const_16">
<pin_list>
<pin id="17" dir="1" index="0" bw="1" slack="2147483647"/>
</pin_list>
<bind>
<StgValue><ssdm name="empty_708"/></StgValue>
</bind>
</comp>

<comp id="18" class="1001" name="const_18">
<pin_list>
<pin id="19" dir="1" index="0" bw="1" slack="2147483647"/>
</pin_list>
<bind>
<StgValue><ssdm name=""/></StgValue>
</bind>
</comp>

<comp id="20" class="1001" name="const_20">
<pin_list>
<pin id="21" dir="1" index="0" bw="1" slack="2147483647"/>
</pin_list>
<bind>
<StgValue><ssdm name="empty_1340"/></StgValue>
</bind>
</comp>

<comp id="22" class="1001" name="const_22">
<pin_list>
<pin id="23" dir="1" index="0" bw="1" slack="0"/>
</pin_list>
<bind>
<StgValue><ssdm name=""/></StgValue>
</bind>
</comp>

<comp id="24" class="1001" name="const_24">
<pin_list>
<pin id="25" dir="1" index="0" bw="1" slack="0"/>
</pin_list>
<bind>
<StgValue><ssdm name=""/></StgValue>
</bind>
</comp>

<comp id="26" class="1001" name="const_26">
<pin_list>
<pin id="27" dir="1" index="0" bw="1" slack="1"/>
</pin_list>
<bind>
<StgValue><ssdm name=""/></StgValue>
</bind>
</comp>

<comp id="28" class="1001" name="const_28">
<pin_list>
<pin id="29" dir="1" index="0" bw="1" slack="0"/>
</pin_list>
<bind>
<StgValue><ssdm name=""/></StgValue>
</bind>
</comp>

<comp id="30" class="1001" name="const_30">
<pin_list>
<pin id="31" dir="1" index="0" bw="1" slack="0"/>
</pin_list>
<bind>
<StgValue><ssdm name=""/></StgValue>
</bind>
</comp>

<comp id="32" class="1001" name="const_32">
<pin_list>
<pin id="33" dir="1" index="0" bw="1" slack="0"/>
</pin_list>
<bind>
<StgValue><ssdm name=""/></StgValue>
</bind>
</comp>

<comp id="34" class="1001" name="const_34">
<pin_list>
<pin id="35" dir="1" index="0" bw="1" slack="2147483647"/>
</pin_list>
<bind>
<StgValue><ssdm name="_ssdm_op_SpecLoopTripCount"/></StgValue>
</bind>
</comp>

<comp id="36" class="1001" name="const_36">
<pin_list>
<pin id="37" dir="1" index="0" bw="1" slack="2147483647"/>
</pin_list>
<bind>
<StgValue><ssdm name=""/></StgValue>
</bind>
</comp>

<comp id="38" class="1001" name="const_38">
<pin_list>
<pin id="39" dir="1" index="0" bw="1" slack="2147483647"/>
</pin_list>
<bind>
<StgValue><ssdm name="_ssdm_op_SpecLoopName"/></StgValue>
</bind>
</comp>

<comp id="40" class="1001" name="const_40">
<pin_list>
<pin id="41" dir="1" index="0" bw="1" slack="2147483647"/>
</pin_list>
<bind>
<StgValue><ssdm name="empty_2350"/></StgValue>
</bind>
</comp>

<comp id="42" class="1001" name="const_42">
<pin_list>
<pin id="43" dir="1" index="0" bw="1" slack="0"/>
</pin_list>
<bind>
<StgValue><ssdm name=""/></StgValue>
</bind>
</comp>

<comp id="44" class="1001" name="const_44">
<pin_list>
<pin id="45" dir="1" index="0" bw="1" slack="2147483647"/>
</pin_list>
<bind>
<StgValue><ssdm name=""/></StgValue>
</bind>
</comp>

<comp id="46" class="1001" name="const_46">
<pin_list>
<pin id="47" dir="1" index="0" bw="1" slack="2147483647"/>
</pin_list>
<bind>
<StgValue><ssdm name="empty_1128"/></StgValue>
</bind>
</comp>

<comp id="48" class="1001" name="const_48">
<pin_list>
<pin id="49" dir="1" index="0" bw="1" slack="0"/>
</pin_list>
<bind>
<StgValue><ssdm name="_ssdm_op_BitConcatenate.i6.i3.i3"/></StgValue>
</bind>
</comp>

<comp id="50" class="1001" name="const_50">
<pin_list>
<pin id="51" dir="1" index="0" bw="1" slack="0"/>
</pin_list>
<bind>
<StgValue><ssdm name=""/></StgValue>
</bind>
</comp>

<comp id="52" class="1001" name="const_52">
<pin_list>
<pin id="53" dir="1" index="0" bw="1" slack="0"/>
</pin_list>
<bind>
<StgValue><ssdm name=""/></StgValue>
</bind>
</comp>

<comp id="54" class="1001" name="const_54">
<pin_list>
<pin id="55" dir="1" index="0" bw="1" slack="1"/>
</pin_list>
<bind>
<StgValue><ssdm name=""/></StgValue>
</bind>
</comp>

<comp id="56" class="1001" name="const_56">
<pin_list>
<pin id="57" dir="1" index="0" bw="1" slack="0"/>
</pin_list>
<bind>
<StgValue><ssdm name=""/></StgValue>
</bind>
</comp>

<comp id="58" class="1001" name="const_58">
<pin_list>
<pin id="59" dir="1" index="0" bw="1" slack="0"/>
</pin_list>
<bind>
<StgValue><ssdm name=""/></StgValue>
</bind>
</comp>

<comp id="60" class="1001" name="const_60">
<pin_list>
<pin id="61" dir="1" index="0" bw="1" slack="2147483647"/>
</pin_list>
<bind>
<StgValue><ssdm name=""/></StgValue>
</bind>
</comp>

<comp id="62" class="1001" name="const_62">
<pin_list>
<pin id="63" dir="1" index="0" bw="1" slack="2147483647"/>
</pin_list>
<bind>
<StgValue><ssdm name="empty_1834"/></StgValue>
</bind>
</comp>

<comp id="64" class="1001" name="const_64">
<pin_list>
<pin id="65" dir="1" index="0" bw="1" slack="1"/>
</pin_list>
<bind>
<StgValue><ssdm name=""/></StgValue>
</bind>
</comp>

<comp id="66" class="1001" name="const_66">
<pin_list>
<pin id="67" dir="1" index="0" bw="1" slack="0"/>
</pin_list>
<bind>
<StgValue><ssdm name=""/></StgValue>
</bind>
</comp>

<comp id="68" class="1001" name="const_68">
<pin_list>
<pin id="69" dir="1" index="0" bw="1" slack="0"/>
</pin_list>
<bind>
<StgValue><ssdm name=""/></StgValue>
</bind>
</comp>

<comp id="70" class="1001" name="const_70">
<pin_list>
<pin id="71" dir="1" index="0" bw="1" slack="2147483647"/>
</pin_list>
<bind>
<StgValue><ssdm name=""/></StgValue>
</bind>
</comp>

<comp id="72" class="1001" name="const_72">
<pin_list>
<pin id="73" dir="1" index="0" bw="1" slack="2147483647"/>
</pin_list>
<bind>
<StgValue><ssdm name="empty_2177"/></StgValue>
</bind>
</comp>

<comp id="74" class="1001" name="const_74">
<pin_list>
<pin id="75" dir="1" index="0" bw="1" slack="0"/>
</pin_list>
<bind>
<StgValue><ssdm name="_ssdm_op_Read.ap_fifo.volatile.i256P0A"/></StgValue>
</bind>
</comp>

<comp id="76" class="1001" name="const_76">
<pin_list>
<pin id="77" dir="1" index="0" bw="1" slack="0"/>
</pin_list>
<bind>
<StgValue><ssdm name=""/></StgValue>
</bind>
</comp>

<comp id="78" class="1001" name="const_78">
<pin_list>
<pin id="79" dir="1" index="0" bw="1" slack="2147483647"/>
</pin_list>
<bind>
<StgValue><ssdm name="empty_405"/></StgValue>
</bind>
</comp>

<comp id="80" class="1001" name="const_80">
<pin_list>
<pin id="81" dir="1" index="0" bw="1" slack="1"/>
</pin_list>
<bind>
<StgValue><ssdm name=""/></StgValue>
</bind>
</comp>

<comp id="82" class="1001" name="const_82">
<pin_list>
<pin id="83" dir="1" index="0" bw="1" slack="0"/>
</pin_list>
<bind>
<StgValue><ssdm name=""/></StgValue>
</bind>
</comp>

<comp id="84" class="1001" name="const_84">
<pin_list>
<pin id="85" dir="1" index="0" bw="1" slack="0"/>
</pin_list>
<bind>
<StgValue><ssdm name=""/></StgValue>
</bind>
</comp>

<comp id="86" class="1001" name="const_86">
<pin_list>
<pin id="87" dir="1" index="0" bw="1" slack="2147483647"/>
</pin_list>
<bind>
<StgValue><ssdm name=""/></StgValue>
</bind>
</comp>

<comp id="88" class="1001" name="const_88">
<pin_list>
<pin id="89" dir="1" index="0" bw="1" slack="2147483647"/>
</pin_list>
<bind>
<StgValue><ssdm name="empty_416"/></StgValue>
</bind>
</comp>

<comp id="90" class="1001" name="const_90">
<pin_list>
<pin id="91" dir="1" index="0" bw="1" slack="1"/>
</pin_list>
<bind>
<StgValue><ssdm name=""/></StgValue>
</bind>
</comp>

<comp id="92" class="1001" name="const_92">
<pin_list>
<pin id="93" dir="1" index="0" bw="1" slack="0"/>
</pin_list>
<bind>
<StgValue><ssdm name=""/></StgValue>
</bind>
</comp>

<comp id="94" class="1001" name="const_94">
<pin_list>
<pin id="95" dir="1" index="0" bw="1" slack="0"/>
</pin_list>
<bind>
<StgValue><ssdm name=""/></StgValue>
</bind>
</comp>

<comp id="96" class="1001" name="const_96">
<pin_list>
<pin id="97" dir="1" index="0" bw="1" slack="2147483647"/>
</pin_list>
<bind>
<StgValue><ssdm name=""/></StgValue>
</bind>
</comp>

<comp id="98" class="1001" name="const_98">
<pin_list>
<pin id="99" dir="1" index="0" bw="1" slack="2147483647"/>
</pin_list>
<bind>
<StgValue><ssdm name="empty_490"/></StgValue>
</bind>
</comp>

<comp id="100" class="1001" name="const_100">
<pin_list>
<pin id="101" dir="1" index="0" bw="1" slack="1"/>
</pin_list>
<bind>
<StgValue><ssdm name=""/></StgValue>
</bind>
</comp>

<comp id="102" class="1001" name="const_102">
<pin_list>
<pin id="103" dir="1" index="0" bw="1" slack="0"/>
</pin_list>
<bind>
<StgValue><ssdm name=""/></StgValue>
</bind>
</comp>

<comp id="104" class="1001" name="const_104">
<pin_list>
<pin id="105" dir="1" index="0" bw="1" slack="0"/>
</pin_list>
<bind>
<StgValue><ssdm name=""/></StgValue>
</bind>
</comp>

<comp id="106" class="1001" name="const_106">
<pin_list>
<pin id="107" dir="1" index="0" bw="1" slack="2147483647"/>
</pin_list>
<bind>
<StgValue><ssdm name=""/></StgValue>
</bind>
</comp>

<comp id="108" class="1001" name="const_108">
<pin_list>
<pin id="109" dir="1" index="0" bw="1" slack="2147483647"/>
</pin_list>
<bind>
<StgValue><ssdm name="empty_238"/></StgValue>
</bind>
</comp>

<comp id="110" class="1001" name="const_110">
<pin_list>
<pin id="111" dir="1" index="0" bw="1" slack="2147483647"/>
</pin_list>
<bind>
<StgValue><ssdm name="empty_2176"/></StgValue>
</bind>
</comp>

<comp id="112" class="1001" name="const_112">
<pin_list>
<pin id="113" dir="1" index="0" bw="1" slack="2147483647"/>
</pin_list>
<bind>
<StgValue><ssdm name=""/></StgValue>
</bind>
</comp>

<comp id="114" class="1001" name="const_114">
<pin_list>
<pin id="115" dir="1" index="0" bw="1" slack="2147483647"/>
</pin_list>
<bind>
<StgValue><ssdm name=""/></StgValue>
</bind>
</comp>

<comp id="116" class="1001" name="const_116">
<pin_list>
<pin id="117" dir="1" index="0" bw="1" slack="2147483647"/>
</pin_list>
<bind>
<StgValue><ssdm name=""/></StgValue>
</bind>
</comp>

<comp id="118" class="1001" name="const_118">
<pin_list>
<pin id="119" dir="1" index="0" bw="1" slack="0"/>
</pin_list>
<bind>
<StgValue><ssdm name="_ssdm_op_PartSelect.i224.i256.i32.i32"/></StgValue>
</bind>
</comp>

<comp id="120" class="1001" name="const_120">
<pin_list>
<pin id="121" dir="1" index="0" bw="1" slack="0"/>
</pin_list>
<bind>
<StgValue><ssdm name=""/></StgValue>
</bind>
</comp>

<comp id="122" class="1001" name="const_122">
<pin_list>
<pin id="123" dir="1" index="0" bw="1" slack="0"/>
</pin_list>
<bind>
<StgValue><ssdm name=""/></StgValue>
</bind>
</comp>

<comp id="124" class="1001" name="const_124">
<pin_list>
<pin id="125" dir="1" index="0" bw="1" slack="0"/>
</pin_list>
<bind>
<StgValue><ssdm name="_ssdm_op_Mux.ap_auto.8i32.i3"/></StgValue>
</bind>
</comp>

<comp id="126" class="1001" name="const_126">
<pin_list>
<pin id="127" dir="1" index="0" bw="1" slack="0"/>
</pin_list>
<bind>
<StgValue><ssdm name="_ssdm_op_Write.ap_fifo.volatile.i32P0A"/></StgValue>
</bind>
</comp>

<comp id="128" class="1001" name="const_128">
<pin_list>
<pin id="129" dir="1" index="0" bw="1" slack="2147483647"/>
</pin_list>
<bind>
<StgValue><ssdm name="empty_1984"/></StgValue>
</bind>
</comp>

<comp id="130" class="1001" name="const_130">
<pin_list>
<pin id="131" dir="1" index="0" bw="1" slack="2147483647"/>
</pin_list>
<bind>
<StgValue><ssdm name="empty_2191"/></StgValue>
</bind>
</comp>

<comp id="132" class="1001" name="const_132">
<pin_list>
<pin id="133" dir="1" index="0" bw="1" slack="2147483647"/>
</pin_list>
<bind>
<StgValue><ssdm name="empty_2179"/></StgValue>
</bind>
</comp>

<comp id="134" class="1001" name="const_134">
<pin_list>
<pin id="135" dir="1" index="0" bw="1" slack="2147483647"/>
</pin_list>
<bind>
<StgValue><ssdm name="empty_2180"/></StgValue>
</bind>
</comp>

<comp id="136" class="1001" name="const_136">
<pin_list>
<pin id="137" dir="1" index="0" bw="1" slack="2147483647"/>
</pin_list>
<bind>
<StgValue><ssdm name="empty_943"/></StgValue>
</bind>
</comp>

<comp id="138" class="1001" name="const_138">
<pin_list>
<pin id="139" dir="1" index="0" bw="1" slack="2147483647"/>
</pin_list>
<bind>
<StgValue><ssdm name="empty_944"/></StgValue>
</bind>
</comp>

<comp id="140" class="1001" name="const_140">
<pin_list>
<pin id="141" dir="1" index="0" bw="1" slack="2147483647"/>
</pin_list>
<bind>
<StgValue><ssdm name="empty_1706"/></StgValue>
</bind>
</comp>

<comp id="142" class="1001" name="const_142">
<pin_list>
<pin id="143" dir="1" index="0" bw="1" slack="2147483647"/>
</pin_list>
<bind>
<StgValue><ssdm name="empty_2009"/></StgValue>
</bind>
</comp>

<comp id="144" class="1001" name="const_144">
<pin_list>
<pin id="145" dir="1" index="0" bw="1" slack="2147483647"/>
</pin_list>
<bind>
<StgValue><ssdm name="empty_1950"/></StgValue>
</bind>
</comp>

<comp id="146" class="1001" name="const_146">
<pin_list>
<pin id="147" dir="1" index="0" bw="1" slack="2147483647"/>
</pin_list>
<bind>
<StgValue><ssdm name="empty_1992"/></StgValue>
</bind>
</comp>

<comp id="148" class="1001" name="const_148">
<pin_list>
<pin id="149" dir="1" index="0" bw="1" slack="2147483647"/>
</pin_list>
<bind>
<StgValue><ssdm name="empty_774"/></StgValue>
</bind>
</comp>

<comp id="150" class="1004" name="data_split_V_7_fu_150">
<pin_list>
<pin id="151" dir="0" index="0" bw="1" slack="0"/>
<pin id="152" dir="1" index="1" bw="32" slack="10"/>
</pin_list>
<bind>
<opcode="alloca(26) " fcode="alloca"/>
<opset="data_split_V_7/1 "/>
</bind>
</comp>

<comp id="154" class="1004" name="data_split_V_7_27_fu_154">
<pin_list>
<pin id="155" dir="0" index="0" bw="1" slack="0"/>
<pin id="156" dir="1" index="1" bw="32" slack="10"/>
</pin_list>
<bind>
<opcode="alloca(26) " fcode="alloca"/>
<opset="data_split_V_7_27/1 "/>
</bind>
</comp>

<comp id="158" class="1004" name="data_split_V_7_28_fu_158">
<pin_list>
<pin id="159" dir="0" index="0" bw="1" slack="0"/>
<pin id="160" dir="1" index="1" bw="32" slack="10"/>
</pin_list>
<bind>
<opcode="alloca(26) " fcode="alloca"/>
<opset="data_split_V_7_28/1 "/>
</bind>
</comp>

<comp id="162" class="1004" name="data_split_V_7_29_fu_162">
<pin_list>
<pin id="163" dir="0" index="0" bw="1" slack="0"/>
<pin id="164" dir="1" index="1" bw="32" slack="10"/>
</pin_list>
<bind>
<opcode="alloca(26) " fcode="alloca"/>
<opset="data_split_V_7_29/1 "/>
</bind>
</comp>

<comp id="166" class="1004" name="data_split_V_7_30_fu_166">
<pin_list>
<pin id="167" dir="0" index="0" bw="1" slack="0"/>
<pin id="168" dir="1" index="1" bw="32" slack="10"/>
</pin_list>
<bind>
<opcode="alloca(26) " fcode="alloca"/>
<opset="data_split_V_7_30/1 "/>
</bind>
</comp>

<comp id="170" class="1004" name="data_split_V_7_31_fu_170">
<pin_list>
<pin id="171" dir="0" index="0" bw="1" slack="0"/>
<pin id="172" dir="1" index="1" bw="32" slack="10"/>
</pin_list>
<bind>
<opcode="alloca(26) " fcode="alloca"/>
<opset="data_split_V_7_31/1 "/>
</bind>
</comp>

<comp id="174" class="1004" name="data_split_V_7_32_fu_174">
<pin_list>
<pin id="175" dir="0" index="0" bw="1" slack="0"/>
<pin id="176" dir="1" index="1" bw="32" slack="10"/>
</pin_list>
<bind>
<opcode="alloca(26) " fcode="alloca"/>
<opset="data_split_V_7_32/1 "/>
</bind>
</comp>

<comp id="178" class="1004" name="data_split_V_7_33_fu_178">
<pin_list>
<pin id="179" dir="0" index="0" bw="1" slack="0"/>
<pin id="180" dir="1" index="1" bw="32" slack="10"/>
</pin_list>
<bind>
<opcode="alloca(26) " fcode="alloca"/>
<opset="data_split_V_7_33/1 "/>
</bind>
</comp>

<comp id="182" class="1004" name="data_split_V_7_34_fu_182">
<pin_list>
<pin id="183" dir="0" index="0" bw="1" slack="0"/>
<pin id="184" dir="1" index="1" bw="32" slack="10"/>
</pin_list>
<bind>
<opcode="alloca(26) " fcode="alloca"/>
<opset="data_split_V_7_34/1 "/>
</bind>
</comp>

<comp id="186" class="1004" name="data_split_V_7_35_fu_186">
<pin_list>
<pin id="187" dir="0" index="0" bw="1" slack="0"/>
<pin id="188" dir="1" index="1" bw="32" slack="10"/>
</pin_list>
<bind>
<opcode="alloca(26) " fcode="alloca"/>
<opset="data_split_V_7_35/1 "/>
</bind>
</comp>

<comp id="190" class="1004" name="data_split_V_7_36_fu_190">
<pin_list>
<pin id="191" dir="0" index="0" bw="1" slack="0"/>
<pin id="192" dir="1" index="1" bw="32" slack="10"/>
</pin_list>
<bind>
<opcode="alloca(26) " fcode="alloca"/>
<opset="data_split_V_7_36/1 "/>
</bind>
</comp>

<comp id="194" class="1004" name="data_split_V_7_37_fu_194">
<pin_list>
<pin id="195" dir="0" index="0" bw="1" slack="0"/>
<pin id="196" dir="1" index="1" bw="32" slack="10"/>
</pin_list>
<bind>
<opcode="alloca(26) " fcode="alloca"/>
<opset="data_split_V_7_37/1 "/>
</bind>
</comp>

<comp id="198" class="1004" name="data_split_V_7_38_fu_198">
<pin_list>
<pin id="199" dir="0" index="0" bw="1" slack="0"/>
<pin id="200" dir="1" index="1" bw="32" slack="10"/>
</pin_list>
<bind>
<opcode="alloca(26) " fcode="alloca"/>
<opset="data_split_V_7_38/1 "/>
</bind>
</comp>

<comp id="202" class="1004" name="data_split_V_7_39_fu_202">
<pin_list>
<pin id="203" dir="0" index="0" bw="1" slack="0"/>
<pin id="204" dir="1" index="1" bw="32" slack="10"/>
</pin_list>
<bind>
<opcode="alloca(26) " fcode="alloca"/>
<opset="data_split_V_7_39/1 "/>
</bind>
</comp>

<comp id="206" class="1004" name="data_split_V_7_40_fu_206">
<pin_list>
<pin id="207" dir="0" index="0" bw="1" slack="0"/>
<pin id="208" dir="1" index="1" bw="32" slack="10"/>
</pin_list>
<bind>
<opcode="alloca(26) " fcode="alloca"/>
<opset="data_split_V_7_40/1 "/>
</bind>
</comp>

<comp id="210" class="1004" name="data_split_V_7_41_fu_210">
<pin_list>
<pin id="211" dir="0" index="0" bw="1" slack="0"/>
<pin id="212" dir="1" index="1" bw="32" slack="10"/>
</pin_list>
<bind>
<opcode="alloca(26) " fcode="alloca"/>
<opset="data_split_V_7_41/1 "/>
</bind>
</comp>

<comp id="214" class="1004" name="local_B_ping_V_0_alloca_fu_214">
<pin_list>
<pin id="215" dir="0" index="0" bw="1" slack="0"/>
<pin id="216" dir="1" index="1" bw="256" slack="2147483647"/>
</pin_list>
<bind>
<opcode="alloca(26) " fcode="alloca"/>
<opset="local_B_ping_V_0/1 "/>
</bind>
</comp>

<comp id="218" class="1004" name="local_B_pong_V_0_alloca_fu_218">
<pin_list>
<pin id="219" dir="0" index="0" bw="1" slack="0"/>
<pin id="220" dir="1" index="1" bw="256" slack="2147483647"/>
</pin_list>
<bind>
<opcode="alloca(26) " fcode="alloca"/>
<opset="local_B_pong_V_0/1 "/>
</bind>
</comp>

<comp id="222" class="1004" name="data_split_V_7_42_fu_222">
<pin_list>
<pin id="223" dir="0" index="0" bw="1" slack="0"/>
<pin id="224" dir="1" index="1" bw="32" slack="6"/>
</pin_list>
<bind>
<opcode="alloca(26) " fcode="alloca"/>
<opset="data_split_V_7_42/2 "/>
</bind>
</comp>

<comp id="226" class="1004" name="data_split_V_7_43_fu_226">
<pin_list>
<pin id="227" dir="0" index="0" bw="1" slack="0"/>
<pin id="228" dir="1" index="1" bw="32" slack="6"/>
</pin_list>
<bind>
<opcode="alloca(26) " fcode="alloca"/>
<opset="data_split_V_7_43/2 "/>
</bind>
</comp>

<comp id="230" class="1004" name="data_split_V_7_44_fu_230">
<pin_list>
<pin id="231" dir="0" index="0" bw="1" slack="0"/>
<pin id="232" dir="1" index="1" bw="32" slack="6"/>
</pin_list>
<bind>
<opcode="alloca(26) " fcode="alloca"/>
<opset="data_split_V_7_44/2 "/>
</bind>
</comp>

<comp id="234" class="1004" name="data_split_V_7_45_fu_234">
<pin_list>
<pin id="235" dir="0" index="0" bw="1" slack="0"/>
<pin id="236" dir="1" index="1" bw="32" slack="6"/>
</pin_list>
<bind>
<opcode="alloca(26) " fcode="alloca"/>
<opset="data_split_V_7_45/2 "/>
</bind>
</comp>

<comp id="238" class="1004" name="data_split_V_7_46_fu_238">
<pin_list>
<pin id="239" dir="0" index="0" bw="1" slack="0"/>
<pin id="240" dir="1" index="1" bw="32" slack="6"/>
</pin_list>
<bind>
<opcode="alloca(26) " fcode="alloca"/>
<opset="data_split_V_7_46/2 "/>
</bind>
</comp>

<comp id="242" class="1004" name="data_split_V_7_47_fu_242">
<pin_list>
<pin id="243" dir="0" index="0" bw="1" slack="0"/>
<pin id="244" dir="1" index="1" bw="32" slack="6"/>
</pin_list>
<bind>
<opcode="alloca(26) " fcode="alloca"/>
<opset="data_split_V_7_47/2 "/>
</bind>
</comp>

<comp id="246" class="1004" name="data_split_V_7_48_fu_246">
<pin_list>
<pin id="247" dir="0" index="0" bw="1" slack="0"/>
<pin id="248" dir="1" index="1" bw="32" slack="6"/>
</pin_list>
<bind>
<opcode="alloca(26) " fcode="alloca"/>
<opset="data_split_V_7_48/2 "/>
</bind>
</comp>

<comp id="250" class="1004" name="data_split_V_7_032_fu_250">
<pin_list>
<pin id="251" dir="0" index="0" bw="1" slack="0"/>
<pin id="252" dir="1" index="1" bw="32" slack="6"/>
</pin_list>
<bind>
<opcode="alloca(26) " fcode="alloca"/>
<opset="data_split_V_7_032/2 "/>
</bind>
</comp>

<comp id="254" class="1004" name="grp_read_fu_254">
<pin_list>
<pin id="255" dir="0" index="0" bw="256" slack="0"/>
<pin id="256" dir="0" index="1" bw="256" slack="0"/>
<pin id="257" dir="1" index="2" bw="256" slack="0"/>
</pin_list>
<bind>
<opcode="read(1150) " fcode="read"/>
<opset="tmp/5 tmp_485/12 "/>
</bind>
</comp>

<comp id="260" class="1004" name="grp_write_fu_260">
<pin_list>
<pin id="261" dir="0" index="0" bw="0" slack="0"/>
<pin id="262" dir="0" index="1" bw="32" slack="0"/>
<pin id="263" dir="0" index="2" bw="32" slack="0"/>
<pin id="264" dir="1" index="3" bw="0" slack="2147483647"/>
</pin_list>
<bind>
<opcode="write(1151) " fcode="write"/>
<opset="write_ln174/11 write_ln174/17 write_ln174/23 "/>
</bind>
</comp>

<comp id="267" class="1004" name="local_B_pong_V_0_addr_gep_fu_267">
<pin_list>
<pin id="268" dir="0" index="0" bw="256" slack="2147483647"/>
<pin id="269" dir="0" index="1" bw="1" slack="0"/>
<pin id="270" dir="0" index="2" bw="2" slack="0"/>
<pin id="271" dir="1" index="3" bw="1" slack="0"/>
</pin_list>
<bind>
<opcode="getelementptr(29) " fcode="getelementptr"/>
<opset="local_B_pong_V_0_addr/5 "/>
</bind>
</comp>

<comp id="273" class="1004" name="grp_access_fu_273">
<pin_list>
<pin id="274" dir="0" index="0" bw="1" slack="0"/>
<pin id="275" dir="0" index="1" bw="256" slack="0"/>
<pin id="276" dir="0" index="2" bw="0" slack="2147483647"/>
<pin id="277" dir="1" index="3" bw="256" slack="4"/>
</pin_list>
<bind>
<opcode="load(27) store(28) " fcode="load"/>
<opset="store_ln2811/5 in_data_V_139/6 "/>
</bind>
</comp>

<comp id="280" class="1004" name="local_B_ping_V_0_addr_4_gep_fu_280">
<pin_list>
<pin id="281" dir="0" index="0" bw="256" slack="2147483647"/>
<pin id="282" dir="0" index="1" bw="1" slack="0"/>
<pin id="283" dir="0" index="2" bw="2" slack="0"/>
<pin id="284" dir="1" index="3" bw="1" slack="0"/>
</pin_list>
<bind>
<opcode="getelementptr(29) " fcode="getelementptr"/>
<opset="local_B_ping_V_0_addr_4/6 "/>
</bind>
</comp>

<comp id="286" class="1004" name="grp_access_fu_286">
<pin_list>
<pin id="287" dir="0" index="0" bw="1" slack="0"/>
<pin id="288" dir="0" index="1" bw="256" slack="0"/>
<pin id="289" dir="0" index="2" bw="0" slack="2147483647"/>
<pin id="290" dir="1" index="3" bw="256" slack="4"/>
</pin_list>
<bind>
<opcode="load(27) store(28) " fcode="load"/>
<opset="in_data_V_140/6 store_ln2867/12 in_data_V/18 "/>
</bind>
</comp>

<comp id="292" class="1004" name="local_B_pong_V_0_addr_2_gep_fu_292">
<pin_list>
<pin id="293" dir="0" index="0" bw="256" slack="2147483647"/>
<pin id="294" dir="0" index="1" bw="1" slack="0"/>
<pin id="295" dir="0" index="2" bw="2" slack="0"/>
<pin id="296" dir="1" index="3" bw="1" slack="0"/>
</pin_list>
<bind>
<opcode="getelementptr(29) " fcode="getelementptr"/>
<opset="local_B_pong_V_0_addr_2/6 "/>
</bind>
</comp>

<comp id="299" class="1004" name="local_B_ping_V_0_addr_3_gep_fu_299">
<pin_list>
<pin id="300" dir="0" index="0" bw="256" slack="2147483647"/>
<pin id="301" dir="0" index="1" bw="1" slack="0"/>
<pin id="302" dir="0" index="2" bw="2" slack="0"/>
<pin id="303" dir="1" index="3" bw="1" slack="0"/>
</pin_list>
<bind>
<opcode="getelementptr(29) " fcode="getelementptr"/>
<opset="local_B_ping_V_0_addr_3/12 "/>
</bind>
</comp>

<comp id="307" class="1004" name="local_B_ping_V_0_addr_gep_fu_307">
<pin_list>
<pin id="308" dir="0" index="0" bw="256" slack="2147483647"/>
<pin id="309" dir="0" index="1" bw="1" slack="0"/>
<pin id="310" dir="0" index="2" bw="2" slack="0"/>
<pin id="311" dir="1" index="3" bw="1" slack="0"/>
</pin_list>
<bind>
<opcode="getelementptr(29) " fcode="getelementptr"/>
<opset="local_B_ping_V_0_addr/18 "/>
</bind>
</comp>

<comp id="314" class="1005" name="c0_V_reg_314">
<pin_list>
<pin id="315" dir="0" index="0" bw="3" slack="1"/>
<pin id="316" dir="1" index="1" bw="3" slack="1"/>
</pin_list>
<bind>
<opset="c0_V (phireg) "/>
</bind>
</comp>

<comp id="318" class="1004" name="c0_V_phi_fu_318">
<pin_list>
<pin id="319" dir="0" index="0" bw="1" slack="1"/>
<pin id="320" dir="0" index="1" bw="0" slack="2147483647"/>
<pin id="321" dir="0" index="2" bw="3" slack="0"/>
<pin id="322" dir="0" index="3" bw="0" slack="2147483647"/>
<pin id="323" dir="1" index="4" bw="3" slack="0"/>
</pin_list>
<bind>
<opcode="phi(47) " fcode="phi"/>
<opset="c0_V/2 "/>
</bind>
</comp>

<comp id="325" class="1005" name="intra_trans_en_reg_325">
<pin_list>
<pin id="326" dir="0" index="0" bw="1" slack="1"/>
<pin id="327" dir="1" index="1" bw="1" slack="1"/>
</pin_list>
<bind>
<opset="intra_trans_en (phireg) "/>
</bind>
</comp>

<comp id="330" class="1004" name="intra_trans_en_phi_fu_330">
<pin_list>
<pin id="331" dir="0" index="0" bw="1" slack="1"/>
<pin id="332" dir="0" index="1" bw="0" slack="2147483647"/>
<pin id="333" dir="0" index="2" bw="1" slack="1"/>
<pin id="334" dir="0" index="3" bw="0" slack="2147483647"/>
<pin id="335" dir="1" index="4" bw="1" slack="1"/>
</pin_list>
<bind>
<opcode="phi(47) " fcode="phi"/>
<opset="intra_trans_en/2 "/>
</bind>
</comp>

<comp id="339" class="1005" name="c1_V_reg_339">
<pin_list>
<pin id="340" dir="0" index="0" bw="3" slack="1"/>
<pin id="341" dir="1" index="1" bw="3" slack="1"/>
</pin_list>
<bind>
<opset="c1_V (phireg) "/>
</bind>
</comp>

<comp id="343" class="1004" name="c1_V_phi_fu_343">
<pin_list>
<pin id="344" dir="0" index="0" bw="1" slack="1"/>
<pin id="345" dir="0" index="1" bw="0" slack="2147483647"/>
<pin id="346" dir="0" index="2" bw="3" slack="0"/>
<pin id="347" dir="0" index="3" bw="0" slack="2147483647"/>
<pin id="348" dir="1" index="4" bw="3" slack="0"/>
</pin_list>
<bind>
<opcode="phi(47) " fcode="phi"/>
<opset="c1_V/3 "/>
</bind>
</comp>

<comp id="350" class="1005" name="intra_trans_en_19_reg_350">
<pin_list>
<pin id="351" dir="0" index="0" bw="1" slack="1"/>
<pin id="352" dir="1" index="1" bw="1" slack="1"/>
</pin_list>
<bind>
<opset="intra_trans_en_19 (phireg) "/>
</bind>
</comp>

<comp id="354" class="1004" name="intra_trans_en_19_phi_fu_354">
<pin_list>
<pin id="355" dir="0" index="0" bw="1" slack="1"/>
<pin id="356" dir="0" index="1" bw="0" slack="2147483647"/>
<pin id="357" dir="0" index="2" bw="1" slack="1"/>
<pin id="358" dir="0" index="3" bw="0" slack="2147483647"/>
<pin id="359" dir="1" index="4" bw="1" slack="1"/>
</pin_list>
<bind>
<opcode="phi(47) " fcode="phi"/>
<opset="intra_trans_en_19/3 "/>
</bind>
</comp>

<comp id="363" class="1005" name="intra_trans_en_20_reg_363">
<pin_list>
<pin id="364" dir="0" index="0" bw="1" slack="1"/>
<pin id="365" dir="1" index="1" bw="1" slack="1"/>
</pin_list>
<bind>
<opset="intra_trans_en_20 (phireg) "/>
</bind>
</comp>

<comp id="367" class="1004" name="intra_trans_en_20_phi_fu_367">
<pin_list>
<pin id="368" dir="0" index="0" bw="1" slack="1"/>
<pin id="369" dir="0" index="1" bw="0" slack="2147483647"/>
<pin id="370" dir="0" index="2" bw="1" slack="1"/>
<pin id="371" dir="0" index="3" bw="0" slack="2147483647"/>
<pin id="372" dir="1" index="4" bw="1" slack="1"/>
</pin_list>
<bind>
<opcode="phi(47) " fcode="phi"/>
<opset="intra_trans_en_20/4 "/>
</bind>
</comp>

<comp id="376" class="1005" name="arb_18_reg_376">
<pin_list>
<pin id="377" dir="0" index="0" bw="1" slack="1"/>
<pin id="378" dir="1" index="1" bw="1" slack="1"/>
</pin_list>
<bind>
<opset="arb_18 (phireg) "/>
</bind>
</comp>

<comp id="380" class="1004" name="arb_18_phi_fu_380">
<pin_list>
<pin id="381" dir="0" index="0" bw="1" slack="1"/>
<pin id="382" dir="0" index="1" bw="0" slack="2147483647"/>
<pin id="383" dir="0" index="2" bw="1" slack="1"/>
<pin id="384" dir="0" index="3" bw="0" slack="2147483647"/>
<pin id="385" dir="1" index="4" bw="1" slack="2"/>
</pin_list>
<bind>
<opcode="phi(47) " fcode="phi"/>
<opset="arb_18/4 "/>
</bind>
</comp>

<comp id="388" class="1005" name="c2_V_reg_388">
<pin_list>
<pin id="389" dir="0" index="0" bw="8" slack="1"/>
<pin id="390" dir="1" index="1" bw="8" slack="1"/>
</pin_list>
<bind>
<opset="c2_V (phireg) "/>
</bind>
</comp>

<comp id="392" class="1004" name="c2_V_phi_fu_392">
<pin_list>
<pin id="393" dir="0" index="0" bw="1" slack="1"/>
<pin id="394" dir="0" index="1" bw="0" slack="2147483647"/>
<pin id="395" dir="0" index="2" bw="8" slack="0"/>
<pin id="396" dir="0" index="3" bw="0" slack="2147483647"/>
<pin id="397" dir="1" index="4" bw="8" slack="0"/>
</pin_list>
<bind>
<opcode="phi(47) " fcode="phi"/>
<opset="c2_V/4 "/>
</bind>
</comp>

<comp id="399" class="1005" name="c4_V_60_reg_399">
<pin_list>
<pin id="400" dir="0" index="0" bw="2" slack="1"/>
<pin id="401" dir="1" index="1" bw="2" slack="1"/>
</pin_list>
<bind>
<opset="c4_V_60 (phireg) "/>
</bind>
</comp>

<comp id="403" class="1004" name="c4_V_60_phi_fu_403">
<pin_list>
<pin id="404" dir="0" index="0" bw="2" slack="0"/>
<pin id="405" dir="0" index="1" bw="0" slack="2147483647"/>
<pin id="406" dir="0" index="2" bw="1" slack="1"/>
<pin id="407" dir="0" index="3" bw="0" slack="2147483647"/>
<pin id="408" dir="1" index="4" bw="2" slack="0"/>
</pin_list>
<bind>
<opcode="phi(47) " fcode="phi"/>
<opset="c4_V_60/5 "/>
</bind>
</comp>

<comp id="410" class="1005" name="c5_V_158_reg_410">
<pin_list>
<pin id="411" dir="0" index="0" bw="2" slack="1"/>
<pin id="412" dir="1" index="1" bw="2" slack="1"/>
</pin_list>
<bind>
<opset="c5_V_158 (phireg) "/>
</bind>
</comp>

<comp id="414" class="1004" name="c5_V_158_phi_fu_414">
<pin_list>
<pin id="415" dir="0" index="0" bw="2" slack="0"/>
<pin id="416" dir="0" index="1" bw="0" slack="2147483647"/>
<pin id="417" dir="0" index="2" bw="1" slack="1"/>
<pin id="418" dir="0" index="3" bw="0" slack="2147483647"/>
<pin id="419" dir="1" index="4" bw="2" slack="0"/>
</pin_list>
<bind>
<opcode="phi(47) " fcode="phi"/>
<opset="c5_V_158/6 "/>
</bind>
</comp>

<comp id="421" class="1005" name="c5_V_157_reg_421">
<pin_list>
<pin id="422" dir="0" index="0" bw="2" slack="1"/>
<pin id="423" dir="1" index="1" bw="2" slack="1"/>
</pin_list>
<bind>
<opset="c5_V_157 (phireg) "/>
</bind>
</comp>

<comp id="425" class="1004" name="c5_V_157_phi_fu_425">
<pin_list>
<pin id="426" dir="0" index="0" bw="2" slack="0"/>
<pin id="427" dir="0" index="1" bw="0" slack="2147483647"/>
<pin id="428" dir="0" index="2" bw="1" slack="1"/>
<pin id="429" dir="0" index="3" bw="0" slack="2147483647"/>
<pin id="430" dir="1" index="4" bw="2" slack="0"/>
</pin_list>
<bind>
<opcode="phi(47) " fcode="phi"/>
<opset="c5_V_157/6 "/>
</bind>
</comp>

<comp id="432" class="1005" name="c6_V_162_reg_432">
<pin_list>
<pin id="433" dir="0" index="0" bw="6" slack="1"/>
<pin id="434" dir="1" index="1" bw="6" slack="1"/>
</pin_list>
<bind>
<opset="c6_V_162 (phireg) "/>
</bind>
</comp>

<comp id="436" class="1004" name="c6_V_162_phi_fu_436">
<pin_list>
<pin id="437" dir="0" index="0" bw="1" slack="1"/>
<pin id="438" dir="0" index="1" bw="0" slack="2147483647"/>
<pin id="439" dir="0" index="2" bw="6" slack="0"/>
<pin id="440" dir="0" index="3" bw="0" slack="2147483647"/>
<pin id="441" dir="1" index="4" bw="6" slack="0"/>
</pin_list>
<bind>
<opcode="phi(47) " fcode="phi"/>
<opset="c6_V_162/8 "/>
</bind>
</comp>

<comp id="443" class="1005" name="c7_V_100_reg_443">
<pin_list>
<pin id="444" dir="0" index="0" bw="4" slack="1"/>
<pin id="445" dir="1" index="1" bw="4" slack="1"/>
</pin_list>
<bind>
<opset="c7_V_100 (phireg) "/>
</bind>
</comp>

<comp id="447" class="1004" name="c7_V_100_phi_fu_447">
<pin_list>
<pin id="448" dir="0" index="0" bw="1" slack="1"/>
<pin id="449" dir="0" index="1" bw="0" slack="2147483647"/>
<pin id="450" dir="0" index="2" bw="4" slack="0"/>
<pin id="451" dir="0" index="3" bw="0" slack="2147483647"/>
<pin id="452" dir="1" index="4" bw="4" slack="0"/>
</pin_list>
<bind>
<opcode="phi(47) " fcode="phi"/>
<opset="c7_V_100/9 "/>
</bind>
</comp>

<comp id="454" class="1005" name="c8_V_36_reg_454">
<pin_list>
<pin id="455" dir="0" index="0" bw="5" slack="1"/>
<pin id="456" dir="1" index="1" bw="5" slack="1"/>
</pin_list>
<bind>
<opset="c8_V_36 (phireg) "/>
</bind>
</comp>

<comp id="458" class="1004" name="c8_V_36_phi_fu_458">
<pin_list>
<pin id="459" dir="0" index="0" bw="1" slack="1"/>
<pin id="460" dir="0" index="1" bw="0" slack="2147483647"/>
<pin id="461" dir="0" index="2" bw="5" slack="0"/>
<pin id="462" dir="0" index="3" bw="0" slack="2147483647"/>
<pin id="463" dir="1" index="4" bw="5" slack="0"/>
</pin_list>
<bind>
<opcode="phi(47) " fcode="phi"/>
<opset="c8_V_36/10 "/>
</bind>
</comp>

<comp id="465" class="1005" name="n_V_36_reg_465">
<pin_list>
<pin id="466" dir="0" index="0" bw="4" slack="1"/>
<pin id="467" dir="1" index="1" bw="4" slack="1"/>
</pin_list>
<bind>
<opset="n_V_36 (phireg) "/>
</bind>
</comp>

<comp id="469" class="1004" name="n_V_36_phi_fu_469">
<pin_list>
<pin id="470" dir="0" index="0" bw="1" slack="1"/>
<pin id="471" dir="0" index="1" bw="0" slack="2147483647"/>
<pin id="472" dir="0" index="2" bw="4" slack="0"/>
<pin id="473" dir="0" index="3" bw="0" slack="2147483647"/>
<pin id="474" dir="1" index="4" bw="4" slack="0"/>
</pin_list>
<bind>
<opcode="phi(47) " fcode="phi"/>
<opset="n_V_36/11 "/>
</bind>
</comp>

<comp id="476" class="1005" name="p_Val2_s_reg_476">
<pin_list>
<pin id="477" dir="0" index="0" bw="256" slack="2147483647"/>
<pin id="478" dir="1" index="1" bw="256" slack="2147483647"/>
</pin_list>
<bind>
<opset="p_Val2_s (phireg) "/>
</bind>
</comp>

<comp id="479" class="1004" name="p_Val2_s_phi_fu_479">
<pin_list>
<pin id="480" dir="0" index="0" bw="256" slack="4"/>
<pin id="481" dir="0" index="1" bw="0" slack="2147483647"/>
<pin id="482" dir="0" index="2" bw="224" slack="0"/>
<pin id="483" dir="0" index="3" bw="0" slack="2147483647"/>
<pin id="484" dir="1" index="4" bw="256" slack="0"/>
</pin_list>
<bind>
<opcode="phi(47) " fcode="phi"/>
<opset="p_Val2_s/11 "/>
</bind>
</comp>

<comp id="485" class="1005" name="c4_V_reg_485">
<pin_list>
<pin id="486" dir="0" index="0" bw="2" slack="1"/>
<pin id="487" dir="1" index="1" bw="2" slack="1"/>
</pin_list>
<bind>
<opset="c4_V (phireg) "/>
</bind>
</comp>

<comp id="489" class="1004" name="c4_V_phi_fu_489">
<pin_list>
<pin id="490" dir="0" index="0" bw="2" slack="0"/>
<pin id="491" dir="0" index="1" bw="0" slack="2147483647"/>
<pin id="492" dir="0" index="2" bw="1" slack="1"/>
<pin id="493" dir="0" index="3" bw="0" slack="2147483647"/>
<pin id="494" dir="1" index="4" bw="2" slack="0"/>
</pin_list>
<bind>
<opcode="phi(47) " fcode="phi"/>
<opset="c4_V/12 "/>
</bind>
</comp>

<comp id="496" class="1005" name="c6_V_161_reg_496">
<pin_list>
<pin id="497" dir="0" index="0" bw="6" slack="1"/>
<pin id="498" dir="1" index="1" bw="6" slack="1"/>
</pin_list>
<bind>
<opset="c6_V_161 (phireg) "/>
</bind>
</comp>

<comp id="500" class="1004" name="c6_V_161_phi_fu_500">
<pin_list>
<pin id="501" dir="0" index="0" bw="1" slack="1"/>
<pin id="502" dir="0" index="1" bw="0" slack="2147483647"/>
<pin id="503" dir="0" index="2" bw="6" slack="0"/>
<pin id="504" dir="0" index="3" bw="0" slack="2147483647"/>
<pin id="505" dir="1" index="4" bw="6" slack="0"/>
</pin_list>
<bind>
<opcode="phi(47) " fcode="phi"/>
<opset="c6_V_161/14 "/>
</bind>
</comp>

<comp id="507" class="1005" name="c7_V_99_reg_507">
<pin_list>
<pin id="508" dir="0" index="0" bw="4" slack="1"/>
<pin id="509" dir="1" index="1" bw="4" slack="1"/>
</pin_list>
<bind>
<opset="c7_V_99 (phireg) "/>
</bind>
</comp>

<comp id="511" class="1004" name="c7_V_99_phi_fu_511">
<pin_list>
<pin id="512" dir="0" index="0" bw="1" slack="1"/>
<pin id="513" dir="0" index="1" bw="0" slack="2147483647"/>
<pin id="514" dir="0" index="2" bw="4" slack="0"/>
<pin id="515" dir="0" index="3" bw="0" slack="2147483647"/>
<pin id="516" dir="1" index="4" bw="4" slack="0"/>
</pin_list>
<bind>
<opcode="phi(47) " fcode="phi"/>
<opset="c7_V_99/15 "/>
</bind>
</comp>

<comp id="518" class="1005" name="c8_V_35_reg_518">
<pin_list>
<pin id="519" dir="0" index="0" bw="5" slack="1"/>
<pin id="520" dir="1" index="1" bw="5" slack="1"/>
</pin_list>
<bind>
<opset="c8_V_35 (phireg) "/>
</bind>
</comp>

<comp id="522" class="1004" name="c8_V_35_phi_fu_522">
<pin_list>
<pin id="523" dir="0" index="0" bw="1" slack="1"/>
<pin id="524" dir="0" index="1" bw="0" slack="2147483647"/>
<pin id="525" dir="0" index="2" bw="5" slack="0"/>
<pin id="526" dir="0" index="3" bw="0" slack="2147483647"/>
<pin id="527" dir="1" index="4" bw="5" slack="0"/>
</pin_list>
<bind>
<opcode="phi(47) " fcode="phi"/>
<opset="c8_V_35/16 "/>
</bind>
</comp>

<comp id="529" class="1005" name="n_V_35_reg_529">
<pin_list>
<pin id="530" dir="0" index="0" bw="4" slack="1"/>
<pin id="531" dir="1" index="1" bw="4" slack="1"/>
</pin_list>
<bind>
<opset="n_V_35 (phireg) "/>
</bind>
</comp>

<comp id="533" class="1004" name="n_V_35_phi_fu_533">
<pin_list>
<pin id="534" dir="0" index="0" bw="1" slack="1"/>
<pin id="535" dir="0" index="1" bw="0" slack="2147483647"/>
<pin id="536" dir="0" index="2" bw="4" slack="0"/>
<pin id="537" dir="0" index="3" bw="0" slack="2147483647"/>
<pin id="538" dir="1" index="4" bw="4" slack="0"/>
</pin_list>
<bind>
<opcode="phi(47) " fcode="phi"/>
<opset="n_V_35/17 "/>
</bind>
</comp>

<comp id="540" class="1005" name="p_Val2_71_reg_540">
<pin_list>
<pin id="541" dir="0" index="0" bw="256" slack="2147483647"/>
<pin id="542" dir="1" index="1" bw="256" slack="2147483647"/>
</pin_list>
<bind>
<opset="p_Val2_71 (phireg) "/>
</bind>
</comp>

<comp id="543" class="1004" name="p_Val2_71_phi_fu_543">
<pin_list>
<pin id="544" dir="0" index="0" bw="256" slack="4"/>
<pin id="545" dir="0" index="1" bw="0" slack="2147483647"/>
<pin id="546" dir="0" index="2" bw="224" slack="0"/>
<pin id="547" dir="0" index="3" bw="0" slack="2147483647"/>
<pin id="548" dir="1" index="4" bw="256" slack="0"/>
</pin_list>
<bind>
<opcode="phi(47) " fcode="phi"/>
<opset="p_Val2_71/17 "/>
</bind>
</comp>

<comp id="549" class="1005" name="c5_V_reg_549">
<pin_list>
<pin id="550" dir="0" index="0" bw="2" slack="1"/>
<pin id="551" dir="1" index="1" bw="2" slack="1"/>
</pin_list>
<bind>
<opset="c5_V (phireg) "/>
</bind>
</comp>

<comp id="553" class="1004" name="c5_V_phi_fu_553">
<pin_list>
<pin id="554" dir="0" index="0" bw="2" slack="0"/>
<pin id="555" dir="0" index="1" bw="0" slack="2147483647"/>
<pin id="556" dir="0" index="2" bw="1" slack="1"/>
<pin id="557" dir="0" index="3" bw="0" slack="2147483647"/>
<pin id="558" dir="1" index="4" bw="2" slack="0"/>
</pin_list>
<bind>
<opcode="phi(47) " fcode="phi"/>
<opset="c5_V/18 "/>
</bind>
</comp>

<comp id="560" class="1005" name="c6_V_reg_560">
<pin_list>
<pin id="561" dir="0" index="0" bw="6" slack="1"/>
<pin id="562" dir="1" index="1" bw="6" slack="1"/>
</pin_list>
<bind>
<opset="c6_V (phireg) "/>
</bind>
</comp>

<comp id="564" class="1004" name="c6_V_phi_fu_564">
<pin_list>
<pin id="565" dir="0" index="0" bw="1" slack="1"/>
<pin id="566" dir="0" index="1" bw="0" slack="2147483647"/>
<pin id="567" dir="0" index="2" bw="6" slack="0"/>
<pin id="568" dir="0" index="3" bw="0" slack="2147483647"/>
<pin id="569" dir="1" index="4" bw="6" slack="0"/>
</pin_list>
<bind>
<opcode="phi(47) " fcode="phi"/>
<opset="c6_V/20 "/>
</bind>
</comp>

<comp id="571" class="1005" name="c7_V_reg_571">
<pin_list>
<pin id="572" dir="0" index="0" bw="4" slack="1"/>
<pin id="573" dir="1" index="1" bw="4" slack="1"/>
</pin_list>
<bind>
<opset="c7_V (phireg) "/>
</bind>
</comp>

<comp id="575" class="1004" name="c7_V_phi_fu_575">
<pin_list>
<pin id="576" dir="0" index="0" bw="1" slack="1"/>
<pin id="577" dir="0" index="1" bw="0" slack="2147483647"/>
<pin id="578" dir="0" index="2" bw="4" slack="0"/>
<pin id="579" dir="0" index="3" bw="0" slack="2147483647"/>
<pin id="580" dir="1" index="4" bw="4" slack="0"/>
</pin_list>
<bind>
<opcode="phi(47) " fcode="phi"/>
<opset="c7_V/21 "/>
</bind>
</comp>

<comp id="582" class="1005" name="c8_V_reg_582">
<pin_list>
<pin id="583" dir="0" index="0" bw="5" slack="1"/>
<pin id="584" dir="1" index="1" bw="5" slack="1"/>
</pin_list>
<bind>
<opset="c8_V (phireg) "/>
</bind>
</comp>

<comp id="586" class="1004" name="c8_V_phi_fu_586">
<pin_list>
<pin id="587" dir="0" index="0" bw="1" slack="1"/>
<pin id="588" dir="0" index="1" bw="0" slack="2147483647"/>
<pin id="589" dir="0" index="2" bw="5" slack="0"/>
<pin id="590" dir="0" index="3" bw="0" slack="2147483647"/>
<pin id="591" dir="1" index="4" bw="5" slack="0"/>
</pin_list>
<bind>
<opcode="phi(47) " fcode="phi"/>
<opset="c8_V/22 "/>
</bind>
</comp>

<comp id="593" class="1005" name="n_V_reg_593">
<pin_list>
<pin id="594" dir="0" index="0" bw="4" slack="1"/>
<pin id="595" dir="1" index="1" bw="4" slack="1"/>
</pin_list>
<bind>
<opset="n_V (phireg) "/>
</bind>
</comp>

<comp id="597" class="1004" name="n_V_phi_fu_597">
<pin_list>
<pin id="598" dir="0" index="0" bw="1" slack="1"/>
<pin id="599" dir="0" index="1" bw="0" slack="2147483647"/>
<pin id="600" dir="0" index="2" bw="4" slack="0"/>
<pin id="601" dir="0" index="3" bw="0" slack="2147483647"/>
<pin id="602" dir="1" index="4" bw="4" slack="0"/>
</pin_list>
<bind>
<opcode="phi(47) " fcode="phi"/>
<opset="n_V/23 "/>
</bind>
</comp>

<comp id="604" class="1005" name="p_Val2_72_reg_604">
<pin_list>
<pin id="605" dir="0" index="0" bw="256" slack="1"/>
<pin id="606" dir="1" index="1" bw="256" slack="1"/>
</pin_list>
<bind>
<opset="p_Val2_72 (phireg) "/>
</bind>
</comp>

<comp id="607" class="1004" name="p_Val2_72_phi_fu_607">
<pin_list>
<pin id="608" dir="0" index="0" bw="256" slack="4"/>
<pin id="609" dir="0" index="1" bw="0" slack="2147483647"/>
<pin id="610" dir="0" index="2" bw="224" slack="1"/>
<pin id="611" dir="0" index="3" bw="0" slack="2147483647"/>
<pin id="612" dir="1" index="4" bw="256" slack="0"/>
</pin_list>
<bind>
<opcode="phi(47) " fcode="phi"/>
<opset="p_Val2_72/23 "/>
</bind>
</comp>

<comp id="614" class="1005" name="reg_614">
<pin_list>
<pin id="615" dir="0" index="0" bw="256" slack="4"/>
<pin id="616" dir="1" index="1" bw="256" slack="4"/>
</pin_list>
<bind>
<opset="in_data_V_140 in_data_V "/>
</bind>
</comp>

<comp id="620" class="1004" name="add_ln691_fu_620">
<pin_list>
<pin id="621" dir="0" index="0" bw="3" slack="0"/>
<pin id="622" dir="0" index="1" bw="1" slack="0"/>
<pin id="623" dir="1" index="2" bw="3" slack="0"/>
</pin_list>
<bind>
<opcode="add(8) " fcode="add"/>
<opset="add_ln691/2 "/>
</bind>
</comp>

<comp id="626" class="1004" name="icmp_ln890_fu_626">
<pin_list>
<pin id="627" dir="0" index="0" bw="3" slack="0"/>
<pin id="628" dir="0" index="1" bw="3" slack="0"/>
<pin id="629" dir="1" index="2" bw="1" slack="2147483647"/>
</pin_list>
<bind>
<opcode="icmp(45) " fcode="icmp"/>
<opset="icmp_ln890/2 "/>
</bind>
</comp>

<comp id="632" class="1004" name="add_ln691_1679_fu_632">
<pin_list>
<pin id="633" dir="0" index="0" bw="3" slack="0"/>
<pin id="634" dir="0" index="1" bw="1" slack="0"/>
<pin id="635" dir="1" index="2" bw="3" slack="0"/>
</pin_list>
<bind>
<opcode="add(8) " fcode="add"/>
<opset="add_ln691_1679/3 "/>
</bind>
</comp>

<comp id="638" class="1004" name="icmp_ln890_1600_fu_638">
<pin_list>
<pin id="639" dir="0" index="0" bw="3" slack="0"/>
<pin id="640" dir="0" index="1" bw="2" slack="0"/>
<pin id="641" dir="1" index="2" bw="1" slack="2147483647"/>
</pin_list>
<bind>
<opcode="icmp(45) " fcode="icmp"/>
<opset="icmp_ln890_1600/3 "/>
</bind>
</comp>

<comp id="644" class="1004" name="p_shl_fu_644">
<pin_list>
<pin id="645" dir="0" index="0" bw="6" slack="0"/>
<pin id="646" dir="0" index="1" bw="3" slack="0"/>
<pin id="647" dir="0" index="2" bw="1" slack="0"/>
<pin id="648" dir="1" index="3" bw="6" slack="0"/>
</pin_list>
<bind>
<opcode="bitconcatenate(1004) " fcode="bitconcatenate"/>
<opset="p_shl/3 "/>
</bind>
</comp>

<comp id="652" class="1004" name="add_i_i579_cast_fu_652">
<pin_list>
<pin id="653" dir="0" index="0" bw="6" slack="0"/>
<pin id="654" dir="0" index="1" bw="6" slack="0"/>
<pin id="655" dir="1" index="2" bw="6" slack="0"/>
</pin_list>
<bind>
<opcode="sub(10) " fcode="sub"/>
<opset="add_i_i579_cast/3 "/>
</bind>
</comp>

<comp id="658" class="1004" name="cmp_i_i565_fu_658">
<pin_list>
<pin id="659" dir="0" index="0" bw="6" slack="0"/>
<pin id="660" dir="0" index="1" bw="4" slack="0"/>
<pin id="661" dir="1" index="2" bw="1" slack="1"/>
</pin_list>
<bind>
<opcode="icmp(45) " fcode="icmp"/>
<opset="cmp_i_i565/3 "/>
</bind>
</comp>

<comp id="664" class="1004" name="c2_V_181_fu_664">
<pin_list>
<pin id="665" dir="0" index="0" bw="8" slack="0"/>
<pin id="666" dir="0" index="1" bw="1" slack="0"/>
<pin id="667" dir="1" index="2" bw="8" slack="0"/>
</pin_list>
<bind>
<opcode="add(8) " fcode="add"/>
<opset="c2_V_181/4 "/>
</bind>
</comp>

<comp id="670" class="1004" name="icmp_ln2791_fu_670">
<pin_list>
<pin id="671" dir="0" index="0" bw="8" slack="0"/>
<pin id="672" dir="0" index="1" bw="8" slack="0"/>
<pin id="673" dir="1" index="2" bw="1" slack="2147483647"/>
</pin_list>
<bind>
<opcode="icmp(45) " fcode="icmp"/>
<opset="icmp_ln2791/4 "/>
</bind>
</comp>

<comp id="676" class="1004" name="add_ln691_1683_fu_676">
<pin_list>
<pin id="677" dir="0" index="0" bw="2" slack="0"/>
<pin id="678" dir="0" index="1" bw="1" slack="0"/>
<pin id="679" dir="1" index="2" bw="2" slack="0"/>
</pin_list>
<bind>
<opcode="add(8) " fcode="add"/>
<opset="add_ln691_1683/5 "/>
</bind>
</comp>

<comp id="682" class="1004" name="zext_ln890_70_fu_682">
<pin_list>
<pin id="683" dir="0" index="0" bw="2" slack="0"/>
<pin id="684" dir="1" index="1" bw="64" slack="0"/>
</pin_list>
<bind>
<opcode="zext(34) " fcode="zext"/>
<opset="zext_ln890_70/5 "/>
</bind>
</comp>

<comp id="687" class="1004" name="icmp_ln890_1605_fu_687">
<pin_list>
<pin id="688" dir="0" index="0" bw="2" slack="0"/>
<pin id="689" dir="0" index="1" bw="2" slack="0"/>
<pin id="690" dir="1" index="2" bw="1" slack="2147483647"/>
</pin_list>
<bind>
<opcode="icmp(45) " fcode="icmp"/>
<opset="icmp_ln890_1605/5 "/>
</bind>
</comp>

<comp id="693" class="1004" name="add_ln691_1688_fu_693">
<pin_list>
<pin id="694" dir="0" index="0" bw="2" slack="0"/>
<pin id="695" dir="0" index="1" bw="1" slack="0"/>
<pin id="696" dir="1" index="2" bw="2" slack="0"/>
</pin_list>
<bind>
<opcode="add(8) " fcode="add"/>
<opset="add_ln691_1688/6 "/>
</bind>
</comp>

<comp id="699" class="1004" name="zext_ln890_72_fu_699">
<pin_list>
<pin id="700" dir="0" index="0" bw="2" slack="0"/>
<pin id="701" dir="1" index="1" bw="64" slack="0"/>
</pin_list>
<bind>
<opcode="zext(34) " fcode="zext"/>
<opset="zext_ln890_72/6 "/>
</bind>
</comp>

<comp id="704" class="1004" name="icmp_ln890_1607_fu_704">
<pin_list>
<pin id="705" dir="0" index="0" bw="2" slack="0"/>
<pin id="706" dir="0" index="1" bw="2" slack="0"/>
<pin id="707" dir="1" index="2" bw="1" slack="2147483647"/>
</pin_list>
<bind>
<opcode="icmp(45) " fcode="icmp"/>
<opset="icmp_ln890_1607/6 "/>
</bind>
</comp>

<comp id="710" class="1004" name="add_ln691_1687_fu_710">
<pin_list>
<pin id="711" dir="0" index="0" bw="2" slack="0"/>
<pin id="712" dir="0" index="1" bw="1" slack="0"/>
<pin id="713" dir="1" index="2" bw="2" slack="0"/>
</pin_list>
<bind>
<opcode="add(8) " fcode="add"/>
<opset="add_ln691_1687/6 "/>
</bind>
</comp>

<comp id="716" class="1004" name="zext_ln890_71_fu_716">
<pin_list>
<pin id="717" dir="0" index="0" bw="2" slack="0"/>
<pin id="718" dir="1" index="1" bw="64" slack="0"/>
</pin_list>
<bind>
<opcode="zext(34) " fcode="zext"/>
<opset="zext_ln890_71/6 "/>
</bind>
</comp>

<comp id="721" class="1004" name="icmp_ln890_1606_fu_721">
<pin_list>
<pin id="722" dir="0" index="0" bw="2" slack="0"/>
<pin id="723" dir="0" index="1" bw="2" slack="0"/>
<pin id="724" dir="1" index="2" bw="1" slack="2147483647"/>
</pin_list>
<bind>
<opcode="icmp(45) " fcode="icmp"/>
<opset="icmp_ln890_1606/6 "/>
</bind>
</comp>

<comp id="727" class="1004" name="arb_fu_727">
<pin_list>
<pin id="728" dir="0" index="0" bw="1" slack="2"/>
<pin id="729" dir="0" index="1" bw="1" slack="0"/>
<pin id="730" dir="1" index="2" bw="1" slack="1"/>
</pin_list>
<bind>
<opcode="xor(25) " fcode="xor"/>
<opset="arb/6 "/>
</bind>
</comp>

<comp id="733" class="1004" name="add_ln691_1690_fu_733">
<pin_list>
<pin id="734" dir="0" index="0" bw="6" slack="0"/>
<pin id="735" dir="0" index="1" bw="1" slack="0"/>
<pin id="736" dir="1" index="2" bw="6" slack="0"/>
</pin_list>
<bind>
<opcode="add(8) " fcode="add"/>
<opset="add_ln691_1690/8 "/>
</bind>
</comp>

<comp id="739" class="1004" name="icmp_ln890_1609_fu_739">
<pin_list>
<pin id="740" dir="0" index="0" bw="6" slack="0"/>
<pin id="741" dir="0" index="1" bw="6" slack="0"/>
<pin id="742" dir="1" index="2" bw="1" slack="2147483647"/>
</pin_list>
<bind>
<opcode="icmp(45) " fcode="icmp"/>
<opset="icmp_ln890_1609/8 "/>
</bind>
</comp>

<comp id="745" class="1004" name="add_ln691_1692_fu_745">
<pin_list>
<pin id="746" dir="0" index="0" bw="4" slack="0"/>
<pin id="747" dir="0" index="1" bw="1" slack="0"/>
<pin id="748" dir="1" index="2" bw="4" slack="0"/>
</pin_list>
<bind>
<opcode="add(8) " fcode="add"/>
<opset="add_ln691_1692/9 "/>
</bind>
</comp>

<comp id="751" class="1004" name="icmp_ln890_1611_fu_751">
<pin_list>
<pin id="752" dir="0" index="0" bw="4" slack="0"/>
<pin id="753" dir="0" index="1" bw="4" slack="0"/>
<pin id="754" dir="1" index="2" bw="1" slack="2147483647"/>
</pin_list>
<bind>
<opcode="icmp(45) " fcode="icmp"/>
<opset="icmp_ln890_1611/9 "/>
</bind>
</comp>

<comp id="757" class="1004" name="empty_fu_757">
<pin_list>
<pin id="758" dir="0" index="0" bw="4" slack="0"/>
<pin id="759" dir="1" index="1" bw="3" slack="2"/>
</pin_list>
<bind>
<opcode="trunc(33) " fcode="trunc"/>
<opset="empty/9 "/>
</bind>
</comp>

<comp id="761" class="1004" name="add_ln691_1694_fu_761">
<pin_list>
<pin id="762" dir="0" index="0" bw="5" slack="0"/>
<pin id="763" dir="0" index="1" bw="1" slack="0"/>
<pin id="764" dir="1" index="2" bw="5" slack="0"/>
</pin_list>
<bind>
<opcode="add(8) " fcode="add"/>
<opset="add_ln691_1694/10 "/>
</bind>
</comp>

<comp id="767" class="1004" name="icmp_ln890_1613_fu_767">
<pin_list>
<pin id="768" dir="0" index="0" bw="5" slack="0"/>
<pin id="769" dir="0" index="1" bw="5" slack="0"/>
<pin id="770" dir="1" index="2" bw="1" slack="2147483647"/>
</pin_list>
<bind>
<opcode="icmp(45) " fcode="icmp"/>
<opset="icmp_ln890_1613/10 "/>
</bind>
</comp>

<comp id="773" class="1004" name="add_ln691_1696_fu_773">
<pin_list>
<pin id="774" dir="0" index="0" bw="4" slack="0"/>
<pin id="775" dir="0" index="1" bw="1" slack="0"/>
<pin id="776" dir="1" index="2" bw="4" slack="0"/>
</pin_list>
<bind>
<opcode="add(8) " fcode="add"/>
<opset="add_ln691_1696/11 "/>
</bind>
</comp>

<comp id="779" class="1004" name="icmp_ln878_39_fu_779">
<pin_list>
<pin id="780" dir="0" index="0" bw="4" slack="0"/>
<pin id="781" dir="0" index="1" bw="4" slack="0"/>
<pin id="782" dir="1" index="2" bw="1" slack="2147483647"/>
</pin_list>
<bind>
<opcode="icmp(45) " fcode="icmp"/>
<opset="icmp_ln878_39/11 "/>
</bind>
</comp>

<comp id="785" class="1004" name="data_split_V_0_fu_785">
<pin_list>
<pin id="786" dir="0" index="0" bw="256" slack="0"/>
<pin id="787" dir="1" index="1" bw="32" slack="0"/>
</pin_list>
<bind>
<opcode="trunc(33) " fcode="trunc"/>
<opset="data_split_V_0/11 "/>
</bind>
</comp>

<comp id="789" class="1004" name="trunc_ln2835_fu_789">
<pin_list>
<pin id="790" dir="0" index="0" bw="4" slack="0"/>
<pin id="791" dir="1" index="1" bw="3" slack="2147483647"/>
</pin_list>
<bind>
<opcode="trunc(33) " fcode="trunc"/>
<opset="trunc_ln2835/11 "/>
</bind>
</comp>

<comp id="793" class="1004" name="store_ln2835_store_fu_793">
<pin_list>
<pin id="794" dir="0" index="0" bw="32" slack="0"/>
<pin id="795" dir="0" index="1" bw="32" slack="10"/>
<pin id="796" dir="1" index="2" bw="0" slack="2147483647"/>
</pin_list>
<bind>
<opcode="store(28) " fcode="store"/>
<opset="store_ln2835/11 "/>
</bind>
</comp>

<comp id="798" class="1004" name="store_ln2835_store_fu_798">
<pin_list>
<pin id="799" dir="0" index="0" bw="32" slack="0"/>
<pin id="800" dir="0" index="1" bw="32" slack="10"/>
<pin id="801" dir="1" index="2" bw="0" slack="2147483647"/>
</pin_list>
<bind>
<opcode="store(28) " fcode="store"/>
<opset="store_ln2835/11 "/>
</bind>
</comp>

<comp id="803" class="1004" name="store_ln2835_store_fu_803">
<pin_list>
<pin id="804" dir="0" index="0" bw="32" slack="0"/>
<pin id="805" dir="0" index="1" bw="32" slack="10"/>
<pin id="806" dir="1" index="2" bw="0" slack="2147483647"/>
</pin_list>
<bind>
<opcode="store(28) " fcode="store"/>
<opset="store_ln2835/11 "/>
</bind>
</comp>

<comp id="808" class="1004" name="store_ln2835_store_fu_808">
<pin_list>
<pin id="809" dir="0" index="0" bw="32" slack="0"/>
<pin id="810" dir="0" index="1" bw="32" slack="10"/>
<pin id="811" dir="1" index="2" bw="0" slack="2147483647"/>
</pin_list>
<bind>
<opcode="store(28) " fcode="store"/>
<opset="store_ln2835/11 "/>
</bind>
</comp>

<comp id="813" class="1004" name="store_ln2835_store_fu_813">
<pin_list>
<pin id="814" dir="0" index="0" bw="32" slack="0"/>
<pin id="815" dir="0" index="1" bw="32" slack="10"/>
<pin id="816" dir="1" index="2" bw="0" slack="2147483647"/>
</pin_list>
<bind>
<opcode="store(28) " fcode="store"/>
<opset="store_ln2835/11 "/>
</bind>
</comp>

<comp id="818" class="1004" name="store_ln2835_store_fu_818">
<pin_list>
<pin id="819" dir="0" index="0" bw="32" slack="0"/>
<pin id="820" dir="0" index="1" bw="32" slack="10"/>
<pin id="821" dir="1" index="2" bw="0" slack="2147483647"/>
</pin_list>
<bind>
<opcode="store(28) " fcode="store"/>
<opset="store_ln2835/11 "/>
</bind>
</comp>

<comp id="823" class="1004" name="store_ln2835_store_fu_823">
<pin_list>
<pin id="824" dir="0" index="0" bw="32" slack="0"/>
<pin id="825" dir="0" index="1" bw="32" slack="10"/>
<pin id="826" dir="1" index="2" bw="0" slack="2147483647"/>
</pin_list>
<bind>
<opcode="store(28) " fcode="store"/>
<opset="store_ln2835/11 "/>
</bind>
</comp>

<comp id="828" class="1004" name="store_ln2835_store_fu_828">
<pin_list>
<pin id="829" dir="0" index="0" bw="32" slack="0"/>
<pin id="830" dir="0" index="1" bw="32" slack="10"/>
<pin id="831" dir="1" index="2" bw="0" slack="2147483647"/>
</pin_list>
<bind>
<opcode="store(28) " fcode="store"/>
<opset="store_ln2835/11 "/>
</bind>
</comp>

<comp id="833" class="1004" name="r_fu_833">
<pin_list>
<pin id="834" dir="0" index="0" bw="224" slack="0"/>
<pin id="835" dir="0" index="1" bw="256" slack="0"/>
<pin id="836" dir="0" index="2" bw="7" slack="0"/>
<pin id="837" dir="0" index="3" bw="9" slack="0"/>
<pin id="838" dir="1" index="4" bw="224" slack="0"/>
</pin_list>
<bind>
<opcode="partselect(1002) " fcode="partselect"/>
<opset="r/11 "/>
</bind>
</comp>

<comp id="843" class="1004" name="zext_ln1497_36_fu_843">
<pin_list>
<pin id="844" dir="0" index="0" bw="224" slack="0"/>
<pin id="845" dir="1" index="1" bw="256" slack="0"/>
</pin_list>
<bind>
<opcode="zext(34) " fcode="zext"/>
<opset="zext_ln1497_36/11 "/>
</bind>
</comp>

<comp id="847" class="1004" name="data_split_V_7_load_load_fu_847">
<pin_list>
<pin id="848" dir="0" index="0" bw="32" slack="10"/>
<pin id="849" dir="1" index="1" bw="32" slack="0"/>
</pin_list>
<bind>
<opcode="load(27) " fcode="load"/>
<opset="data_split_V_7_load/11 "/>
</bind>
</comp>

<comp id="850" class="1004" name="data_split_V_7_27_load_load_fu_850">
<pin_list>
<pin id="851" dir="0" index="0" bw="32" slack="10"/>
<pin id="852" dir="1" index="1" bw="32" slack="0"/>
</pin_list>
<bind>
<opcode="load(27) " fcode="load"/>
<opset="data_split_V_7_27_load/11 "/>
</bind>
</comp>

<comp id="853" class="1004" name="data_split_V_7_28_load_load_fu_853">
<pin_list>
<pin id="854" dir="0" index="0" bw="32" slack="10"/>
<pin id="855" dir="1" index="1" bw="32" slack="0"/>
</pin_list>
<bind>
<opcode="load(27) " fcode="load"/>
<opset="data_split_V_7_28_load/11 "/>
</bind>
</comp>

<comp id="856" class="1004" name="data_split_V_7_29_load_load_fu_856">
<pin_list>
<pin id="857" dir="0" index="0" bw="32" slack="10"/>
<pin id="858" dir="1" index="1" bw="32" slack="0"/>
</pin_list>
<bind>
<opcode="load(27) " fcode="load"/>
<opset="data_split_V_7_29_load/11 "/>
</bind>
</comp>

<comp id="859" class="1004" name="data_split_V_7_30_load_load_fu_859">
<pin_list>
<pin id="860" dir="0" index="0" bw="32" slack="10"/>
<pin id="861" dir="1" index="1" bw="32" slack="0"/>
</pin_list>
<bind>
<opcode="load(27) " fcode="load"/>
<opset="data_split_V_7_30_load/11 "/>
</bind>
</comp>

<comp id="862" class="1004" name="data_split_V_7_31_load_load_fu_862">
<pin_list>
<pin id="863" dir="0" index="0" bw="32" slack="10"/>
<pin id="864" dir="1" index="1" bw="32" slack="0"/>
</pin_list>
<bind>
<opcode="load(27) " fcode="load"/>
<opset="data_split_V_7_31_load/11 "/>
</bind>
</comp>

<comp id="865" class="1004" name="data_split_V_7_32_load_load_fu_865">
<pin_list>
<pin id="866" dir="0" index="0" bw="32" slack="10"/>
<pin id="867" dir="1" index="1" bw="32" slack="0"/>
</pin_list>
<bind>
<opcode="load(27) " fcode="load"/>
<opset="data_split_V_7_32_load/11 "/>
</bind>
</comp>

<comp id="868" class="1004" name="data_split_V_7_33_load_load_fu_868">
<pin_list>
<pin id="869" dir="0" index="0" bw="32" slack="10"/>
<pin id="870" dir="1" index="1" bw="32" slack="0"/>
</pin_list>
<bind>
<opcode="load(27) " fcode="load"/>
<opset="data_split_V_7_33_load/11 "/>
</bind>
</comp>

<comp id="871" class="1004" name="u_fu_871">
<pin_list>
<pin id="872" dir="0" index="0" bw="32" slack="0"/>
<pin id="873" dir="0" index="1" bw="32" slack="0"/>
<pin id="874" dir="0" index="2" bw="32" slack="0"/>
<pin id="875" dir="0" index="3" bw="32" slack="0"/>
<pin id="876" dir="0" index="4" bw="32" slack="0"/>
<pin id="877" dir="0" index="5" bw="32" slack="0"/>
<pin id="878" dir="0" index="6" bw="32" slack="0"/>
<pin id="879" dir="0" index="7" bw="32" slack="0"/>
<pin id="880" dir="0" index="8" bw="32" slack="0"/>
<pin id="881" dir="0" index="9" bw="3" slack="2"/>
<pin id="882" dir="1" index="10" bw="32" slack="0"/>
</pin_list>
<bind>
<opcode="mux(1196) " fcode="mux"/>
<opset="u/11 "/>
</bind>
</comp>

<comp id="893" class="1004" name="add_ln691_1682_fu_893">
<pin_list>
<pin id="894" dir="0" index="0" bw="2" slack="0"/>
<pin id="895" dir="0" index="1" bw="1" slack="0"/>
<pin id="896" dir="1" index="2" bw="2" slack="0"/>
</pin_list>
<bind>
<opcode="add(8) " fcode="add"/>
<opset="add_ln691_1682/12 "/>
</bind>
</comp>

<comp id="899" class="1004" name="zext_ln890_69_fu_899">
<pin_list>
<pin id="900" dir="0" index="0" bw="2" slack="0"/>
<pin id="901" dir="1" index="1" bw="64" slack="0"/>
</pin_list>
<bind>
<opcode="zext(34) " fcode="zext"/>
<opset="zext_ln890_69/12 "/>
</bind>
</comp>

<comp id="904" class="1004" name="icmp_ln890_1604_fu_904">
<pin_list>
<pin id="905" dir="0" index="0" bw="2" slack="0"/>
<pin id="906" dir="0" index="1" bw="2" slack="0"/>
<pin id="907" dir="1" index="2" bw="1" slack="2147483647"/>
</pin_list>
<bind>
<opcode="icmp(45) " fcode="icmp"/>
<opset="icmp_ln890_1604/12 "/>
</bind>
</comp>

<comp id="910" class="1004" name="add_ln691_1689_fu_910">
<pin_list>
<pin id="911" dir="0" index="0" bw="6" slack="0"/>
<pin id="912" dir="0" index="1" bw="1" slack="0"/>
<pin id="913" dir="1" index="2" bw="6" slack="0"/>
</pin_list>
<bind>
<opcode="add(8) " fcode="add"/>
<opset="add_ln691_1689/14 "/>
</bind>
</comp>

<comp id="916" class="1004" name="icmp_ln890_1608_fu_916">
<pin_list>
<pin id="917" dir="0" index="0" bw="6" slack="0"/>
<pin id="918" dir="0" index="1" bw="6" slack="0"/>
<pin id="919" dir="1" index="2" bw="1" slack="2147483647"/>
</pin_list>
<bind>
<opcode="icmp(45) " fcode="icmp"/>
<opset="icmp_ln890_1608/14 "/>
</bind>
</comp>

<comp id="922" class="1004" name="add_ln691_1691_fu_922">
<pin_list>
<pin id="923" dir="0" index="0" bw="4" slack="0"/>
<pin id="924" dir="0" index="1" bw="1" slack="0"/>
<pin id="925" dir="1" index="2" bw="4" slack="0"/>
</pin_list>
<bind>
<opcode="add(8) " fcode="add"/>
<opset="add_ln691_1691/15 "/>
</bind>
</comp>

<comp id="928" class="1004" name="icmp_ln890_1610_fu_928">
<pin_list>
<pin id="929" dir="0" index="0" bw="4" slack="0"/>
<pin id="930" dir="0" index="1" bw="4" slack="0"/>
<pin id="931" dir="1" index="2" bw="1" slack="2147483647"/>
</pin_list>
<bind>
<opcode="icmp(45) " fcode="icmp"/>
<opset="icmp_ln890_1610/15 "/>
</bind>
</comp>

<comp id="934" class="1004" name="empty_3059_fu_934">
<pin_list>
<pin id="935" dir="0" index="0" bw="4" slack="0"/>
<pin id="936" dir="1" index="1" bw="3" slack="2"/>
</pin_list>
<bind>
<opcode="trunc(33) " fcode="trunc"/>
<opset="empty_3059/15 "/>
</bind>
</comp>

<comp id="938" class="1004" name="add_ln691_1693_fu_938">
<pin_list>
<pin id="939" dir="0" index="0" bw="5" slack="0"/>
<pin id="940" dir="0" index="1" bw="1" slack="0"/>
<pin id="941" dir="1" index="2" bw="5" slack="0"/>
</pin_list>
<bind>
<opcode="add(8) " fcode="add"/>
<opset="add_ln691_1693/16 "/>
</bind>
</comp>

<comp id="944" class="1004" name="icmp_ln890_1612_fu_944">
<pin_list>
<pin id="945" dir="0" index="0" bw="5" slack="0"/>
<pin id="946" dir="0" index="1" bw="5" slack="0"/>
<pin id="947" dir="1" index="2" bw="1" slack="2147483647"/>
</pin_list>
<bind>
<opcode="icmp(45) " fcode="icmp"/>
<opset="icmp_ln890_1612/16 "/>
</bind>
</comp>

<comp id="950" class="1004" name="add_ln691_1695_fu_950">
<pin_list>
<pin id="951" dir="0" index="0" bw="4" slack="0"/>
<pin id="952" dir="0" index="1" bw="1" slack="0"/>
<pin id="953" dir="1" index="2" bw="4" slack="0"/>
</pin_list>
<bind>
<opcode="add(8) " fcode="add"/>
<opset="add_ln691_1695/17 "/>
</bind>
</comp>

<comp id="956" class="1004" name="icmp_ln878_38_fu_956">
<pin_list>
<pin id="957" dir="0" index="0" bw="4" slack="0"/>
<pin id="958" dir="0" index="1" bw="4" slack="0"/>
<pin id="959" dir="1" index="2" bw="1" slack="2147483647"/>
</pin_list>
<bind>
<opcode="icmp(45) " fcode="icmp"/>
<opset="icmp_ln878_38/17 "/>
</bind>
</comp>

<comp id="962" class="1004" name="data_split_V_0_101_fu_962">
<pin_list>
<pin id="963" dir="0" index="0" bw="256" slack="0"/>
<pin id="964" dir="1" index="1" bw="32" slack="0"/>
</pin_list>
<bind>
<opcode="trunc(33) " fcode="trunc"/>
<opset="data_split_V_0_101/17 "/>
</bind>
</comp>

<comp id="966" class="1004" name="trunc_ln2891_fu_966">
<pin_list>
<pin id="967" dir="0" index="0" bw="4" slack="0"/>
<pin id="968" dir="1" index="1" bw="3" slack="2147483647"/>
</pin_list>
<bind>
<opcode="trunc(33) " fcode="trunc"/>
<opset="trunc_ln2891/17 "/>
</bind>
</comp>

<comp id="970" class="1004" name="store_ln2891_store_fu_970">
<pin_list>
<pin id="971" dir="0" index="0" bw="32" slack="0"/>
<pin id="972" dir="0" index="1" bw="32" slack="10"/>
<pin id="973" dir="1" index="2" bw="0" slack="2147483647"/>
</pin_list>
<bind>
<opcode="store(28) " fcode="store"/>
<opset="store_ln2891/17 "/>
</bind>
</comp>

<comp id="975" class="1004" name="store_ln2891_store_fu_975">
<pin_list>
<pin id="976" dir="0" index="0" bw="32" slack="0"/>
<pin id="977" dir="0" index="1" bw="32" slack="10"/>
<pin id="978" dir="1" index="2" bw="0" slack="2147483647"/>
</pin_list>
<bind>
<opcode="store(28) " fcode="store"/>
<opset="store_ln2891/17 "/>
</bind>
</comp>

<comp id="980" class="1004" name="store_ln2891_store_fu_980">
<pin_list>
<pin id="981" dir="0" index="0" bw="32" slack="0"/>
<pin id="982" dir="0" index="1" bw="32" slack="10"/>
<pin id="983" dir="1" index="2" bw="0" slack="2147483647"/>
</pin_list>
<bind>
<opcode="store(28) " fcode="store"/>
<opset="store_ln2891/17 "/>
</bind>
</comp>

<comp id="985" class="1004" name="store_ln2891_store_fu_985">
<pin_list>
<pin id="986" dir="0" index="0" bw="32" slack="0"/>
<pin id="987" dir="0" index="1" bw="32" slack="10"/>
<pin id="988" dir="1" index="2" bw="0" slack="2147483647"/>
</pin_list>
<bind>
<opcode="store(28) " fcode="store"/>
<opset="store_ln2891/17 "/>
</bind>
</comp>

<comp id="990" class="1004" name="store_ln2891_store_fu_990">
<pin_list>
<pin id="991" dir="0" index="0" bw="32" slack="0"/>
<pin id="992" dir="0" index="1" bw="32" slack="10"/>
<pin id="993" dir="1" index="2" bw="0" slack="2147483647"/>
</pin_list>
<bind>
<opcode="store(28) " fcode="store"/>
<opset="store_ln2891/17 "/>
</bind>
</comp>

<comp id="995" class="1004" name="store_ln2891_store_fu_995">
<pin_list>
<pin id="996" dir="0" index="0" bw="32" slack="0"/>
<pin id="997" dir="0" index="1" bw="32" slack="10"/>
<pin id="998" dir="1" index="2" bw="0" slack="2147483647"/>
</pin_list>
<bind>
<opcode="store(28) " fcode="store"/>
<opset="store_ln2891/17 "/>
</bind>
</comp>

<comp id="1000" class="1004" name="store_ln2891_store_fu_1000">
<pin_list>
<pin id="1001" dir="0" index="0" bw="32" slack="0"/>
<pin id="1002" dir="0" index="1" bw="32" slack="10"/>
<pin id="1003" dir="1" index="2" bw="0" slack="2147483647"/>
</pin_list>
<bind>
<opcode="store(28) " fcode="store"/>
<opset="store_ln2891/17 "/>
</bind>
</comp>

<comp id="1005" class="1004" name="store_ln2891_store_fu_1005">
<pin_list>
<pin id="1006" dir="0" index="0" bw="32" slack="0"/>
<pin id="1007" dir="0" index="1" bw="32" slack="10"/>
<pin id="1008" dir="1" index="2" bw="0" slack="2147483647"/>
</pin_list>
<bind>
<opcode="store(28) " fcode="store"/>
<opset="store_ln2891/17 "/>
</bind>
</comp>

<comp id="1010" class="1004" name="r_62_fu_1010">
<pin_list>
<pin id="1011" dir="0" index="0" bw="224" slack="0"/>
<pin id="1012" dir="0" index="1" bw="256" slack="0"/>
<pin id="1013" dir="0" index="2" bw="7" slack="0"/>
<pin id="1014" dir="0" index="3" bw="9" slack="0"/>
<pin id="1015" dir="1" index="4" bw="224" slack="0"/>
</pin_list>
<bind>
<opcode="partselect(1002) " fcode="partselect"/>
<opset="r_62/17 "/>
</bind>
</comp>

<comp id="1020" class="1004" name="zext_ln1497_35_fu_1020">
<pin_list>
<pin id="1021" dir="0" index="0" bw="224" slack="0"/>
<pin id="1022" dir="1" index="1" bw="256" slack="0"/>
</pin_list>
<bind>
<opcode="zext(34) " fcode="zext"/>
<opset="zext_ln1497_35/17 "/>
</bind>
</comp>

<comp id="1024" class="1004" name="data_split_V_7_34_load_load_fu_1024">
<pin_list>
<pin id="1025" dir="0" index="0" bw="32" slack="10"/>
<pin id="1026" dir="1" index="1" bw="32" slack="0"/>
</pin_list>
<bind>
<opcode="load(27) " fcode="load"/>
<opset="data_split_V_7_34_load/17 "/>
</bind>
</comp>

<comp id="1027" class="1004" name="data_split_V_7_35_load_load_fu_1027">
<pin_list>
<pin id="1028" dir="0" index="0" bw="32" slack="10"/>
<pin id="1029" dir="1" index="1" bw="32" slack="0"/>
</pin_list>
<bind>
<opcode="load(27) " fcode="load"/>
<opset="data_split_V_7_35_load/17 "/>
</bind>
</comp>

<comp id="1030" class="1004" name="data_split_V_7_36_load_load_fu_1030">
<pin_list>
<pin id="1031" dir="0" index="0" bw="32" slack="10"/>
<pin id="1032" dir="1" index="1" bw="32" slack="0"/>
</pin_list>
<bind>
<opcode="load(27) " fcode="load"/>
<opset="data_split_V_7_36_load/17 "/>
</bind>
</comp>

<comp id="1033" class="1004" name="data_split_V_7_37_load_load_fu_1033">
<pin_list>
<pin id="1034" dir="0" index="0" bw="32" slack="10"/>
<pin id="1035" dir="1" index="1" bw="32" slack="0"/>
</pin_list>
<bind>
<opcode="load(27) " fcode="load"/>
<opset="data_split_V_7_37_load/17 "/>
</bind>
</comp>

<comp id="1036" class="1004" name="data_split_V_7_38_load_load_fu_1036">
<pin_list>
<pin id="1037" dir="0" index="0" bw="32" slack="10"/>
<pin id="1038" dir="1" index="1" bw="32" slack="0"/>
</pin_list>
<bind>
<opcode="load(27) " fcode="load"/>
<opset="data_split_V_7_38_load/17 "/>
</bind>
</comp>

<comp id="1039" class="1004" name="data_split_V_7_39_load_load_fu_1039">
<pin_list>
<pin id="1040" dir="0" index="0" bw="32" slack="10"/>
<pin id="1041" dir="1" index="1" bw="32" slack="0"/>
</pin_list>
<bind>
<opcode="load(27) " fcode="load"/>
<opset="data_split_V_7_39_load/17 "/>
</bind>
</comp>

<comp id="1042" class="1004" name="data_split_V_7_40_load_load_fu_1042">
<pin_list>
<pin id="1043" dir="0" index="0" bw="32" slack="10"/>
<pin id="1044" dir="1" index="1" bw="32" slack="0"/>
</pin_list>
<bind>
<opcode="load(27) " fcode="load"/>
<opset="data_split_V_7_40_load/17 "/>
</bind>
</comp>

<comp id="1045" class="1004" name="data_split_V_7_41_load_load_fu_1045">
<pin_list>
<pin id="1046" dir="0" index="0" bw="32" slack="10"/>
<pin id="1047" dir="1" index="1" bw="32" slack="0"/>
</pin_list>
<bind>
<opcode="load(27) " fcode="load"/>
<opset="data_split_V_7_41_load/17 "/>
</bind>
</comp>

<comp id="1048" class="1004" name="u_7_fu_1048">
<pin_list>
<pin id="1049" dir="0" index="0" bw="32" slack="0"/>
<pin id="1050" dir="0" index="1" bw="32" slack="0"/>
<pin id="1051" dir="0" index="2" bw="32" slack="0"/>
<pin id="1052" dir="0" index="3" bw="32" slack="0"/>
<pin id="1053" dir="0" index="4" bw="32" slack="0"/>
<pin id="1054" dir="0" index="5" bw="32" slack="0"/>
<pin id="1055" dir="0" index="6" bw="32" slack="0"/>
<pin id="1056" dir="0" index="7" bw="32" slack="0"/>
<pin id="1057" dir="0" index="8" bw="32" slack="0"/>
<pin id="1058" dir="0" index="9" bw="3" slack="2"/>
<pin id="1059" dir="1" index="10" bw="32" slack="0"/>
</pin_list>
<bind>
<opcode="mux(1196) " fcode="mux"/>
<opset="u_7/17 "/>
</bind>
</comp>

<comp id="1070" class="1004" name="add_ln691_1678_fu_1070">
<pin_list>
<pin id="1071" dir="0" index="0" bw="2" slack="0"/>
<pin id="1072" dir="0" index="1" bw="1" slack="0"/>
<pin id="1073" dir="1" index="2" bw="2" slack="0"/>
</pin_list>
<bind>
<opcode="add(8) " fcode="add"/>
<opset="add_ln691_1678/18 "/>
</bind>
</comp>

<comp id="1076" class="1004" name="zext_ln890_fu_1076">
<pin_list>
<pin id="1077" dir="0" index="0" bw="2" slack="0"/>
<pin id="1078" dir="1" index="1" bw="64" slack="0"/>
</pin_list>
<bind>
<opcode="zext(34) " fcode="zext"/>
<opset="zext_ln890/18 "/>
</bind>
</comp>

<comp id="1081" class="1004" name="icmp_ln890_1599_fu_1081">
<pin_list>
<pin id="1082" dir="0" index="0" bw="2" slack="0"/>
<pin id="1083" dir="0" index="1" bw="2" slack="0"/>
<pin id="1084" dir="1" index="2" bw="1" slack="2147483647"/>
</pin_list>
<bind>
<opcode="icmp(45) " fcode="icmp"/>
<opset="icmp_ln890_1599/18 "/>
</bind>
</comp>

<comp id="1087" class="1004" name="add_ln691_1680_fu_1087">
<pin_list>
<pin id="1088" dir="0" index="0" bw="6" slack="0"/>
<pin id="1089" dir="0" index="1" bw="1" slack="0"/>
<pin id="1090" dir="1" index="2" bw="6" slack="0"/>
</pin_list>
<bind>
<opcode="add(8) " fcode="add"/>
<opset="add_ln691_1680/20 "/>
</bind>
</comp>

<comp id="1093" class="1004" name="icmp_ln890_1601_fu_1093">
<pin_list>
<pin id="1094" dir="0" index="0" bw="6" slack="0"/>
<pin id="1095" dir="0" index="1" bw="6" slack="0"/>
<pin id="1096" dir="1" index="2" bw="1" slack="2147483647"/>
</pin_list>
<bind>
<opcode="icmp(45) " fcode="icmp"/>
<opset="icmp_ln890_1601/20 "/>
</bind>
</comp>

<comp id="1099" class="1004" name="add_ln691_1681_fu_1099">
<pin_list>
<pin id="1100" dir="0" index="0" bw="4" slack="0"/>
<pin id="1101" dir="0" index="1" bw="1" slack="0"/>
<pin id="1102" dir="1" index="2" bw="4" slack="0"/>
</pin_list>
<bind>
<opcode="add(8) " fcode="add"/>
<opset="add_ln691_1681/21 "/>
</bind>
</comp>

<comp id="1105" class="1004" name="icmp_ln890_1602_fu_1105">
<pin_list>
<pin id="1106" dir="0" index="0" bw="4" slack="0"/>
<pin id="1107" dir="0" index="1" bw="4" slack="0"/>
<pin id="1108" dir="1" index="2" bw="1" slack="2147483647"/>
</pin_list>
<bind>
<opcode="icmp(45) " fcode="icmp"/>
<opset="icmp_ln890_1602/21 "/>
</bind>
</comp>

<comp id="1111" class="1004" name="empty_3060_fu_1111">
<pin_list>
<pin id="1112" dir="0" index="0" bw="4" slack="0"/>
<pin id="1113" dir="1" index="1" bw="3" slack="2"/>
</pin_list>
<bind>
<opcode="trunc(33) " fcode="trunc"/>
<opset="empty_3060/21 "/>
</bind>
</comp>

<comp id="1115" class="1004" name="add_ln691_1684_fu_1115">
<pin_list>
<pin id="1116" dir="0" index="0" bw="5" slack="0"/>
<pin id="1117" dir="0" index="1" bw="1" slack="0"/>
<pin id="1118" dir="1" index="2" bw="5" slack="0"/>
</pin_list>
<bind>
<opcode="add(8) " fcode="add"/>
<opset="add_ln691_1684/22 "/>
</bind>
</comp>

<comp id="1121" class="1004" name="icmp_ln890_1603_fu_1121">
<pin_list>
<pin id="1122" dir="0" index="0" bw="5" slack="0"/>
<pin id="1123" dir="0" index="1" bw="5" slack="0"/>
<pin id="1124" dir="1" index="2" bw="1" slack="2147483647"/>
</pin_list>
<bind>
<opcode="icmp(45) " fcode="icmp"/>
<opset="icmp_ln890_1603/22 "/>
</bind>
</comp>

<comp id="1127" class="1004" name="add_ln691_1685_fu_1127">
<pin_list>
<pin id="1128" dir="0" index="0" bw="4" slack="0"/>
<pin id="1129" dir="0" index="1" bw="1" slack="0"/>
<pin id="1130" dir="1" index="2" bw="4" slack="0"/>
</pin_list>
<bind>
<opcode="add(8) " fcode="add"/>
<opset="add_ln691_1685/23 "/>
</bind>
</comp>

<comp id="1133" class="1004" name="icmp_ln878_fu_1133">
<pin_list>
<pin id="1134" dir="0" index="0" bw="4" slack="0"/>
<pin id="1135" dir="0" index="1" bw="4" slack="0"/>
<pin id="1136" dir="1" index="2" bw="1" slack="2147483647"/>
</pin_list>
<bind>
<opcode="icmp(45) " fcode="icmp"/>
<opset="icmp_ln878/23 "/>
</bind>
</comp>

<comp id="1139" class="1004" name="data_split_V_0_102_fu_1139">
<pin_list>
<pin id="1140" dir="0" index="0" bw="256" slack="0"/>
<pin id="1141" dir="1" index="1" bw="32" slack="0"/>
</pin_list>
<bind>
<opcode="trunc(33) " fcode="trunc"/>
<opset="data_split_V_0_102/23 "/>
</bind>
</comp>

<comp id="1143" class="1004" name="trunc_ln2934_fu_1143">
<pin_list>
<pin id="1144" dir="0" index="0" bw="4" slack="0"/>
<pin id="1145" dir="1" index="1" bw="3" slack="2147483647"/>
</pin_list>
<bind>
<opcode="trunc(33) " fcode="trunc"/>
<opset="trunc_ln2934/23 "/>
</bind>
</comp>

<comp id="1147" class="1004" name="store_ln2934_store_fu_1147">
<pin_list>
<pin id="1148" dir="0" index="0" bw="32" slack="0"/>
<pin id="1149" dir="0" index="1" bw="32" slack="6"/>
<pin id="1150" dir="1" index="2" bw="0" slack="2147483647"/>
</pin_list>
<bind>
<opcode="store(28) " fcode="store"/>
<opset="store_ln2934/23 "/>
</bind>
</comp>

<comp id="1152" class="1004" name="store_ln2934_store_fu_1152">
<pin_list>
<pin id="1153" dir="0" index="0" bw="32" slack="0"/>
<pin id="1154" dir="0" index="1" bw="32" slack="6"/>
<pin id="1155" dir="1" index="2" bw="0" slack="2147483647"/>
</pin_list>
<bind>
<opcode="store(28) " fcode="store"/>
<opset="store_ln2934/23 "/>
</bind>
</comp>

<comp id="1157" class="1004" name="store_ln2934_store_fu_1157">
<pin_list>
<pin id="1158" dir="0" index="0" bw="32" slack="0"/>
<pin id="1159" dir="0" index="1" bw="32" slack="6"/>
<pin id="1160" dir="1" index="2" bw="0" slack="2147483647"/>
</pin_list>
<bind>
<opcode="store(28) " fcode="store"/>
<opset="store_ln2934/23 "/>
</bind>
</comp>

<comp id="1162" class="1004" name="store_ln2934_store_fu_1162">
<pin_list>
<pin id="1163" dir="0" index="0" bw="32" slack="0"/>
<pin id="1164" dir="0" index="1" bw="32" slack="6"/>
<pin id="1165" dir="1" index="2" bw="0" slack="2147483647"/>
</pin_list>
<bind>
<opcode="store(28) " fcode="store"/>
<opset="store_ln2934/23 "/>
</bind>
</comp>

<comp id="1167" class="1004" name="store_ln2934_store_fu_1167">
<pin_list>
<pin id="1168" dir="0" index="0" bw="32" slack="0"/>
<pin id="1169" dir="0" index="1" bw="32" slack="6"/>
<pin id="1170" dir="1" index="2" bw="0" slack="2147483647"/>
</pin_list>
<bind>
<opcode="store(28) " fcode="store"/>
<opset="store_ln2934/23 "/>
</bind>
</comp>

<comp id="1172" class="1004" name="store_ln2934_store_fu_1172">
<pin_list>
<pin id="1173" dir="0" index="0" bw="32" slack="0"/>
<pin id="1174" dir="0" index="1" bw="32" slack="6"/>
<pin id="1175" dir="1" index="2" bw="0" slack="2147483647"/>
</pin_list>
<bind>
<opcode="store(28) " fcode="store"/>
<opset="store_ln2934/23 "/>
</bind>
</comp>

<comp id="1177" class="1004" name="store_ln2934_store_fu_1177">
<pin_list>
<pin id="1178" dir="0" index="0" bw="32" slack="0"/>
<pin id="1179" dir="0" index="1" bw="32" slack="6"/>
<pin id="1180" dir="1" index="2" bw="0" slack="2147483647"/>
</pin_list>
<bind>
<opcode="store(28) " fcode="store"/>
<opset="store_ln2934/23 "/>
</bind>
</comp>

<comp id="1182" class="1004" name="store_ln2934_store_fu_1182">
<pin_list>
<pin id="1183" dir="0" index="0" bw="32" slack="0"/>
<pin id="1184" dir="0" index="1" bw="32" slack="6"/>
<pin id="1185" dir="1" index="2" bw="0" slack="2147483647"/>
</pin_list>
<bind>
<opcode="store(28) " fcode="store"/>
<opset="store_ln2934/23 "/>
</bind>
</comp>

<comp id="1187" class="1004" name="data_split_V_7_42_load_load_fu_1187">
<pin_list>
<pin id="1188" dir="0" index="0" bw="32" slack="6"/>
<pin id="1189" dir="1" index="1" bw="32" slack="0"/>
</pin_list>
<bind>
<opcode="load(27) " fcode="load"/>
<opset="data_split_V_7_42_load/23 "/>
</bind>
</comp>

<comp id="1190" class="1004" name="data_split_V_7_43_load_load_fu_1190">
<pin_list>
<pin id="1191" dir="0" index="0" bw="32" slack="6"/>
<pin id="1192" dir="1" index="1" bw="32" slack="0"/>
</pin_list>
<bind>
<opcode="load(27) " fcode="load"/>
<opset="data_split_V_7_43_load/23 "/>
</bind>
</comp>

<comp id="1193" class="1004" name="data_split_V_7_44_load_load_fu_1193">
<pin_list>
<pin id="1194" dir="0" index="0" bw="32" slack="6"/>
<pin id="1195" dir="1" index="1" bw="32" slack="0"/>
</pin_list>
<bind>
<opcode="load(27) " fcode="load"/>
<opset="data_split_V_7_44_load/23 "/>
</bind>
</comp>

<comp id="1196" class="1004" name="data_split_V_7_45_load_load_fu_1196">
<pin_list>
<pin id="1197" dir="0" index="0" bw="32" slack="6"/>
<pin id="1198" dir="1" index="1" bw="32" slack="0"/>
</pin_list>
<bind>
<opcode="load(27) " fcode="load"/>
<opset="data_split_V_7_45_load/23 "/>
</bind>
</comp>

<comp id="1199" class="1004" name="data_split_V_7_46_load_load_fu_1199">
<pin_list>
<pin id="1200" dir="0" index="0" bw="32" slack="6"/>
<pin id="1201" dir="1" index="1" bw="32" slack="0"/>
</pin_list>
<bind>
<opcode="load(27) " fcode="load"/>
<opset="data_split_V_7_46_load/23 "/>
</bind>
</comp>

<comp id="1202" class="1004" name="data_split_V_7_47_load_load_fu_1202">
<pin_list>
<pin id="1203" dir="0" index="0" bw="32" slack="6"/>
<pin id="1204" dir="1" index="1" bw="32" slack="0"/>
</pin_list>
<bind>
<opcode="load(27) " fcode="load"/>
<opset="data_split_V_7_47_load/23 "/>
</bind>
</comp>

<comp id="1205" class="1004" name="data_split_V_7_48_load_load_fu_1205">
<pin_list>
<pin id="1206" dir="0" index="0" bw="32" slack="6"/>
<pin id="1207" dir="1" index="1" bw="32" slack="0"/>
</pin_list>
<bind>
<opcode="load(27) " fcode="load"/>
<opset="data_split_V_7_48_load/23 "/>
</bind>
</comp>

<comp id="1208" class="1004" name="data_split_V_7_032_load_load_fu_1208">
<pin_list>
<pin id="1209" dir="0" index="0" bw="32" slack="6"/>
<pin id="1210" dir="1" index="1" bw="32" slack="0"/>
</pin_list>
<bind>
<opcode="load(27) " fcode="load"/>
<opset="data_split_V_7_032_load/23 "/>
</bind>
</comp>

<comp id="1211" class="1004" name="u_8_fu_1211">
<pin_list>
<pin id="1212" dir="0" index="0" bw="32" slack="0"/>
<pin id="1213" dir="0" index="1" bw="32" slack="0"/>
<pin id="1214" dir="0" index="2" bw="32" slack="0"/>
<pin id="1215" dir="0" index="3" bw="32" slack="0"/>
<pin id="1216" dir="0" index="4" bw="32" slack="0"/>
<pin id="1217" dir="0" index="5" bw="32" slack="0"/>
<pin id="1218" dir="0" index="6" bw="32" slack="0"/>
<pin id="1219" dir="0" index="7" bw="32" slack="0"/>
<pin id="1220" dir="0" index="8" bw="32" slack="0"/>
<pin id="1221" dir="0" index="9" bw="3" slack="2"/>
<pin id="1222" dir="1" index="10" bw="32" slack="0"/>
</pin_list>
<bind>
<opcode="mux(1196) " fcode="mux"/>
<opset="u_8/23 "/>
</bind>
</comp>

<comp id="1233" class="1004" name="r_63_fu_1233">
<pin_list>
<pin id="1234" dir="0" index="0" bw="224" slack="0"/>
<pin id="1235" dir="0" index="1" bw="256" slack="1"/>
<pin id="1236" dir="0" index="2" bw="7" slack="0"/>
<pin id="1237" dir="0" index="3" bw="9" slack="0"/>
<pin id="1238" dir="1" index="4" bw="224" slack="0"/>
</pin_list>
<bind>
<opcode="partselect(1002) " fcode="partselect"/>
<opset="r_63/24 "/>
</bind>
</comp>

<comp id="1243" class="1004" name="zext_ln1497_fu_1243">
<pin_list>
<pin id="1244" dir="0" index="0" bw="224" slack="0"/>
<pin id="1245" dir="1" index="1" bw="256" slack="1"/>
</pin_list>
<bind>
<opcode="zext(34) " fcode="zext"/>
<opset="zext_ln1497/24 "/>
</bind>
</comp>

<comp id="1247" class="1005" name="data_split_V_7_reg_1247">
<pin_list>
<pin id="1248" dir="0" index="0" bw="32" slack="10"/>
<pin id="1249" dir="1" index="1" bw="32" slack="10"/>
</pin_list>
<bind>
<opset="data_split_V_7 "/>
</bind>
</comp>

<comp id="1253" class="1005" name="data_split_V_7_27_reg_1253">
<pin_list>
<pin id="1254" dir="0" index="0" bw="32" slack="10"/>
<pin id="1255" dir="1" index="1" bw="32" slack="10"/>
</pin_list>
<bind>
<opset="data_split_V_7_27 "/>
</bind>
</comp>

<comp id="1259" class="1005" name="data_split_V_7_28_reg_1259">
<pin_list>
<pin id="1260" dir="0" index="0" bw="32" slack="10"/>
<pin id="1261" dir="1" index="1" bw="32" slack="10"/>
</pin_list>
<bind>
<opset="data_split_V_7_28 "/>
</bind>
</comp>

<comp id="1265" class="1005" name="data_split_V_7_29_reg_1265">
<pin_list>
<pin id="1266" dir="0" index="0" bw="32" slack="10"/>
<pin id="1267" dir="1" index="1" bw="32" slack="10"/>
</pin_list>
<bind>
<opset="data_split_V_7_29 "/>
</bind>
</comp>

<comp id="1271" class="1005" name="data_split_V_7_30_reg_1271">
<pin_list>
<pin id="1272" dir="0" index="0" bw="32" slack="10"/>
<pin id="1273" dir="1" index="1" bw="32" slack="10"/>
</pin_list>
<bind>
<opset="data_split_V_7_30 "/>
</bind>
</comp>

<comp id="1277" class="1005" name="data_split_V_7_31_reg_1277">
<pin_list>
<pin id="1278" dir="0" index="0" bw="32" slack="10"/>
<pin id="1279" dir="1" index="1" bw="32" slack="10"/>
</pin_list>
<bind>
<opset="data_split_V_7_31 "/>
</bind>
</comp>

<comp id="1283" class="1005" name="data_split_V_7_32_reg_1283">
<pin_list>
<pin id="1284" dir="0" index="0" bw="32" slack="10"/>
<pin id="1285" dir="1" index="1" bw="32" slack="10"/>
</pin_list>
<bind>
<opset="data_split_V_7_32 "/>
</bind>
</comp>

<comp id="1289" class="1005" name="data_split_V_7_33_reg_1289">
<pin_list>
<pin id="1290" dir="0" index="0" bw="32" slack="10"/>
<pin id="1291" dir="1" index="1" bw="32" slack="10"/>
</pin_list>
<bind>
<opset="data_split_V_7_33 "/>
</bind>
</comp>

<comp id="1295" class="1005" name="data_split_V_7_34_reg_1295">
<pin_list>
<pin id="1296" dir="0" index="0" bw="32" slack="10"/>
<pin id="1297" dir="1" index="1" bw="32" slack="10"/>
</pin_list>
<bind>
<opset="data_split_V_7_34 "/>
</bind>
</comp>

<comp id="1301" class="1005" name="data_split_V_7_35_reg_1301">
<pin_list>
<pin id="1302" dir="0" index="0" bw="32" slack="10"/>
<pin id="1303" dir="1" index="1" bw="32" slack="10"/>
</pin_list>
<bind>
<opset="data_split_V_7_35 "/>
</bind>
</comp>

<comp id="1307" class="1005" name="data_split_V_7_36_reg_1307">
<pin_list>
<pin id="1308" dir="0" index="0" bw="32" slack="10"/>
<pin id="1309" dir="1" index="1" bw="32" slack="10"/>
</pin_list>
<bind>
<opset="data_split_V_7_36 "/>
</bind>
</comp>

<comp id="1313" class="1005" name="data_split_V_7_37_reg_1313">
<pin_list>
<pin id="1314" dir="0" index="0" bw="32" slack="10"/>
<pin id="1315" dir="1" index="1" bw="32" slack="10"/>
</pin_list>
<bind>
<opset="data_split_V_7_37 "/>
</bind>
</comp>

<comp id="1319" class="1005" name="data_split_V_7_38_reg_1319">
<pin_list>
<pin id="1320" dir="0" index="0" bw="32" slack="10"/>
<pin id="1321" dir="1" index="1" bw="32" slack="10"/>
</pin_list>
<bind>
<opset="data_split_V_7_38 "/>
</bind>
</comp>

<comp id="1325" class="1005" name="data_split_V_7_39_reg_1325">
<pin_list>
<pin id="1326" dir="0" index="0" bw="32" slack="10"/>
<pin id="1327" dir="1" index="1" bw="32" slack="10"/>
</pin_list>
<bind>
<opset="data_split_V_7_39 "/>
</bind>
</comp>

<comp id="1331" class="1005" name="data_split_V_7_40_reg_1331">
<pin_list>
<pin id="1332" dir="0" index="0" bw="32" slack="10"/>
<pin id="1333" dir="1" index="1" bw="32" slack="10"/>
</pin_list>
<bind>
<opset="data_split_V_7_40 "/>
</bind>
</comp>

<comp id="1337" class="1005" name="data_split_V_7_41_reg_1337">
<pin_list>
<pin id="1338" dir="0" index="0" bw="32" slack="10"/>
<pin id="1339" dir="1" index="1" bw="32" slack="10"/>
</pin_list>
<bind>
<opset="data_split_V_7_41 "/>
</bind>
</comp>

<comp id="1343" class="1005" name="add_ln691_reg_1343">
<pin_list>
<pin id="1344" dir="0" index="0" bw="3" slack="0"/>
<pin id="1345" dir="1" index="1" bw="3" slack="0"/>
</pin_list>
<bind>
<opset="add_ln691 "/>
</bind>
</comp>

<comp id="1351" class="1005" name="data_split_V_7_42_reg_1351">
<pin_list>
<pin id="1352" dir="0" index="0" bw="32" slack="6"/>
<pin id="1353" dir="1" index="1" bw="32" slack="6"/>
</pin_list>
<bind>
<opset="data_split_V_7_42 "/>
</bind>
</comp>

<comp id="1357" class="1005" name="data_split_V_7_43_reg_1357">
<pin_list>
<pin id="1358" dir="0" index="0" bw="32" slack="6"/>
<pin id="1359" dir="1" index="1" bw="32" slack="6"/>
</pin_list>
<bind>
<opset="data_split_V_7_43 "/>
</bind>
</comp>

<comp id="1363" class="1005" name="data_split_V_7_44_reg_1363">
<pin_list>
<pin id="1364" dir="0" index="0" bw="32" slack="6"/>
<pin id="1365" dir="1" index="1" bw="32" slack="6"/>
</pin_list>
<bind>
<opset="data_split_V_7_44 "/>
</bind>
</comp>

<comp id="1369" class="1005" name="data_split_V_7_45_reg_1369">
<pin_list>
<pin id="1370" dir="0" index="0" bw="32" slack="6"/>
<pin id="1371" dir="1" index="1" bw="32" slack="6"/>
</pin_list>
<bind>
<opset="data_split_V_7_45 "/>
</bind>
</comp>

<comp id="1375" class="1005" name="data_split_V_7_46_reg_1375">
<pin_list>
<pin id="1376" dir="0" index="0" bw="32" slack="6"/>
<pin id="1377" dir="1" index="1" bw="32" slack="6"/>
</pin_list>
<bind>
<opset="data_split_V_7_46 "/>
</bind>
</comp>

<comp id="1381" class="1005" name="data_split_V_7_47_reg_1381">
<pin_list>
<pin id="1382" dir="0" index="0" bw="32" slack="6"/>
<pin id="1383" dir="1" index="1" bw="32" slack="6"/>
</pin_list>
<bind>
<opset="data_split_V_7_47 "/>
</bind>
</comp>

<comp id="1387" class="1005" name="data_split_V_7_48_reg_1387">
<pin_list>
<pin id="1388" dir="0" index="0" bw="32" slack="6"/>
<pin id="1389" dir="1" index="1" bw="32" slack="6"/>
</pin_list>
<bind>
<opset="data_split_V_7_48 "/>
</bind>
</comp>

<comp id="1393" class="1005" name="data_split_V_7_032_reg_1393">
<pin_list>
<pin id="1394" dir="0" index="0" bw="32" slack="6"/>
<pin id="1395" dir="1" index="1" bw="32" slack="6"/>
</pin_list>
<bind>
<opset="data_split_V_7_032 "/>
</bind>
</comp>

<comp id="1399" class="1005" name="add_ln691_1679_reg_1399">
<pin_list>
<pin id="1400" dir="0" index="0" bw="3" slack="0"/>
<pin id="1401" dir="1" index="1" bw="3" slack="0"/>
</pin_list>
<bind>
<opset="add_ln691_1679 "/>
</bind>
</comp>

<comp id="1407" class="1005" name="cmp_i_i565_reg_1407">
<pin_list>
<pin id="1408" dir="0" index="0" bw="1" slack="1"/>
<pin id="1409" dir="1" index="1" bw="1" slack="2147483647"/>
</pin_list>
<bind>
<opset="cmp_i_i565 "/>
</bind>
</comp>

<comp id="1411" class="1005" name="c2_V_181_reg_1411">
<pin_list>
<pin id="1412" dir="0" index="0" bw="8" slack="0"/>
<pin id="1413" dir="1" index="1" bw="8" slack="0"/>
</pin_list>
<bind>
<opset="c2_V_181 "/>
</bind>
</comp>

<comp id="1419" class="1005" name="add_ln691_1683_reg_1419">
<pin_list>
<pin id="1420" dir="0" index="0" bw="2" slack="0"/>
<pin id="1421" dir="1" index="1" bw="2" slack="0"/>
</pin_list>
<bind>
<opset="add_ln691_1683 "/>
</bind>
</comp>

<comp id="1427" class="1005" name="add_ln691_1688_reg_1427">
<pin_list>
<pin id="1428" dir="0" index="0" bw="2" slack="0"/>
<pin id="1429" dir="1" index="1" bw="2" slack="0"/>
</pin_list>
<bind>
<opset="add_ln691_1688 "/>
</bind>
</comp>

<comp id="1435" class="1005" name="local_B_ping_V_0_addr_4_reg_1435">
<pin_list>
<pin id="1436" dir="0" index="0" bw="1" slack="1"/>
<pin id="1437" dir="1" index="1" bw="1" slack="1"/>
</pin_list>
<bind>
<opset="local_B_ping_V_0_addr_4 "/>
</bind>
</comp>

<comp id="1440" class="1005" name="add_ln691_1687_reg_1440">
<pin_list>
<pin id="1441" dir="0" index="0" bw="2" slack="0"/>
<pin id="1442" dir="1" index="1" bw="2" slack="0"/>
</pin_list>
<bind>
<opset="add_ln691_1687 "/>
</bind>
</comp>

<comp id="1448" class="1005" name="local_B_pong_V_0_addr_2_reg_1448">
<pin_list>
<pin id="1449" dir="0" index="0" bw="1" slack="1"/>
<pin id="1450" dir="1" index="1" bw="1" slack="1"/>
</pin_list>
<bind>
<opset="local_B_pong_V_0_addr_2 "/>
</bind>
</comp>

<comp id="1453" class="1005" name="arb_reg_1453">
<pin_list>
<pin id="1454" dir="0" index="0" bw="1" slack="1"/>
<pin id="1455" dir="1" index="1" bw="1" slack="1"/>
</pin_list>
<bind>
<opset="arb "/>
</bind>
</comp>

<comp id="1458" class="1005" name="add_ln691_1690_reg_1458">
<pin_list>
<pin id="1459" dir="0" index="0" bw="6" slack="0"/>
<pin id="1460" dir="1" index="1" bw="6" slack="0"/>
</pin_list>
<bind>
<opset="add_ln691_1690 "/>
</bind>
</comp>

<comp id="1466" class="1005" name="add_ln691_1692_reg_1466">
<pin_list>
<pin id="1467" dir="0" index="0" bw="4" slack="0"/>
<pin id="1468" dir="1" index="1" bw="4" slack="0"/>
</pin_list>
<bind>
<opset="add_ln691_1692 "/>
</bind>
</comp>

<comp id="1474" class="1005" name="empty_reg_1474">
<pin_list>
<pin id="1475" dir="0" index="0" bw="3" slack="2"/>
<pin id="1476" dir="1" index="1" bw="3" slack="2"/>
</pin_list>
<bind>
<opset="empty "/>
</bind>
</comp>

<comp id="1479" class="1005" name="add_ln691_1694_reg_1479">
<pin_list>
<pin id="1480" dir="0" index="0" bw="5" slack="0"/>
<pin id="1481" dir="1" index="1" bw="5" slack="0"/>
</pin_list>
<bind>
<opset="add_ln691_1694 "/>
</bind>
</comp>

<comp id="1487" class="1005" name="add_ln691_1696_reg_1487">
<pin_list>
<pin id="1488" dir="0" index="0" bw="4" slack="0"/>
<pin id="1489" dir="1" index="1" bw="4" slack="0"/>
</pin_list>
<bind>
<opset="add_ln691_1696 "/>
</bind>
</comp>

<comp id="1498" class="1005" name="zext_ln1497_36_reg_1498">
<pin_list>
<pin id="1499" dir="0" index="0" bw="256" slack="0"/>
<pin id="1500" dir="1" index="1" bw="256" slack="0"/>
</pin_list>
<bind>
<opset="zext_ln1497_36 "/>
</bind>
</comp>

<comp id="1503" class="1005" name="add_ln691_1682_reg_1503">
<pin_list>
<pin id="1504" dir="0" index="0" bw="2" slack="0"/>
<pin id="1505" dir="1" index="1" bw="2" slack="0"/>
</pin_list>
<bind>
<opset="add_ln691_1682 "/>
</bind>
</comp>

<comp id="1511" class="1005" name="in_data_V_139_reg_1511">
<pin_list>
<pin id="1512" dir="0" index="0" bw="256" slack="4"/>
<pin id="1513" dir="1" index="1" bw="256" slack="4"/>
</pin_list>
<bind>
<opset="in_data_V_139 "/>
</bind>
</comp>

<comp id="1516" class="1005" name="add_ln691_1689_reg_1516">
<pin_list>
<pin id="1517" dir="0" index="0" bw="6" slack="0"/>
<pin id="1518" dir="1" index="1" bw="6" slack="0"/>
</pin_list>
<bind>
<opset="add_ln691_1689 "/>
</bind>
</comp>

<comp id="1524" class="1005" name="add_ln691_1691_reg_1524">
<pin_list>
<pin id="1525" dir="0" index="0" bw="4" slack="0"/>
<pin id="1526" dir="1" index="1" bw="4" slack="0"/>
</pin_list>
<bind>
<opset="add_ln691_1691 "/>
</bind>
</comp>

<comp id="1532" class="1005" name="empty_3059_reg_1532">
<pin_list>
<pin id="1533" dir="0" index="0" bw="3" slack="2"/>
<pin id="1534" dir="1" index="1" bw="3" slack="2"/>
</pin_list>
<bind>
<opset="empty_3059 "/>
</bind>
</comp>

<comp id="1537" class="1005" name="add_ln691_1693_reg_1537">
<pin_list>
<pin id="1538" dir="0" index="0" bw="5" slack="0"/>
<pin id="1539" dir="1" index="1" bw="5" slack="0"/>
</pin_list>
<bind>
<opset="add_ln691_1693 "/>
</bind>
</comp>

<comp id="1545" class="1005" name="add_ln691_1695_reg_1545">
<pin_list>
<pin id="1546" dir="0" index="0" bw="4" slack="0"/>
<pin id="1547" dir="1" index="1" bw="4" slack="0"/>
</pin_list>
<bind>
<opset="add_ln691_1695 "/>
</bind>
</comp>

<comp id="1556" class="1005" name="zext_ln1497_35_reg_1556">
<pin_list>
<pin id="1557" dir="0" index="0" bw="256" slack="0"/>
<pin id="1558" dir="1" index="1" bw="256" slack="0"/>
</pin_list>
<bind>
<opset="zext_ln1497_35 "/>
</bind>
</comp>

<comp id="1561" class="1005" name="add_ln691_1678_reg_1561">
<pin_list>
<pin id="1562" dir="0" index="0" bw="2" slack="0"/>
<pin id="1563" dir="1" index="1" bw="2" slack="0"/>
</pin_list>
<bind>
<opset="add_ln691_1678 "/>
</bind>
</comp>

<comp id="1569" class="1005" name="local_B_ping_V_0_addr_reg_1569">
<pin_list>
<pin id="1570" dir="0" index="0" bw="1" slack="1"/>
<pin id="1571" dir="1" index="1" bw="1" slack="1"/>
</pin_list>
<bind>
<opset="local_B_ping_V_0_addr "/>
</bind>
</comp>

<comp id="1574" class="1005" name="add_ln691_1680_reg_1574">
<pin_list>
<pin id="1575" dir="0" index="0" bw="6" slack="0"/>
<pin id="1576" dir="1" index="1" bw="6" slack="0"/>
</pin_list>
<bind>
<opset="add_ln691_1680 "/>
</bind>
</comp>

<comp id="1582" class="1005" name="add_ln691_1681_reg_1582">
<pin_list>
<pin id="1583" dir="0" index="0" bw="4" slack="0"/>
<pin id="1584" dir="1" index="1" bw="4" slack="0"/>
</pin_list>
<bind>
<opset="add_ln691_1681 "/>
</bind>
</comp>

<comp id="1590" class="1005" name="empty_3060_reg_1590">
<pin_list>
<pin id="1591" dir="0" index="0" bw="3" slack="2"/>
<pin id="1592" dir="1" index="1" bw="3" slack="2"/>
</pin_list>
<bind>
<opset="empty_3060 "/>
</bind>
</comp>

<comp id="1595" class="1005" name="add_ln691_1684_reg_1595">
<pin_list>
<pin id="1596" dir="0" index="0" bw="5" slack="0"/>
<pin id="1597" dir="1" index="1" bw="5" slack="0"/>
</pin_list>
<bind>
<opset="add_ln691_1684 "/>
</bind>
</comp>

<comp id="1603" class="1005" name="add_ln691_1685_reg_1603">
<pin_list>
<pin id="1604" dir="0" index="0" bw="4" slack="0"/>
<pin id="1605" dir="1" index="1" bw="4" slack="0"/>
</pin_list>
<bind>
<opset="add_ln691_1685 "/>
</bind>
</comp>

<comp id="1614" class="1005" name="zext_ln1497_reg_1614">
<pin_list>
<pin id="1615" dir="0" index="0" bw="256" slack="1"/>
<pin id="1616" dir="1" index="1" bw="256" slack="1"/>
</pin_list>
<bind>
<opset="zext_ln1497 "/>
</bind>
</comp>

</comp_list>

<net_list>
<net id="153"><net_src comp="4" pin="0"/><net_sink comp="150" pin=0"/></net>

<net id="157"><net_src comp="4" pin="0"/><net_sink comp="154" pin=0"/></net>

<net id="161"><net_src comp="4" pin="0"/><net_sink comp="158" pin=0"/></net>

<net id="165"><net_src comp="4" pin="0"/><net_sink comp="162" pin=0"/></net>

<net id="169"><net_src comp="4" pin="0"/><net_sink comp="166" pin=0"/></net>

<net id="173"><net_src comp="4" pin="0"/><net_sink comp="170" pin=0"/></net>

<net id="177"><net_src comp="4" pin="0"/><net_sink comp="174" pin=0"/></net>

<net id="181"><net_src comp="4" pin="0"/><net_sink comp="178" pin=0"/></net>

<net id="185"><net_src comp="4" pin="0"/><net_sink comp="182" pin=0"/></net>

<net id="189"><net_src comp="4" pin="0"/><net_sink comp="186" pin=0"/></net>

<net id="193"><net_src comp="4" pin="0"/><net_sink comp="190" pin=0"/></net>

<net id="197"><net_src comp="4" pin="0"/><net_sink comp="194" pin=0"/></net>

<net id="201"><net_src comp="4" pin="0"/><net_sink comp="198" pin=0"/></net>

<net id="205"><net_src comp="4" pin="0"/><net_sink comp="202" pin=0"/></net>

<net id="209"><net_src comp="4" pin="0"/><net_sink comp="206" pin=0"/></net>

<net id="213"><net_src comp="4" pin="0"/><net_sink comp="210" pin=0"/></net>

<net id="217"><net_src comp="22" pin="0"/><net_sink comp="214" pin=0"/></net>

<net id="221"><net_src comp="22" pin="0"/><net_sink comp="218" pin=0"/></net>

<net id="225"><net_src comp="4" pin="0"/><net_sink comp="222" pin=0"/></net>

<net id="229"><net_src comp="4" pin="0"/><net_sink comp="226" pin=0"/></net>

<net id="233"><net_src comp="4" pin="0"/><net_sink comp="230" pin=0"/></net>

<net id="237"><net_src comp="4" pin="0"/><net_sink comp="234" pin=0"/></net>

<net id="241"><net_src comp="4" pin="0"/><net_sink comp="238" pin=0"/></net>

<net id="245"><net_src comp="4" pin="0"/><net_sink comp="242" pin=0"/></net>

<net id="249"><net_src comp="4" pin="0"/><net_sink comp="246" pin=0"/></net>

<net id="253"><net_src comp="4" pin="0"/><net_sink comp="250" pin=0"/></net>

<net id="258"><net_src comp="74" pin="0"/><net_sink comp="254" pin=0"/></net>

<net id="259"><net_src comp="0" pin="0"/><net_sink comp="254" pin=1"/></net>

<net id="265"><net_src comp="126" pin="0"/><net_sink comp="260" pin=0"/></net>

<net id="266"><net_src comp="2" pin="0"/><net_sink comp="260" pin=1"/></net>

<net id="272"><net_src comp="76" pin="0"/><net_sink comp="267" pin=1"/></net>

<net id="278"><net_src comp="254" pin="2"/><net_sink comp="273" pin=1"/></net>

<net id="279"><net_src comp="267" pin="3"/><net_sink comp="273" pin=0"/></net>

<net id="285"><net_src comp="76" pin="0"/><net_sink comp="280" pin=1"/></net>

<net id="291"><net_src comp="280" pin="3"/><net_sink comp="286" pin=0"/></net>

<net id="297"><net_src comp="76" pin="0"/><net_sink comp="292" pin=1"/></net>

<net id="298"><net_src comp="292" pin="3"/><net_sink comp="273" pin=0"/></net>

<net id="304"><net_src comp="76" pin="0"/><net_sink comp="299" pin=1"/></net>

<net id="305"><net_src comp="254" pin="2"/><net_sink comp="286" pin=1"/></net>

<net id="306"><net_src comp="299" pin="3"/><net_sink comp="286" pin=0"/></net>

<net id="312"><net_src comp="76" pin="0"/><net_sink comp="307" pin=1"/></net>

<net id="313"><net_src comp="307" pin="3"/><net_sink comp="286" pin=0"/></net>

<net id="317"><net_src comp="24" pin="0"/><net_sink comp="314" pin=0"/></net>

<net id="324"><net_src comp="314" pin="1"/><net_sink comp="318" pin=0"/></net>

<net id="328"><net_src comp="26" pin="0"/><net_sink comp="325" pin=0"/></net>

<net id="329"><net_src comp="28" pin="0"/><net_sink comp="325" pin=0"/></net>

<net id="336"><net_src comp="325" pin="1"/><net_sink comp="330" pin=0"/></net>

<net id="337"><net_src comp="325" pin="1"/><net_sink comp="330" pin=2"/></net>

<net id="338"><net_src comp="330" pin="4"/><net_sink comp="325" pin=0"/></net>

<net id="342"><net_src comp="24" pin="0"/><net_sink comp="339" pin=0"/></net>

<net id="349"><net_src comp="339" pin="1"/><net_sink comp="343" pin=0"/></net>

<net id="353"><net_src comp="28" pin="0"/><net_sink comp="350" pin=0"/></net>

<net id="360"><net_src comp="325" pin="1"/><net_sink comp="354" pin=0"/></net>

<net id="361"><net_src comp="350" pin="1"/><net_sink comp="354" pin=2"/></net>

<net id="362"><net_src comp="354" pin="4"/><net_sink comp="350" pin=0"/></net>

<net id="366"><net_src comp="28" pin="0"/><net_sink comp="363" pin=0"/></net>

<net id="373"><net_src comp="350" pin="1"/><net_sink comp="367" pin=0"/></net>

<net id="374"><net_src comp="363" pin="1"/><net_sink comp="367" pin=2"/></net>

<net id="375"><net_src comp="367" pin="4"/><net_sink comp="363" pin=0"/></net>

<net id="379"><net_src comp="26" pin="0"/><net_sink comp="376" pin=0"/></net>

<net id="386"><net_src comp="376" pin="1"/><net_sink comp="380" pin=0"/></net>

<net id="387"><net_src comp="380" pin="4"/><net_sink comp="376" pin=0"/></net>

<net id="391"><net_src comp="54" pin="0"/><net_sink comp="388" pin=0"/></net>

<net id="398"><net_src comp="388" pin="1"/><net_sink comp="392" pin=0"/></net>

<net id="402"><net_src comp="64" pin="0"/><net_sink comp="399" pin=0"/></net>

<net id="409"><net_src comp="399" pin="1"/><net_sink comp="403" pin=2"/></net>

<net id="413"><net_src comp="64" pin="0"/><net_sink comp="410" pin=0"/></net>

<net id="420"><net_src comp="410" pin="1"/><net_sink comp="414" pin=2"/></net>

<net id="424"><net_src comp="64" pin="0"/><net_sink comp="421" pin=0"/></net>

<net id="431"><net_src comp="421" pin="1"/><net_sink comp="425" pin=2"/></net>

<net id="435"><net_src comp="80" pin="0"/><net_sink comp="432" pin=0"/></net>

<net id="442"><net_src comp="432" pin="1"/><net_sink comp="436" pin=0"/></net>

<net id="446"><net_src comp="90" pin="0"/><net_sink comp="443" pin=0"/></net>

<net id="453"><net_src comp="443" pin="1"/><net_sink comp="447" pin=0"/></net>

<net id="457"><net_src comp="100" pin="0"/><net_sink comp="454" pin=0"/></net>

<net id="464"><net_src comp="454" pin="1"/><net_sink comp="458" pin=0"/></net>

<net id="468"><net_src comp="90" pin="0"/><net_sink comp="465" pin=0"/></net>

<net id="475"><net_src comp="465" pin="1"/><net_sink comp="469" pin=0"/></net>

<net id="488"><net_src comp="64" pin="0"/><net_sink comp="485" pin=0"/></net>

<net id="495"><net_src comp="485" pin="1"/><net_sink comp="489" pin=2"/></net>

<net id="499"><net_src comp="80" pin="0"/><net_sink comp="496" pin=0"/></net>

<net id="506"><net_src comp="496" pin="1"/><net_sink comp="500" pin=0"/></net>

<net id="510"><net_src comp="90" pin="0"/><net_sink comp="507" pin=0"/></net>

<net id="517"><net_src comp="507" pin="1"/><net_sink comp="511" pin=0"/></net>

<net id="521"><net_src comp="100" pin="0"/><net_sink comp="518" pin=0"/></net>

<net id="528"><net_src comp="518" pin="1"/><net_sink comp="522" pin=0"/></net>

<net id="532"><net_src comp="90" pin="0"/><net_sink comp="529" pin=0"/></net>

<net id="539"><net_src comp="529" pin="1"/><net_sink comp="533" pin=0"/></net>

<net id="552"><net_src comp="64" pin="0"/><net_sink comp="549" pin=0"/></net>

<net id="559"><net_src comp="549" pin="1"/><net_sink comp="553" pin=2"/></net>

<net id="563"><net_src comp="80" pin="0"/><net_sink comp="560" pin=0"/></net>

<net id="570"><net_src comp="560" pin="1"/><net_sink comp="564" pin=0"/></net>

<net id="574"><net_src comp="90" pin="0"/><net_sink comp="571" pin=0"/></net>

<net id="581"><net_src comp="571" pin="1"/><net_sink comp="575" pin=0"/></net>

<net id="585"><net_src comp="100" pin="0"/><net_sink comp="582" pin=0"/></net>

<net id="592"><net_src comp="582" pin="1"/><net_sink comp="586" pin=0"/></net>

<net id="596"><net_src comp="90" pin="0"/><net_sink comp="593" pin=0"/></net>

<net id="603"><net_src comp="593" pin="1"/><net_sink comp="597" pin=0"/></net>

<net id="613"><net_src comp="607" pin="4"/><net_sink comp="604" pin=0"/></net>

<net id="617"><net_src comp="286" pin="3"/><net_sink comp="614" pin=0"/></net>

<net id="618"><net_src comp="614" pin="1"/><net_sink comp="479" pin=0"/></net>

<net id="619"><net_src comp="614" pin="1"/><net_sink comp="607" pin=0"/></net>

<net id="624"><net_src comp="318" pin="4"/><net_sink comp="620" pin=0"/></net>

<net id="625"><net_src comp="30" pin="0"/><net_sink comp="620" pin=1"/></net>

<net id="630"><net_src comp="318" pin="4"/><net_sink comp="626" pin=0"/></net>

<net id="631"><net_src comp="32" pin="0"/><net_sink comp="626" pin=1"/></net>

<net id="636"><net_src comp="343" pin="4"/><net_sink comp="632" pin=0"/></net>

<net id="637"><net_src comp="30" pin="0"/><net_sink comp="632" pin=1"/></net>

<net id="642"><net_src comp="343" pin="4"/><net_sink comp="638" pin=0"/></net>

<net id="643"><net_src comp="42" pin="0"/><net_sink comp="638" pin=1"/></net>

<net id="649"><net_src comp="48" pin="0"/><net_sink comp="644" pin=0"/></net>

<net id="650"><net_src comp="343" pin="4"/><net_sink comp="644" pin=1"/></net>

<net id="651"><net_src comp="24" pin="0"/><net_sink comp="644" pin=2"/></net>

<net id="656"><net_src comp="50" pin="0"/><net_sink comp="652" pin=0"/></net>

<net id="657"><net_src comp="644" pin="3"/><net_sink comp="652" pin=1"/></net>

<net id="662"><net_src comp="652" pin="2"/><net_sink comp="658" pin=0"/></net>

<net id="663"><net_src comp="52" pin="0"/><net_sink comp="658" pin=1"/></net>

<net id="668"><net_src comp="392" pin="4"/><net_sink comp="664" pin=0"/></net>

<net id="669"><net_src comp="56" pin="0"/><net_sink comp="664" pin=1"/></net>

<net id="674"><net_src comp="392" pin="4"/><net_sink comp="670" pin=0"/></net>

<net id="675"><net_src comp="58" pin="0"/><net_sink comp="670" pin=1"/></net>

<net id="680"><net_src comp="403" pin="4"/><net_sink comp="676" pin=0"/></net>

<net id="681"><net_src comp="66" pin="0"/><net_sink comp="676" pin=1"/></net>

<net id="685"><net_src comp="403" pin="4"/><net_sink comp="682" pin=0"/></net>

<net id="686"><net_src comp="682" pin="1"/><net_sink comp="267" pin=2"/></net>

<net id="691"><net_src comp="403" pin="4"/><net_sink comp="687" pin=0"/></net>

<net id="692"><net_src comp="68" pin="0"/><net_sink comp="687" pin=1"/></net>

<net id="697"><net_src comp="414" pin="4"/><net_sink comp="693" pin=0"/></net>

<net id="698"><net_src comp="66" pin="0"/><net_sink comp="693" pin=1"/></net>

<net id="702"><net_src comp="414" pin="4"/><net_sink comp="699" pin=0"/></net>

<net id="703"><net_src comp="699" pin="1"/><net_sink comp="280" pin=2"/></net>

<net id="708"><net_src comp="414" pin="4"/><net_sink comp="704" pin=0"/></net>

<net id="709"><net_src comp="68" pin="0"/><net_sink comp="704" pin=1"/></net>

<net id="714"><net_src comp="425" pin="4"/><net_sink comp="710" pin=0"/></net>

<net id="715"><net_src comp="66" pin="0"/><net_sink comp="710" pin=1"/></net>

<net id="719"><net_src comp="425" pin="4"/><net_sink comp="716" pin=0"/></net>

<net id="720"><net_src comp="716" pin="1"/><net_sink comp="292" pin=2"/></net>

<net id="725"><net_src comp="425" pin="4"/><net_sink comp="721" pin=0"/></net>

<net id="726"><net_src comp="68" pin="0"/><net_sink comp="721" pin=1"/></net>

<net id="731"><net_src comp="376" pin="1"/><net_sink comp="727" pin=0"/></net>

<net id="732"><net_src comp="28" pin="0"/><net_sink comp="727" pin=1"/></net>

<net id="737"><net_src comp="436" pin="4"/><net_sink comp="733" pin=0"/></net>

<net id="738"><net_src comp="82" pin="0"/><net_sink comp="733" pin=1"/></net>

<net id="743"><net_src comp="436" pin="4"/><net_sink comp="739" pin=0"/></net>

<net id="744"><net_src comp="84" pin="0"/><net_sink comp="739" pin=1"/></net>

<net id="749"><net_src comp="447" pin="4"/><net_sink comp="745" pin=0"/></net>

<net id="750"><net_src comp="92" pin="0"/><net_sink comp="745" pin=1"/></net>

<net id="755"><net_src comp="447" pin="4"/><net_sink comp="751" pin=0"/></net>

<net id="756"><net_src comp="94" pin="0"/><net_sink comp="751" pin=1"/></net>

<net id="760"><net_src comp="447" pin="4"/><net_sink comp="757" pin=0"/></net>

<net id="765"><net_src comp="458" pin="4"/><net_sink comp="761" pin=0"/></net>

<net id="766"><net_src comp="102" pin="0"/><net_sink comp="761" pin=1"/></net>

<net id="771"><net_src comp="458" pin="4"/><net_sink comp="767" pin=0"/></net>

<net id="772"><net_src comp="104" pin="0"/><net_sink comp="767" pin=1"/></net>

<net id="777"><net_src comp="469" pin="4"/><net_sink comp="773" pin=0"/></net>

<net id="778"><net_src comp="92" pin="0"/><net_sink comp="773" pin=1"/></net>

<net id="783"><net_src comp="469" pin="4"/><net_sink comp="779" pin=0"/></net>

<net id="784"><net_src comp="94" pin="0"/><net_sink comp="779" pin=1"/></net>

<net id="788"><net_src comp="479" pin="4"/><net_sink comp="785" pin=0"/></net>

<net id="792"><net_src comp="469" pin="4"/><net_sink comp="789" pin=0"/></net>

<net id="797"><net_src comp="785" pin="1"/><net_sink comp="793" pin=0"/></net>

<net id="802"><net_src comp="785" pin="1"/><net_sink comp="798" pin=0"/></net>

<net id="807"><net_src comp="785" pin="1"/><net_sink comp="803" pin=0"/></net>

<net id="812"><net_src comp="785" pin="1"/><net_sink comp="808" pin=0"/></net>

<net id="817"><net_src comp="785" pin="1"/><net_sink comp="813" pin=0"/></net>

<net id="822"><net_src comp="785" pin="1"/><net_sink comp="818" pin=0"/></net>

<net id="827"><net_src comp="785" pin="1"/><net_sink comp="823" pin=0"/></net>

<net id="832"><net_src comp="785" pin="1"/><net_sink comp="828" pin=0"/></net>

<net id="839"><net_src comp="118" pin="0"/><net_sink comp="833" pin=0"/></net>

<net id="840"><net_src comp="479" pin="4"/><net_sink comp="833" pin=1"/></net>

<net id="841"><net_src comp="120" pin="0"/><net_sink comp="833" pin=2"/></net>

<net id="842"><net_src comp="122" pin="0"/><net_sink comp="833" pin=3"/></net>

<net id="846"><net_src comp="833" pin="4"/><net_sink comp="843" pin=0"/></net>

<net id="883"><net_src comp="124" pin="0"/><net_sink comp="871" pin=0"/></net>

<net id="884"><net_src comp="847" pin="1"/><net_sink comp="871" pin=1"/></net>

<net id="885"><net_src comp="850" pin="1"/><net_sink comp="871" pin=2"/></net>

<net id="886"><net_src comp="853" pin="1"/><net_sink comp="871" pin=3"/></net>

<net id="887"><net_src comp="856" pin="1"/><net_sink comp="871" pin=4"/></net>

<net id="888"><net_src comp="859" pin="1"/><net_sink comp="871" pin=5"/></net>

<net id="889"><net_src comp="862" pin="1"/><net_sink comp="871" pin=6"/></net>

<net id="890"><net_src comp="865" pin="1"/><net_sink comp="871" pin=7"/></net>

<net id="891"><net_src comp="868" pin="1"/><net_sink comp="871" pin=8"/></net>

<net id="892"><net_src comp="871" pin="10"/><net_sink comp="260" pin=2"/></net>

<net id="897"><net_src comp="489" pin="4"/><net_sink comp="893" pin=0"/></net>

<net id="898"><net_src comp="66" pin="0"/><net_sink comp="893" pin=1"/></net>

<net id="902"><net_src comp="489" pin="4"/><net_sink comp="899" pin=0"/></net>

<net id="903"><net_src comp="899" pin="1"/><net_sink comp="299" pin=2"/></net>

<net id="908"><net_src comp="489" pin="4"/><net_sink comp="904" pin=0"/></net>

<net id="909"><net_src comp="68" pin="0"/><net_sink comp="904" pin=1"/></net>

<net id="914"><net_src comp="500" pin="4"/><net_sink comp="910" pin=0"/></net>

<net id="915"><net_src comp="82" pin="0"/><net_sink comp="910" pin=1"/></net>

<net id="920"><net_src comp="500" pin="4"/><net_sink comp="916" pin=0"/></net>

<net id="921"><net_src comp="84" pin="0"/><net_sink comp="916" pin=1"/></net>

<net id="926"><net_src comp="511" pin="4"/><net_sink comp="922" pin=0"/></net>

<net id="927"><net_src comp="92" pin="0"/><net_sink comp="922" pin=1"/></net>

<net id="932"><net_src comp="511" pin="4"/><net_sink comp="928" pin=0"/></net>

<net id="933"><net_src comp="94" pin="0"/><net_sink comp="928" pin=1"/></net>

<net id="937"><net_src comp="511" pin="4"/><net_sink comp="934" pin=0"/></net>

<net id="942"><net_src comp="522" pin="4"/><net_sink comp="938" pin=0"/></net>

<net id="943"><net_src comp="102" pin="0"/><net_sink comp="938" pin=1"/></net>

<net id="948"><net_src comp="522" pin="4"/><net_sink comp="944" pin=0"/></net>

<net id="949"><net_src comp="104" pin="0"/><net_sink comp="944" pin=1"/></net>

<net id="954"><net_src comp="533" pin="4"/><net_sink comp="950" pin=0"/></net>

<net id="955"><net_src comp="92" pin="0"/><net_sink comp="950" pin=1"/></net>

<net id="960"><net_src comp="533" pin="4"/><net_sink comp="956" pin=0"/></net>

<net id="961"><net_src comp="94" pin="0"/><net_sink comp="956" pin=1"/></net>

<net id="965"><net_src comp="543" pin="4"/><net_sink comp="962" pin=0"/></net>

<net id="969"><net_src comp="533" pin="4"/><net_sink comp="966" pin=0"/></net>

<net id="974"><net_src comp="962" pin="1"/><net_sink comp="970" pin=0"/></net>

<net id="979"><net_src comp="962" pin="1"/><net_sink comp="975" pin=0"/></net>

<net id="984"><net_src comp="962" pin="1"/><net_sink comp="980" pin=0"/></net>

<net id="989"><net_src comp="962" pin="1"/><net_sink comp="985" pin=0"/></net>

<net id="994"><net_src comp="962" pin="1"/><net_sink comp="990" pin=0"/></net>

<net id="999"><net_src comp="962" pin="1"/><net_sink comp="995" pin=0"/></net>

<net id="1004"><net_src comp="962" pin="1"/><net_sink comp="1000" pin=0"/></net>

<net id="1009"><net_src comp="962" pin="1"/><net_sink comp="1005" pin=0"/></net>

<net id="1016"><net_src comp="118" pin="0"/><net_sink comp="1010" pin=0"/></net>

<net id="1017"><net_src comp="543" pin="4"/><net_sink comp="1010" pin=1"/></net>

<net id="1018"><net_src comp="120" pin="0"/><net_sink comp="1010" pin=2"/></net>

<net id="1019"><net_src comp="122" pin="0"/><net_sink comp="1010" pin=3"/></net>

<net id="1023"><net_src comp="1010" pin="4"/><net_sink comp="1020" pin=0"/></net>

<net id="1060"><net_src comp="124" pin="0"/><net_sink comp="1048" pin=0"/></net>

<net id="1061"><net_src comp="1024" pin="1"/><net_sink comp="1048" pin=1"/></net>

<net id="1062"><net_src comp="1027" pin="1"/><net_sink comp="1048" pin=2"/></net>

<net id="1063"><net_src comp="1030" pin="1"/><net_sink comp="1048" pin=3"/></net>

<net id="1064"><net_src comp="1033" pin="1"/><net_sink comp="1048" pin=4"/></net>

<net id="1065"><net_src comp="1036" pin="1"/><net_sink comp="1048" pin=5"/></net>

<net id="1066"><net_src comp="1039" pin="1"/><net_sink comp="1048" pin=6"/></net>

<net id="1067"><net_src comp="1042" pin="1"/><net_sink comp="1048" pin=7"/></net>

<net id="1068"><net_src comp="1045" pin="1"/><net_sink comp="1048" pin=8"/></net>

<net id="1069"><net_src comp="1048" pin="10"/><net_sink comp="260" pin=2"/></net>

<net id="1074"><net_src comp="553" pin="4"/><net_sink comp="1070" pin=0"/></net>

<net id="1075"><net_src comp="66" pin="0"/><net_sink comp="1070" pin=1"/></net>

<net id="1079"><net_src comp="553" pin="4"/><net_sink comp="1076" pin=0"/></net>

<net id="1080"><net_src comp="1076" pin="1"/><net_sink comp="307" pin=2"/></net>

<net id="1085"><net_src comp="553" pin="4"/><net_sink comp="1081" pin=0"/></net>

<net id="1086"><net_src comp="68" pin="0"/><net_sink comp="1081" pin=1"/></net>

<net id="1091"><net_src comp="564" pin="4"/><net_sink comp="1087" pin=0"/></net>

<net id="1092"><net_src comp="82" pin="0"/><net_sink comp="1087" pin=1"/></net>

<net id="1097"><net_src comp="564" pin="4"/><net_sink comp="1093" pin=0"/></net>

<net id="1098"><net_src comp="84" pin="0"/><net_sink comp="1093" pin=1"/></net>

<net id="1103"><net_src comp="575" pin="4"/><net_sink comp="1099" pin=0"/></net>

<net id="1104"><net_src comp="92" pin="0"/><net_sink comp="1099" pin=1"/></net>

<net id="1109"><net_src comp="575" pin="4"/><net_sink comp="1105" pin=0"/></net>

<net id="1110"><net_src comp="94" pin="0"/><net_sink comp="1105" pin=1"/></net>

<net id="1114"><net_src comp="575" pin="4"/><net_sink comp="1111" pin=0"/></net>

<net id="1119"><net_src comp="586" pin="4"/><net_sink comp="1115" pin=0"/></net>

<net id="1120"><net_src comp="102" pin="0"/><net_sink comp="1115" pin=1"/></net>

<net id="1125"><net_src comp="586" pin="4"/><net_sink comp="1121" pin=0"/></net>

<net id="1126"><net_src comp="104" pin="0"/><net_sink comp="1121" pin=1"/></net>

<net id="1131"><net_src comp="597" pin="4"/><net_sink comp="1127" pin=0"/></net>

<net id="1132"><net_src comp="92" pin="0"/><net_sink comp="1127" pin=1"/></net>

<net id="1137"><net_src comp="597" pin="4"/><net_sink comp="1133" pin=0"/></net>

<net id="1138"><net_src comp="94" pin="0"/><net_sink comp="1133" pin=1"/></net>

<net id="1142"><net_src comp="607" pin="4"/><net_sink comp="1139" pin=0"/></net>

<net id="1146"><net_src comp="597" pin="4"/><net_sink comp="1143" pin=0"/></net>

<net id="1151"><net_src comp="1139" pin="1"/><net_sink comp="1147" pin=0"/></net>

<net id="1156"><net_src comp="1139" pin="1"/><net_sink comp="1152" pin=0"/></net>

<net id="1161"><net_src comp="1139" pin="1"/><net_sink comp="1157" pin=0"/></net>

<net id="1166"><net_src comp="1139" pin="1"/><net_sink comp="1162" pin=0"/></net>

<net id="1171"><net_src comp="1139" pin="1"/><net_sink comp="1167" pin=0"/></net>

<net id="1176"><net_src comp="1139" pin="1"/><net_sink comp="1172" pin=0"/></net>

<net id="1181"><net_src comp="1139" pin="1"/><net_sink comp="1177" pin=0"/></net>

<net id="1186"><net_src comp="1139" pin="1"/><net_sink comp="1182" pin=0"/></net>

<net id="1223"><net_src comp="124" pin="0"/><net_sink comp="1211" pin=0"/></net>

<net id="1224"><net_src comp="1187" pin="1"/><net_sink comp="1211" pin=1"/></net>

<net id="1225"><net_src comp="1190" pin="1"/><net_sink comp="1211" pin=2"/></net>

<net id="1226"><net_src comp="1193" pin="1"/><net_sink comp="1211" pin=3"/></net>

<net id="1227"><net_src comp="1196" pin="1"/><net_sink comp="1211" pin=4"/></net>

<net id="1228"><net_src comp="1199" pin="1"/><net_sink comp="1211" pin=5"/></net>

<net id="1229"><net_src comp="1202" pin="1"/><net_sink comp="1211" pin=6"/></net>

<net id="1230"><net_src comp="1205" pin="1"/><net_sink comp="1211" pin=7"/></net>

<net id="1231"><net_src comp="1208" pin="1"/><net_sink comp="1211" pin=8"/></net>

<net id="1232"><net_src comp="1211" pin="10"/><net_sink comp="260" pin=2"/></net>

<net id="1239"><net_src comp="118" pin="0"/><net_sink comp="1233" pin=0"/></net>

<net id="1240"><net_src comp="604" pin="1"/><net_sink comp="1233" pin=1"/></net>

<net id="1241"><net_src comp="120" pin="0"/><net_sink comp="1233" pin=2"/></net>

<net id="1242"><net_src comp="122" pin="0"/><net_sink comp="1233" pin=3"/></net>

<net id="1246"><net_src comp="1233" pin="4"/><net_sink comp="1243" pin=0"/></net>

<net id="1250"><net_src comp="150" pin="1"/><net_sink comp="1247" pin=0"/></net>

<net id="1251"><net_src comp="1247" pin="1"/><net_sink comp="823" pin=1"/></net>

<net id="1252"><net_src comp="1247" pin="1"/><net_sink comp="847" pin=0"/></net>

<net id="1256"><net_src comp="154" pin="1"/><net_sink comp="1253" pin=0"/></net>

<net id="1257"><net_src comp="1253" pin="1"/><net_sink comp="818" pin=1"/></net>

<net id="1258"><net_src comp="1253" pin="1"/><net_sink comp="850" pin=0"/></net>

<net id="1262"><net_src comp="158" pin="1"/><net_sink comp="1259" pin=0"/></net>

<net id="1263"><net_src comp="1259" pin="1"/><net_sink comp="813" pin=1"/></net>

<net id="1264"><net_src comp="1259" pin="1"/><net_sink comp="853" pin=0"/></net>

<net id="1268"><net_src comp="162" pin="1"/><net_sink comp="1265" pin=0"/></net>

<net id="1269"><net_src comp="1265" pin="1"/><net_sink comp="808" pin=1"/></net>

<net id="1270"><net_src comp="1265" pin="1"/><net_sink comp="856" pin=0"/></net>

<net id="1274"><net_src comp="166" pin="1"/><net_sink comp="1271" pin=0"/></net>

<net id="1275"><net_src comp="1271" pin="1"/><net_sink comp="803" pin=1"/></net>

<net id="1276"><net_src comp="1271" pin="1"/><net_sink comp="859" pin=0"/></net>

<net id="1280"><net_src comp="170" pin="1"/><net_sink comp="1277" pin=0"/></net>

<net id="1281"><net_src comp="1277" pin="1"/><net_sink comp="798" pin=1"/></net>

<net id="1282"><net_src comp="1277" pin="1"/><net_sink comp="862" pin=0"/></net>

<net id="1286"><net_src comp="174" pin="1"/><net_sink comp="1283" pin=0"/></net>

<net id="1287"><net_src comp="1283" pin="1"/><net_sink comp="793" pin=1"/></net>

<net id="1288"><net_src comp="1283" pin="1"/><net_sink comp="865" pin=0"/></net>

<net id="1292"><net_src comp="178" pin="1"/><net_sink comp="1289" pin=0"/></net>

<net id="1293"><net_src comp="1289" pin="1"/><net_sink comp="828" pin=1"/></net>

<net id="1294"><net_src comp="1289" pin="1"/><net_sink comp="868" pin=0"/></net>

<net id="1298"><net_src comp="182" pin="1"/><net_sink comp="1295" pin=0"/></net>

<net id="1299"><net_src comp="1295" pin="1"/><net_sink comp="1000" pin=1"/></net>

<net id="1300"><net_src comp="1295" pin="1"/><net_sink comp="1024" pin=0"/></net>

<net id="1304"><net_src comp="186" pin="1"/><net_sink comp="1301" pin=0"/></net>

<net id="1305"><net_src comp="1301" pin="1"/><net_sink comp="995" pin=1"/></net>

<net id="1306"><net_src comp="1301" pin="1"/><net_sink comp="1027" pin=0"/></net>

<net id="1310"><net_src comp="190" pin="1"/><net_sink comp="1307" pin=0"/></net>

<net id="1311"><net_src comp="1307" pin="1"/><net_sink comp="990" pin=1"/></net>

<net id="1312"><net_src comp="1307" pin="1"/><net_sink comp="1030" pin=0"/></net>

<net id="1316"><net_src comp="194" pin="1"/><net_sink comp="1313" pin=0"/></net>

<net id="1317"><net_src comp="1313" pin="1"/><net_sink comp="985" pin=1"/></net>

<net id="1318"><net_src comp="1313" pin="1"/><net_sink comp="1033" pin=0"/></net>

<net id="1322"><net_src comp="198" pin="1"/><net_sink comp="1319" pin=0"/></net>

<net id="1323"><net_src comp="1319" pin="1"/><net_sink comp="980" pin=1"/></net>

<net id="1324"><net_src comp="1319" pin="1"/><net_sink comp="1036" pin=0"/></net>

<net id="1328"><net_src comp="202" pin="1"/><net_sink comp="1325" pin=0"/></net>

<net id="1329"><net_src comp="1325" pin="1"/><net_sink comp="975" pin=1"/></net>

<net id="1330"><net_src comp="1325" pin="1"/><net_sink comp="1039" pin=0"/></net>

<net id="1334"><net_src comp="206" pin="1"/><net_sink comp="1331" pin=0"/></net>

<net id="1335"><net_src comp="1331" pin="1"/><net_sink comp="970" pin=1"/></net>

<net id="1336"><net_src comp="1331" pin="1"/><net_sink comp="1042" pin=0"/></net>

<net id="1340"><net_src comp="210" pin="1"/><net_sink comp="1337" pin=0"/></net>

<net id="1341"><net_src comp="1337" pin="1"/><net_sink comp="1005" pin=1"/></net>

<net id="1342"><net_src comp="1337" pin="1"/><net_sink comp="1045" pin=0"/></net>

<net id="1346"><net_src comp="620" pin="2"/><net_sink comp="1343" pin=0"/></net>

<net id="1347"><net_src comp="1343" pin="1"/><net_sink comp="318" pin=2"/></net>

<net id="1354"><net_src comp="222" pin="1"/><net_sink comp="1351" pin=0"/></net>

<net id="1355"><net_src comp="1351" pin="1"/><net_sink comp="1177" pin=1"/></net>

<net id="1356"><net_src comp="1351" pin="1"/><net_sink comp="1187" pin=0"/></net>

<net id="1360"><net_src comp="226" pin="1"/><net_sink comp="1357" pin=0"/></net>

<net id="1361"><net_src comp="1357" pin="1"/><net_sink comp="1172" pin=1"/></net>

<net id="1362"><net_src comp="1357" pin="1"/><net_sink comp="1190" pin=0"/></net>

<net id="1366"><net_src comp="230" pin="1"/><net_sink comp="1363" pin=0"/></net>

<net id="1367"><net_src comp="1363" pin="1"/><net_sink comp="1167" pin=1"/></net>

<net id="1368"><net_src comp="1363" pin="1"/><net_sink comp="1193" pin=0"/></net>

<net id="1372"><net_src comp="234" pin="1"/><net_sink comp="1369" pin=0"/></net>

<net id="1373"><net_src comp="1369" pin="1"/><net_sink comp="1162" pin=1"/></net>

<net id="1374"><net_src comp="1369" pin="1"/><net_sink comp="1196" pin=0"/></net>

<net id="1378"><net_src comp="238" pin="1"/><net_sink comp="1375" pin=0"/></net>

<net id="1379"><net_src comp="1375" pin="1"/><net_sink comp="1157" pin=1"/></net>

<net id="1380"><net_src comp="1375" pin="1"/><net_sink comp="1199" pin=0"/></net>

<net id="1384"><net_src comp="242" pin="1"/><net_sink comp="1381" pin=0"/></net>

<net id="1385"><net_src comp="1381" pin="1"/><net_sink comp="1152" pin=1"/></net>

<net id="1386"><net_src comp="1381" pin="1"/><net_sink comp="1202" pin=0"/></net>

<net id="1390"><net_src comp="246" pin="1"/><net_sink comp="1387" pin=0"/></net>

<net id="1391"><net_src comp="1387" pin="1"/><net_sink comp="1147" pin=1"/></net>

<net id="1392"><net_src comp="1387" pin="1"/><net_sink comp="1205" pin=0"/></net>

<net id="1396"><net_src comp="250" pin="1"/><net_sink comp="1393" pin=0"/></net>

<net id="1397"><net_src comp="1393" pin="1"/><net_sink comp="1182" pin=1"/></net>

<net id="1398"><net_src comp="1393" pin="1"/><net_sink comp="1208" pin=0"/></net>

<net id="1402"><net_src comp="632" pin="2"/><net_sink comp="1399" pin=0"/></net>

<net id="1403"><net_src comp="1399" pin="1"/><net_sink comp="343" pin=2"/></net>

<net id="1410"><net_src comp="658" pin="2"/><net_sink comp="1407" pin=0"/></net>

<net id="1414"><net_src comp="664" pin="2"/><net_sink comp="1411" pin=0"/></net>

<net id="1415"><net_src comp="1411" pin="1"/><net_sink comp="392" pin=2"/></net>

<net id="1422"><net_src comp="676" pin="2"/><net_sink comp="1419" pin=0"/></net>

<net id="1423"><net_src comp="1419" pin="1"/><net_sink comp="403" pin=0"/></net>

<net id="1430"><net_src comp="693" pin="2"/><net_sink comp="1427" pin=0"/></net>

<net id="1431"><net_src comp="1427" pin="1"/><net_sink comp="414" pin=0"/></net>

<net id="1438"><net_src comp="280" pin="3"/><net_sink comp="1435" pin=0"/></net>

<net id="1439"><net_src comp="1435" pin="1"/><net_sink comp="286" pin=0"/></net>

<net id="1443"><net_src comp="710" pin="2"/><net_sink comp="1440" pin=0"/></net>

<net id="1444"><net_src comp="1440" pin="1"/><net_sink comp="425" pin=0"/></net>

<net id="1451"><net_src comp="292" pin="3"/><net_sink comp="1448" pin=0"/></net>

<net id="1452"><net_src comp="1448" pin="1"/><net_sink comp="273" pin=0"/></net>

<net id="1456"><net_src comp="727" pin="2"/><net_sink comp="1453" pin=0"/></net>

<net id="1457"><net_src comp="1453" pin="1"/><net_sink comp="380" pin=2"/></net>

<net id="1461"><net_src comp="733" pin="2"/><net_sink comp="1458" pin=0"/></net>

<net id="1462"><net_src comp="1458" pin="1"/><net_sink comp="436" pin=2"/></net>

<net id="1469"><net_src comp="745" pin="2"/><net_sink comp="1466" pin=0"/></net>

<net id="1470"><net_src comp="1466" pin="1"/><net_sink comp="447" pin=2"/></net>

<net id="1477"><net_src comp="757" pin="1"/><net_sink comp="1474" pin=0"/></net>

<net id="1478"><net_src comp="1474" pin="1"/><net_sink comp="871" pin=9"/></net>

<net id="1482"><net_src comp="761" pin="2"/><net_sink comp="1479" pin=0"/></net>

<net id="1483"><net_src comp="1479" pin="1"/><net_sink comp="458" pin=2"/></net>

<net id="1490"><net_src comp="773" pin="2"/><net_sink comp="1487" pin=0"/></net>

<net id="1491"><net_src comp="1487" pin="1"/><net_sink comp="469" pin=2"/></net>

<net id="1501"><net_src comp="843" pin="1"/><net_sink comp="1498" pin=0"/></net>

<net id="1502"><net_src comp="1498" pin="1"/><net_sink comp="479" pin=2"/></net>

<net id="1506"><net_src comp="893" pin="2"/><net_sink comp="1503" pin=0"/></net>

<net id="1507"><net_src comp="1503" pin="1"/><net_sink comp="489" pin=0"/></net>

<net id="1514"><net_src comp="273" pin="3"/><net_sink comp="1511" pin=0"/></net>

<net id="1515"><net_src comp="1511" pin="1"/><net_sink comp="543" pin=0"/></net>

<net id="1519"><net_src comp="910" pin="2"/><net_sink comp="1516" pin=0"/></net>

<net id="1520"><net_src comp="1516" pin="1"/><net_sink comp="500" pin=2"/></net>

<net id="1527"><net_src comp="922" pin="2"/><net_sink comp="1524" pin=0"/></net>

<net id="1528"><net_src comp="1524" pin="1"/><net_sink comp="511" pin=2"/></net>

<net id="1535"><net_src comp="934" pin="1"/><net_sink comp="1532" pin=0"/></net>

<net id="1536"><net_src comp="1532" pin="1"/><net_sink comp="1048" pin=9"/></net>

<net id="1540"><net_src comp="938" pin="2"/><net_sink comp="1537" pin=0"/></net>

<net id="1541"><net_src comp="1537" pin="1"/><net_sink comp="522" pin=2"/></net>

<net id="1548"><net_src comp="950" pin="2"/><net_sink comp="1545" pin=0"/></net>

<net id="1549"><net_src comp="1545" pin="1"/><net_sink comp="533" pin=2"/></net>

<net id="1559"><net_src comp="1020" pin="1"/><net_sink comp="1556" pin=0"/></net>

<net id="1560"><net_src comp="1556" pin="1"/><net_sink comp="543" pin=2"/></net>

<net id="1564"><net_src comp="1070" pin="2"/><net_sink comp="1561" pin=0"/></net>

<net id="1565"><net_src comp="1561" pin="1"/><net_sink comp="553" pin=0"/></net>

<net id="1572"><net_src comp="307" pin="3"/><net_sink comp="1569" pin=0"/></net>

<net id="1573"><net_src comp="1569" pin="1"/><net_sink comp="286" pin=0"/></net>

<net id="1577"><net_src comp="1087" pin="2"/><net_sink comp="1574" pin=0"/></net>

<net id="1578"><net_src comp="1574" pin="1"/><net_sink comp="564" pin=2"/></net>

<net id="1585"><net_src comp="1099" pin="2"/><net_sink comp="1582" pin=0"/></net>

<net id="1586"><net_src comp="1582" pin="1"/><net_sink comp="575" pin=2"/></net>

<net id="1593"><net_src comp="1111" pin="1"/><net_sink comp="1590" pin=0"/></net>

<net id="1594"><net_src comp="1590" pin="1"/><net_sink comp="1211" pin=9"/></net>

<net id="1598"><net_src comp="1115" pin="2"/><net_sink comp="1595" pin=0"/></net>

<net id="1599"><net_src comp="1595" pin="1"/><net_sink comp="586" pin=2"/></net>

<net id="1606"><net_src comp="1127" pin="2"/><net_sink comp="1603" pin=0"/></net>

<net id="1607"><net_src comp="1603" pin="1"/><net_sink comp="597" pin=2"/></net>

<net id="1617"><net_src comp="1243" pin="1"/><net_sink comp="1614" pin=0"/></net>

<net id="1618"><net_src comp="1614" pin="1"/><net_sink comp="607" pin=2"/></net>

</net_list>

</model> 
---------------- Datapath Model END ------------------

* FSMD analyzer results:
  - Output states:
	Port: fifo_B_PE_0_7_x096 | {11 17 23 }
 - Input state : 
	Port: B_IO_L2_in_boundary_x0 : fifo_B_B_IO_L2_in_7_x016 | {5 12 }
  - Chain level:
	State 1
	State 2
		add_ln691 : 1
		icmp_ln890 : 1
		br_ln2789 : 2
	State 3
		add_ln691_1679 : 1
		icmp_ln890_1600 : 1
		br_ln2790 : 2
		p_shl : 1
		add_i_i579_cast : 2
		cmp_i_i565 : 3
	State 4
		c2_V_181 : 1
		icmp_ln2791 : 1
		br_ln2791 : 2
		br_ln2795 : 1
	State 5
		add_ln691_1683 : 1
		zext_ln890_70 : 1
		icmp_ln890_1605 : 1
		br_ln2803 : 2
		local_B_pong_V_0_addr : 2
		store_ln2811 : 3
	State 6
		add_ln691_1688 : 1
		zext_ln890_72 : 1
		icmp_ln890_1607 : 1
		br_ln2822 : 2
		local_B_ping_V_0_addr_4 : 2
		in_data_V_140 : 3
		add_ln691_1687 : 1
		zext_ln890_71 : 1
		icmp_ln890_1606 : 1
		br_ln2878 : 2
		local_B_pong_V_0_addr_2 : 2
		in_data_V_139 : 3
	State 7
	State 8
		add_ln691_1690 : 1
		icmp_ln890_1609 : 1
		br_ln2823 : 2
	State 9
		add_ln691_1692 : 1
		icmp_ln890_1611 : 1
		br_ln2825 : 2
		empty : 1
	State 10
		add_ln691_1694 : 1
		icmp_ln890_1613 : 1
		br_ln2827 : 2
	State 11
		add_ln691_1696 : 1
		icmp_ln878_39 : 1
		br_ln2834 : 2
		data_split_V_0 : 1
		trunc_ln2835 : 1
		switch_ln2835 : 2
		store_ln2835 : 2
		store_ln2835 : 2
		store_ln2835 : 2
		store_ln2835 : 2
		store_ln2835 : 2
		store_ln2835 : 2
		store_ln2835 : 2
		store_ln2835 : 2
		r : 1
		zext_ln1497_36 : 2
		u : 1
		write_ln174 : 2
	State 12
		add_ln691_1682 : 1
		zext_ln890_69 : 1
		icmp_ln890_1604 : 1
		br_ln2859 : 2
		local_B_ping_V_0_addr_3 : 2
		store_ln2867 : 3
	State 13
	State 14
		add_ln691_1689 : 1
		icmp_ln890_1608 : 1
		br_ln2879 : 2
	State 15
		add_ln691_1691 : 1
		icmp_ln890_1610 : 1
		br_ln2881 : 2
		empty_3059 : 1
	State 16
		add_ln691_1693 : 1
		icmp_ln890_1612 : 1
		br_ln2883 : 2
	State 17
		add_ln691_1695 : 1
		icmp_ln878_38 : 1
		br_ln2890 : 2
		data_split_V_0_101 : 1
		trunc_ln2891 : 1
		switch_ln2891 : 2
		store_ln2891 : 2
		store_ln2891 : 2
		store_ln2891 : 2
		store_ln2891 : 2
		store_ln2891 : 2
		store_ln2891 : 2
		store_ln2891 : 2
		store_ln2891 : 2
		r_62 : 1
		zext_ln1497_35 : 2
		u_7 : 1
		write_ln174 : 2
	State 18
		add_ln691_1678 : 1
		zext_ln890 : 1
		icmp_ln890_1599 : 1
		br_ln2921 : 2
		local_B_ping_V_0_addr : 2
		in_data_V : 3
	State 19
	State 20
		add_ln691_1680 : 1
		icmp_ln890_1601 : 1
		br_ln2922 : 2
	State 21
		add_ln691_1681 : 1
		icmp_ln890_1602 : 1
		br_ln2924 : 2
		empty_3060 : 1
	State 22
		add_ln691_1684 : 1
		icmp_ln890_1603 : 1
		br_ln2926 : 2
	State 23
		add_ln691_1685 : 1
		icmp_ln878 : 1
		br_ln2933 : 2
		data_split_V_0_102 : 1
		trunc_ln2934 : 1
		switch_ln2934 : 2
		store_ln2934 : 2
		store_ln2934 : 2
		store_ln2934 : 2
		store_ln2934 : 2
		store_ln2934 : 2
		store_ln2934 : 2
		store_ln2934 : 2
		store_ln2934 : 2
		u_8 : 1
		write_ln174 : 2
	State 24
		zext_ln1497 : 1


============================================================
+ Verbose Summary: Datapath Resource usage 
============================================================

* Functional unit list:
|----------|----------------------------|---------|---------|
| Operation|       Functional Unit      |    FF   |   LUT   |
|----------|----------------------------|---------|---------|
|          |      add_ln691_fu_620      |    0    |    10   |
|          |    add_ln691_1679_fu_632   |    0    |    10   |
|          |       c2_V_181_fu_664      |    0    |    15   |
|          |    add_ln691_1683_fu_676   |    0    |    9    |
|          |    add_ln691_1688_fu_693   |    0    |    9    |
|          |    add_ln691_1687_fu_710   |    0    |    9    |
|          |    add_ln691_1690_fu_733   |    0    |    13   |
|          |    add_ln691_1692_fu_745   |    0    |    12   |
|          |    add_ln691_1694_fu_761   |    0    |    12   |
|    add   |    add_ln691_1696_fu_773   |    0    |    12   |
|          |    add_ln691_1682_fu_893   |    0    |    9    |
|          |    add_ln691_1689_fu_910   |    0    |    13   |
|          |    add_ln691_1691_fu_922   |    0    |    12   |
|          |    add_ln691_1693_fu_938   |    0    |    12   |
|          |    add_ln691_1695_fu_950   |    0    |    12   |
|          |   add_ln691_1678_fu_1070   |    0    |    9    |
|          |   add_ln691_1680_fu_1087   |    0    |    13   |
|          |   add_ln691_1681_fu_1099   |    0    |    12   |
|          |   add_ln691_1684_fu_1115   |    0    |    12   |
|          |   add_ln691_1685_fu_1127   |    0    |    12   |
|----------|----------------------------|---------|---------|
|          |      icmp_ln890_fu_626     |    0    |    8    |
|          |   icmp_ln890_1600_fu_638   |    0    |    8    |
|          |      cmp_i_i565_fu_658     |    0    |    10   |
|          |     icmp_ln2791_fu_670     |    0    |    11   |
|          |   icmp_ln890_1605_fu_687   |    0    |    8    |
|          |   icmp_ln890_1607_fu_704   |    0    |    8    |
|          |   icmp_ln890_1606_fu_721   |    0    |    8    |
|          |   icmp_ln890_1609_fu_739   |    0    |    10   |
|          |   icmp_ln890_1611_fu_751   |    0    |    9    |
|          |   icmp_ln890_1613_fu_767   |    0    |    9    |
|   icmp   |    icmp_ln878_39_fu_779    |    0    |    9    |
|          |   icmp_ln890_1604_fu_904   |    0    |    8    |
|          |   icmp_ln890_1608_fu_916   |    0    |    10   |
|          |   icmp_ln890_1610_fu_928   |    0    |    9    |
|          |   icmp_ln890_1612_fu_944   |    0    |    9    |
|          |    icmp_ln878_38_fu_956    |    0    |    9    |
|          |   icmp_ln890_1599_fu_1081  |    0    |    8    |
|          |   icmp_ln890_1601_fu_1093  |    0    |    10   |
|          |   icmp_ln890_1602_fu_1105  |    0    |    9    |
|          |   icmp_ln890_1603_fu_1121  |    0    |    9    |
|          |     icmp_ln878_fu_1133     |    0    |    9    |
|----------|----------------------------|---------|---------|
|          |          u_fu_871          |    0    |    43   |
|    mux   |         u_7_fu_1048        |    0    |    43   |
|          |         u_8_fu_1211        |    0    |    43   |
|----------|----------------------------|---------|---------|
|    sub   |   add_i_i579_cast_fu_652   |    0    |    13   |
|----------|----------------------------|---------|---------|
|    xor   |         arb_fu_727         |    0    |    2    |
|----------|----------------------------|---------|---------|
|   read   |       grp_read_fu_254      |    0    |    0    |
|----------|----------------------------|---------|---------|
|   write  |      grp_write_fu_260      |    0    |    0    |
|----------|----------------------------|---------|---------|
|bitconcatenate|        p_shl_fu_644        |    0    |    0    |
|----------|----------------------------|---------|---------|
|          |    zext_ln890_70_fu_682    |    0    |    0    |
|          |    zext_ln890_72_fu_699    |    0    |    0    |
|          |    zext_ln890_71_fu_716    |    0    |    0    |
|   zext   |    zext_ln1497_36_fu_843   |    0    |    0    |
|          |    zext_ln890_69_fu_899    |    0    |    0    |
|          |   zext_ln1497_35_fu_1020   |    0    |    0    |
|          |     zext_ln890_fu_1076     |    0    |    0    |
|          |     zext_ln1497_fu_1243    |    0    |    0    |
|----------|----------------------------|---------|---------|
|          |        empty_fu_757        |    0    |    0    |
|          |    data_split_V_0_fu_785   |    0    |    0    |
|          |     trunc_ln2835_fu_789    |    0    |    0    |
|          |      empty_3059_fu_934     |    0    |    0    |
|   trunc  |  data_split_V_0_101_fu_962 |    0    |    0    |
|          |     trunc_ln2891_fu_966    |    0    |    0    |
|          |     empty_3060_fu_1111     |    0    |    0    |
|          | data_split_V_0_102_fu_1139 |    0    |    0    |
|          |    trunc_ln2934_fu_1143    |    0    |    0    |
|----------|----------------------------|---------|---------|
|          |          r_fu_833          |    0    |    0    |
|partselect|        r_62_fu_1010        |    0    |    0    |
|          |        r_63_fu_1233        |    0    |    0    |
|----------|----------------------------|---------|---------|
|   Total  |                            |    0    |   559   |
|----------|----------------------------|---------|---------|

Memories:
+----------------+--------+--------+--------+
|                |  BRAM  |   FF   |   LUT  |
+----------------+--------+--------+--------+
|local_B_ping_V_0|    0   |   256  |   257  |
|local_B_pong_V_0|    0   |   256  |   257  |
+----------------+--------+--------+--------+
|      Total     |    0   |   512  |   514  |
+----------------+--------+--------+--------+

* Register list:
+--------------------------------+--------+
|                                |   FF   |
+--------------------------------+--------+
|     add_ln691_1678_reg_1561    |    2   |
|     add_ln691_1679_reg_1399    |    3   |
|     add_ln691_1680_reg_1574    |    6   |
|     add_ln691_1681_reg_1582    |    4   |
|     add_ln691_1682_reg_1503    |    2   |
|     add_ln691_1683_reg_1419    |    2   |
|     add_ln691_1684_reg_1595    |    5   |
|     add_ln691_1685_reg_1603    |    4   |
|     add_ln691_1687_reg_1440    |    2   |
|     add_ln691_1688_reg_1427    |    2   |
|     add_ln691_1689_reg_1516    |    6   |
|     add_ln691_1690_reg_1458    |    6   |
|     add_ln691_1691_reg_1524    |    4   |
|     add_ln691_1692_reg_1466    |    4   |
|     add_ln691_1693_reg_1537    |    5   |
|     add_ln691_1694_reg_1479    |    5   |
|     add_ln691_1695_reg_1545    |    4   |
|     add_ln691_1696_reg_1487    |    4   |
|       add_ln691_reg_1343       |    3   |
|         arb_18_reg_376         |    1   |
|          arb_reg_1453          |    1   |
|          c0_V_reg_314          |    3   |
|          c1_V_reg_339          |    3   |
|        c2_V_181_reg_1411       |    8   |
|          c2_V_reg_388          |    8   |
|         c4_V_60_reg_399        |    2   |
|          c4_V_reg_485          |    2   |
|        c5_V_157_reg_421        |    2   |
|        c5_V_158_reg_410        |    2   |
|          c5_V_reg_549          |    2   |
|        c6_V_161_reg_496        |    6   |
|        c6_V_162_reg_432        |    6   |
|          c6_V_reg_560          |    6   |
|        c7_V_100_reg_443        |    4   |
|         c7_V_99_reg_507        |    4   |
|          c7_V_reg_571          |    4   |
|         c8_V_35_reg_518        |    5   |
|         c8_V_36_reg_454        |    5   |
|          c8_V_reg_582          |    5   |
|       cmp_i_i565_reg_1407      |    1   |
|   data_split_V_7_032_reg_1393  |   32   |
|   data_split_V_7_27_reg_1253   |   32   |
|   data_split_V_7_28_reg_1259   |   32   |
|   data_split_V_7_29_reg_1265   |   32   |
|   data_split_V_7_30_reg_1271   |   32   |
|   data_split_V_7_31_reg_1277   |   32   |
|   data_split_V_7_32_reg_1283   |   32   |
|   data_split_V_7_33_reg_1289   |   32   |
|   data_split_V_7_34_reg_1295   |   32   |
|   data_split_V_7_35_reg_1301   |   32   |
|   data_split_V_7_36_reg_1307   |   32   |
|   data_split_V_7_37_reg_1313   |   32   |
|   data_split_V_7_38_reg_1319   |   32   |
|   data_split_V_7_39_reg_1325   |   32   |
|   data_split_V_7_40_reg_1331   |   32   |
|   data_split_V_7_41_reg_1337   |   32   |
|   data_split_V_7_42_reg_1351   |   32   |
|   data_split_V_7_43_reg_1357   |   32   |
|   data_split_V_7_44_reg_1363   |   32   |
|   data_split_V_7_45_reg_1369   |   32   |
|   data_split_V_7_46_reg_1375   |   32   |
|   data_split_V_7_47_reg_1381   |   32   |
|   data_split_V_7_48_reg_1387   |   32   |
|     data_split_V_7_reg_1247    |   32   |
|       empty_3059_reg_1532      |    3   |
|       empty_3060_reg_1590      |    3   |
|         empty_reg_1474         |    3   |
|     in_data_V_139_reg_1511     |   256  |
|    intra_trans_en_19_reg_350   |    1   |
|    intra_trans_en_20_reg_363   |    1   |
|     intra_trans_en_reg_325     |    1   |
|local_B_ping_V_0_addr_4_reg_1435|    1   |
| local_B_ping_V_0_addr_reg_1569 |    1   |
|local_B_pong_V_0_addr_2_reg_1448|    1   |
|         n_V_35_reg_529         |    4   |
|         n_V_36_reg_465         |    4   |
|           n_V_reg_593          |    4   |
|        p_Val2_71_reg_540       |   256  |
|        p_Val2_72_reg_604       |   256  |
|        p_Val2_s_reg_476        |   256  |
|             reg_614            |   256  |
|     zext_ln1497_35_reg_1556    |   256  |
|     zext_ln1497_36_reg_1498    |   256  |
|      zext_ln1497_reg_1614      |   256  |
+--------------------------------+--------+
|              Total             |  2996  |
+--------------------------------+--------+

* Multiplexer (MUX) list: 
|---------------------------|------|------|------|--------||---------||---------|
|            Comp           |  Pin | Size |  BW  | S x BW ||  Delay  ||   LUT   |
|---------------------------|------|------|------|--------||---------||---------|
|      grp_write_fu_260     |  p2  |   3  |  32  |   96   ||    14   |
|     grp_access_fu_273     |  p0  |   3  |   1  |    3   ||    14   |
|     grp_access_fu_286     |  p0  |   5  |   1  |    5   ||    26   |
|   intra_trans_en_reg_325  |  p0  |   3  |   1  |    3   ||    9    |
| intra_trans_en_19_reg_350 |  p0  |   2  |   1  |    2   ||    9    |
| intra_trans_en_20_reg_363 |  p0  |   2  |   1  |    2   ||    9    |
|       arb_18_reg_376      |  p0  |   2  |   1  |    2   ||    9    |
|---------------------------|------|------|------|--------||---------||---------|
|           Total           |      |      |      |   113  || 2.90614 ||    90   |
|---------------------------|------|------|------|--------||---------||---------|



* Summary:
+-----------+--------+--------+--------+--------+
|           |  BRAM  |  Delay |   FF   |   LUT  |
+-----------+--------+--------+--------+--------+
|  Function |    -   |    -   |    0   |   559  |
|   Memory  |    0   |    -   |   512  |   514  |
|Multiplexer|    -   |    2   |    -   |   90   |
|  Register |    -   |    -   |  2996  |    -   |
+-----------+--------+--------+--------+--------+
|   Total   |    0   |    2   |  3508  |  1163  |
+-----------+--------+--------+--------+--------+
