

================================================================
== Vitis HLS Report for 'C_IO_L2_in_1_x1'
================================================================
* Date:           Fri Sep 16 05:59:06 2022

* Version:        2020.2 (Build 3064766 on Wed Nov 18 09:12:47 MST 2020)
* Project:        top
* Solution:       solution (Vitis Kernel Flow Target)
* Product family: virtexuplus
* Target device:  xcu250-figd2104-2L-e


================================================================
== Performance Estimates
================================================================
+ Timing: 
    * Summary: 
    +--------+---------+----------+------------+
    |  Clock |  Target | Estimated| Uncertainty|
    +--------+---------+----------+------------+
    |ap_clk  |  3.33 ns|  2.433 ns|     0.90 ns|
    +--------+---------+----------+------------+

+ Latency: 
    * Summary: 
    +---------+----------+----------+-----------+---------+----------+---------+
    |  Latency (cycles)  |  Latency (absolute)  |      Interval      | Pipeline|
    |   min   |    max   |    min   |    max    |   min   |    max   |   Type  |
    +---------+----------+----------+-----------+---------+----------+---------+
    |  2431482|  60673482|  8.104 ms|  0.202 sec|  2431482|  60673482|     none|
    +---------+----------+----------+-----------+---------+----------+---------+

    + Detail: 
        * Instance: 
        N/A

        * Loop: 
        +----------------------------------------------------------------------------+---------+----------+---------------+-----------+-----------+-------+----------+
        |                                                                            |  Latency (cycles)  |   Iteration   |  Initiation Interval  |  Trip |          |
        |                                  Loop Name                                 |   min   |    max   |    Latency    |  achieved |   target  | Count | Pipelined|
        +----------------------------------------------------------------------------+---------+----------+---------------+-----------+-----------+-------+----------+
        |- C_IO_L2_in_1_x1_loop_1_C_IO_L2_in_1_x1_loop_2                             |     6648|  58248648|  277 ~ 2427027|          -|          -|     24|        no|
        | + C_IO_L2_in_1_x1_loop_3                                                   |      274|      2192|            274|          -|          -|  1 ~ 8|        no|
        |  ++ C_IO_L2_in_1_x1_loop_4                                                 |      272|       272|             34|          -|          -|      8|        no|
        |   +++ C_IO_L2_in_1_x1_loop_5                                               |       32|        32|              2|          -|          -|     16|        no|
        |  ++ C_IO_L2_in_1_x1_loop_6                                                 |      272|       272|             34|          -|          -|      8|        no|
        |   +++ C_IO_L2_in_1_x1_loop_7                                               |       32|        32|              2|          -|          -|     16|        no|
        | + C_IO_L2_in_1_x1_loop_8_C_IO_L2_in_1_x1_loop_10_C_IO_L2_in_1_x1_loop_11   |  2424832|   2424832|             37|          -|          -|  65536|        no|
        |  ++ C_IO_L2_in_1_x1_loop_12_C_IO_L2_in_1_x1_loop_13                        |       32|        32|              2|          1|          1|     32|       yes|
        | + C_IO_L2_in_1_x1_loop_14                                                  |      274|      2192|            274|          -|          -|  1 ~ 8|        no|
        |  ++ C_IO_L2_in_1_x1_loop_15                                                |      272|       272|             34|          -|          -|      8|        no|
        |   +++ C_IO_L2_in_1_x1_loop_16                                              |       32|        32|              2|          -|          -|     16|        no|
        |  ++ C_IO_L2_in_1_x1_loop_17                                                |      272|       272|             34|          -|          -|      8|        no|
        |   +++ C_IO_L2_in_1_x1_loop_18                                              |       32|        32|              2|          -|          -|     16|        no|
        | + C_IO_L2_in_1_x1_loop_19_C_IO_L2_in_1_x1_loop_21_C_IO_L2_in_1_x1_loop_22  |  2424832|   2424832|             37|          -|          -|  65536|        no|
        |  ++ C_IO_L2_in_1_x1_loop_23_C_IO_L2_in_1_x1_loop_24                        |       32|        32|              2|          1|          1|     32|       yes|
        |- C_IO_L2_in_1_x1_loop_25_C_IO_L2_in_1_x1_loop_27_C_IO_L2_in_1_x1_loop_28   |  2424832|   2424832|             37|          -|          -|  65536|        no|
        | + C_IO_L2_in_1_x1_loop_29_C_IO_L2_in_1_x1_loop_30                          |       32|        32|              2|          1|          1|     32|       yes|
        +----------------------------------------------------------------------------+---------+----------+---------------+-----------+-----------+-------+----------+

============================================================
+ Verbose Summary: Synthesis Manager
============================================================
InlineROM: 1
ExposeGlobal: 0
============================================================
+ Verbose Summary: CDFG Model
============================================================
IsTopModel: 0
ResetActiveHigh: 1
IsCombinational: 2
IsDatapathOnly: 0
HasWiredReturn: 1
HasMFsm: 0
HasVarLatency: 1
IsPipeline: 0
IsRtlPipelined: 0
IsInstanceOverlapped: 0
IsDontTouch: 0
HasImplIP: 0
IsGatedGlobalClock: 0

+ Individual pipeline summary: 
  * Pipeline-0: initiation interval (II) = 1, depth = 2
  * Pipeline-1: initiation interval (II) = 1, depth = 2
  * Pipeline-2: initiation interval (II) = 1, depth = 2


============================================================
+ Verbose Summary: Schedule
============================================================
* Number of FSM states : 31
* Pipeline : 3
  Pipeline-0 : II = 1, D = 2, States = { 12 13 }
  Pipeline-1 : II = 1, D = 2, States = { 23 24 }
  Pipeline-2 : II = 1, D = 2, States = { 29 30 }
* Dataflow Pipeline: 0

* FSM state transitions: 
1 --> 2 
2 --> 3 15 26 
3 --> 4 9 
4 --> 5 7 3 
5 --> 6 4 
6 --> 5 
7 --> 8 4 
8 --> 7 
9 --> 10 21 2 
10 --> 11 
11 --> 12 
12 --> 14 13 
13 --> 12 
14 --> 9 
15 --> 16 9 
16 --> 17 19 15 
17 --> 18 16 
18 --> 17 
19 --> 20 16 
20 --> 19 
21 --> 22 
22 --> 23 
23 --> 25 24 
24 --> 23 
25 --> 9 
26 --> 27 
27 --> 28 
28 --> 29 
29 --> 31 30 
30 --> 29 
31 --> 26 

* FSM state operations: 

State 1 <SV = 0> <Delay = 1.20>
ST_1 : Operation 32 [1/1] (0.00ns)   --->   "%data_split_V_1 = alloca i32 1"   --->   Operation 32 'alloca' 'data_split_V_1' <Predicate = true> <Delay = 0.00>
ST_1 : Operation 33 [1/1] (0.00ns)   --->   "%data_split_V_1_102 = alloca i32 1"   --->   Operation 33 'alloca' 'data_split_V_1_102' <Predicate = true> <Delay = 0.00>
ST_1 : Operation 34 [1/1] (0.00ns)   --->   "%data_split_V_1_103 = alloca i32 1"   --->   Operation 34 'alloca' 'data_split_V_1_103' <Predicate = true> <Delay = 0.00>
ST_1 : Operation 35 [1/1] (0.00ns)   --->   "%data_split_V_1_104 = alloca i32 1"   --->   Operation 35 'alloca' 'data_split_V_1_104' <Predicate = true> <Delay = 0.00>
ST_1 : Operation 36 [1/1] (0.00ns)   --->   "%specmemcore_ln0 = specmemcore void @_ssdm_op_SpecMemCore, i256 %fifo_C_PE_0_1_x1106, i64 666, i64 10, i64 18446744073709551615"   --->   Operation 36 'specmemcore' 'specmemcore_ln0' <Predicate = true> <Delay = 0.00>
ST_1 : Operation 37 [1/1] (0.00ns)   --->   "%specmemcore_ln0 = specmemcore void @_ssdm_op_SpecMemCore, i512 %fifo_C_C_IO_L2_in_2_x119, i64 666, i64 10, i64 18446744073709551615"   --->   Operation 37 'specmemcore' 'specmemcore_ln0' <Predicate = true> <Delay = 0.00>
ST_1 : Operation 38 [1/1] (0.00ns)   --->   "%specmemcore_ln0 = specmemcore void @_ssdm_op_SpecMemCore, i512 %fifo_C_C_IO_L2_in_1_x118, i64 666, i64 10, i64 18446744073709551615"   --->   Operation 38 'specmemcore' 'specmemcore_ln0' <Predicate = true> <Delay = 0.00>
ST_1 : Operation 39 [1/1] (0.00ns)   --->   "%specinterface_ln0 = specinterface void @_ssdm_op_SpecInterface, i256 %fifo_C_PE_0_1_x1106, void @empty_7, i32 0, i32 0, void @empty_49, i32 0, i32 0, void @empty_49, void @empty_49, void @empty_49, i32 0, i32 0, i32 0, i32 0, void @empty_49, void @empty_49"   --->   Operation 39 'specinterface' 'specinterface_ln0' <Predicate = true> <Delay = 0.00>
ST_1 : Operation 40 [1/1] (0.00ns)   --->   "%specinterface_ln0 = specinterface void @_ssdm_op_SpecInterface, i512 %fifo_C_C_IO_L2_in_2_x119, void @empty_7, i32 0, i32 0, void @empty_49, i32 0, i32 0, void @empty_49, void @empty_49, void @empty_49, i32 0, i32 0, i32 0, i32 0, void @empty_49, void @empty_49"   --->   Operation 40 'specinterface' 'specinterface_ln0' <Predicate = true> <Delay = 0.00>
ST_1 : Operation 41 [1/1] (0.00ns)   --->   "%specinterface_ln0 = specinterface void @_ssdm_op_SpecInterface, i512 %fifo_C_C_IO_L2_in_1_x118, void @empty_7, i32 0, i32 0, void @empty_49, i32 0, i32 0, void @empty_49, void @empty_49, void @empty_49, i32 0, i32 0, i32 0, i32 0, void @empty_49, void @empty_49"   --->   Operation 41 'specinterface' 'specinterface_ln0' <Predicate = true> <Delay = 0.00>
ST_1 : Operation 42 [1/1] (1.20ns)   --->   "%local_C_ping_V = alloca i64 1" [./dut.cpp:17347]   --->   Operation 42 'alloca' 'local_C_ping_V' <Predicate = true> <Delay = 1.20> <CoreInst = "RAM_2P_BRAM">   --->   Core 94 'RAM_2P_BRAM' <Latency = 1> <II = 1> <Delay = 1.20> <Storage> <Opcode : 'load' 'store'> <Ports = 2> <Width = 512> <Depth = 128> <RAM>
ST_1 : Operation 43 [1/1] (1.20ns)   --->   "%local_C_pong_V = alloca i64 1" [./dut.cpp:17348]   --->   Operation 43 'alloca' 'local_C_pong_V' <Predicate = true> <Delay = 1.20> <CoreInst = "RAM_2P_BRAM">   --->   Core 94 'RAM_2P_BRAM' <Latency = 1> <II = 1> <Delay = 1.20> <Storage> <Opcode : 'load' 'store'> <Ports = 2> <Width = 512> <Depth = 128> <RAM>
ST_1 : Operation 44 [1/1] (0.00ns)   --->   "%specmemcore_ln17347 = specmemcore void @_ssdm_op_SpecMemCore, i512 %local_C_ping_V, i64 666, i64 22, i64 18446744073709551615" [./dut.cpp:17347]   --->   Operation 44 'specmemcore' 'specmemcore_ln17347' <Predicate = true> <Delay = 0.00>
ST_1 : Operation 45 [1/1] (0.00ns)   --->   "%specmemcore_ln17348 = specmemcore void @_ssdm_op_SpecMemCore, i512 %local_C_pong_V, i64 666, i64 22, i64 18446744073709551615" [./dut.cpp:17348]   --->   Operation 45 'specmemcore' 'specmemcore_ln17348' <Predicate = true> <Delay = 0.00>
ST_1 : Operation 46 [1/1] (0.38ns)   --->   "%br_ln17357 = br void" [./dut.cpp:17357]   --->   Operation 46 'br' 'br_ln17357' <Predicate = true> <Delay = 0.38>

State 2 <SV = 1> <Delay = 1.48>
ST_2 : Operation 47 [1/1] (0.00ns)   --->   "%indvar_flatten151 = phi i5 0, void, i5 %add_ln890_285, void %.loopexit1220"   --->   Operation 47 'phi' 'indvar_flatten151' <Predicate = true> <Delay = 0.00>
ST_2 : Operation 48 [1/1] (0.00ns)   --->   "%c1_V = phi i3 0, void, i3 %add_ln691_1313, void %.loopexit1220"   --->   Operation 48 'phi' 'c1_V' <Predicate = true> <Delay = 0.00>
ST_2 : Operation 49 [1/1] (0.00ns)   --->   "%intra_trans_en = phi i1 0, void, i1 1, void %.loopexit1220"   --->   Operation 49 'phi' 'intra_trans_en' <Predicate = true> <Delay = 0.00>
ST_2 : Operation 50 [1/1] (0.00ns)   --->   "%arb_13 = phi i1 0, void, i1 %arb, void %.loopexit1220"   --->   Operation 50 'phi' 'arb_13' <Predicate = true> <Delay = 0.00>
ST_2 : Operation 51 [1/1] (0.70ns)   --->   "%add_ln890_285 = add i5 %indvar_flatten151, i5 1"   --->   Operation 51 'add' 'add_ln890_285' <Predicate = true> <Delay = 0.70> <CoreInst = "Adder">   --->   Core 1 'Adder' <Latency = 0> <II = 1> <Delay = 0.73> <FuncUnit> <Opcode : 'add' 'sub'> <InPorts = 2> <OutPorts = 1>
ST_2 : Operation 52 [1/1] (0.63ns)   --->   "%icmp_ln890 = icmp_eq  i5 %indvar_flatten151, i5 24"   --->   Operation 52 'icmp' 'icmp_ln890' <Predicate = true> <Delay = 0.63> <CoreInst = "Cmp">   --->   Core 9 'Cmp' <Latency = 0> <II = 1> <Delay = 0.34> <FuncUnit> <Opcode : 'icmp'> <InPorts = 2> <OutPorts = 1>
ST_2 : Operation 53 [1/1] (0.00ns)   --->   "%br_ln890 = br i1 %icmp_ln890, void %.split66, void %.preheader69.preheader.preheader"   --->   Operation 53 'br' 'br_ln890' <Predicate = true> <Delay = 0.00>
ST_2 : Operation 54 [1/1] (0.00ns)   --->   "%specloopname_ln0 = specloopname void @_ssdm_op_SpecLoopName, void @C_IO_L2_in_1_x1_loop_1_C_IO_L2_in_1_x1_loop_2_str"   --->   Operation 54 'specloopname' 'specloopname_ln0' <Predicate = (!icmp_ln890)> <Delay = 0.00>
ST_2 : Operation 55 [1/1] (0.00ns)   --->   "%speclooptripcount_ln0 = speclooptripcount void @_ssdm_op_SpecLoopTripCount, i64 24, i64 24, i64 24"   --->   Operation 55 'speclooptripcount' 'speclooptripcount_ln0' <Predicate = (!icmp_ln890)> <Delay = 0.00>
ST_2 : Operation 56 [1/1] (0.49ns)   --->   "%icmp_ln890303 = icmp_eq  i3 %c1_V, i3 6"   --->   Operation 56 'icmp' 'icmp_ln890303' <Predicate = (!icmp_ln890)> <Delay = 0.49> <CoreInst = "Cmp">   --->   Core 9 'Cmp' <Latency = 0> <II = 1> <Delay = 0.34> <FuncUnit> <Opcode : 'icmp'> <InPorts = 2> <OutPorts = 1>
ST_2 : Operation 57 [1/1] (0.27ns)   --->   "%select_ln17357 = select i1 %icmp_ln890303, i3 0, i3 %c1_V" [./dut.cpp:17357]   --->   Operation 57 'select' 'select_ln17357' <Predicate = (!icmp_ln890)> <Delay = 0.27> <CoreInst = "Sel">   --->   Core 73 'Sel' <Latency = 0> <II = 1> <Delay = 0.30> <FuncUnit> <Opcode : 'select'> <InPorts = 3> <OutPorts = 1>
ST_2 : Operation 58 [1/1] (0.12ns)   --->   "%or_ln17357 = or i1 %icmp_ln890303, i1 %intra_trans_en" [./dut.cpp:17357]   --->   Operation 58 'or' 'or_ln17357' <Predicate = (!icmp_ln890)> <Delay = 0.12> <CoreInst = "LogicGate">   --->   Core 74 'LogicGate' <Latency = 0> <II = 1> <Delay = 0.12> <FuncUnit> <Opcode : 'and' 'or' 'xor'> <InPorts = 2> <OutPorts = 1>
ST_2 : Operation 59 [1/1] (0.00ns) (grouped into LUT with out node and_ln17357)   --->   "%xor_ln17357 = xor i1 %icmp_ln890303, i1 1" [./dut.cpp:17357]   --->   Operation 59 'xor' 'xor_ln17357' <Predicate = (!icmp_ln890)> <Delay = 0.00> <CoreInst = "LogicGate">   --->   Core 74 'LogicGate' <Latency = 0> <II = 1> <Delay = 0.12> <FuncUnit> <Opcode : 'and' 'or' 'xor'> <InPorts = 2> <OutPorts = 1>
ST_2 : Operation 60 [1/1] (0.12ns) (out node of the LUT)   --->   "%and_ln17357 = and i1 %arb_13, i1 %xor_ln17357" [./dut.cpp:17357]   --->   Operation 60 'and' 'and_ln17357' <Predicate = (!icmp_ln890)> <Delay = 0.12> <CoreInst = "LogicGate">   --->   Core 74 'LogicGate' <Latency = 0> <II = 1> <Delay = 0.12> <FuncUnit> <Opcode : 'and' 'or' 'xor'> <InPorts = 2> <OutPorts = 1>
ST_2 : Operation 61 [1/1] (0.00ns)   --->   "%specloopname_ln17358 = specloopname void @_ssdm_op_SpecLoopName, void @empty_463" [./dut.cpp:17358]   --->   Operation 61 'specloopname' 'specloopname_ln17358' <Predicate = (!icmp_ln890)> <Delay = 0.00>
ST_2 : Operation 62 [1/1] (0.00ns)   --->   "%p_shl = bitconcatenate i6 @_ssdm_op_BitConcatenate.i6.i3.i3, i3 %select_ln17357, i3 0" [./dut.cpp:17357]   --->   Operation 62 'bitconcatenate' 'p_shl' <Predicate = (!icmp_ln890)> <Delay = 0.00>
ST_2 : Operation 63 [1/1] (0.70ns)   --->   "%add_i_i780_cast = sub i6 41, i6 %p_shl" [./dut.cpp:17357]   --->   Operation 63 'sub' 'add_i_i780_cast' <Predicate = (!icmp_ln890)> <Delay = 0.70> <CoreInst = "Adder">   --->   Core 1 'Adder' <Latency = 0> <II = 1> <Delay = 0.73> <FuncUnit> <Opcode : 'add' 'sub'> <InPorts = 2> <OutPorts = 1>
ST_2 : Operation 64 [1/1] (0.00ns)   --->   "%br_ln17362 = br i1 %and_ln17357, void %.preheader15.preheader, void %.preheader9.preheader" [./dut.cpp:17362]   --->   Operation 64 'br' 'br_ln17362' <Predicate = (!icmp_ln890)> <Delay = 0.00>
ST_2 : Operation 65 [1/1] (0.38ns)   --->   "%br_ln17364 = br void %.preheader15" [./dut.cpp:17364]   --->   Operation 65 'br' 'br_ln17364' <Predicate = (!icmp_ln890 & !and_ln17357)> <Delay = 0.38>
ST_2 : Operation 66 [1/1] (0.38ns)   --->   "%br_ln17438 = br void %.preheader9" [./dut.cpp:17438]   --->   Operation 66 'br' 'br_ln17438' <Predicate = (!icmp_ln890 & and_ln17357)> <Delay = 0.38>
ST_2 : Operation 67 [1/1] (0.00ns)   --->   "%data_split_V_1_105 = alloca i32 1"   --->   Operation 67 'alloca' 'data_split_V_1_105' <Predicate = (icmp_ln890)> <Delay = 0.00>
ST_2 : Operation 68 [1/1] (0.00ns)   --->   "%data_split_V_1_106 = alloca i32 1"   --->   Operation 68 'alloca' 'data_split_V_1_106' <Predicate = (icmp_ln890)> <Delay = 0.00>
ST_2 : Operation 69 [1/1] (0.38ns)   --->   "%br_ln17530 = br void %.preheader69.preheader" [./dut.cpp:17530]   --->   Operation 69 'br' 'br_ln17530' <Predicate = (icmp_ln890)> <Delay = 0.38>

State 3 <SV = 2> <Delay = 0.74>
ST_3 : Operation 70 [1/1] (0.00ns)   --->   "%c3_49 = phi i4 %c3_51, void %.loopexit1216, i4 1, void %.preheader15.preheader"   --->   Operation 70 'phi' 'c3_49' <Predicate = true> <Delay = 0.00>
ST_3 : Operation 71 [1/1] (0.00ns)   --->   "%tmp_510 = bitselect i1 @_ssdm_op_BitSelect.i1.i4.i32, i4 %c3_49, i32 3" [./dut.cpp:17364]   --->   Operation 71 'bitselect' 'tmp_510' <Predicate = true> <Delay = 0.00>
ST_3 : Operation 72 [1/1] (0.00ns)   --->   "%br_ln17364 = br i1 %tmp_510, void %.split49, void %.loopexit" [./dut.cpp:17364]   --->   Operation 72 'br' 'br_ln17364' <Predicate = true> <Delay = 0.00>
ST_3 : Operation 73 [1/1] (0.00ns)   --->   "%speclooptripcount_ln1616 = speclooptripcount void @_ssdm_op_SpecLoopTripCount, i64 1, i64 8, i64 4"   --->   Operation 73 'speclooptripcount' 'speclooptripcount_ln1616' <Predicate = (!tmp_510)> <Delay = 0.00>
ST_3 : Operation 74 [1/1] (0.00ns)   --->   "%specloopname_ln1616 = specloopname void @_ssdm_op_SpecLoopName, void @empty_364"   --->   Operation 74 'specloopname' 'specloopname_ln1616' <Predicate = (!tmp_510)> <Delay = 0.00>
ST_3 : Operation 75 [1/1] (0.00ns)   --->   "%zext_ln886_11 = zext i4 %c3_49"   --->   Operation 75 'zext' 'zext_ln886_11' <Predicate = (!tmp_510)> <Delay = 0.00>
ST_3 : Operation 76 [1/1] (0.61ns)   --->   "%icmp_ln886_11 = icmp_ugt  i6 %zext_ln886_11, i6 %add_i_i780_cast"   --->   Operation 76 'icmp' 'icmp_ln886_11' <Predicate = (!tmp_510)> <Delay = 0.61> <CoreInst = "Cmp">   --->   Core 9 'Cmp' <Latency = 0> <II = 1> <Delay = 0.34> <FuncUnit> <Opcode : 'icmp'> <InPorts = 2> <OutPorts = 1>
ST_3 : Operation 77 [1/1] (0.00ns)   --->   "%br_ln17366 = br i1 %icmp_ln886_11, void, void %.loopexit" [./dut.cpp:17366]   --->   Operation 77 'br' 'br_ln17366' <Predicate = (!tmp_510)> <Delay = 0.00>
ST_3 : Operation 78 [1/1] (0.65ns)   --->   "%icmp_ln17369 = icmp_eq  i4 %c3_49, i4 1" [./dut.cpp:17369]   --->   Operation 78 'icmp' 'icmp_ln17369' <Predicate = (!tmp_510 & !icmp_ln886_11)> <Delay = 0.65> <CoreInst = "Cmp">   --->   Core 9 'Cmp' <Latency = 0> <II = 1> <Delay = 0.34> <FuncUnit> <Opcode : 'icmp'> <InPorts = 2> <OutPorts = 1>
ST_3 : Operation 79 [1/1] (0.00ns)   --->   "%br_ln17369 = br i1 %icmp_ln17369, void %.preheader12.preheader, void %.preheader13.preheader" [./dut.cpp:17369]   --->   Operation 79 'br' 'br_ln17369' <Predicate = (!tmp_510 & !icmp_ln886_11)> <Delay = 0.00>
ST_3 : Operation 80 [1/1] (0.38ns)   --->   "%br_ln890 = br void %.preheader12"   --->   Operation 80 'br' 'br_ln890' <Predicate = (!tmp_510 & !icmp_ln886_11 & !icmp_ln17369)> <Delay = 0.38>
ST_3 : Operation 81 [1/1] (0.38ns)   --->   "%br_ln17379 = br void %.preheader13" [./dut.cpp:17379]   --->   Operation 81 'br' 'br_ln17379' <Predicate = (!tmp_510 & !icmp_ln886_11 & icmp_ln17369)> <Delay = 0.38>
ST_3 : Operation 82 [1/1] (0.00ns)   --->   "%br_ln17404 = br i1 %or_ln17357, void %.loopexit1220, void %.preheader10.preheader.preheader" [./dut.cpp:17404]   --->   Operation 82 'br' 'br_ln17404' <Predicate = (icmp_ln886_11) | (tmp_510)> <Delay = 0.00>
ST_3 : Operation 83 [1/1] (0.38ns)   --->   "%br_ln17412 = br void %.preheader10.preheader" [./dut.cpp:17412]   --->   Operation 83 'br' 'br_ln17412' <Predicate = (icmp_ln886_11 & or_ln17357) | (tmp_510 & or_ln17357)> <Delay = 0.38>

State 4 <SV = 3> <Delay = 0.70>
ST_4 : Operation 84 [1/1] (0.00ns)   --->   "%c4_V_49 = phi i4 %add_ln691_1324, void, i4 0, void %.preheader12.preheader"   --->   Operation 84 'phi' 'c4_V_49' <Predicate = (!icmp_ln17369)> <Delay = 0.00>
ST_4 : Operation 85 [1/1] (0.70ns)   --->   "%add_ln691_1324 = add i4 %c4_V_49, i4 1"   --->   Operation 85 'add' 'add_ln691_1324' <Predicate = (!icmp_ln17369)> <Delay = 0.70> <CoreInst = "Adder">   --->   Core 1 'Adder' <Latency = 0> <II = 1> <Delay = 0.73> <FuncUnit> <Opcode : 'add' 'sub'> <InPorts = 2> <OutPorts = 1>
ST_4 : Operation 86 [1/1] (0.65ns)   --->   "%icmp_ln890_1381 = icmp_eq  i4 %c4_V_49, i4 8"   --->   Operation 86 'icmp' 'icmp_ln890_1381' <Predicate = (!icmp_ln17369)> <Delay = 0.65> <CoreInst = "Cmp">   --->   Core 9 'Cmp' <Latency = 0> <II = 1> <Delay = 0.34> <FuncUnit> <Opcode : 'icmp'> <InPorts = 2> <OutPorts = 1>
ST_4 : Operation 87 [1/1] (0.00ns)   --->   "%speclooptripcount_ln0 = speclooptripcount void @_ssdm_op_SpecLoopTripCount, i64 8, i64 8, i64 8"   --->   Operation 87 'speclooptripcount' 'speclooptripcount_ln0' <Predicate = (!icmp_ln17369)> <Delay = 0.00>
ST_4 : Operation 88 [1/1] (0.00ns)   --->   "%br_ln17384 = br i1 %icmp_ln890_1381, void %.split43, void %.loopexit1216.loopexit" [./dut.cpp:17384]   --->   Operation 88 'br' 'br_ln17384' <Predicate = (!icmp_ln17369)> <Delay = 0.00>
ST_4 : Operation 89 [1/1] (0.00ns)   --->   "%specloopname_ln17384 = specloopname void @_ssdm_op_SpecLoopName, void @empty_503" [./dut.cpp:17384]   --->   Operation 89 'specloopname' 'specloopname_ln17384' <Predicate = (!icmp_ln17369 & !icmp_ln890_1381)> <Delay = 0.00>
ST_4 : Operation 90 [1/1] (0.38ns)   --->   "%br_ln17386 = br void" [./dut.cpp:17386]   --->   Operation 90 'br' 'br_ln17386' <Predicate = (!icmp_ln17369 & !icmp_ln890_1381)> <Delay = 0.38>
ST_4 : Operation 91 [1/1] (0.00ns)   --->   "%br_ln0 = br void %.loopexit1216"   --->   Operation 91 'br' 'br_ln0' <Predicate = (!icmp_ln17369 & icmp_ln890_1381)> <Delay = 0.00>
ST_4 : Operation 92 [1/1] (0.00ns)   --->   "%c4_V_48 = phi i4 %add_ln691_1322, void, i4 0, void %.preheader13.preheader"   --->   Operation 92 'phi' 'c4_V_48' <Predicate = (icmp_ln17369)> <Delay = 0.00>
ST_4 : Operation 93 [1/1] (0.70ns)   --->   "%add_ln691_1322 = add i4 %c4_V_48, i4 1"   --->   Operation 93 'add' 'add_ln691_1322' <Predicate = (icmp_ln17369)> <Delay = 0.70> <CoreInst = "Adder">   --->   Core 1 'Adder' <Latency = 0> <II = 1> <Delay = 0.73> <FuncUnit> <Opcode : 'add' 'sub'> <InPorts = 2> <OutPorts = 1>
ST_4 : Operation 94 [1/1] (0.00ns)   --->   "%trunc_ln17379 = trunc i4 %c4_V_48" [./dut.cpp:17379]   --->   Operation 94 'trunc' 'trunc_ln17379' <Predicate = (icmp_ln17369)> <Delay = 0.00>
ST_4 : Operation 95 [1/1] (0.00ns)   --->   "%tmp_596_cast = bitconcatenate i7 @_ssdm_op_BitConcatenate.i7.i3.i4, i3 %trunc_ln17379, i4 0"   --->   Operation 95 'bitconcatenate' 'tmp_596_cast' <Predicate = (icmp_ln17369)> <Delay = 0.00>
ST_4 : Operation 96 [1/1] (0.65ns)   --->   "%icmp_ln890_1380 = icmp_eq  i4 %c4_V_48, i4 8"   --->   Operation 96 'icmp' 'icmp_ln890_1380' <Predicate = (icmp_ln17369)> <Delay = 0.65> <CoreInst = "Cmp">   --->   Core 9 'Cmp' <Latency = 0> <II = 1> <Delay = 0.34> <FuncUnit> <Opcode : 'icmp'> <InPorts = 2> <OutPorts = 1>
ST_4 : Operation 97 [1/1] (0.00ns)   --->   "%speclooptripcount_ln0 = speclooptripcount void @_ssdm_op_SpecLoopTripCount, i64 8, i64 8, i64 8"   --->   Operation 97 'speclooptripcount' 'speclooptripcount_ln0' <Predicate = (icmp_ln17369)> <Delay = 0.00>
ST_4 : Operation 98 [1/1] (0.00ns)   --->   "%br_ln17370 = br i1 %icmp_ln890_1380, void %.split47, void %.loopexit1216.loopexit341" [./dut.cpp:17370]   --->   Operation 98 'br' 'br_ln17370' <Predicate = (icmp_ln17369)> <Delay = 0.00>
ST_4 : Operation 99 [1/1] (0.00ns)   --->   "%specloopname_ln17370 = specloopname void @_ssdm_op_SpecLoopName, void @empty_1031" [./dut.cpp:17370]   --->   Operation 99 'specloopname' 'specloopname_ln17370' <Predicate = (icmp_ln17369 & !icmp_ln890_1380)> <Delay = 0.00>
ST_4 : Operation 100 [1/1] (0.38ns)   --->   "%br_ln17372 = br void" [./dut.cpp:17372]   --->   Operation 100 'br' 'br_ln17372' <Predicate = (icmp_ln17369 & !icmp_ln890_1380)> <Delay = 0.38>
ST_4 : Operation 101 [1/1] (0.00ns)   --->   "%br_ln0 = br void %.loopexit1216"   --->   Operation 101 'br' 'br_ln0' <Predicate = (icmp_ln17369 & icmp_ln890_1380)> <Delay = 0.00>
ST_4 : Operation 102 [1/1] (0.70ns)   --->   "%c3_51 = add i4 %c3_49, i4 1" [./dut.cpp:17364]   --->   Operation 102 'add' 'c3_51' <Predicate = (icmp_ln17369 & icmp_ln890_1380) | (!icmp_ln17369 & icmp_ln890_1381)> <Delay = 0.70> <CoreInst = "Adder">   --->   Core 1 'Adder' <Latency = 0> <II = 1> <Delay = 0.73> <FuncUnit> <Opcode : 'add' 'sub'> <InPorts = 2> <OutPorts = 1>
ST_4 : Operation 103 [1/1] (0.00ns)   --->   "%br_ln0 = br void %.preheader15"   --->   Operation 103 'br' 'br_ln0' <Predicate = (icmp_ln17369 & icmp_ln890_1380) | (!icmp_ln17369 & icmp_ln890_1381)> <Delay = 0.00>

State 5 <SV = 4> <Delay = 0.70>
ST_5 : Operation 104 [1/1] (0.00ns)   --->   "%c5_V_97 = phi i5 %add_ln691_1325, void %.split41, i5 0, void %.split43"   --->   Operation 104 'phi' 'c5_V_97' <Predicate = true> <Delay = 0.00>
ST_5 : Operation 105 [1/1] (0.70ns)   --->   "%add_ln691_1325 = add i5 %c5_V_97, i5 1"   --->   Operation 105 'add' 'add_ln691_1325' <Predicate = true> <Delay = 0.70> <CoreInst = "Adder">   --->   Core 1 'Adder' <Latency = 0> <II = 1> <Delay = 0.73> <FuncUnit> <Opcode : 'add' 'sub'> <InPorts = 2> <OutPorts = 1>
ST_5 : Operation 106 [1/1] (0.63ns)   --->   "%icmp_ln890_1393 = icmp_eq  i5 %c5_V_97, i5 16"   --->   Operation 106 'icmp' 'icmp_ln890_1393' <Predicate = true> <Delay = 0.63> <CoreInst = "Cmp">   --->   Core 9 'Cmp' <Latency = 0> <II = 1> <Delay = 0.34> <FuncUnit> <Opcode : 'icmp'> <InPorts = 2> <OutPorts = 1>
ST_5 : Operation 107 [1/1] (0.00ns)   --->   "%speclooptripcount_ln0 = speclooptripcount void @_ssdm_op_SpecLoopTripCount, i64 16, i64 16, i64 16"   --->   Operation 107 'speclooptripcount' 'speclooptripcount_ln0' <Predicate = true> <Delay = 0.00>
ST_5 : Operation 108 [1/1] (0.00ns)   --->   "%br_ln17386 = br i1 %icmp_ln890_1393, void %.split41, void" [./dut.cpp:17386]   --->   Operation 108 'br' 'br_ln17386' <Predicate = true> <Delay = 0.00>
ST_5 : Operation 109 [1/1] (0.00ns)   --->   "%br_ln0 = br void %.preheader12"   --->   Operation 109 'br' 'br_ln0' <Predicate = (icmp_ln890_1393)> <Delay = 0.00>

State 6 <SV = 5> <Delay = 2.43>
ST_6 : Operation 110 [1/1] (0.00ns)   --->   "%specloopname_ln17386 = specloopname void @_ssdm_op_SpecLoopName, void @empty_120" [./dut.cpp:17386]   --->   Operation 110 'specloopname' 'specloopname_ln17386' <Predicate = true> <Delay = 0.00>
ST_6 : Operation 111 [1/1] (1.21ns)   --->   "%tmp_520 = read i512 @_ssdm_op_Read.ap_fifo.volatile.i512P0A, i512 %fifo_C_C_IO_L2_in_1_x118" [/home/rcslfpgaserver/Softwares/Xilinx/Vitis_HLS/2020.2/common/technology/autopilot/hls_stream_39.h:145]   --->   Operation 111 'read' 'tmp_520' <Predicate = true> <Delay = 1.21> <CoreInst = "FIFO_SRL">   --->   Core 81 'FIFO_SRL' <Latency = 0> <II = 1> <Delay = 1.41> <Storage> <Opcode : 'read' 'write' 'nbread' 'nbwrite'> <Ports = 0> <Width = 512> <Depth = 2> <FIFO>
ST_6 : Operation 112 [1/1] (1.21ns)   --->   "%write_ln174 = write void @_ssdm_op_Write.ap_fifo.volatile.i512P0A, i512 %fifo_C_C_IO_L2_in_2_x119, i512 %tmp_520" [/home/rcslfpgaserver/Softwares/Xilinx/Vitis_HLS/2020.2/common/technology/autopilot/hls_stream_39.h:174]   --->   Operation 112 'write' 'write_ln174' <Predicate = true> <Delay = 1.21> <CoreInst = "FIFO_SRL">   --->   Core 81 'FIFO_SRL' <Latency = 0> <II = 1> <Delay = 1.41> <Storage> <Opcode : 'read' 'write' 'nbread' 'nbwrite'> <Ports = 0> <Width = 512> <Depth = 2> <FIFO>
ST_6 : Operation 113 [1/1] (0.00ns)   --->   "%br_ln0 = br void"   --->   Operation 113 'br' 'br_ln0' <Predicate = true> <Delay = 0.00>

State 7 <SV = 4> <Delay = 0.70>
ST_7 : Operation 114 [1/1] (0.00ns)   --->   "%c5_V_96 = phi i5 %add_ln691_1323, void %.split45, i5 0, void %.split47"   --->   Operation 114 'phi' 'c5_V_96' <Predicate = true> <Delay = 0.00>
ST_7 : Operation 115 [1/1] (0.70ns)   --->   "%add_ln691_1323 = add i5 %c5_V_96, i5 1"   --->   Operation 115 'add' 'add_ln691_1323' <Predicate = true> <Delay = 0.70> <CoreInst = "Adder">   --->   Core 1 'Adder' <Latency = 0> <II = 1> <Delay = 0.73> <FuncUnit> <Opcode : 'add' 'sub'> <InPorts = 2> <OutPorts = 1>
ST_7 : Operation 116 [1/1] (0.00ns)   --->   "%zext_ln17379 = zext i5 %c5_V_96" [./dut.cpp:17379]   --->   Operation 116 'zext' 'zext_ln17379' <Predicate = true> <Delay = 0.00>
ST_7 : Operation 117 [1/1] (0.70ns)   --->   "%add_ln17379 = add i7 %tmp_596_cast, i7 %zext_ln17379" [./dut.cpp:17379]   --->   Operation 117 'add' 'add_ln17379' <Predicate = true> <Delay = 0.70> <CoreInst = "Adder">   --->   Core 1 'Adder' <Latency = 0> <II = 1> <Delay = 0.73> <FuncUnit> <Opcode : 'add' 'sub'> <InPorts = 2> <OutPorts = 1>
ST_7 : Operation 118 [1/1] (0.00ns)   --->   "%zext_ln17379_1 = zext i7 %add_ln17379" [./dut.cpp:17379]   --->   Operation 118 'zext' 'zext_ln17379_1' <Predicate = true> <Delay = 0.00>
ST_7 : Operation 119 [1/1] (0.00ns)   --->   "%local_C_pong_V_addr = getelementptr i512 %local_C_pong_V, i64 0, i64 %zext_ln17379_1" [./dut.cpp:17379]   --->   Operation 119 'getelementptr' 'local_C_pong_V_addr' <Predicate = true> <Delay = 0.00>
ST_7 : Operation 120 [1/1] (0.63ns)   --->   "%icmp_ln890_1392 = icmp_eq  i5 %c5_V_96, i5 16"   --->   Operation 120 'icmp' 'icmp_ln890_1392' <Predicate = true> <Delay = 0.63> <CoreInst = "Cmp">   --->   Core 9 'Cmp' <Latency = 0> <II = 1> <Delay = 0.34> <FuncUnit> <Opcode : 'icmp'> <InPorts = 2> <OutPorts = 1>
ST_7 : Operation 121 [1/1] (0.00ns)   --->   "%speclooptripcount_ln0 = speclooptripcount void @_ssdm_op_SpecLoopTripCount, i64 16, i64 16, i64 16"   --->   Operation 121 'speclooptripcount' 'speclooptripcount_ln0' <Predicate = true> <Delay = 0.00>
ST_7 : Operation 122 [1/1] (0.00ns)   --->   "%br_ln17372 = br i1 %icmp_ln890_1392, void %.split45, void" [./dut.cpp:17372]   --->   Operation 122 'br' 'br_ln17372' <Predicate = true> <Delay = 0.00>
ST_7 : Operation 123 [1/1] (0.00ns)   --->   "%br_ln0 = br void %.preheader13"   --->   Operation 123 'br' 'br_ln0' <Predicate = (icmp_ln890_1392)> <Delay = 0.00>

State 8 <SV = 5> <Delay = 2.41>
ST_8 : Operation 124 [1/1] (0.00ns)   --->   "%specloopname_ln17372 = specloopname void @_ssdm_op_SpecLoopName, void @empty_924" [./dut.cpp:17372]   --->   Operation 124 'specloopname' 'specloopname_ln17372' <Predicate = true> <Delay = 0.00>
ST_8 : Operation 125 [1/1] (1.21ns)   --->   "%tmp_519 = read i512 @_ssdm_op_Read.ap_fifo.volatile.i512P0A, i512 %fifo_C_C_IO_L2_in_1_x118" [/home/rcslfpgaserver/Softwares/Xilinx/Vitis_HLS/2020.2/common/technology/autopilot/hls_stream_39.h:145]   --->   Operation 125 'read' 'tmp_519' <Predicate = true> <Delay = 1.21> <CoreInst = "FIFO_SRL">   --->   Core 81 'FIFO_SRL' <Latency = 0> <II = 1> <Delay = 1.41> <Storage> <Opcode : 'read' 'write' 'nbread' 'nbwrite'> <Ports = 0> <Width = 512> <Depth = 2> <FIFO>
ST_8 : Operation 126 [1/1] (1.20ns)   --->   "%store_ln17379 = store i512 %tmp_519, i7 %local_C_pong_V_addr" [./dut.cpp:17379]   --->   Operation 126 'store' 'store_ln17379' <Predicate = true> <Delay = 1.20> <CoreInst = "RAM_2P_BRAM">   --->   Core 94 'RAM_2P_BRAM' <Latency = 1> <II = 1> <Delay = 1.20> <Storage> <Opcode : 'load' 'store'> <Ports = 2> <Width = 512> <Depth = 128> <RAM>
ST_8 : Operation 127 [1/1] (0.00ns)   --->   "%br_ln0 = br void"   --->   Operation 127 'br' 'br_ln0' <Predicate = true> <Delay = 0.00>

State 9 <SV = 3> <Delay = 2.33>
ST_9 : Operation 128 [1/1] (0.00ns)   --->   "%indvar_flatten65 = phi i17 %add_ln17405, void, i17 0, void %.preheader10.preheader.preheader" [./dut.cpp:17405]   --->   Operation 128 'phi' 'indvar_flatten65' <Predicate = (!and_ln17357 & or_ln17357)> <Delay = 0.00>
ST_9 : Operation 129 [1/1] (0.00ns)   --->   "%indvar_flatten31 = phi i11 %select_ln890_488, void, i11 0, void %.preheader10.preheader.preheader"   --->   Operation 129 'phi' 'indvar_flatten31' <Predicate = (!and_ln17357 & or_ln17357)> <Delay = 0.00>
ST_9 : Operation 130 [1/1] (0.00ns)   --->   "%indvar_flatten7 = phi i10 %select_ln890_487, void, i10 0, void %.preheader10.preheader.preheader"   --->   Operation 130 'phi' 'indvar_flatten7' <Predicate = (!and_ln17357 & or_ln17357)> <Delay = 0.00>
ST_9 : Operation 131 [1/1] (0.00ns)   --->   "%c6_V_152 = phi i6 %select_ln890_484, void, i6 0, void %.preheader10.preheader.preheader"   --->   Operation 131 'phi' 'c6_V_152' <Predicate = (!and_ln17357 & or_ln17357)> <Delay = 0.00>
ST_9 : Operation 132 [1/1] (0.00ns)   --->   "%c7_V_90 = phi i4 %add_ln691_1316, void, i4 0, void %.preheader10.preheader.preheader"   --->   Operation 132 'phi' 'c7_V_90' <Predicate = (!and_ln17357 & or_ln17357)> <Delay = 0.00>
ST_9 : Operation 133 [1/1] (0.79ns)   --->   "%add_ln17405 = add i17 %indvar_flatten65, i17 1" [./dut.cpp:17405]   --->   Operation 133 'add' 'add_ln17405' <Predicate = (!and_ln17357 & or_ln17357)> <Delay = 0.79> <CoreInst = "Adder">   --->   Core 1 'Adder' <Latency = 0> <II = 1> <Delay = 0.73> <FuncUnit> <Opcode : 'add' 'sub'> <InPorts = 2> <OutPorts = 1>
ST_9 : Operation 134 [1/1] (0.00ns)   --->   "%empty = trunc i6 %c6_V_152"   --->   Operation 134 'trunc' 'empty' <Predicate = (!and_ln17357 & or_ln17357)> <Delay = 0.00>
ST_9 : Operation 135 [1/1] (0.68ns)   --->   "%icmp_ln17405 = icmp_eq  i17 %indvar_flatten65, i17 65536" [./dut.cpp:17405]   --->   Operation 135 'icmp' 'icmp_ln17405' <Predicate = (!and_ln17357 & or_ln17357)> <Delay = 0.68> <CoreInst = "Cmp">   --->   Core 9 'Cmp' <Latency = 0> <II = 1> <Delay = 0.34> <FuncUnit> <Opcode : 'icmp'> <InPorts = 2> <OutPorts = 1>
ST_9 : Operation 136 [1/1] (0.00ns)   --->   "%br_ln17405 = br i1 %icmp_ln17405, void %.preheader10, void %.loopexit1220.loopexit340" [./dut.cpp:17405]   --->   Operation 136 'br' 'br_ln17405' <Predicate = (!and_ln17357 & or_ln17357)> <Delay = 0.00>
ST_9 : Operation 137 [1/1] (0.61ns)   --->   "%icmp_ln890_1385 = icmp_eq  i11 %indvar_flatten31, i11 512"   --->   Operation 137 'icmp' 'icmp_ln890_1385' <Predicate = (!and_ln17357 & or_ln17357 & !icmp_ln17405)> <Delay = 0.61> <CoreInst = "Cmp">   --->   Core 9 'Cmp' <Latency = 0> <II = 1> <Delay = 0.34> <FuncUnit> <Opcode : 'icmp'> <InPorts = 2> <OutPorts = 1>
ST_9 : Operation 138 [1/1] (0.12ns)   --->   "%xor_ln17405 = xor i1 %icmp_ln890_1385, i1 1" [./dut.cpp:17405]   --->   Operation 138 'xor' 'xor_ln17405' <Predicate = (!and_ln17357 & or_ln17357 & !icmp_ln17405)> <Delay = 0.12> <CoreInst = "LogicGate">   --->   Core 74 'LogicGate' <Latency = 0> <II = 1> <Delay = 0.12> <FuncUnit> <Opcode : 'and' 'or' 'xor'> <InPorts = 2> <OutPorts = 1>
ST_9 : Operation 139 [1/1] (0.00ns) (grouped into LUT with out node select_ln17412_1)   --->   "%and_ln17405 = and i1 %empty, i1 %xor_ln17405" [./dut.cpp:17405]   --->   Operation 139 'and' 'and_ln17405' <Predicate = (!and_ln17357 & or_ln17357 & !icmp_ln17405)> <Delay = 0.00> <CoreInst = "LogicGate">   --->   Core 74 'LogicGate' <Latency = 0> <II = 1> <Delay = 0.12> <FuncUnit> <Opcode : 'and' 'or' 'xor'> <InPorts = 2> <OutPorts = 1>
ST_9 : Operation 140 [1/1] (0.65ns)   --->   "%icmp_ln890_1386 = icmp_eq  i4 %c7_V_90, i4 8"   --->   Operation 140 'icmp' 'icmp_ln890_1386' <Predicate = (!and_ln17357 & or_ln17357 & !icmp_ln17405)> <Delay = 0.65> <CoreInst = "Cmp">   --->   Core 9 'Cmp' <Latency = 0> <II = 1> <Delay = 0.34> <FuncUnit> <Opcode : 'icmp'> <InPorts = 2> <OutPorts = 1>
ST_9 : Operation 141 [1/1] (0.00ns) (grouped into LUT with out node and_ln17411_1)   --->   "%and_ln17405_1 = and i1 %icmp_ln890_1386, i1 %xor_ln17405" [./dut.cpp:17405]   --->   Operation 141 'and' 'and_ln17405_1' <Predicate = (!and_ln17357 & or_ln17357 & !icmp_ln17405)> <Delay = 0.00> <CoreInst = "LogicGate">   --->   Core 74 'LogicGate' <Latency = 0> <II = 1> <Delay = 0.12> <FuncUnit> <Opcode : 'and' 'or' 'xor'> <InPorts = 2> <OutPorts = 1>
ST_9 : Operation 142 [1/1] (0.60ns)   --->   "%icmp_ln890_1387 = icmp_eq  i10 %indvar_flatten7, i10 256"   --->   Operation 142 'icmp' 'icmp_ln890_1387' <Predicate = (!and_ln17357 & or_ln17357 & !icmp_ln17405)> <Delay = 0.60> <CoreInst = "Cmp">   --->   Core 9 'Cmp' <Latency = 0> <II = 1> <Delay = 0.34> <FuncUnit> <Opcode : 'icmp'> <InPorts = 2> <OutPorts = 1>
ST_9 : Operation 143 [1/1] (0.12ns)   --->   "%and_ln17405_2 = and i1 %icmp_ln890_1387, i1 %xor_ln17405" [./dut.cpp:17405]   --->   Operation 143 'and' 'and_ln17405_2' <Predicate = (!and_ln17357 & or_ln17357 & !icmp_ln17405)> <Delay = 0.12> <CoreInst = "LogicGate">   --->   Core 74 'LogicGate' <Latency = 0> <II = 1> <Delay = 0.12> <FuncUnit> <Opcode : 'and' 'or' 'xor'> <InPorts = 2> <OutPorts = 1>
ST_9 : Operation 144 [1/1] (0.12ns)   --->   "%or_ln17411 = or i1 %and_ln17405_2, i1 %icmp_ln890_1385" [./dut.cpp:17411]   --->   Operation 144 'or' 'or_ln17411' <Predicate = (!and_ln17357 & or_ln17357 & !icmp_ln17405)> <Delay = 0.12> <CoreInst = "LogicGate">   --->   Core 74 'LogicGate' <Latency = 0> <II = 1> <Delay = 0.12> <FuncUnit> <Opcode : 'and' 'or' 'xor'> <InPorts = 2> <OutPorts = 1>
ST_9 : Operation 145 [1/1] (0.29ns)   --->   "%select_ln17411 = select i1 %or_ln17411, i6 0, i6 %c6_V_152" [./dut.cpp:17411]   --->   Operation 145 'select' 'select_ln17411' <Predicate = (!and_ln17357 & or_ln17357 & !icmp_ln17405)> <Delay = 0.29> <CoreInst = "Sel">   --->   Core 73 'Sel' <Latency = 0> <II = 1> <Delay = 0.30> <FuncUnit> <Opcode : 'select'> <InPorts = 3> <OutPorts = 1>
ST_9 : Operation 146 [1/1] (0.00ns) (grouped into LUT with out node or_ln17411_1)   --->   "%xor_ln17411 = xor i1 %icmp_ln890_1387, i1 1" [./dut.cpp:17411]   --->   Operation 146 'xor' 'xor_ln17411' <Predicate = (!and_ln17357 & or_ln17357 & !icmp_ln17405)> <Delay = 0.00> <CoreInst = "LogicGate">   --->   Core 74 'LogicGate' <Latency = 0> <II = 1> <Delay = 0.12> <FuncUnit> <Opcode : 'and' 'or' 'xor'> <InPorts = 2> <OutPorts = 1>
ST_9 : Operation 147 [1/1] (0.12ns) (out node of the LUT)   --->   "%or_ln17411_1 = or i1 %icmp_ln890_1385, i1 %xor_ln17411" [./dut.cpp:17411]   --->   Operation 147 'or' 'or_ln17411_1' <Predicate = (!and_ln17357 & or_ln17357 & !icmp_ln17405)> <Delay = 0.12> <CoreInst = "LogicGate">   --->   Core 74 'LogicGate' <Latency = 0> <II = 1> <Delay = 0.12> <FuncUnit> <Opcode : 'and' 'or' 'xor'> <InPorts = 2> <OutPorts = 1>
ST_9 : Operation 148 [1/1] (0.00ns) (grouped into LUT with out node select_ln17412_1)   --->   "%and_ln17411 = and i1 %and_ln17405, i1 %or_ln17411_1" [./dut.cpp:17411]   --->   Operation 148 'and' 'and_ln17411' <Predicate = (!and_ln17357 & or_ln17357 & !icmp_ln17405)> <Delay = 0.00> <CoreInst = "LogicGate">   --->   Core 74 'LogicGate' <Latency = 0> <II = 1> <Delay = 0.12> <FuncUnit> <Opcode : 'and' 'or' 'xor'> <InPorts = 2> <OutPorts = 1>
ST_9 : Operation 149 [1/1] (0.12ns) (out node of the LUT)   --->   "%and_ln17411_1 = and i1 %and_ln17405_1, i1 %or_ln17411_1" [./dut.cpp:17411]   --->   Operation 149 'and' 'and_ln17411_1' <Predicate = (!and_ln17357 & or_ln17357 & !icmp_ln17405)> <Delay = 0.12> <CoreInst = "LogicGate">   --->   Core 74 'LogicGate' <Latency = 0> <II = 1> <Delay = 0.12> <FuncUnit> <Opcode : 'and' 'or' 'xor'> <InPorts = 2> <OutPorts = 1>
ST_9 : Operation 150 [1/1] (0.70ns)   --->   "%add_ln691_1312 = add i6 %select_ln17411, i6 1"   --->   Operation 150 'add' 'add_ln691_1312' <Predicate = (!and_ln17357 & or_ln17357 & !icmp_ln17405)> <Delay = 0.70> <CoreInst = "Adder">   --->   Core 1 'Adder' <Latency = 0> <II = 1> <Delay = 0.73> <FuncUnit> <Opcode : 'add' 'sub'> <InPorts = 2> <OutPorts = 1>
ST_9 : Operation 151 [1/1] (0.00ns) (grouped into LUT with out node select_ln17412)   --->   "%or_ln17412 = or i1 %and_ln17411_1, i1 %and_ln17405_2" [./dut.cpp:17412]   --->   Operation 151 'or' 'or_ln17412' <Predicate = (!and_ln17357 & or_ln17357 & !icmp_ln17405)> <Delay = 0.00> <CoreInst = "LogicGate">   --->   Core 74 'LogicGate' <Latency = 0> <II = 1> <Delay = 0.12> <FuncUnit> <Opcode : 'and' 'or' 'xor'> <InPorts = 2> <OutPorts = 1>
ST_9 : Operation 152 [1/1] (0.00ns) (grouped into LUT with out node select_ln17412)   --->   "%or_ln17412_1 = or i1 %or_ln17412, i1 %icmp_ln890_1385" [./dut.cpp:17412]   --->   Operation 152 'or' 'or_ln17412_1' <Predicate = (!and_ln17357 & or_ln17357 & !icmp_ln17405)> <Delay = 0.00> <CoreInst = "LogicGate">   --->   Core 74 'LogicGate' <Latency = 0> <II = 1> <Delay = 0.12> <FuncUnit> <Opcode : 'and' 'or' 'xor'> <InPorts = 2> <OutPorts = 1>
ST_9 : Operation 153 [1/1] (0.35ns) (out node of the LUT)   --->   "%select_ln17412 = select i1 %or_ln17412_1, i4 0, i4 %c7_V_90" [./dut.cpp:17412]   --->   Operation 153 'select' 'select_ln17412' <Predicate = (!and_ln17357 & or_ln17357 & !icmp_ln17405)> <Delay = 0.35> <CoreInst = "Sel">   --->   Core 73 'Sel' <Latency = 0> <II = 1> <Delay = 0.30> <FuncUnit> <Opcode : 'select'> <InPorts = 3> <OutPorts = 1>
ST_9 : Operation 154 [1/1] (0.00ns) (grouped into LUT with out node select_ln17412_1)   --->   "%empty_2497 = trunc i6 %add_ln691_1312"   --->   Operation 154 'trunc' 'empty_2497' <Predicate = (!and_ln17357 & or_ln17357 & !icmp_ln17405)> <Delay = 0.00>
ST_9 : Operation 155 [1/1] (0.27ns) (out node of the LUT)   --->   "%select_ln17412_1 = select i1 %and_ln17411_1, i1 %empty_2497, i1 %and_ln17411" [./dut.cpp:17412]   --->   Operation 155 'select' 'select_ln17412_1' <Predicate = (!and_ln17357 & or_ln17357 & !icmp_ln17405)> <Delay = 0.27> <CoreInst = "Sel">   --->   Core 73 'Sel' <Latency = 0> <II = 1> <Delay = 0.30> <FuncUnit> <Opcode : 'select'> <InPorts = 3> <OutPorts = 1>
ST_9 : Operation 156 [1/1] (0.29ns)   --->   "%select_ln890_484 = select i1 %and_ln17411_1, i6 %add_ln691_1312, i6 %select_ln17411"   --->   Operation 156 'select' 'select_ln890_484' <Predicate = (!and_ln17357 & or_ln17357 & !icmp_ln17405)> <Delay = 0.29> <CoreInst = "Sel">   --->   Core 73 'Sel' <Latency = 0> <II = 1> <Delay = 0.30> <FuncUnit> <Opcode : 'select'> <InPorts = 3> <OutPorts = 1>
ST_9 : Operation 157 [1/1] (0.00ns) (grouped into LUT with out node select_ln17412_2)   --->   "%tmp_513 = partselect i4 @_ssdm_op_PartSelect.i4.i6.i32.i32, i6 %add_ln691_1312, i32 1, i32 4"   --->   Operation 157 'partselect' 'tmp_513' <Predicate = (!and_ln17357 & or_ln17357 & !icmp_ln17405)> <Delay = 0.00>
ST_9 : Operation 158 [1/1] (0.00ns) (grouped into LUT with out node select_ln17412_2)   --->   "%tmp_514 = partselect i4 @_ssdm_op_PartSelect.i4.i6.i32.i32, i6 %c6_V_152, i32 1, i32 4"   --->   Operation 158 'partselect' 'tmp_514' <Predicate = (!and_ln17357 & or_ln17357 & !icmp_ln17405)> <Delay = 0.00>
ST_9 : Operation 159 [1/1] (0.00ns) (grouped into LUT with out node select_ln17412_2)   --->   "%select_ln17411_1 = select i1 %or_ln17411, i4 0, i4 %tmp_514" [./dut.cpp:17411]   --->   Operation 159 'select' 'select_ln17411_1' <Predicate = (!and_ln17357 & or_ln17357 & !icmp_ln17405)> <Delay = 0.00> <CoreInst = "Sel">   --->   Core 73 'Sel' <Latency = 0> <II = 1> <Delay = 0.30> <FuncUnit> <Opcode : 'select'> <InPorts = 3> <OutPorts = 1>
ST_9 : Operation 160 [1/1] (0.35ns) (out node of the LUT)   --->   "%select_ln17412_2 = select i1 %and_ln17411_1, i4 %tmp_513, i4 %select_ln17411_1" [./dut.cpp:17412]   --->   Operation 160 'select' 'select_ln17412_2' <Predicate = (!and_ln17357 & or_ln17357 & !icmp_ln17405)> <Delay = 0.35> <CoreInst = "Sel">   --->   Core 73 'Sel' <Latency = 0> <II = 1> <Delay = 0.30> <FuncUnit> <Opcode : 'select'> <InPorts = 3> <OutPorts = 1>
ST_9 : Operation 161 [1/1] (0.00ns)   --->   "%br_ln0 = br void %.loopexit1220"   --->   Operation 161 'br' 'br_ln0' <Predicate = (!and_ln17357 & or_ln17357 & icmp_ln17405)> <Delay = 0.00>
ST_9 : Operation 162 [1/1] (0.00ns)   --->   "%indvar_flatten143 = phi i17 %add_ln17479, void, i17 0, void %.preheader.preheader.preheader" [./dut.cpp:17479]   --->   Operation 162 'phi' 'indvar_flatten143' <Predicate = (and_ln17357 & or_ln17357)> <Delay = 0.00>
ST_9 : Operation 163 [1/1] (0.00ns)   --->   "%indvar_flatten109 = phi i11 %select_ln890_486, void, i11 0, void %.preheader.preheader.preheader"   --->   Operation 163 'phi' 'indvar_flatten109' <Predicate = (and_ln17357 & or_ln17357)> <Delay = 0.00>
ST_9 : Operation 164 [1/1] (0.00ns)   --->   "%indvar_flatten85 = phi i10 %select_ln890_485, void, i10 0, void %.preheader.preheader.preheader"   --->   Operation 164 'phi' 'indvar_flatten85' <Predicate = (and_ln17357 & or_ln17357)> <Delay = 0.00>
ST_9 : Operation 165 [1/1] (0.00ns)   --->   "%c6_V_151 = phi i6 %select_ln890_483, void, i6 0, void %.preheader.preheader.preheader"   --->   Operation 165 'phi' 'c6_V_151' <Predicate = (and_ln17357 & or_ln17357)> <Delay = 0.00>
ST_9 : Operation 166 [1/1] (0.00ns)   --->   "%c7_V_89 = phi i4 %add_ln691_1314, void, i4 0, void %.preheader.preheader.preheader"   --->   Operation 166 'phi' 'c7_V_89' <Predicate = (and_ln17357 & or_ln17357)> <Delay = 0.00>
ST_9 : Operation 167 [1/1] (0.79ns)   --->   "%add_ln17479 = add i17 %indvar_flatten143, i17 1" [./dut.cpp:17479]   --->   Operation 167 'add' 'add_ln17479' <Predicate = (and_ln17357 & or_ln17357)> <Delay = 0.79> <CoreInst = "Adder">   --->   Core 1 'Adder' <Latency = 0> <II = 1> <Delay = 0.73> <FuncUnit> <Opcode : 'add' 'sub'> <InPorts = 2> <OutPorts = 1>
ST_9 : Operation 168 [1/1] (0.00ns)   --->   "%empty_2498 = trunc i6 %c6_V_151"   --->   Operation 168 'trunc' 'empty_2498' <Predicate = (and_ln17357 & or_ln17357)> <Delay = 0.00>
ST_9 : Operation 169 [1/1] (0.68ns)   --->   "%icmp_ln17479 = icmp_eq  i17 %indvar_flatten143, i17 65536" [./dut.cpp:17479]   --->   Operation 169 'icmp' 'icmp_ln17479' <Predicate = (and_ln17357 & or_ln17357)> <Delay = 0.68> <CoreInst = "Cmp">   --->   Core 9 'Cmp' <Latency = 0> <II = 1> <Delay = 0.34> <FuncUnit> <Opcode : 'icmp'> <InPorts = 2> <OutPorts = 1>
ST_9 : Operation 170 [1/1] (0.00ns)   --->   "%br_ln17479 = br i1 %icmp_ln17479, void %.preheader, void %.loopexit1220.loopexit" [./dut.cpp:17479]   --->   Operation 170 'br' 'br_ln17479' <Predicate = (and_ln17357 & or_ln17357)> <Delay = 0.00>
ST_9 : Operation 171 [1/1] (0.61ns)   --->   "%icmp_ln890_1382 = icmp_eq  i11 %indvar_flatten109, i11 512"   --->   Operation 171 'icmp' 'icmp_ln890_1382' <Predicate = (and_ln17357 & or_ln17357 & !icmp_ln17479)> <Delay = 0.61> <CoreInst = "Cmp">   --->   Core 9 'Cmp' <Latency = 0> <II = 1> <Delay = 0.34> <FuncUnit> <Opcode : 'icmp'> <InPorts = 2> <OutPorts = 1>
ST_9 : Operation 172 [1/1] (0.12ns)   --->   "%xor_ln17479 = xor i1 %icmp_ln890_1382, i1 1" [./dut.cpp:17479]   --->   Operation 172 'xor' 'xor_ln17479' <Predicate = (and_ln17357 & or_ln17357 & !icmp_ln17479)> <Delay = 0.12> <CoreInst = "LogicGate">   --->   Core 74 'LogicGate' <Latency = 0> <II = 1> <Delay = 0.12> <FuncUnit> <Opcode : 'and' 'or' 'xor'> <InPorts = 2> <OutPorts = 1>
ST_9 : Operation 173 [1/1] (0.00ns) (grouped into LUT with out node select_ln17486_1)   --->   "%and_ln17479 = and i1 %empty_2498, i1 %xor_ln17479" [./dut.cpp:17479]   --->   Operation 173 'and' 'and_ln17479' <Predicate = (and_ln17357 & or_ln17357 & !icmp_ln17479)> <Delay = 0.00> <CoreInst = "LogicGate">   --->   Core 74 'LogicGate' <Latency = 0> <II = 1> <Delay = 0.12> <FuncUnit> <Opcode : 'and' 'or' 'xor'> <InPorts = 2> <OutPorts = 1>
ST_9 : Operation 174 [1/1] (0.65ns)   --->   "%icmp_ln890_1383 = icmp_eq  i4 %c7_V_89, i4 8"   --->   Operation 174 'icmp' 'icmp_ln890_1383' <Predicate = (and_ln17357 & or_ln17357 & !icmp_ln17479)> <Delay = 0.65> <CoreInst = "Cmp">   --->   Core 9 'Cmp' <Latency = 0> <II = 1> <Delay = 0.34> <FuncUnit> <Opcode : 'icmp'> <InPorts = 2> <OutPorts = 1>
ST_9 : Operation 175 [1/1] (0.00ns) (grouped into LUT with out node and_ln17485_1)   --->   "%and_ln17479_1 = and i1 %icmp_ln890_1383, i1 %xor_ln17479" [./dut.cpp:17479]   --->   Operation 175 'and' 'and_ln17479_1' <Predicate = (and_ln17357 & or_ln17357 & !icmp_ln17479)> <Delay = 0.00> <CoreInst = "LogicGate">   --->   Core 74 'LogicGate' <Latency = 0> <II = 1> <Delay = 0.12> <FuncUnit> <Opcode : 'and' 'or' 'xor'> <InPorts = 2> <OutPorts = 1>
ST_9 : Operation 176 [1/1] (0.60ns)   --->   "%icmp_ln890_1384 = icmp_eq  i10 %indvar_flatten85, i10 256"   --->   Operation 176 'icmp' 'icmp_ln890_1384' <Predicate = (and_ln17357 & or_ln17357 & !icmp_ln17479)> <Delay = 0.60> <CoreInst = "Cmp">   --->   Core 9 'Cmp' <Latency = 0> <II = 1> <Delay = 0.34> <FuncUnit> <Opcode : 'icmp'> <InPorts = 2> <OutPorts = 1>
ST_9 : Operation 177 [1/1] (0.12ns)   --->   "%and_ln17479_2 = and i1 %icmp_ln890_1384, i1 %xor_ln17479" [./dut.cpp:17479]   --->   Operation 177 'and' 'and_ln17479_2' <Predicate = (and_ln17357 & or_ln17357 & !icmp_ln17479)> <Delay = 0.12> <CoreInst = "LogicGate">   --->   Core 74 'LogicGate' <Latency = 0> <II = 1> <Delay = 0.12> <FuncUnit> <Opcode : 'and' 'or' 'xor'> <InPorts = 2> <OutPorts = 1>
ST_9 : Operation 178 [1/1] (0.12ns)   --->   "%or_ln17485 = or i1 %and_ln17479_2, i1 %icmp_ln890_1382" [./dut.cpp:17485]   --->   Operation 178 'or' 'or_ln17485' <Predicate = (and_ln17357 & or_ln17357 & !icmp_ln17479)> <Delay = 0.12> <CoreInst = "LogicGate">   --->   Core 74 'LogicGate' <Latency = 0> <II = 1> <Delay = 0.12> <FuncUnit> <Opcode : 'and' 'or' 'xor'> <InPorts = 2> <OutPorts = 1>
ST_9 : Operation 179 [1/1] (0.29ns)   --->   "%select_ln17485 = select i1 %or_ln17485, i6 0, i6 %c6_V_151" [./dut.cpp:17485]   --->   Operation 179 'select' 'select_ln17485' <Predicate = (and_ln17357 & or_ln17357 & !icmp_ln17479)> <Delay = 0.29> <CoreInst = "Sel">   --->   Core 73 'Sel' <Latency = 0> <II = 1> <Delay = 0.30> <FuncUnit> <Opcode : 'select'> <InPorts = 3> <OutPorts = 1>
ST_9 : Operation 180 [1/1] (0.00ns) (grouped into LUT with out node or_ln17485_1)   --->   "%xor_ln17485 = xor i1 %icmp_ln890_1384, i1 1" [./dut.cpp:17485]   --->   Operation 180 'xor' 'xor_ln17485' <Predicate = (and_ln17357 & or_ln17357 & !icmp_ln17479)> <Delay = 0.00> <CoreInst = "LogicGate">   --->   Core 74 'LogicGate' <Latency = 0> <II = 1> <Delay = 0.12> <FuncUnit> <Opcode : 'and' 'or' 'xor'> <InPorts = 2> <OutPorts = 1>
ST_9 : Operation 181 [1/1] (0.12ns) (out node of the LUT)   --->   "%or_ln17485_1 = or i1 %icmp_ln890_1382, i1 %xor_ln17485" [./dut.cpp:17485]   --->   Operation 181 'or' 'or_ln17485_1' <Predicate = (and_ln17357 & or_ln17357 & !icmp_ln17479)> <Delay = 0.12> <CoreInst = "LogicGate">   --->   Core 74 'LogicGate' <Latency = 0> <II = 1> <Delay = 0.12> <FuncUnit> <Opcode : 'and' 'or' 'xor'> <InPorts = 2> <OutPorts = 1>
ST_9 : Operation 182 [1/1] (0.00ns) (grouped into LUT with out node select_ln17486_1)   --->   "%and_ln17485 = and i1 %and_ln17479, i1 %or_ln17485_1" [./dut.cpp:17485]   --->   Operation 182 'and' 'and_ln17485' <Predicate = (and_ln17357 & or_ln17357 & !icmp_ln17479)> <Delay = 0.00> <CoreInst = "LogicGate">   --->   Core 74 'LogicGate' <Latency = 0> <II = 1> <Delay = 0.12> <FuncUnit> <Opcode : 'and' 'or' 'xor'> <InPorts = 2> <OutPorts = 1>
ST_9 : Operation 183 [1/1] (0.12ns) (out node of the LUT)   --->   "%and_ln17485_1 = and i1 %and_ln17479_1, i1 %or_ln17485_1" [./dut.cpp:17485]   --->   Operation 183 'and' 'and_ln17485_1' <Predicate = (and_ln17357 & or_ln17357 & !icmp_ln17479)> <Delay = 0.12> <CoreInst = "LogicGate">   --->   Core 74 'LogicGate' <Latency = 0> <II = 1> <Delay = 0.12> <FuncUnit> <Opcode : 'and' 'or' 'xor'> <InPorts = 2> <OutPorts = 1>
ST_9 : Operation 184 [1/1] (0.70ns)   --->   "%add_ln691_1311 = add i6 %select_ln17485, i6 1"   --->   Operation 184 'add' 'add_ln691_1311' <Predicate = (and_ln17357 & or_ln17357 & !icmp_ln17479)> <Delay = 0.70> <CoreInst = "Adder">   --->   Core 1 'Adder' <Latency = 0> <II = 1> <Delay = 0.73> <FuncUnit> <Opcode : 'add' 'sub'> <InPorts = 2> <OutPorts = 1>
ST_9 : Operation 185 [1/1] (0.00ns) (grouped into LUT with out node select_ln17486)   --->   "%or_ln17486 = or i1 %and_ln17485_1, i1 %and_ln17479_2" [./dut.cpp:17486]   --->   Operation 185 'or' 'or_ln17486' <Predicate = (and_ln17357 & or_ln17357 & !icmp_ln17479)> <Delay = 0.00> <CoreInst = "LogicGate">   --->   Core 74 'LogicGate' <Latency = 0> <II = 1> <Delay = 0.12> <FuncUnit> <Opcode : 'and' 'or' 'xor'> <InPorts = 2> <OutPorts = 1>
ST_9 : Operation 186 [1/1] (0.00ns) (grouped into LUT with out node select_ln17486)   --->   "%or_ln17486_1 = or i1 %or_ln17486, i1 %icmp_ln890_1382" [./dut.cpp:17486]   --->   Operation 186 'or' 'or_ln17486_1' <Predicate = (and_ln17357 & or_ln17357 & !icmp_ln17479)> <Delay = 0.00> <CoreInst = "LogicGate">   --->   Core 74 'LogicGate' <Latency = 0> <II = 1> <Delay = 0.12> <FuncUnit> <Opcode : 'and' 'or' 'xor'> <InPorts = 2> <OutPorts = 1>
ST_9 : Operation 187 [1/1] (0.35ns) (out node of the LUT)   --->   "%select_ln17486 = select i1 %or_ln17486_1, i4 0, i4 %c7_V_89" [./dut.cpp:17486]   --->   Operation 187 'select' 'select_ln17486' <Predicate = (and_ln17357 & or_ln17357 & !icmp_ln17479)> <Delay = 0.35> <CoreInst = "Sel">   --->   Core 73 'Sel' <Latency = 0> <II = 1> <Delay = 0.30> <FuncUnit> <Opcode : 'select'> <InPorts = 3> <OutPorts = 1>
ST_9 : Operation 188 [1/1] (0.00ns) (grouped into LUT with out node select_ln17486_1)   --->   "%empty_2499 = trunc i6 %add_ln691_1311"   --->   Operation 188 'trunc' 'empty_2499' <Predicate = (and_ln17357 & or_ln17357 & !icmp_ln17479)> <Delay = 0.00>
ST_9 : Operation 189 [1/1] (0.27ns) (out node of the LUT)   --->   "%select_ln17486_1 = select i1 %and_ln17485_1, i1 %empty_2499, i1 %and_ln17485" [./dut.cpp:17486]   --->   Operation 189 'select' 'select_ln17486_1' <Predicate = (and_ln17357 & or_ln17357 & !icmp_ln17479)> <Delay = 0.27> <CoreInst = "Sel">   --->   Core 73 'Sel' <Latency = 0> <II = 1> <Delay = 0.30> <FuncUnit> <Opcode : 'select'> <InPorts = 3> <OutPorts = 1>
ST_9 : Operation 190 [1/1] (0.29ns)   --->   "%select_ln890_483 = select i1 %and_ln17485_1, i6 %add_ln691_1311, i6 %select_ln17485"   --->   Operation 190 'select' 'select_ln890_483' <Predicate = (and_ln17357 & or_ln17357 & !icmp_ln17479)> <Delay = 0.29> <CoreInst = "Sel">   --->   Core 73 'Sel' <Latency = 0> <II = 1> <Delay = 0.30> <FuncUnit> <Opcode : 'select'> <InPorts = 3> <OutPorts = 1>
ST_9 : Operation 191 [1/1] (0.00ns) (grouped into LUT with out node select_ln17486_2)   --->   "%tmp_511 = partselect i4 @_ssdm_op_PartSelect.i4.i6.i32.i32, i6 %add_ln691_1311, i32 1, i32 4"   --->   Operation 191 'partselect' 'tmp_511' <Predicate = (and_ln17357 & or_ln17357 & !icmp_ln17479)> <Delay = 0.00>
ST_9 : Operation 192 [1/1] (0.00ns) (grouped into LUT with out node select_ln17486_2)   --->   "%tmp_512 = partselect i4 @_ssdm_op_PartSelect.i4.i6.i32.i32, i6 %c6_V_151, i32 1, i32 4"   --->   Operation 192 'partselect' 'tmp_512' <Predicate = (and_ln17357 & or_ln17357 & !icmp_ln17479)> <Delay = 0.00>
ST_9 : Operation 193 [1/1] (0.00ns) (grouped into LUT with out node select_ln17486_2)   --->   "%select_ln17485_1 = select i1 %or_ln17485, i4 0, i4 %tmp_512" [./dut.cpp:17485]   --->   Operation 193 'select' 'select_ln17485_1' <Predicate = (and_ln17357 & or_ln17357 & !icmp_ln17479)> <Delay = 0.00> <CoreInst = "Sel">   --->   Core 73 'Sel' <Latency = 0> <II = 1> <Delay = 0.30> <FuncUnit> <Opcode : 'select'> <InPorts = 3> <OutPorts = 1>
ST_9 : Operation 194 [1/1] (0.35ns) (out node of the LUT)   --->   "%select_ln17486_2 = select i1 %and_ln17485_1, i4 %tmp_511, i4 %select_ln17485_1" [./dut.cpp:17486]   --->   Operation 194 'select' 'select_ln17486_2' <Predicate = (and_ln17357 & or_ln17357 & !icmp_ln17479)> <Delay = 0.35> <CoreInst = "Sel">   --->   Core 73 'Sel' <Latency = 0> <II = 1> <Delay = 0.30> <FuncUnit> <Opcode : 'select'> <InPorts = 3> <OutPorts = 1>
ST_9 : Operation 195 [1/1] (0.00ns)   --->   "%br_ln0 = br void %.loopexit1220"   --->   Operation 195 'br' 'br_ln0' <Predicate = (and_ln17357 & or_ln17357 & icmp_ln17479)> <Delay = 0.00>
ST_9 : Operation 196 [1/1] (0.00ns) (grouped into LUT with out node arb)   --->   "%xor_ln17512 = xor i1 %arb_13, i1 1" [./dut.cpp:17512]   --->   Operation 196 'xor' 'xor_ln17512' <Predicate = (!or_ln17357) | (and_ln17357 & icmp_ln17479) | (!and_ln17357 & icmp_ln17405)> <Delay = 0.00> <CoreInst = "LogicGate">   --->   Core 74 'LogicGate' <Latency = 0> <II = 1> <Delay = 0.12> <FuncUnit> <Opcode : 'and' 'or' 'xor'> <InPorts = 2> <OutPorts = 1>
ST_9 : Operation 197 [1/1] (0.12ns) (out node of the LUT)   --->   "%arb = or i1 %icmp_ln890303, i1 %xor_ln17512" [./dut.cpp:17512]   --->   Operation 197 'or' 'arb' <Predicate = (!or_ln17357) | (and_ln17357 & icmp_ln17479) | (!and_ln17357 & icmp_ln17405)> <Delay = 0.12> <CoreInst = "LogicGate">   --->   Core 74 'LogicGate' <Latency = 0> <II = 1> <Delay = 0.12> <FuncUnit> <Opcode : 'and' 'or' 'xor'> <InPorts = 2> <OutPorts = 1>
ST_9 : Operation 198 [1/1] (0.57ns)   --->   "%add_ln691_1313 = add i3 %select_ln17357, i3 1"   --->   Operation 198 'add' 'add_ln691_1313' <Predicate = (!or_ln17357) | (and_ln17357 & icmp_ln17479) | (!and_ln17357 & icmp_ln17405)> <Delay = 0.57> <CoreInst = "Adder">   --->   Core 1 'Adder' <Latency = 0> <II = 1> <Delay = 0.73> <FuncUnit> <Opcode : 'add' 'sub'> <InPorts = 2> <OutPorts = 1>
ST_9 : Operation 199 [1/1] (0.00ns)   --->   "%br_ln0 = br void"   --->   Operation 199 'br' 'br_ln0' <Predicate = (!or_ln17357) | (and_ln17357 & icmp_ln17479) | (!and_ln17357 & icmp_ln17405)> <Delay = 0.00>

State 10 <SV = 4> <Delay = 1.20>
ST_10 : Operation 200 [1/1] (0.00ns)   --->   "%tmp_32 = bitconcatenate i64 @_ssdm_op_BitConcatenate.i64.i56.i4.i4, i56 0, i4 %select_ln17412, i4 %select_ln17412_2" [./dut.cpp:17412]   --->   Operation 200 'bitconcatenate' 'tmp_32' <Predicate = true> <Delay = 0.00>
ST_10 : Operation 201 [1/1] (0.00ns)   --->   "%local_C_ping_V_addr_26 = getelementptr i512 %local_C_ping_V, i64 0, i64 %tmp_32" [./dut.cpp:17412]   --->   Operation 201 'getelementptr' 'local_C_ping_V_addr_26' <Predicate = true> <Delay = 0.00>
ST_10 : Operation 202 [2/2] (1.20ns)   --->   "%in_data_V_64 = load i7 %local_C_ping_V_addr_26" [./dut.cpp:17412]   --->   Operation 202 'load' 'in_data_V_64' <Predicate = true> <Delay = 1.20> <CoreInst = "RAM_2P_BRAM">   --->   Core 94 'RAM_2P_BRAM' <Latency = 1> <II = 1> <Delay = 1.20> <Storage> <Opcode : 'load' 'store'> <Ports = 2> <Width = 512> <Depth = 128> <RAM>

State 11 <SV = 5> <Delay = 1.20>
ST_11 : Operation 203 [1/1] (0.00ns)   --->   "%specloopname_ln0 = specloopname void @_ssdm_op_SpecLoopName, void @C_IO_L2_in_1_x1_loop_8_C_IO_L2_in_1_x1_loop_10_C_IO_L2_in_1_x1_loop_11_str"   --->   Operation 203 'specloopname' 'specloopname_ln0' <Predicate = true> <Delay = 0.00>
ST_11 : Operation 204 [1/1] (0.00ns)   --->   "%speclooptripcount_ln0 = speclooptripcount void @_ssdm_op_SpecLoopTripCount, i64 65536, i64 65536, i64 65536"   --->   Operation 204 'speclooptripcount' 'speclooptripcount_ln0' <Predicate = true> <Delay = 0.00>
ST_11 : Operation 205 [1/1] (0.00ns)   --->   "%specloopname_ln0 = specloopname void @_ssdm_op_SpecLoopName, void @C_IO_L2_in_1_x1_loop_9_C_IO_L2_in_1_x1_loop_10_C_IO_L2_in_1_x1_loop_11_str"   --->   Operation 205 'specloopname' 'specloopname_ln0' <Predicate = true> <Delay = 0.00>
ST_11 : Operation 206 [1/1] (0.00ns)   --->   "%specloopname_ln0 = specloopname void @_ssdm_op_SpecLoopName, void @C_IO_L2_in_1_x1_loop_10_C_IO_L2_in_1_x1_loop_11_str"   --->   Operation 206 'specloopname' 'specloopname_ln0' <Predicate = true> <Delay = 0.00>
ST_11 : Operation 207 [1/1] (0.00ns)   --->   "%specloopname_ln17414 = specloopname void @_ssdm_op_SpecLoopName, void @empty_1041" [./dut.cpp:17414]   --->   Operation 207 'specloopname' 'specloopname_ln17414' <Predicate = true> <Delay = 0.00>
ST_11 : Operation 208 [1/2] (1.20ns)   --->   "%in_data_V_64 = load i7 %local_C_ping_V_addr_26" [./dut.cpp:17412]   --->   Operation 208 'load' 'in_data_V_64' <Predicate = true> <Delay = 1.20> <CoreInst = "RAM_2P_BRAM">   --->   Core 94 'RAM_2P_BRAM' <Latency = 1> <II = 1> <Delay = 1.20> <Storage> <Opcode : 'load' 'store'> <Ports = 2> <Width = 512> <Depth = 128> <RAM>
ST_11 : Operation 209 [1/1] (0.38ns)   --->   "%br_ln17416 = br void" [./dut.cpp:17416]   --->   Operation 209 'br' 'br_ln17416' <Predicate = true> <Delay = 0.38>

State 12 <SV = 6> <Delay = 1.77>
ST_12 : Operation 210 [1/1] (0.00ns)   --->   "%indvar_flatten = phi i6 0, void %.preheader10, i6 %add_ln890_291, void %ifFalse"   --->   Operation 210 'phi' 'indvar_flatten' <Predicate = true> <Delay = 0.00>
ST_12 : Operation 211 [1/1] (0.00ns)   --->   "%n_V_14 = phi i2 0, void %.preheader10, i2 %add_ln691_1317, void %ifFalse"   --->   Operation 211 'phi' 'n_V_14' <Predicate = true> <Delay = 0.00>
ST_12 : Operation 212 [1/1] (0.00ns)   --->   "%p_Val2_s = phi i512 %in_data_V_64, void %.preheader10, i512 %zext_ln1497_14, void %ifFalse"   --->   Operation 212 'phi' 'p_Val2_s' <Predicate = true> <Delay = 0.00>
ST_12 : Operation 213 [1/1] (0.70ns)   --->   "%add_ln890_291 = add i6 %indvar_flatten, i6 1"   --->   Operation 213 'add' 'add_ln890_291' <Predicate = true> <Delay = 0.70> <CoreInst = "Adder">   --->   Core 1 'Adder' <Latency = 0> <II = 1> <Delay = 0.73> <FuncUnit> <Opcode : 'add' 'sub'> <InPorts = 2> <OutPorts = 1>
ST_12 : Operation 214 [1/1] (0.61ns)   --->   "%icmp_ln890_1391 = icmp_eq  i6 %indvar_flatten, i6 32"   --->   Operation 214 'icmp' 'icmp_ln890_1391' <Predicate = true> <Delay = 0.61> <CoreInst = "Cmp">   --->   Core 9 'Cmp' <Latency = 0> <II = 1> <Delay = 0.34> <FuncUnit> <Opcode : 'icmp'> <InPorts = 2> <OutPorts = 1>
ST_12 : Operation 215 [1/1] (0.00ns)   --->   "%br_ln890 = br i1 %icmp_ln890_1391, void %.split53, void"   --->   Operation 215 'br' 'br_ln890' <Predicate = true> <Delay = 0.00>
ST_12 : Operation 216 [1/1] (0.00ns)   --->   "%data_split_V_1_load = load i256 %data_split_V_1" [./dut.cpp:17424]   --->   Operation 216 'load' 'data_split_V_1_load' <Predicate = (!icmp_ln890_1391)> <Delay = 0.00>
ST_12 : Operation 217 [1/1] (0.00ns)   --->   "%data_split_V_1_102_load = load i256 %data_split_V_1_102" [./dut.cpp:17424]   --->   Operation 217 'load' 'data_split_V_1_102_load' <Predicate = (!icmp_ln890_1391)> <Delay = 0.00>
ST_12 : Operation 218 [1/1] (0.00ns)   --->   "%specloopname_ln0 = specloopname void @_ssdm_op_SpecLoopName, void @C_IO_L2_in_1_x1_loop_12_C_IO_L2_in_1_x1_loop_13_str"   --->   Operation 218 'specloopname' 'specloopname_ln0' <Predicate = (!icmp_ln890_1391)> <Delay = 0.00>
ST_12 : Operation 219 [1/1] (0.00ns)   --->   "%speclooptripcount_ln0 = speclooptripcount void @_ssdm_op_SpecLoopTripCount, i64 32, i64 32, i64 32"   --->   Operation 219 'speclooptripcount' 'speclooptripcount_ln0' <Predicate = (!icmp_ln890_1391)> <Delay = 0.00>
ST_12 : Operation 220 [1/1] (0.34ns)   --->   "%icmp_ln878_25 = icmp_eq  i2 %n_V_14, i2 2"   --->   Operation 220 'icmp' 'icmp_ln878_25' <Predicate = (!icmp_ln890_1391)> <Delay = 0.34> <CoreInst = "Cmp">   --->   Core 9 'Cmp' <Latency = 0> <II = 1> <Delay = 0.34> <FuncUnit> <Opcode : 'icmp'> <InPorts = 2> <OutPorts = 1>
ST_12 : Operation 221 [1/1] (0.27ns)   --->   "%select_ln17416 = select i1 %icmp_ln878_25, i2 0, i2 %n_V_14" [./dut.cpp:17416]   --->   Operation 221 'select' 'select_ln17416' <Predicate = (!icmp_ln890_1391)> <Delay = 0.27> <CoreInst = "Sel">   --->   Core 73 'Sel' <Latency = 0> <II = 1> <Delay = 0.30> <FuncUnit> <Opcode : 'select'> <InPorts = 3> <OutPorts = 1>
ST_12 : Operation 222 [1/1] (0.57ns)   --->   "%select_ln17416_1 = select i1 %icmp_ln878_25, i512 %in_data_V_64, i512 %p_Val2_s" [./dut.cpp:17416]   --->   Operation 222 'select' 'select_ln17416_1' <Predicate = (!icmp_ln890_1391)> <Delay = 0.57> <CoreInst = "Sel">   --->   Core 73 'Sel' <Latency = 0> <II = 1> <Delay = 0.30> <FuncUnit> <Opcode : 'select'> <InPorts = 3> <OutPorts = 1>
ST_12 : Operation 223 [1/1] (0.00ns)   --->   "%specpipeline_ln674 = specpipeline void @_ssdm_op_SpecPipeline, i32 1, i32 0, i32 0, i32 0, void @empty_49"   --->   Operation 223 'specpipeline' 'specpipeline_ln674' <Predicate = (!icmp_ln890_1391)> <Delay = 0.00>
ST_12 : Operation 224 [1/1] (0.00ns)   --->   "%specloopname_ln674 = specloopname void @_ssdm_op_SpecLoopName, void @empty_506"   --->   Operation 224 'specloopname' 'specloopname_ln674' <Predicate = (!icmp_ln890_1391)> <Delay = 0.00>
ST_12 : Operation 225 [1/1] (0.00ns)   --->   "%data_split_V_0 = trunc i512 %select_ln17416_1"   --->   Operation 225 'trunc' 'data_split_V_0' <Predicate = (!icmp_ln890_1391)> <Delay = 0.00>
ST_12 : Operation 226 [1/1] (0.00ns)   --->   "%trunc_ln17424 = trunc i2 %select_ln17416" [./dut.cpp:17424]   --->   Operation 226 'trunc' 'trunc_ln17424' <Predicate = (!icmp_ln890_1391)> <Delay = 0.00>
ST_12 : Operation 227 [1/1] (0.42ns)   --->   "%data_split_V_1_114 = select i1 %trunc_ln17424, i256 %data_split_V_0, i256 %data_split_V_1_102_load" [./dut.cpp:17424]   --->   Operation 227 'select' 'data_split_V_1_114' <Predicate = (!icmp_ln890_1391)> <Delay = 0.42> <CoreInst = "Sel">   --->   Core 73 'Sel' <Latency = 0> <II = 1> <Delay = 0.30> <FuncUnit> <Opcode : 'select'> <InPorts = 3> <OutPorts = 1>
ST_12 : Operation 228 [1/1] (0.42ns)   --->   "%data_split_V_1_115 = select i1 %trunc_ln17424, i256 %data_split_V_1_load, i256 %data_split_V_0" [./dut.cpp:17424]   --->   Operation 228 'select' 'data_split_V_1_115' <Predicate = (!icmp_ln890_1391)> <Delay = 0.42> <CoreInst = "Sel">   --->   Core 73 'Sel' <Latency = 0> <II = 1> <Delay = 0.30> <FuncUnit> <Opcode : 'select'> <InPorts = 3> <OutPorts = 1>
ST_12 : Operation 229 [1/1] (0.00ns)   --->   "%r = partselect i256 @_ssdm_op_PartSelect.i256.i512.i32.i32, i512 %select_ln17416_1, i32 256, i32 511"   --->   Operation 229 'partselect' 'r' <Predicate = (!icmp_ln890_1391)> <Delay = 0.00>
ST_12 : Operation 230 [1/1] (0.00ns)   --->   "%zext_ln1497_14 = zext i256 %r"   --->   Operation 230 'zext' 'zext_ln1497_14' <Predicate = (!icmp_ln890_1391)> <Delay = 0.00>
ST_12 : Operation 231 [1/1] (0.43ns)   --->   "%add_ln691_1317 = add i2 %select_ln17416, i2 1"   --->   Operation 231 'add' 'add_ln691_1317' <Predicate = (!icmp_ln890_1391)> <Delay = 0.43> <CoreInst = "Adder">   --->   Core 1 'Adder' <Latency = 0> <II = 1> <Delay = 0.73> <FuncUnit> <Opcode : 'add' 'sub'> <InPorts = 2> <OutPorts = 1>
ST_12 : Operation 232 [1/1] (0.34ns)   --->   "%icmp_ln878_24 = icmp_eq  i2 %add_ln691_1317, i2 2"   --->   Operation 232 'icmp' 'icmp_ln878_24' <Predicate = (!icmp_ln890_1391)> <Delay = 0.34> <CoreInst = "Cmp">   --->   Core 9 'Cmp' <Latency = 0> <II = 1> <Delay = 0.34> <FuncUnit> <Opcode : 'icmp'> <InPorts = 2> <OutPorts = 1>
ST_12 : Operation 233 [1/1] (0.00ns)   --->   "%br_ln878 = br i1 %icmp_ln878_24, void %ifFalse, void %ifTrue"   --->   Operation 233 'br' 'br_ln878' <Predicate = (!icmp_ln890_1391)> <Delay = 0.00>
ST_12 : Operation 234 [1/1] (0.42ns)   --->   "%select_ln17428 = select i1 %select_ln17412_1, i256 %data_split_V_1_114, i256 %data_split_V_1_115" [./dut.cpp:17428]   --->   Operation 234 'select' 'select_ln17428' <Predicate = (!icmp_ln890_1391 & icmp_ln878_24)> <Delay = 0.42> <CoreInst = "Sel">   --->   Core 73 'Sel' <Latency = 0> <II = 1> <Delay = 0.30> <FuncUnit> <Opcode : 'select'> <InPorts = 3> <OutPorts = 1>
ST_12 : Operation 235 [1/1] (0.00ns)   --->   "%store_ln17424 = store i256 %data_split_V_1_114, i256 %data_split_V_1_102" [./dut.cpp:17424]   --->   Operation 235 'store' 'store_ln17424' <Predicate = (!icmp_ln890_1391)> <Delay = 0.00>
ST_12 : Operation 236 [1/1] (0.00ns)   --->   "%store_ln17424 = store i256 %data_split_V_1_115, i256 %data_split_V_1" [./dut.cpp:17424]   --->   Operation 236 'store' 'store_ln17424' <Predicate = (!icmp_ln890_1391)> <Delay = 0.00>
ST_12 : Operation 237 [1/1] (0.00ns)   --->   "%br_ln0 = br void"   --->   Operation 237 'br' 'br_ln0' <Predicate = (!icmp_ln890_1391)> <Delay = 0.00>

State 13 <SV = 7> <Delay = 1.21>
ST_13 : Operation 238 [1/1] (1.21ns)   --->   "%write_ln174 = write void @_ssdm_op_Write.ap_fifo.volatile.i256P0A, i256 %fifo_C_PE_0_1_x1106, i256 %select_ln17428" [/home/rcslfpgaserver/Softwares/Xilinx/Vitis_HLS/2020.2/common/technology/autopilot/hls_stream_39.h:174]   --->   Operation 238 'write' 'write_ln174' <Predicate = (icmp_ln878_24)> <Delay = 1.21> <CoreInst = "FIFO_SRL">   --->   Core 81 'FIFO_SRL' <Latency = 0> <II = 1> <Delay = 1.42> <Storage> <Opcode : 'read' 'write' 'nbread' 'nbwrite'> <Ports = 0> <Width = 256> <Depth = 2> <FIFO>
ST_13 : Operation 239 [1/1] (0.00ns)   --->   "%br_ln0 = br void %ifFalse"   --->   Operation 239 'br' 'br_ln0' <Predicate = (icmp_ln878_24)> <Delay = 0.00>

State 14 <SV = 7> <Delay = 1.03>
ST_14 : Operation 240 [1/1] (0.70ns)   --->   "%add_ln691_1316 = add i4 %select_ln17412, i4 1"   --->   Operation 240 'add' 'add_ln691_1316' <Predicate = true> <Delay = 0.70> <CoreInst = "Adder">   --->   Core 1 'Adder' <Latency = 0> <II = 1> <Delay = 0.73> <FuncUnit> <Opcode : 'add' 'sub'> <InPorts = 2> <OutPorts = 1>
ST_14 : Operation 241 [1/1] (0.72ns)   --->   "%add_ln890_288 = add i10 %indvar_flatten7, i10 1"   --->   Operation 241 'add' 'add_ln890_288' <Predicate = (!or_ln17411)> <Delay = 0.72> <CoreInst = "Adder">   --->   Core 1 'Adder' <Latency = 0> <II = 1> <Delay = 0.73> <FuncUnit> <Opcode : 'add' 'sub'> <InPorts = 2> <OutPorts = 1>
ST_14 : Operation 242 [1/1] (0.30ns)   --->   "%select_ln890_487 = select i1 %or_ln17411, i10 1, i10 %add_ln890_288"   --->   Operation 242 'select' 'select_ln890_487' <Predicate = true> <Delay = 0.30> <CoreInst = "Sel">   --->   Core 73 'Sel' <Latency = 0> <II = 1> <Delay = 0.30> <FuncUnit> <Opcode : 'select'> <InPorts = 3> <OutPorts = 1>
ST_14 : Operation 243 [1/1] (0.73ns)   --->   "%add_ln890_289 = add i11 %indvar_flatten31, i11 1"   --->   Operation 243 'add' 'add_ln890_289' <Predicate = (!icmp_ln890_1385)> <Delay = 0.73> <CoreInst = "Adder">   --->   Core 1 'Adder' <Latency = 0> <II = 1> <Delay = 0.73> <FuncUnit> <Opcode : 'add' 'sub'> <InPorts = 2> <OutPorts = 1>
ST_14 : Operation 244 [1/1] (0.30ns)   --->   "%select_ln890_488 = select i1 %icmp_ln890_1385, i11 1, i11 %add_ln890_289"   --->   Operation 244 'select' 'select_ln890_488' <Predicate = true> <Delay = 0.30> <CoreInst = "Sel">   --->   Core 73 'Sel' <Latency = 0> <II = 1> <Delay = 0.30> <FuncUnit> <Opcode : 'select'> <InPorts = 3> <OutPorts = 1>
ST_14 : Operation 245 [1/1] (0.00ns)   --->   "%br_ln0 = br void %.preheader10.preheader"   --->   Operation 245 'br' 'br_ln0' <Predicate = true> <Delay = 0.00>

State 15 <SV = 2> <Delay = 0.74>
ST_15 : Operation 246 [1/1] (0.00ns)   --->   "%c3 = phi i4 %c3_50, void %.loopexit1218, i4 1, void %.preheader9.preheader"   --->   Operation 246 'phi' 'c3' <Predicate = true> <Delay = 0.00>
ST_15 : Operation 247 [1/1] (0.00ns)   --->   "%tmp_509 = bitselect i1 @_ssdm_op_BitSelect.i1.i4.i32, i4 %c3, i32 3" [./dut.cpp:17438]   --->   Operation 247 'bitselect' 'tmp_509' <Predicate = true> <Delay = 0.00>
ST_15 : Operation 248 [1/1] (0.00ns)   --->   "%br_ln17438 = br i1 %tmp_509, void %.split26, void %.loopexit1135" [./dut.cpp:17438]   --->   Operation 248 'br' 'br_ln17438' <Predicate = true> <Delay = 0.00>
ST_15 : Operation 249 [1/1] (0.00ns)   --->   "%speclooptripcount_ln1616 = speclooptripcount void @_ssdm_op_SpecLoopTripCount, i64 1, i64 8, i64 4"   --->   Operation 249 'speclooptripcount' 'speclooptripcount_ln1616' <Predicate = (!tmp_509)> <Delay = 0.00>
ST_15 : Operation 250 [1/1] (0.00ns)   --->   "%specloopname_ln1616 = specloopname void @_ssdm_op_SpecLoopName, void @empty_1783"   --->   Operation 250 'specloopname' 'specloopname_ln1616' <Predicate = (!tmp_509)> <Delay = 0.00>
ST_15 : Operation 251 [1/1] (0.00ns)   --->   "%zext_ln886 = zext i4 %c3"   --->   Operation 251 'zext' 'zext_ln886' <Predicate = (!tmp_509)> <Delay = 0.00>
ST_15 : Operation 252 [1/1] (0.61ns)   --->   "%icmp_ln886 = icmp_ugt  i6 %zext_ln886, i6 %add_i_i780_cast"   --->   Operation 252 'icmp' 'icmp_ln886' <Predicate = (!tmp_509)> <Delay = 0.61> <CoreInst = "Cmp">   --->   Core 9 'Cmp' <Latency = 0> <II = 1> <Delay = 0.34> <FuncUnit> <Opcode : 'icmp'> <InPorts = 2> <OutPorts = 1>
ST_15 : Operation 253 [1/1] (0.00ns)   --->   "%br_ln17440 = br i1 %icmp_ln886, void, void %.loopexit1135" [./dut.cpp:17440]   --->   Operation 253 'br' 'br_ln17440' <Predicate = (!tmp_509)> <Delay = 0.00>
ST_15 : Operation 254 [1/1] (0.65ns)   --->   "%icmp_ln17443 = icmp_eq  i4 %c3, i4 1" [./dut.cpp:17443]   --->   Operation 254 'icmp' 'icmp_ln17443' <Predicate = (!tmp_509 & !icmp_ln886)> <Delay = 0.65> <CoreInst = "Cmp">   --->   Core 9 'Cmp' <Latency = 0> <II = 1> <Delay = 0.34> <FuncUnit> <Opcode : 'icmp'> <InPorts = 2> <OutPorts = 1>
ST_15 : Operation 255 [1/1] (0.00ns)   --->   "%br_ln17443 = br i1 %icmp_ln17443, void %.preheader6.preheader, void %.preheader7.preheader" [./dut.cpp:17443]   --->   Operation 255 'br' 'br_ln17443' <Predicate = (!tmp_509 & !icmp_ln886)> <Delay = 0.00>
ST_15 : Operation 256 [1/1] (0.38ns)   --->   "%br_ln890 = br void %.preheader6"   --->   Operation 256 'br' 'br_ln890' <Predicate = (!tmp_509 & !icmp_ln886 & !icmp_ln17443)> <Delay = 0.38>
ST_15 : Operation 257 [1/1] (0.38ns)   --->   "%br_ln17453 = br void %.preheader7" [./dut.cpp:17453]   --->   Operation 257 'br' 'br_ln17453' <Predicate = (!tmp_509 & !icmp_ln886 & icmp_ln17443)> <Delay = 0.38>
ST_15 : Operation 258 [1/1] (0.00ns)   --->   "%br_ln17478 = br i1 %or_ln17357, void %.loopexit1220, void %.preheader.preheader.preheader" [./dut.cpp:17478]   --->   Operation 258 'br' 'br_ln17478' <Predicate = (icmp_ln886) | (tmp_509)> <Delay = 0.00>
ST_15 : Operation 259 [1/1] (0.38ns)   --->   "%br_ln17486 = br void %.preheader.preheader" [./dut.cpp:17486]   --->   Operation 259 'br' 'br_ln17486' <Predicate = (or_ln17357 & icmp_ln886) | (or_ln17357 & tmp_509)> <Delay = 0.38>

State 16 <SV = 3> <Delay = 0.70>
ST_16 : Operation 260 [1/1] (0.00ns)   --->   "%c4_V_47 = phi i4 %add_ln691_1320, void, i4 0, void %.preheader6.preheader"   --->   Operation 260 'phi' 'c4_V_47' <Predicate = (!icmp_ln17443)> <Delay = 0.00>
ST_16 : Operation 261 [1/1] (0.70ns)   --->   "%add_ln691_1320 = add i4 %c4_V_47, i4 1"   --->   Operation 261 'add' 'add_ln691_1320' <Predicate = (!icmp_ln17443)> <Delay = 0.70> <CoreInst = "Adder">   --->   Core 1 'Adder' <Latency = 0> <II = 1> <Delay = 0.73> <FuncUnit> <Opcode : 'add' 'sub'> <InPorts = 2> <OutPorts = 1>
ST_16 : Operation 262 [1/1] (0.65ns)   --->   "%icmp_ln890_1379 = icmp_eq  i4 %c4_V_47, i4 8"   --->   Operation 262 'icmp' 'icmp_ln890_1379' <Predicate = (!icmp_ln17443)> <Delay = 0.65> <CoreInst = "Cmp">   --->   Core 9 'Cmp' <Latency = 0> <II = 1> <Delay = 0.34> <FuncUnit> <Opcode : 'icmp'> <InPorts = 2> <OutPorts = 1>
ST_16 : Operation 263 [1/1] (0.00ns)   --->   "%speclooptripcount_ln0 = speclooptripcount void @_ssdm_op_SpecLoopTripCount, i64 8, i64 8, i64 8"   --->   Operation 263 'speclooptripcount' 'speclooptripcount_ln0' <Predicate = (!icmp_ln17443)> <Delay = 0.00>
ST_16 : Operation 264 [1/1] (0.00ns)   --->   "%br_ln17458 = br i1 %icmp_ln890_1379, void %.split20, void %.loopexit1218.loopexit" [./dut.cpp:17458]   --->   Operation 264 'br' 'br_ln17458' <Predicate = (!icmp_ln17443)> <Delay = 0.00>
ST_16 : Operation 265 [1/1] (0.00ns)   --->   "%specloopname_ln17458 = specloopname void @_ssdm_op_SpecLoopName, void @empty_469" [./dut.cpp:17458]   --->   Operation 265 'specloopname' 'specloopname_ln17458' <Predicate = (!icmp_ln17443 & !icmp_ln890_1379)> <Delay = 0.00>
ST_16 : Operation 266 [1/1] (0.38ns)   --->   "%br_ln17460 = br void" [./dut.cpp:17460]   --->   Operation 266 'br' 'br_ln17460' <Predicate = (!icmp_ln17443 & !icmp_ln890_1379)> <Delay = 0.38>
ST_16 : Operation 267 [1/1] (0.00ns)   --->   "%br_ln0 = br void %.loopexit1218"   --->   Operation 267 'br' 'br_ln0' <Predicate = (!icmp_ln17443 & icmp_ln890_1379)> <Delay = 0.00>
ST_16 : Operation 268 [1/1] (0.00ns)   --->   "%c4_V = phi i4 %add_ln691_1318, void, i4 0, void %.preheader7.preheader"   --->   Operation 268 'phi' 'c4_V' <Predicate = (icmp_ln17443)> <Delay = 0.00>
ST_16 : Operation 269 [1/1] (0.70ns)   --->   "%add_ln691_1318 = add i4 %c4_V, i4 1"   --->   Operation 269 'add' 'add_ln691_1318' <Predicate = (icmp_ln17443)> <Delay = 0.70> <CoreInst = "Adder">   --->   Core 1 'Adder' <Latency = 0> <II = 1> <Delay = 0.73> <FuncUnit> <Opcode : 'add' 'sub'> <InPorts = 2> <OutPorts = 1>
ST_16 : Operation 270 [1/1] (0.00ns)   --->   "%trunc_ln17453 = trunc i4 %c4_V" [./dut.cpp:17453]   --->   Operation 270 'trunc' 'trunc_ln17453' <Predicate = (icmp_ln17443)> <Delay = 0.00>
ST_16 : Operation 271 [1/1] (0.00ns)   --->   "%tmp_591_cast = bitconcatenate i7 @_ssdm_op_BitConcatenate.i7.i3.i4, i3 %trunc_ln17453, i4 0"   --->   Operation 271 'bitconcatenate' 'tmp_591_cast' <Predicate = (icmp_ln17443)> <Delay = 0.00>
ST_16 : Operation 272 [1/1] (0.65ns)   --->   "%icmp_ln890_1378 = icmp_eq  i4 %c4_V, i4 8"   --->   Operation 272 'icmp' 'icmp_ln890_1378' <Predicate = (icmp_ln17443)> <Delay = 0.65> <CoreInst = "Cmp">   --->   Core 9 'Cmp' <Latency = 0> <II = 1> <Delay = 0.34> <FuncUnit> <Opcode : 'icmp'> <InPorts = 2> <OutPorts = 1>
ST_16 : Operation 273 [1/1] (0.00ns)   --->   "%speclooptripcount_ln0 = speclooptripcount void @_ssdm_op_SpecLoopTripCount, i64 8, i64 8, i64 8"   --->   Operation 273 'speclooptripcount' 'speclooptripcount_ln0' <Predicate = (icmp_ln17443)> <Delay = 0.00>
ST_16 : Operation 274 [1/1] (0.00ns)   --->   "%br_ln17444 = br i1 %icmp_ln890_1378, void %.split24, void %.loopexit1218.loopexit339" [./dut.cpp:17444]   --->   Operation 274 'br' 'br_ln17444' <Predicate = (icmp_ln17443)> <Delay = 0.00>
ST_16 : Operation 275 [1/1] (0.00ns)   --->   "%specloopname_ln17444 = specloopname void @_ssdm_op_SpecLoopName, void @empty_500" [./dut.cpp:17444]   --->   Operation 275 'specloopname' 'specloopname_ln17444' <Predicate = (icmp_ln17443 & !icmp_ln890_1378)> <Delay = 0.00>
ST_16 : Operation 276 [1/1] (0.38ns)   --->   "%br_ln17446 = br void" [./dut.cpp:17446]   --->   Operation 276 'br' 'br_ln17446' <Predicate = (icmp_ln17443 & !icmp_ln890_1378)> <Delay = 0.38>
ST_16 : Operation 277 [1/1] (0.00ns)   --->   "%br_ln0 = br void %.loopexit1218"   --->   Operation 277 'br' 'br_ln0' <Predicate = (icmp_ln17443 & icmp_ln890_1378)> <Delay = 0.00>
ST_16 : Operation 278 [1/1] (0.70ns)   --->   "%c3_50 = add i4 %c3, i4 1" [./dut.cpp:17438]   --->   Operation 278 'add' 'c3_50' <Predicate = (icmp_ln17443 & icmp_ln890_1378) | (!icmp_ln17443 & icmp_ln890_1379)> <Delay = 0.70> <CoreInst = "Adder">   --->   Core 1 'Adder' <Latency = 0> <II = 1> <Delay = 0.73> <FuncUnit> <Opcode : 'add' 'sub'> <InPorts = 2> <OutPorts = 1>
ST_16 : Operation 279 [1/1] (0.00ns)   --->   "%br_ln0 = br void %.preheader9"   --->   Operation 279 'br' 'br_ln0' <Predicate = (icmp_ln17443 & icmp_ln890_1378) | (!icmp_ln17443 & icmp_ln890_1379)> <Delay = 0.00>

State 17 <SV = 4> <Delay = 0.70>
ST_17 : Operation 280 [1/1] (0.00ns)   --->   "%c5_V_95 = phi i5 %add_ln691_1321, void %.split18, i5 0, void %.split20"   --->   Operation 280 'phi' 'c5_V_95' <Predicate = true> <Delay = 0.00>
ST_17 : Operation 281 [1/1] (0.70ns)   --->   "%add_ln691_1321 = add i5 %c5_V_95, i5 1"   --->   Operation 281 'add' 'add_ln691_1321' <Predicate = true> <Delay = 0.70> <CoreInst = "Adder">   --->   Core 1 'Adder' <Latency = 0> <II = 1> <Delay = 0.73> <FuncUnit> <Opcode : 'add' 'sub'> <InPorts = 2> <OutPorts = 1>
ST_17 : Operation 282 [1/1] (0.63ns)   --->   "%icmp_ln890_1390 = icmp_eq  i5 %c5_V_95, i5 16"   --->   Operation 282 'icmp' 'icmp_ln890_1390' <Predicate = true> <Delay = 0.63> <CoreInst = "Cmp">   --->   Core 9 'Cmp' <Latency = 0> <II = 1> <Delay = 0.34> <FuncUnit> <Opcode : 'icmp'> <InPorts = 2> <OutPorts = 1>
ST_17 : Operation 283 [1/1] (0.00ns)   --->   "%speclooptripcount_ln0 = speclooptripcount void @_ssdm_op_SpecLoopTripCount, i64 16, i64 16, i64 16"   --->   Operation 283 'speclooptripcount' 'speclooptripcount_ln0' <Predicate = true> <Delay = 0.00>
ST_17 : Operation 284 [1/1] (0.00ns)   --->   "%br_ln17460 = br i1 %icmp_ln890_1390, void %.split18, void" [./dut.cpp:17460]   --->   Operation 284 'br' 'br_ln17460' <Predicate = true> <Delay = 0.00>
ST_17 : Operation 285 [1/1] (0.00ns)   --->   "%br_ln0 = br void %.preheader6"   --->   Operation 285 'br' 'br_ln0' <Predicate = (icmp_ln890_1390)> <Delay = 0.00>

State 18 <SV = 5> <Delay = 2.43>
ST_18 : Operation 286 [1/1] (0.00ns)   --->   "%specloopname_ln17460 = specloopname void @_ssdm_op_SpecLoopName, void @empty_126" [./dut.cpp:17460]   --->   Operation 286 'specloopname' 'specloopname_ln17460' <Predicate = true> <Delay = 0.00>
ST_18 : Operation 287 [1/1] (1.21ns)   --->   "%tmp_522 = read i512 @_ssdm_op_Read.ap_fifo.volatile.i512P0A, i512 %fifo_C_C_IO_L2_in_1_x118" [/home/rcslfpgaserver/Softwares/Xilinx/Vitis_HLS/2020.2/common/technology/autopilot/hls_stream_39.h:145]   --->   Operation 287 'read' 'tmp_522' <Predicate = true> <Delay = 1.21> <CoreInst = "FIFO_SRL">   --->   Core 81 'FIFO_SRL' <Latency = 0> <II = 1> <Delay = 1.41> <Storage> <Opcode : 'read' 'write' 'nbread' 'nbwrite'> <Ports = 0> <Width = 512> <Depth = 2> <FIFO>
ST_18 : Operation 288 [1/1] (1.21ns)   --->   "%write_ln174 = write void @_ssdm_op_Write.ap_fifo.volatile.i512P0A, i512 %fifo_C_C_IO_L2_in_2_x119, i512 %tmp_522" [/home/rcslfpgaserver/Softwares/Xilinx/Vitis_HLS/2020.2/common/technology/autopilot/hls_stream_39.h:174]   --->   Operation 288 'write' 'write_ln174' <Predicate = true> <Delay = 1.21> <CoreInst = "FIFO_SRL">   --->   Core 81 'FIFO_SRL' <Latency = 0> <II = 1> <Delay = 1.41> <Storage> <Opcode : 'read' 'write' 'nbread' 'nbwrite'> <Ports = 0> <Width = 512> <Depth = 2> <FIFO>
ST_18 : Operation 289 [1/1] (0.00ns)   --->   "%br_ln0 = br void"   --->   Operation 289 'br' 'br_ln0' <Predicate = true> <Delay = 0.00>

State 19 <SV = 4> <Delay = 0.70>
ST_19 : Operation 290 [1/1] (0.00ns)   --->   "%c5_V = phi i5 %add_ln691_1319, void %.split22, i5 0, void %.split24"   --->   Operation 290 'phi' 'c5_V' <Predicate = true> <Delay = 0.00>
ST_19 : Operation 291 [1/1] (0.70ns)   --->   "%add_ln691_1319 = add i5 %c5_V, i5 1"   --->   Operation 291 'add' 'add_ln691_1319' <Predicate = true> <Delay = 0.70> <CoreInst = "Adder">   --->   Core 1 'Adder' <Latency = 0> <II = 1> <Delay = 0.73> <FuncUnit> <Opcode : 'add' 'sub'> <InPorts = 2> <OutPorts = 1>
ST_19 : Operation 292 [1/1] (0.00ns)   --->   "%zext_ln17453 = zext i5 %c5_V" [./dut.cpp:17453]   --->   Operation 292 'zext' 'zext_ln17453' <Predicate = true> <Delay = 0.00>
ST_19 : Operation 293 [1/1] (0.70ns)   --->   "%add_ln17453 = add i7 %tmp_591_cast, i7 %zext_ln17453" [./dut.cpp:17453]   --->   Operation 293 'add' 'add_ln17453' <Predicate = true> <Delay = 0.70> <CoreInst = "Adder">   --->   Core 1 'Adder' <Latency = 0> <II = 1> <Delay = 0.73> <FuncUnit> <Opcode : 'add' 'sub'> <InPorts = 2> <OutPorts = 1>
ST_19 : Operation 294 [1/1] (0.00ns)   --->   "%zext_ln17453_1 = zext i7 %add_ln17453" [./dut.cpp:17453]   --->   Operation 294 'zext' 'zext_ln17453_1' <Predicate = true> <Delay = 0.00>
ST_19 : Operation 295 [1/1] (0.00ns)   --->   "%local_C_ping_V_addr_25 = getelementptr i512 %local_C_ping_V, i64 0, i64 %zext_ln17453_1" [./dut.cpp:17453]   --->   Operation 295 'getelementptr' 'local_C_ping_V_addr_25' <Predicate = true> <Delay = 0.00>
ST_19 : Operation 296 [1/1] (0.63ns)   --->   "%icmp_ln890_1389 = icmp_eq  i5 %c5_V, i5 16"   --->   Operation 296 'icmp' 'icmp_ln890_1389' <Predicate = true> <Delay = 0.63> <CoreInst = "Cmp">   --->   Core 9 'Cmp' <Latency = 0> <II = 1> <Delay = 0.34> <FuncUnit> <Opcode : 'icmp'> <InPorts = 2> <OutPorts = 1>
ST_19 : Operation 297 [1/1] (0.00ns)   --->   "%speclooptripcount_ln0 = speclooptripcount void @_ssdm_op_SpecLoopTripCount, i64 16, i64 16, i64 16"   --->   Operation 297 'speclooptripcount' 'speclooptripcount_ln0' <Predicate = true> <Delay = 0.00>
ST_19 : Operation 298 [1/1] (0.00ns)   --->   "%br_ln17446 = br i1 %icmp_ln890_1389, void %.split22, void" [./dut.cpp:17446]   --->   Operation 298 'br' 'br_ln17446' <Predicate = true> <Delay = 0.00>
ST_19 : Operation 299 [1/1] (0.00ns)   --->   "%br_ln0 = br void %.preheader7"   --->   Operation 299 'br' 'br_ln0' <Predicate = (icmp_ln890_1389)> <Delay = 0.00>

State 20 <SV = 5> <Delay = 2.41>
ST_20 : Operation 300 [1/1] (0.00ns)   --->   "%specloopname_ln17446 = specloopname void @_ssdm_op_SpecLoopName, void @empty_468" [./dut.cpp:17446]   --->   Operation 300 'specloopname' 'specloopname_ln17446' <Predicate = true> <Delay = 0.00>
ST_20 : Operation 301 [1/1] (1.21ns)   --->   "%tmp_521 = read i512 @_ssdm_op_Read.ap_fifo.volatile.i512P0A, i512 %fifo_C_C_IO_L2_in_1_x118" [/home/rcslfpgaserver/Softwares/Xilinx/Vitis_HLS/2020.2/common/technology/autopilot/hls_stream_39.h:145]   --->   Operation 301 'read' 'tmp_521' <Predicate = true> <Delay = 1.21> <CoreInst = "FIFO_SRL">   --->   Core 81 'FIFO_SRL' <Latency = 0> <II = 1> <Delay = 1.41> <Storage> <Opcode : 'read' 'write' 'nbread' 'nbwrite'> <Ports = 0> <Width = 512> <Depth = 2> <FIFO>
ST_20 : Operation 302 [1/1] (1.20ns)   --->   "%store_ln17453 = store i512 %tmp_521, i7 %local_C_ping_V_addr_25" [./dut.cpp:17453]   --->   Operation 302 'store' 'store_ln17453' <Predicate = true> <Delay = 1.20> <CoreInst = "RAM_2P_BRAM">   --->   Core 94 'RAM_2P_BRAM' <Latency = 1> <II = 1> <Delay = 1.20> <Storage> <Opcode : 'load' 'store'> <Ports = 2> <Width = 512> <Depth = 128> <RAM>
ST_20 : Operation 303 [1/1] (0.00ns)   --->   "%br_ln0 = br void"   --->   Operation 303 'br' 'br_ln0' <Predicate = true> <Delay = 0.00>

State 21 <SV = 4> <Delay = 1.20>
ST_21 : Operation 304 [1/1] (0.00ns)   --->   "%tmp_31 = bitconcatenate i64 @_ssdm_op_BitConcatenate.i64.i56.i4.i4, i56 0, i4 %select_ln17486, i4 %select_ln17486_2" [./dut.cpp:17486]   --->   Operation 304 'bitconcatenate' 'tmp_31' <Predicate = true> <Delay = 0.00>
ST_21 : Operation 305 [1/1] (0.00ns)   --->   "%local_C_pong_V_addr_13 = getelementptr i512 %local_C_pong_V, i64 0, i64 %tmp_31" [./dut.cpp:17486]   --->   Operation 305 'getelementptr' 'local_C_pong_V_addr_13' <Predicate = true> <Delay = 0.00>
ST_21 : Operation 306 [2/2] (1.20ns)   --->   "%in_data_V_63 = load i7 %local_C_pong_V_addr_13" [./dut.cpp:17486]   --->   Operation 306 'load' 'in_data_V_63' <Predicate = true> <Delay = 1.20> <CoreInst = "RAM_2P_BRAM">   --->   Core 94 'RAM_2P_BRAM' <Latency = 1> <II = 1> <Delay = 1.20> <Storage> <Opcode : 'load' 'store'> <Ports = 2> <Width = 512> <Depth = 128> <RAM>

State 22 <SV = 5> <Delay = 1.20>
ST_22 : Operation 307 [1/1] (0.00ns)   --->   "%specloopname_ln0 = specloopname void @_ssdm_op_SpecLoopName, void @C_IO_L2_in_1_x1_loop_19_C_IO_L2_in_1_x1_loop_21_C_IO_L2_in_1_x1_loop_22_str"   --->   Operation 307 'specloopname' 'specloopname_ln0' <Predicate = true> <Delay = 0.00>
ST_22 : Operation 308 [1/1] (0.00ns)   --->   "%speclooptripcount_ln0 = speclooptripcount void @_ssdm_op_SpecLoopTripCount, i64 65536, i64 65536, i64 65536"   --->   Operation 308 'speclooptripcount' 'speclooptripcount_ln0' <Predicate = true> <Delay = 0.00>
ST_22 : Operation 309 [1/1] (0.00ns)   --->   "%specloopname_ln0 = specloopname void @_ssdm_op_SpecLoopName, void @C_IO_L2_in_1_x1_loop_20_C_IO_L2_in_1_x1_loop_21_C_IO_L2_in_1_x1_loop_22_str"   --->   Operation 309 'specloopname' 'specloopname_ln0' <Predicate = true> <Delay = 0.00>
ST_22 : Operation 310 [1/1] (0.00ns)   --->   "%specloopname_ln0 = specloopname void @_ssdm_op_SpecLoopName, void @C_IO_L2_in_1_x1_loop_21_C_IO_L2_in_1_x1_loop_22_str"   --->   Operation 310 'specloopname' 'specloopname_ln0' <Predicate = true> <Delay = 0.00>
ST_22 : Operation 311 [1/1] (0.00ns)   --->   "%specloopname_ln17488 = specloopname void @_ssdm_op_SpecLoopName, void @empty_119" [./dut.cpp:17488]   --->   Operation 311 'specloopname' 'specloopname_ln17488' <Predicate = true> <Delay = 0.00>
ST_22 : Operation 312 [1/2] (1.20ns)   --->   "%in_data_V_63 = load i7 %local_C_pong_V_addr_13" [./dut.cpp:17486]   --->   Operation 312 'load' 'in_data_V_63' <Predicate = true> <Delay = 1.20> <CoreInst = "RAM_2P_BRAM">   --->   Core 94 'RAM_2P_BRAM' <Latency = 1> <II = 1> <Delay = 1.20> <Storage> <Opcode : 'load' 'store'> <Ports = 2> <Width = 512> <Depth = 128> <RAM>
ST_22 : Operation 313 [1/1] (0.38ns)   --->   "%br_ln17490 = br void" [./dut.cpp:17490]   --->   Operation 313 'br' 'br_ln17490' <Predicate = true> <Delay = 0.38>

State 23 <SV = 6> <Delay = 1.77>
ST_23 : Operation 314 [1/1] (0.00ns)   --->   "%indvar_flatten77 = phi i6 0, void %.preheader, i6 %add_ln890_290, void %ifFalse70"   --->   Operation 314 'phi' 'indvar_flatten77' <Predicate = true> <Delay = 0.00>
ST_23 : Operation 315 [1/1] (0.00ns)   --->   "%n_V_13 = phi i2 0, void %.preheader, i2 %add_ln691_1315, void %ifFalse70"   --->   Operation 315 'phi' 'n_V_13' <Predicate = true> <Delay = 0.00>
ST_23 : Operation 316 [1/1] (0.00ns)   --->   "%p_Val2_27 = phi i512 %in_data_V_63, void %.preheader, i512 %zext_ln1497_13, void %ifFalse70"   --->   Operation 316 'phi' 'p_Val2_27' <Predicate = true> <Delay = 0.00>
ST_23 : Operation 317 [1/1] (0.70ns)   --->   "%add_ln890_290 = add i6 %indvar_flatten77, i6 1"   --->   Operation 317 'add' 'add_ln890_290' <Predicate = true> <Delay = 0.70> <CoreInst = "Adder">   --->   Core 1 'Adder' <Latency = 0> <II = 1> <Delay = 0.73> <FuncUnit> <Opcode : 'add' 'sub'> <InPorts = 2> <OutPorts = 1>
ST_23 : Operation 318 [1/1] (0.61ns)   --->   "%icmp_ln890_1388 = icmp_eq  i6 %indvar_flatten77, i6 32"   --->   Operation 318 'icmp' 'icmp_ln890_1388' <Predicate = true> <Delay = 0.61> <CoreInst = "Cmp">   --->   Core 9 'Cmp' <Latency = 0> <II = 1> <Delay = 0.34> <FuncUnit> <Opcode : 'icmp'> <InPorts = 2> <OutPorts = 1>
ST_23 : Operation 319 [1/1] (0.00ns)   --->   "%br_ln890 = br i1 %icmp_ln890_1388, void %.split30, void"   --->   Operation 319 'br' 'br_ln890' <Predicate = true> <Delay = 0.00>
ST_23 : Operation 320 [1/1] (0.00ns)   --->   "%data_split_V_1_103_load = load i256 %data_split_V_1_103" [./dut.cpp:17498]   --->   Operation 320 'load' 'data_split_V_1_103_load' <Predicate = (!icmp_ln890_1388)> <Delay = 0.00>
ST_23 : Operation 321 [1/1] (0.00ns)   --->   "%data_split_V_1_104_load = load i256 %data_split_V_1_104" [./dut.cpp:17498]   --->   Operation 321 'load' 'data_split_V_1_104_load' <Predicate = (!icmp_ln890_1388)> <Delay = 0.00>
ST_23 : Operation 322 [1/1] (0.00ns)   --->   "%specloopname_ln0 = specloopname void @_ssdm_op_SpecLoopName, void @C_IO_L2_in_1_x1_loop_23_C_IO_L2_in_1_x1_loop_24_str"   --->   Operation 322 'specloopname' 'specloopname_ln0' <Predicate = (!icmp_ln890_1388)> <Delay = 0.00>
ST_23 : Operation 323 [1/1] (0.00ns)   --->   "%speclooptripcount_ln0 = speclooptripcount void @_ssdm_op_SpecLoopTripCount, i64 32, i64 32, i64 32"   --->   Operation 323 'speclooptripcount' 'speclooptripcount_ln0' <Predicate = (!icmp_ln890_1388)> <Delay = 0.00>
ST_23 : Operation 324 [1/1] (0.34ns)   --->   "%icmp_ln878 = icmp_eq  i2 %n_V_13, i2 2"   --->   Operation 324 'icmp' 'icmp_ln878' <Predicate = (!icmp_ln890_1388)> <Delay = 0.34> <CoreInst = "Cmp">   --->   Core 9 'Cmp' <Latency = 0> <II = 1> <Delay = 0.34> <FuncUnit> <Opcode : 'icmp'> <InPorts = 2> <OutPorts = 1>
ST_23 : Operation 325 [1/1] (0.27ns)   --->   "%select_ln17490 = select i1 %icmp_ln878, i2 0, i2 %n_V_13" [./dut.cpp:17490]   --->   Operation 325 'select' 'select_ln17490' <Predicate = (!icmp_ln890_1388)> <Delay = 0.27> <CoreInst = "Sel">   --->   Core 73 'Sel' <Latency = 0> <II = 1> <Delay = 0.30> <FuncUnit> <Opcode : 'select'> <InPorts = 3> <OutPorts = 1>
ST_23 : Operation 326 [1/1] (0.57ns)   --->   "%select_ln17490_1 = select i1 %icmp_ln878, i512 %in_data_V_63, i512 %p_Val2_27" [./dut.cpp:17490]   --->   Operation 326 'select' 'select_ln17490_1' <Predicate = (!icmp_ln890_1388)> <Delay = 0.57> <CoreInst = "Sel">   --->   Core 73 'Sel' <Latency = 0> <II = 1> <Delay = 0.30> <FuncUnit> <Opcode : 'select'> <InPorts = 3> <OutPorts = 1>
ST_23 : Operation 327 [1/1] (0.00ns)   --->   "%specpipeline_ln674 = specpipeline void @_ssdm_op_SpecPipeline, i32 1, i32 0, i32 0, i32 0, void @empty_49"   --->   Operation 327 'specpipeline' 'specpipeline_ln674' <Predicate = (!icmp_ln890_1388)> <Delay = 0.00>
ST_23 : Operation 328 [1/1] (0.00ns)   --->   "%specloopname_ln674 = specloopname void @_ssdm_op_SpecLoopName, void @empty_1518"   --->   Operation 328 'specloopname' 'specloopname_ln674' <Predicate = (!icmp_ln890_1388)> <Delay = 0.00>
ST_23 : Operation 329 [1/1] (0.00ns)   --->   "%data_split_V_0_89 = trunc i512 %select_ln17490_1"   --->   Operation 329 'trunc' 'data_split_V_0_89' <Predicate = (!icmp_ln890_1388)> <Delay = 0.00>
ST_23 : Operation 330 [1/1] (0.00ns)   --->   "%trunc_ln17498 = trunc i2 %select_ln17490" [./dut.cpp:17498]   --->   Operation 330 'trunc' 'trunc_ln17498' <Predicate = (!icmp_ln890_1388)> <Delay = 0.00>
ST_23 : Operation 331 [1/1] (0.42ns)   --->   "%data_split_V_1_111 = select i1 %trunc_ln17498, i256 %data_split_V_0_89, i256 %data_split_V_1_104_load" [./dut.cpp:17498]   --->   Operation 331 'select' 'data_split_V_1_111' <Predicate = (!icmp_ln890_1388)> <Delay = 0.42> <CoreInst = "Sel">   --->   Core 73 'Sel' <Latency = 0> <II = 1> <Delay = 0.30> <FuncUnit> <Opcode : 'select'> <InPorts = 3> <OutPorts = 1>
ST_23 : Operation 332 [1/1] (0.42ns)   --->   "%data_split_V_1_112 = select i1 %trunc_ln17498, i256 %data_split_V_1_103_load, i256 %data_split_V_0_89" [./dut.cpp:17498]   --->   Operation 332 'select' 'data_split_V_1_112' <Predicate = (!icmp_ln890_1388)> <Delay = 0.42> <CoreInst = "Sel">   --->   Core 73 'Sel' <Latency = 0> <II = 1> <Delay = 0.30> <FuncUnit> <Opcode : 'select'> <InPorts = 3> <OutPorts = 1>
ST_23 : Operation 333 [1/1] (0.00ns)   --->   "%r_22 = partselect i256 @_ssdm_op_PartSelect.i256.i512.i32.i32, i512 %select_ln17490_1, i32 256, i32 511"   --->   Operation 333 'partselect' 'r_22' <Predicate = (!icmp_ln890_1388)> <Delay = 0.00>
ST_23 : Operation 334 [1/1] (0.00ns)   --->   "%zext_ln1497_13 = zext i256 %r_22"   --->   Operation 334 'zext' 'zext_ln1497_13' <Predicate = (!icmp_ln890_1388)> <Delay = 0.00>
ST_23 : Operation 335 [1/1] (0.43ns)   --->   "%add_ln691_1315 = add i2 %select_ln17490, i2 1"   --->   Operation 335 'add' 'add_ln691_1315' <Predicate = (!icmp_ln890_1388)> <Delay = 0.43> <CoreInst = "Adder">   --->   Core 1 'Adder' <Latency = 0> <II = 1> <Delay = 0.73> <FuncUnit> <Opcode : 'add' 'sub'> <InPorts = 2> <OutPorts = 1>
ST_23 : Operation 336 [1/1] (0.34ns)   --->   "%icmp_ln878_23 = icmp_eq  i2 %add_ln691_1315, i2 2"   --->   Operation 336 'icmp' 'icmp_ln878_23' <Predicate = (!icmp_ln890_1388)> <Delay = 0.34> <CoreInst = "Cmp">   --->   Core 9 'Cmp' <Latency = 0> <II = 1> <Delay = 0.34> <FuncUnit> <Opcode : 'icmp'> <InPorts = 2> <OutPorts = 1>
ST_23 : Operation 337 [1/1] (0.00ns)   --->   "%br_ln878 = br i1 %icmp_ln878_23, void %ifFalse70, void %ifTrue69"   --->   Operation 337 'br' 'br_ln878' <Predicate = (!icmp_ln890_1388)> <Delay = 0.00>
ST_23 : Operation 338 [1/1] (0.42ns)   --->   "%select_ln17502 = select i1 %select_ln17486_1, i256 %data_split_V_1_111, i256 %data_split_V_1_112" [./dut.cpp:17502]   --->   Operation 338 'select' 'select_ln17502' <Predicate = (!icmp_ln890_1388 & icmp_ln878_23)> <Delay = 0.42> <CoreInst = "Sel">   --->   Core 73 'Sel' <Latency = 0> <II = 1> <Delay = 0.30> <FuncUnit> <Opcode : 'select'> <InPorts = 3> <OutPorts = 1>
ST_23 : Operation 339 [1/1] (0.00ns)   --->   "%store_ln17498 = store i256 %data_split_V_1_111, i256 %data_split_V_1_104" [./dut.cpp:17498]   --->   Operation 339 'store' 'store_ln17498' <Predicate = (!icmp_ln890_1388)> <Delay = 0.00>
ST_23 : Operation 340 [1/1] (0.00ns)   --->   "%store_ln17498 = store i256 %data_split_V_1_112, i256 %data_split_V_1_103" [./dut.cpp:17498]   --->   Operation 340 'store' 'store_ln17498' <Predicate = (!icmp_ln890_1388)> <Delay = 0.00>
ST_23 : Operation 341 [1/1] (0.00ns)   --->   "%br_ln0 = br void"   --->   Operation 341 'br' 'br_ln0' <Predicate = (!icmp_ln890_1388)> <Delay = 0.00>

State 24 <SV = 7> <Delay = 1.21>
ST_24 : Operation 342 [1/1] (1.21ns)   --->   "%write_ln174 = write void @_ssdm_op_Write.ap_fifo.volatile.i256P0A, i256 %fifo_C_PE_0_1_x1106, i256 %select_ln17502" [/home/rcslfpgaserver/Softwares/Xilinx/Vitis_HLS/2020.2/common/technology/autopilot/hls_stream_39.h:174]   --->   Operation 342 'write' 'write_ln174' <Predicate = (icmp_ln878_23)> <Delay = 1.21> <CoreInst = "FIFO_SRL">   --->   Core 81 'FIFO_SRL' <Latency = 0> <II = 1> <Delay = 1.42> <Storage> <Opcode : 'read' 'write' 'nbread' 'nbwrite'> <Ports = 0> <Width = 256> <Depth = 2> <FIFO>
ST_24 : Operation 343 [1/1] (0.00ns)   --->   "%br_ln0 = br void %ifFalse70"   --->   Operation 343 'br' 'br_ln0' <Predicate = (icmp_ln878_23)> <Delay = 0.00>

State 25 <SV = 7> <Delay = 1.03>
ST_25 : Operation 344 [1/1] (0.70ns)   --->   "%add_ln691_1314 = add i4 %select_ln17486, i4 1"   --->   Operation 344 'add' 'add_ln691_1314' <Predicate = true> <Delay = 0.70> <CoreInst = "Adder">   --->   Core 1 'Adder' <Latency = 0> <II = 1> <Delay = 0.73> <FuncUnit> <Opcode : 'add' 'sub'> <InPorts = 2> <OutPorts = 1>
ST_25 : Operation 345 [1/1] (0.72ns)   --->   "%add_ln890_286 = add i10 %indvar_flatten85, i10 1"   --->   Operation 345 'add' 'add_ln890_286' <Predicate = (!or_ln17485)> <Delay = 0.72> <CoreInst = "Adder">   --->   Core 1 'Adder' <Latency = 0> <II = 1> <Delay = 0.73> <FuncUnit> <Opcode : 'add' 'sub'> <InPorts = 2> <OutPorts = 1>
ST_25 : Operation 346 [1/1] (0.30ns)   --->   "%select_ln890_485 = select i1 %or_ln17485, i10 1, i10 %add_ln890_286"   --->   Operation 346 'select' 'select_ln890_485' <Predicate = true> <Delay = 0.30> <CoreInst = "Sel">   --->   Core 73 'Sel' <Latency = 0> <II = 1> <Delay = 0.30> <FuncUnit> <Opcode : 'select'> <InPorts = 3> <OutPorts = 1>
ST_25 : Operation 347 [1/1] (0.73ns)   --->   "%add_ln890_287 = add i11 %indvar_flatten109, i11 1"   --->   Operation 347 'add' 'add_ln890_287' <Predicate = (!icmp_ln890_1382)> <Delay = 0.73> <CoreInst = "Adder">   --->   Core 1 'Adder' <Latency = 0> <II = 1> <Delay = 0.73> <FuncUnit> <Opcode : 'add' 'sub'> <InPorts = 2> <OutPorts = 1>
ST_25 : Operation 348 [1/1] (0.30ns)   --->   "%select_ln890_486 = select i1 %icmp_ln890_1382, i11 1, i11 %add_ln890_287"   --->   Operation 348 'select' 'select_ln890_486' <Predicate = true> <Delay = 0.30> <CoreInst = "Sel">   --->   Core 73 'Sel' <Latency = 0> <II = 1> <Delay = 0.30> <FuncUnit> <Opcode : 'select'> <InPorts = 3> <OutPorts = 1>
ST_25 : Operation 349 [1/1] (0.00ns)   --->   "%br_ln0 = br void %.preheader.preheader"   --->   Operation 349 'br' 'br_ln0' <Predicate = true> <Delay = 0.00>

State 26 <SV = 2> <Delay = 2.33>
ST_26 : Operation 350 [1/1] (0.00ns)   --->   "%indvar_flatten229 = phi i17 %add_ln17523, void, i17 0, void %.preheader69.preheader.preheader" [./dut.cpp:17523]   --->   Operation 350 'phi' 'indvar_flatten229' <Predicate = true> <Delay = 0.00>
ST_26 : Operation 351 [1/1] (0.00ns)   --->   "%indvar_flatten195 = phi i11 %select_ln890_482, void, i11 0, void %.preheader69.preheader.preheader"   --->   Operation 351 'phi' 'indvar_flatten195' <Predicate = true> <Delay = 0.00>
ST_26 : Operation 352 [1/1] (0.00ns)   --->   "%indvar_flatten171 = phi i10 %select_ln890_481, void, i10 0, void %.preheader69.preheader.preheader"   --->   Operation 352 'phi' 'indvar_flatten171' <Predicate = true> <Delay = 0.00>
ST_26 : Operation 353 [1/1] (0.00ns)   --->   "%c6_V = phi i6 %select_ln890, void, i6 0, void %.preheader69.preheader.preheader"   --->   Operation 353 'phi' 'c6_V' <Predicate = true> <Delay = 0.00>
ST_26 : Operation 354 [1/1] (0.00ns)   --->   "%c7_V = phi i4 %add_ln691_1309, void, i4 0, void %.preheader69.preheader.preheader"   --->   Operation 354 'phi' 'c7_V' <Predicate = true> <Delay = 0.00>
ST_26 : Operation 355 [1/1] (0.79ns)   --->   "%add_ln17523 = add i17 %indvar_flatten229, i17 1" [./dut.cpp:17523]   --->   Operation 355 'add' 'add_ln17523' <Predicate = true> <Delay = 0.79> <CoreInst = "Adder">   --->   Core 1 'Adder' <Latency = 0> <II = 1> <Delay = 0.73> <FuncUnit> <Opcode : 'add' 'sub'> <InPorts = 2> <OutPorts = 1>
ST_26 : Operation 356 [1/1] (0.00ns)   --->   "%empty_2500 = trunc i6 %c6_V"   --->   Operation 356 'trunc' 'empty_2500' <Predicate = true> <Delay = 0.00>
ST_26 : Operation 357 [1/1] (0.68ns)   --->   "%icmp_ln17523 = icmp_eq  i17 %indvar_flatten229, i17 65536" [./dut.cpp:17523]   --->   Operation 357 'icmp' 'icmp_ln17523' <Predicate = true> <Delay = 0.68> <CoreInst = "Cmp">   --->   Core 9 'Cmp' <Latency = 0> <II = 1> <Delay = 0.34> <FuncUnit> <Opcode : 'icmp'> <InPorts = 2> <OutPorts = 1>
ST_26 : Operation 358 [1/1] (0.00ns)   --->   "%br_ln17523 = br i1 %icmp_ln17523, void %.preheader69, void %.loopexit1214" [./dut.cpp:17523]   --->   Operation 358 'br' 'br_ln17523' <Predicate = true> <Delay = 0.00>
ST_26 : Operation 359 [1/1] (0.61ns)   --->   "%icmp_ln890_1374 = icmp_eq  i11 %indvar_flatten195, i11 512"   --->   Operation 359 'icmp' 'icmp_ln890_1374' <Predicate = (!icmp_ln17523)> <Delay = 0.61> <CoreInst = "Cmp">   --->   Core 9 'Cmp' <Latency = 0> <II = 1> <Delay = 0.34> <FuncUnit> <Opcode : 'icmp'> <InPorts = 2> <OutPorts = 1>
ST_26 : Operation 360 [1/1] (0.12ns)   --->   "%xor_ln17523 = xor i1 %icmp_ln890_1374, i1 1" [./dut.cpp:17523]   --->   Operation 360 'xor' 'xor_ln17523' <Predicate = (!icmp_ln17523)> <Delay = 0.12> <CoreInst = "LogicGate">   --->   Core 74 'LogicGate' <Latency = 0> <II = 1> <Delay = 0.12> <FuncUnit> <Opcode : 'and' 'or' 'xor'> <InPorts = 2> <OutPorts = 1>
ST_26 : Operation 361 [1/1] (0.00ns) (grouped into LUT with out node select_ln17530_1)   --->   "%and_ln17523 = and i1 %empty_2500, i1 %xor_ln17523" [./dut.cpp:17523]   --->   Operation 361 'and' 'and_ln17523' <Predicate = (!icmp_ln17523)> <Delay = 0.00> <CoreInst = "LogicGate">   --->   Core 74 'LogicGate' <Latency = 0> <II = 1> <Delay = 0.12> <FuncUnit> <Opcode : 'and' 'or' 'xor'> <InPorts = 2> <OutPorts = 1>
ST_26 : Operation 362 [1/1] (0.65ns)   --->   "%icmp_ln890_1375 = icmp_eq  i4 %c7_V, i4 8"   --->   Operation 362 'icmp' 'icmp_ln890_1375' <Predicate = (!icmp_ln17523)> <Delay = 0.65> <CoreInst = "Cmp">   --->   Core 9 'Cmp' <Latency = 0> <II = 1> <Delay = 0.34> <FuncUnit> <Opcode : 'icmp'> <InPorts = 2> <OutPorts = 1>
ST_26 : Operation 363 [1/1] (0.00ns) (grouped into LUT with out node and_ln17529_1)   --->   "%and_ln17523_1 = and i1 %icmp_ln890_1375, i1 %xor_ln17523" [./dut.cpp:17523]   --->   Operation 363 'and' 'and_ln17523_1' <Predicate = (!icmp_ln17523)> <Delay = 0.00> <CoreInst = "LogicGate">   --->   Core 74 'LogicGate' <Latency = 0> <II = 1> <Delay = 0.12> <FuncUnit> <Opcode : 'and' 'or' 'xor'> <InPorts = 2> <OutPorts = 1>
ST_26 : Operation 364 [1/1] (0.60ns)   --->   "%icmp_ln890_1376 = icmp_eq  i10 %indvar_flatten171, i10 256"   --->   Operation 364 'icmp' 'icmp_ln890_1376' <Predicate = (!icmp_ln17523)> <Delay = 0.60> <CoreInst = "Cmp">   --->   Core 9 'Cmp' <Latency = 0> <II = 1> <Delay = 0.34> <FuncUnit> <Opcode : 'icmp'> <InPorts = 2> <OutPorts = 1>
ST_26 : Operation 365 [1/1] (0.12ns)   --->   "%and_ln17523_2 = and i1 %icmp_ln890_1376, i1 %xor_ln17523" [./dut.cpp:17523]   --->   Operation 365 'and' 'and_ln17523_2' <Predicate = (!icmp_ln17523)> <Delay = 0.12> <CoreInst = "LogicGate">   --->   Core 74 'LogicGate' <Latency = 0> <II = 1> <Delay = 0.12> <FuncUnit> <Opcode : 'and' 'or' 'xor'> <InPorts = 2> <OutPorts = 1>
ST_26 : Operation 366 [1/1] (0.12ns)   --->   "%or_ln17529 = or i1 %and_ln17523_2, i1 %icmp_ln890_1374" [./dut.cpp:17529]   --->   Operation 366 'or' 'or_ln17529' <Predicate = (!icmp_ln17523)> <Delay = 0.12> <CoreInst = "LogicGate">   --->   Core 74 'LogicGate' <Latency = 0> <II = 1> <Delay = 0.12> <FuncUnit> <Opcode : 'and' 'or' 'xor'> <InPorts = 2> <OutPorts = 1>
ST_26 : Operation 367 [1/1] (0.29ns)   --->   "%select_ln17529 = select i1 %or_ln17529, i6 0, i6 %c6_V" [./dut.cpp:17529]   --->   Operation 367 'select' 'select_ln17529' <Predicate = (!icmp_ln17523)> <Delay = 0.29> <CoreInst = "Sel">   --->   Core 73 'Sel' <Latency = 0> <II = 1> <Delay = 0.30> <FuncUnit> <Opcode : 'select'> <InPorts = 3> <OutPorts = 1>
ST_26 : Operation 368 [1/1] (0.00ns) (grouped into LUT with out node or_ln17529_1)   --->   "%xor_ln17529 = xor i1 %icmp_ln890_1376, i1 1" [./dut.cpp:17529]   --->   Operation 368 'xor' 'xor_ln17529' <Predicate = (!icmp_ln17523)> <Delay = 0.00> <CoreInst = "LogicGate">   --->   Core 74 'LogicGate' <Latency = 0> <II = 1> <Delay = 0.12> <FuncUnit> <Opcode : 'and' 'or' 'xor'> <InPorts = 2> <OutPorts = 1>
ST_26 : Operation 369 [1/1] (0.12ns) (out node of the LUT)   --->   "%or_ln17529_1 = or i1 %icmp_ln890_1374, i1 %xor_ln17529" [./dut.cpp:17529]   --->   Operation 369 'or' 'or_ln17529_1' <Predicate = (!icmp_ln17523)> <Delay = 0.12> <CoreInst = "LogicGate">   --->   Core 74 'LogicGate' <Latency = 0> <II = 1> <Delay = 0.12> <FuncUnit> <Opcode : 'and' 'or' 'xor'> <InPorts = 2> <OutPorts = 1>
ST_26 : Operation 370 [1/1] (0.00ns) (grouped into LUT with out node select_ln17530_1)   --->   "%and_ln17529 = and i1 %and_ln17523, i1 %or_ln17529_1" [./dut.cpp:17529]   --->   Operation 370 'and' 'and_ln17529' <Predicate = (!icmp_ln17523)> <Delay = 0.00> <CoreInst = "LogicGate">   --->   Core 74 'LogicGate' <Latency = 0> <II = 1> <Delay = 0.12> <FuncUnit> <Opcode : 'and' 'or' 'xor'> <InPorts = 2> <OutPorts = 1>
ST_26 : Operation 371 [1/1] (0.12ns) (out node of the LUT)   --->   "%and_ln17529_1 = and i1 %and_ln17523_1, i1 %or_ln17529_1" [./dut.cpp:17529]   --->   Operation 371 'and' 'and_ln17529_1' <Predicate = (!icmp_ln17523)> <Delay = 0.12> <CoreInst = "LogicGate">   --->   Core 74 'LogicGate' <Latency = 0> <II = 1> <Delay = 0.12> <FuncUnit> <Opcode : 'and' 'or' 'xor'> <InPorts = 2> <OutPorts = 1>
ST_26 : Operation 372 [1/1] (0.70ns)   --->   "%add_ln691 = add i6 %select_ln17529, i6 1"   --->   Operation 372 'add' 'add_ln691' <Predicate = (!icmp_ln17523)> <Delay = 0.70> <CoreInst = "Adder">   --->   Core 1 'Adder' <Latency = 0> <II = 1> <Delay = 0.73> <FuncUnit> <Opcode : 'add' 'sub'> <InPorts = 2> <OutPorts = 1>
ST_26 : Operation 373 [1/1] (0.00ns) (grouped into LUT with out node select_ln17530)   --->   "%or_ln17530 = or i1 %and_ln17529_1, i1 %and_ln17523_2" [./dut.cpp:17530]   --->   Operation 373 'or' 'or_ln17530' <Predicate = (!icmp_ln17523)> <Delay = 0.00> <CoreInst = "LogicGate">   --->   Core 74 'LogicGate' <Latency = 0> <II = 1> <Delay = 0.12> <FuncUnit> <Opcode : 'and' 'or' 'xor'> <InPorts = 2> <OutPorts = 1>
ST_26 : Operation 374 [1/1] (0.00ns) (grouped into LUT with out node select_ln17530)   --->   "%or_ln17530_1 = or i1 %or_ln17530, i1 %icmp_ln890_1374" [./dut.cpp:17530]   --->   Operation 374 'or' 'or_ln17530_1' <Predicate = (!icmp_ln17523)> <Delay = 0.00> <CoreInst = "LogicGate">   --->   Core 74 'LogicGate' <Latency = 0> <II = 1> <Delay = 0.12> <FuncUnit> <Opcode : 'and' 'or' 'xor'> <InPorts = 2> <OutPorts = 1>
ST_26 : Operation 375 [1/1] (0.35ns) (out node of the LUT)   --->   "%select_ln17530 = select i1 %or_ln17530_1, i4 0, i4 %c7_V" [./dut.cpp:17530]   --->   Operation 375 'select' 'select_ln17530' <Predicate = (!icmp_ln17523)> <Delay = 0.35> <CoreInst = "Sel">   --->   Core 73 'Sel' <Latency = 0> <II = 1> <Delay = 0.30> <FuncUnit> <Opcode : 'select'> <InPorts = 3> <OutPorts = 1>
ST_26 : Operation 376 [1/1] (0.00ns) (grouped into LUT with out node select_ln17530_1)   --->   "%empty_2501 = trunc i6 %add_ln691"   --->   Operation 376 'trunc' 'empty_2501' <Predicate = (!icmp_ln17523)> <Delay = 0.00>
ST_26 : Operation 377 [1/1] (0.27ns) (out node of the LUT)   --->   "%select_ln17530_1 = select i1 %and_ln17529_1, i1 %empty_2501, i1 %and_ln17529" [./dut.cpp:17530]   --->   Operation 377 'select' 'select_ln17530_1' <Predicate = (!icmp_ln17523)> <Delay = 0.27> <CoreInst = "Sel">   --->   Core 73 'Sel' <Latency = 0> <II = 1> <Delay = 0.30> <FuncUnit> <Opcode : 'select'> <InPorts = 3> <OutPorts = 1>
ST_26 : Operation 378 [1/1] (0.29ns)   --->   "%select_ln890 = select i1 %and_ln17529_1, i6 %add_ln691, i6 %select_ln17529"   --->   Operation 378 'select' 'select_ln890' <Predicate = (!icmp_ln17523)> <Delay = 0.29> <CoreInst = "Sel">   --->   Core 73 'Sel' <Latency = 0> <II = 1> <Delay = 0.30> <FuncUnit> <Opcode : 'select'> <InPorts = 3> <OutPorts = 1>
ST_26 : Operation 379 [1/1] (0.00ns) (grouped into LUT with out node select_ln17530_2)   --->   "%tmp = partselect i4 @_ssdm_op_PartSelect.i4.i6.i32.i32, i6 %add_ln691, i32 1, i32 4"   --->   Operation 379 'partselect' 'tmp' <Predicate = (!icmp_ln17523)> <Delay = 0.00>
ST_26 : Operation 380 [1/1] (0.00ns) (grouped into LUT with out node select_ln17530_2)   --->   "%tmp_508 = partselect i4 @_ssdm_op_PartSelect.i4.i6.i32.i32, i6 %c6_V, i32 1, i32 4"   --->   Operation 380 'partselect' 'tmp_508' <Predicate = (!icmp_ln17523)> <Delay = 0.00>
ST_26 : Operation 381 [1/1] (0.00ns) (grouped into LUT with out node select_ln17530_2)   --->   "%select_ln17529_1 = select i1 %or_ln17529, i4 0, i4 %tmp_508" [./dut.cpp:17529]   --->   Operation 381 'select' 'select_ln17529_1' <Predicate = (!icmp_ln17523)> <Delay = 0.00> <CoreInst = "Sel">   --->   Core 73 'Sel' <Latency = 0> <II = 1> <Delay = 0.30> <FuncUnit> <Opcode : 'select'> <InPorts = 3> <OutPorts = 1>
ST_26 : Operation 382 [1/1] (0.35ns) (out node of the LUT)   --->   "%select_ln17530_2 = select i1 %and_ln17529_1, i4 %tmp, i4 %select_ln17529_1" [./dut.cpp:17530]   --->   Operation 382 'select' 'select_ln17530_2' <Predicate = (!icmp_ln17523)> <Delay = 0.35> <CoreInst = "Sel">   --->   Core 73 'Sel' <Latency = 0> <II = 1> <Delay = 0.30> <FuncUnit> <Opcode : 'select'> <InPorts = 3> <OutPorts = 1>
ST_26 : Operation 383 [1/1] (0.00ns)   --->   "%ret_ln17593 = ret" [./dut.cpp:17593]   --->   Operation 383 'ret' 'ret_ln17593' <Predicate = (icmp_ln17523)> <Delay = 0.00>

State 27 <SV = 3> <Delay = 1.20>
ST_27 : Operation 384 [1/1] (0.00ns)   --->   "%tmp_s = bitconcatenate i64 @_ssdm_op_BitConcatenate.i64.i56.i4.i4, i56 0, i4 %select_ln17530, i4 %select_ln17530_2" [./dut.cpp:17530]   --->   Operation 384 'bitconcatenate' 'tmp_s' <Predicate = true> <Delay = 0.00>
ST_27 : Operation 385 [1/1] (0.00ns)   --->   "%local_C_ping_V_addr = getelementptr i512 %local_C_ping_V, i64 0, i64 %tmp_s" [./dut.cpp:17530]   --->   Operation 385 'getelementptr' 'local_C_ping_V_addr' <Predicate = true> <Delay = 0.00>
ST_27 : Operation 386 [2/2] (1.20ns)   --->   "%in_data_V = load i7 %local_C_ping_V_addr" [./dut.cpp:17530]   --->   Operation 386 'load' 'in_data_V' <Predicate = true> <Delay = 1.20> <CoreInst = "RAM_2P_BRAM">   --->   Core 94 'RAM_2P_BRAM' <Latency = 1> <II = 1> <Delay = 1.20> <Storage> <Opcode : 'load' 'store'> <Ports = 2> <Width = 512> <Depth = 128> <RAM>

State 28 <SV = 4> <Delay = 1.20>
ST_28 : Operation 387 [1/1] (0.00ns)   --->   "%specloopname_ln0 = specloopname void @_ssdm_op_SpecLoopName, void @C_IO_L2_in_1_x1_loop_25_C_IO_L2_in_1_x1_loop_27_C_IO_L2_in_1_x1_loop_28_str"   --->   Operation 387 'specloopname' 'specloopname_ln0' <Predicate = true> <Delay = 0.00>
ST_28 : Operation 388 [1/1] (0.00ns)   --->   "%speclooptripcount_ln0 = speclooptripcount void @_ssdm_op_SpecLoopTripCount, i64 65536, i64 65536, i64 65536"   --->   Operation 388 'speclooptripcount' 'speclooptripcount_ln0' <Predicate = true> <Delay = 0.00>
ST_28 : Operation 389 [1/1] (0.00ns)   --->   "%specloopname_ln0 = specloopname void @_ssdm_op_SpecLoopName, void @C_IO_L2_in_1_x1_loop_26_C_IO_L2_in_1_x1_loop_27_C_IO_L2_in_1_x1_loop_28_str"   --->   Operation 389 'specloopname' 'specloopname_ln0' <Predicate = true> <Delay = 0.00>
ST_28 : Operation 390 [1/1] (0.00ns)   --->   "%specloopname_ln0 = specloopname void @_ssdm_op_SpecLoopName, void @C_IO_L2_in_1_x1_loop_27_C_IO_L2_in_1_x1_loop_28_str"   --->   Operation 390 'specloopname' 'specloopname_ln0' <Predicate = true> <Delay = 0.00>
ST_28 : Operation 391 [1/1] (0.00ns)   --->   "%specloopname_ln17532 = specloopname void @_ssdm_op_SpecLoopName, void @empty_902" [./dut.cpp:17532]   --->   Operation 391 'specloopname' 'specloopname_ln17532' <Predicate = true> <Delay = 0.00>
ST_28 : Operation 392 [1/2] (1.20ns)   --->   "%in_data_V = load i7 %local_C_ping_V_addr" [./dut.cpp:17530]   --->   Operation 392 'load' 'in_data_V' <Predicate = true> <Delay = 1.20> <CoreInst = "RAM_2P_BRAM">   --->   Core 94 'RAM_2P_BRAM' <Latency = 1> <II = 1> <Delay = 1.20> <Storage> <Opcode : 'load' 'store'> <Ports = 2> <Width = 512> <Depth = 128> <RAM>
ST_28 : Operation 393 [1/1] (0.38ns)   --->   "%br_ln17534 = br void" [./dut.cpp:17534]   --->   Operation 393 'br' 'br_ln17534' <Predicate = true> <Delay = 0.38>

State 29 <SV = 5> <Delay = 1.77>
ST_29 : Operation 394 [1/1] (0.00ns)   --->   "%indvar_flatten163 = phi i6 0, void %.preheader69, i6 %add_ln890_284, void %ifFalse156"   --->   Operation 394 'phi' 'indvar_flatten163' <Predicate = true> <Delay = 0.00>
ST_29 : Operation 395 [1/1] (0.00ns)   --->   "%n_V = phi i2 0, void %.preheader69, i2 %add_ln691_1310, void %ifFalse156"   --->   Operation 395 'phi' 'n_V' <Predicate = true> <Delay = 0.00>
ST_29 : Operation 396 [1/1] (0.00ns)   --->   "%p_Val2_28 = phi i512 %in_data_V, void %.preheader69, i512 %zext_ln1497, void %ifFalse156"   --->   Operation 396 'phi' 'p_Val2_28' <Predicate = true> <Delay = 0.00>
ST_29 : Operation 397 [1/1] (0.70ns)   --->   "%add_ln890_284 = add i6 %indvar_flatten163, i6 1"   --->   Operation 397 'add' 'add_ln890_284' <Predicate = true> <Delay = 0.70> <CoreInst = "Adder">   --->   Core 1 'Adder' <Latency = 0> <II = 1> <Delay = 0.73> <FuncUnit> <Opcode : 'add' 'sub'> <InPorts = 2> <OutPorts = 1>
ST_29 : Operation 398 [1/1] (0.61ns)   --->   "%icmp_ln890_1377 = icmp_eq  i6 %indvar_flatten163, i6 32"   --->   Operation 398 'icmp' 'icmp_ln890_1377' <Predicate = true> <Delay = 0.61> <CoreInst = "Cmp">   --->   Core 9 'Cmp' <Latency = 0> <II = 1> <Delay = 0.34> <FuncUnit> <Opcode : 'icmp'> <InPorts = 2> <OutPorts = 1>
ST_29 : Operation 399 [1/1] (0.00ns)   --->   "%br_ln890 = br i1 %icmp_ln890_1377, void %.split7, void"   --->   Operation 399 'br' 'br_ln890' <Predicate = true> <Delay = 0.00>
ST_29 : Operation 400 [1/1] (0.00ns)   --->   "%data_split_V_1_105_load = load i256 %data_split_V_1_105" [./dut.cpp:17542]   --->   Operation 400 'load' 'data_split_V_1_105_load' <Predicate = (!icmp_ln890_1377)> <Delay = 0.00>
ST_29 : Operation 401 [1/1] (0.00ns)   --->   "%data_split_V_1_106_load = load i256 %data_split_V_1_106" [./dut.cpp:17542]   --->   Operation 401 'load' 'data_split_V_1_106_load' <Predicate = (!icmp_ln890_1377)> <Delay = 0.00>
ST_29 : Operation 402 [1/1] (0.00ns)   --->   "%specloopname_ln0 = specloopname void @_ssdm_op_SpecLoopName, void @C_IO_L2_in_1_x1_loop_29_C_IO_L2_in_1_x1_loop_30_str"   --->   Operation 402 'specloopname' 'specloopname_ln0' <Predicate = (!icmp_ln890_1377)> <Delay = 0.00>
ST_29 : Operation 403 [1/1] (0.00ns)   --->   "%speclooptripcount_ln0 = speclooptripcount void @_ssdm_op_SpecLoopTripCount, i64 32, i64 32, i64 32"   --->   Operation 403 'speclooptripcount' 'speclooptripcount_ln0' <Predicate = (!icmp_ln890_1377)> <Delay = 0.00>
ST_29 : Operation 404 [1/1] (0.34ns)   --->   "%icmp_ln878305 = icmp_eq  i2 %n_V, i2 2"   --->   Operation 404 'icmp' 'icmp_ln878305' <Predicate = (!icmp_ln890_1377)> <Delay = 0.34> <CoreInst = "Cmp">   --->   Core 9 'Cmp' <Latency = 0> <II = 1> <Delay = 0.34> <FuncUnit> <Opcode : 'icmp'> <InPorts = 2> <OutPorts = 1>
ST_29 : Operation 405 [1/1] (0.27ns)   --->   "%select_ln17534 = select i1 %icmp_ln878305, i2 0, i2 %n_V" [./dut.cpp:17534]   --->   Operation 405 'select' 'select_ln17534' <Predicate = (!icmp_ln890_1377)> <Delay = 0.27> <CoreInst = "Sel">   --->   Core 73 'Sel' <Latency = 0> <II = 1> <Delay = 0.30> <FuncUnit> <Opcode : 'select'> <InPorts = 3> <OutPorts = 1>
ST_29 : Operation 406 [1/1] (0.57ns)   --->   "%select_ln17534_1 = select i1 %icmp_ln878305, i512 %in_data_V, i512 %p_Val2_28" [./dut.cpp:17534]   --->   Operation 406 'select' 'select_ln17534_1' <Predicate = (!icmp_ln890_1377)> <Delay = 0.57> <CoreInst = "Sel">   --->   Core 73 'Sel' <Latency = 0> <II = 1> <Delay = 0.30> <FuncUnit> <Opcode : 'select'> <InPorts = 3> <OutPorts = 1>
ST_29 : Operation 407 [1/1] (0.00ns)   --->   "%specpipeline_ln674 = specpipeline void @_ssdm_op_SpecPipeline, i32 1, i32 0, i32 0, i32 0, void @empty_49"   --->   Operation 407 'specpipeline' 'specpipeline_ln674' <Predicate = (!icmp_ln890_1377)> <Delay = 0.00>
ST_29 : Operation 408 [1/1] (0.00ns)   --->   "%specloopname_ln674 = specloopname void @_ssdm_op_SpecLoopName, void @empty_504"   --->   Operation 408 'specloopname' 'specloopname_ln674' <Predicate = (!icmp_ln890_1377)> <Delay = 0.00>
ST_29 : Operation 409 [1/1] (0.00ns)   --->   "%data_split_V_0_90 = trunc i512 %select_ln17534_1"   --->   Operation 409 'trunc' 'data_split_V_0_90' <Predicate = (!icmp_ln890_1377)> <Delay = 0.00>
ST_29 : Operation 410 [1/1] (0.00ns)   --->   "%trunc_ln17542 = trunc i2 %select_ln17534" [./dut.cpp:17542]   --->   Operation 410 'trunc' 'trunc_ln17542' <Predicate = (!icmp_ln890_1377)> <Delay = 0.00>
ST_29 : Operation 411 [1/1] (0.42ns)   --->   "%data_split_V_1_108 = select i1 %trunc_ln17542, i256 %data_split_V_0_90, i256 %data_split_V_1_106_load" [./dut.cpp:17542]   --->   Operation 411 'select' 'data_split_V_1_108' <Predicate = (!icmp_ln890_1377)> <Delay = 0.42> <CoreInst = "Sel">   --->   Core 73 'Sel' <Latency = 0> <II = 1> <Delay = 0.30> <FuncUnit> <Opcode : 'select'> <InPorts = 3> <OutPorts = 1>
ST_29 : Operation 412 [1/1] (0.42ns)   --->   "%data_split_V_1_109 = select i1 %trunc_ln17542, i256 %data_split_V_1_105_load, i256 %data_split_V_0_90" [./dut.cpp:17542]   --->   Operation 412 'select' 'data_split_V_1_109' <Predicate = (!icmp_ln890_1377)> <Delay = 0.42> <CoreInst = "Sel">   --->   Core 73 'Sel' <Latency = 0> <II = 1> <Delay = 0.30> <FuncUnit> <Opcode : 'select'> <InPorts = 3> <OutPorts = 1>
ST_29 : Operation 413 [1/1] (0.00ns)   --->   "%r_23 = partselect i256 @_ssdm_op_PartSelect.i256.i512.i32.i32, i512 %select_ln17534_1, i32 256, i32 511"   --->   Operation 413 'partselect' 'r_23' <Predicate = (!icmp_ln890_1377)> <Delay = 0.00>
ST_29 : Operation 414 [1/1] (0.00ns)   --->   "%zext_ln1497 = zext i256 %r_23"   --->   Operation 414 'zext' 'zext_ln1497' <Predicate = (!icmp_ln890_1377)> <Delay = 0.00>
ST_29 : Operation 415 [1/1] (0.43ns)   --->   "%add_ln691_1310 = add i2 %select_ln17534, i2 1"   --->   Operation 415 'add' 'add_ln691_1310' <Predicate = (!icmp_ln890_1377)> <Delay = 0.43> <CoreInst = "Adder">   --->   Core 1 'Adder' <Latency = 0> <II = 1> <Delay = 0.73> <FuncUnit> <Opcode : 'add' 'sub'> <InPorts = 2> <OutPorts = 1>
ST_29 : Operation 416 [1/1] (0.34ns)   --->   "%icmp_ln878_22 = icmp_eq  i2 %add_ln691_1310, i2 2"   --->   Operation 416 'icmp' 'icmp_ln878_22' <Predicate = (!icmp_ln890_1377)> <Delay = 0.34> <CoreInst = "Cmp">   --->   Core 9 'Cmp' <Latency = 0> <II = 1> <Delay = 0.34> <FuncUnit> <Opcode : 'icmp'> <InPorts = 2> <OutPorts = 1>
ST_29 : Operation 417 [1/1] (0.00ns)   --->   "%br_ln878 = br i1 %icmp_ln878_22, void %ifFalse156, void %ifTrue155"   --->   Operation 417 'br' 'br_ln878' <Predicate = (!icmp_ln890_1377)> <Delay = 0.00>
ST_29 : Operation 418 [1/1] (0.42ns)   --->   "%select_ln17546 = select i1 %select_ln17530_1, i256 %data_split_V_1_108, i256 %data_split_V_1_109" [./dut.cpp:17546]   --->   Operation 418 'select' 'select_ln17546' <Predicate = (!icmp_ln890_1377 & icmp_ln878_22)> <Delay = 0.42> <CoreInst = "Sel">   --->   Core 73 'Sel' <Latency = 0> <II = 1> <Delay = 0.30> <FuncUnit> <Opcode : 'select'> <InPorts = 3> <OutPorts = 1>
ST_29 : Operation 419 [1/1] (0.00ns)   --->   "%store_ln17542 = store i256 %data_split_V_1_108, i256 %data_split_V_1_106" [./dut.cpp:17542]   --->   Operation 419 'store' 'store_ln17542' <Predicate = (!icmp_ln890_1377)> <Delay = 0.00>
ST_29 : Operation 420 [1/1] (0.00ns)   --->   "%store_ln17542 = store i256 %data_split_V_1_109, i256 %data_split_V_1_105" [./dut.cpp:17542]   --->   Operation 420 'store' 'store_ln17542' <Predicate = (!icmp_ln890_1377)> <Delay = 0.00>
ST_29 : Operation 421 [1/1] (0.00ns)   --->   "%br_ln0 = br void"   --->   Operation 421 'br' 'br_ln0' <Predicate = (!icmp_ln890_1377)> <Delay = 0.00>

State 30 <SV = 6> <Delay = 1.21>
ST_30 : Operation 422 [1/1] (1.21ns)   --->   "%write_ln174 = write void @_ssdm_op_Write.ap_fifo.volatile.i256P0A, i256 %fifo_C_PE_0_1_x1106, i256 %select_ln17546" [/home/rcslfpgaserver/Softwares/Xilinx/Vitis_HLS/2020.2/common/technology/autopilot/hls_stream_39.h:174]   --->   Operation 422 'write' 'write_ln174' <Predicate = (icmp_ln878_22)> <Delay = 1.21> <CoreInst = "FIFO_SRL">   --->   Core 81 'FIFO_SRL' <Latency = 0> <II = 1> <Delay = 1.42> <Storage> <Opcode : 'read' 'write' 'nbread' 'nbwrite'> <Ports = 0> <Width = 256> <Depth = 2> <FIFO>
ST_30 : Operation 423 [1/1] (0.00ns)   --->   "%br_ln0 = br void %ifFalse156"   --->   Operation 423 'br' 'br_ln0' <Predicate = (icmp_ln878_22)> <Delay = 0.00>

State 31 <SV = 6> <Delay = 1.03>
ST_31 : Operation 424 [1/1] (0.70ns)   --->   "%add_ln691_1309 = add i4 %select_ln17530, i4 1"   --->   Operation 424 'add' 'add_ln691_1309' <Predicate = true> <Delay = 0.70> <CoreInst = "Adder">   --->   Core 1 'Adder' <Latency = 0> <II = 1> <Delay = 0.73> <FuncUnit> <Opcode : 'add' 'sub'> <InPorts = 2> <OutPorts = 1>
ST_31 : Operation 425 [1/1] (0.72ns)   --->   "%add_ln890 = add i10 %indvar_flatten171, i10 1"   --->   Operation 425 'add' 'add_ln890' <Predicate = (!or_ln17529)> <Delay = 0.72> <CoreInst = "Adder">   --->   Core 1 'Adder' <Latency = 0> <II = 1> <Delay = 0.73> <FuncUnit> <Opcode : 'add' 'sub'> <InPorts = 2> <OutPorts = 1>
ST_31 : Operation 426 [1/1] (0.30ns)   --->   "%select_ln890_481 = select i1 %or_ln17529, i10 1, i10 %add_ln890"   --->   Operation 426 'select' 'select_ln890_481' <Predicate = true> <Delay = 0.30> <CoreInst = "Sel">   --->   Core 73 'Sel' <Latency = 0> <II = 1> <Delay = 0.30> <FuncUnit> <Opcode : 'select'> <InPorts = 3> <OutPorts = 1>
ST_31 : Operation 427 [1/1] (0.73ns)   --->   "%add_ln890_283 = add i11 %indvar_flatten195, i11 1"   --->   Operation 427 'add' 'add_ln890_283' <Predicate = (!icmp_ln890_1374)> <Delay = 0.73> <CoreInst = "Adder">   --->   Core 1 'Adder' <Latency = 0> <II = 1> <Delay = 0.73> <FuncUnit> <Opcode : 'add' 'sub'> <InPorts = 2> <OutPorts = 1>
ST_31 : Operation 428 [1/1] (0.30ns)   --->   "%select_ln890_482 = select i1 %icmp_ln890_1374, i11 1, i11 %add_ln890_283"   --->   Operation 428 'select' 'select_ln890_482' <Predicate = true> <Delay = 0.30> <CoreInst = "Sel">   --->   Core 73 'Sel' <Latency = 0> <II = 1> <Delay = 0.30> <FuncUnit> <Opcode : 'select'> <InPorts = 3> <OutPorts = 1>
ST_31 : Operation 429 [1/1] (0.00ns)   --->   "%br_ln0 = br void %.preheader69.preheader"   --->   Operation 429 'br' 'br_ln0' <Predicate = true> <Delay = 0.00>


============================================================
+ Verbose Summary: Binding
============================================================
STG Binding: 
---------------- STG Properties BEGIN ----------------
- Is combinational: 0
- Is one-state seq: 0
- Is datapath-only: 0
- Is pipelined: 0
- Is top level: 0
Port [ Return ] is wired: 1; IO mode=ap_ctrl_hs:ce=0
Port [ fifo_C_C_IO_L2_in_1_x118]:  wired=1; compound=1; hidden=0; nouse=0; global=0; static=0; extern=0; dir=0; type=3; pingpong=0; private_global=0; IO mode=ap_fifo:ce=0
Port [ fifo_C_C_IO_L2_in_2_x119]:  wired=1; compound=1; hidden=0; nouse=0; global=0; static=0; extern=0; dir=1; type=3; pingpong=0; private_global=0; IO mode=ap_fifo:ce=0
Port [ fifo_C_PE_0_1_x1106]:  wired=1; compound=1; hidden=0; nouse=0; global=0; static=0; extern=0; dir=1; type=3; pingpong=0; private_global=0; IO mode=ap_fifo:ce=0
---------------- STG Properties END ------------------

---------------- Datapath Model BEGIN ----------------

<LifeTime>
<method=bitvector/>
data_split_V_1           (alloca           ) [ 00111111111111111111111111000000]
data_split_V_1_102       (alloca           ) [ 00111111111111111111111111000000]
data_split_V_1_103       (alloca           ) [ 00111111111111111111111111000000]
data_split_V_1_104       (alloca           ) [ 00111111111111111111111111000000]
specmemcore_ln0          (specmemcore      ) [ 00000000000000000000000000000000]
specmemcore_ln0          (specmemcore      ) [ 00000000000000000000000000000000]
specmemcore_ln0          (specmemcore      ) [ 00000000000000000000000000000000]
specinterface_ln0        (specinterface    ) [ 00000000000000000000000000000000]
specinterface_ln0        (specinterface    ) [ 00000000000000000000000000000000]
specinterface_ln0        (specinterface    ) [ 00000000000000000000000000000000]
local_C_ping_V           (alloca           ) [ 00111111111111111111111111111111]
local_C_pong_V           (alloca           ) [ 00111111111111111111111111000000]
specmemcore_ln17347      (specmemcore      ) [ 00000000000000000000000000000000]
specmemcore_ln17348      (specmemcore      ) [ 00000000000000000000000000000000]
br_ln17357               (br               ) [ 01111111111111111111111111000000]
indvar_flatten151        (phi              ) [ 00100000000000000000000000000000]
c1_V                     (phi              ) [ 00100000000000000000000000000000]
intra_trans_en           (phi              ) [ 00100000000000000000000000000000]
arb_13                   (phi              ) [ 00111111111111111111111111000000]
add_ln890_285            (add              ) [ 01111111111111111111111111000000]
icmp_ln890               (icmp             ) [ 00111111111111111111111111000000]
br_ln890                 (br               ) [ 00000000000000000000000000000000]
specloopname_ln0         (specloopname     ) [ 00000000000000000000000000000000]
speclooptripcount_ln0    (speclooptripcount) [ 00000000000000000000000000000000]
icmp_ln890303            (icmp             ) [ 00011111111111111111111111000000]
select_ln17357           (select           ) [ 00011111111111111111111111000000]
or_ln17357               (or               ) [ 00011111111111111111111111000000]
xor_ln17357              (xor              ) [ 00000000000000000000000000000000]
and_ln17357              (and              ) [ 00111111111111111111111111000000]
specloopname_ln17358     (specloopname     ) [ 00000000000000000000000000000000]
p_shl                    (bitconcatenate   ) [ 00000000000000000000000000000000]
add_i_i780_cast          (sub              ) [ 00011111100000011111100000000000]
br_ln17362               (br               ) [ 00000000000000000000000000000000]
br_ln17364               (br               ) [ 00111111111111111111111111000000]
br_ln17438               (br               ) [ 00111111111111111111111111000000]
data_split_V_1_105       (alloca           ) [ 00000000000000000000000000111111]
data_split_V_1_106       (alloca           ) [ 00000000000000000000000000111111]
br_ln17530               (br               ) [ 00111111111111111111111111111111]
c3_49                    (phi              ) [ 00011111100000000000000000000000]
tmp_510                  (bitselect        ) [ 00111111111111111111111111000000]
br_ln17364               (br               ) [ 00000000000000000000000000000000]
speclooptripcount_ln1616 (speclooptripcount) [ 00000000000000000000000000000000]
specloopname_ln1616      (specloopname     ) [ 00000000000000000000000000000000]
zext_ln886_11            (zext             ) [ 00000000000000000000000000000000]
icmp_ln886_11            (icmp             ) [ 00111111111111111111111111000000]
br_ln17366               (br               ) [ 00000000000000000000000000000000]
icmp_ln17369             (icmp             ) [ 00111111111111111111111111000000]
br_ln17369               (br               ) [ 00000000000000000000000000000000]
br_ln890                 (br               ) [ 00111111111111111111111111000000]
br_ln17379               (br               ) [ 00111111111111111111111111000000]
br_ln17404               (br               ) [ 00000000000000000000000000000000]
br_ln17412               (br               ) [ 00111111111111111111111111000000]
c4_V_49                  (phi              ) [ 00001000000000000000000000000000]
add_ln691_1324           (add              ) [ 00111111111111111111111111000000]
icmp_ln890_1381          (icmp             ) [ 00111111111111111111111111000000]
speclooptripcount_ln0    (speclooptripcount) [ 00000000000000000000000000000000]
br_ln17384               (br               ) [ 00000000000000000000000000000000]
specloopname_ln17384     (specloopname     ) [ 00000000000000000000000000000000]
br_ln17386               (br               ) [ 00111111111111111111111111000000]
br_ln0                   (br               ) [ 00000000000000000000000000000000]
c4_V_48                  (phi              ) [ 00001000000000000000000000000000]
add_ln691_1322           (add              ) [ 00111111111111111111111111000000]
trunc_ln17379            (trunc            ) [ 00000000000000000000000000000000]
tmp_596_cast             (bitconcatenate   ) [ 00000001100000000000000000000000]
icmp_ln890_1380          (icmp             ) [ 00111111111111111111111111000000]
speclooptripcount_ln0    (speclooptripcount) [ 00000000000000000000000000000000]
br_ln17370               (br               ) [ 00000000000000000000000000000000]
specloopname_ln17370     (specloopname     ) [ 00000000000000000000000000000000]
br_ln17372               (br               ) [ 00111111111111111111111111000000]
br_ln0                   (br               ) [ 00000000000000000000000000000000]
c3_51                    (add              ) [ 00111111111111111111111111000000]
br_ln0                   (br               ) [ 00111111111111111111111111000000]
c5_V_97                  (phi              ) [ 00000100000000000000000000000000]
add_ln691_1325           (add              ) [ 00111111111111111111111111000000]
icmp_ln890_1393          (icmp             ) [ 00111111111111111111111111000000]
speclooptripcount_ln0    (speclooptripcount) [ 00000000000000000000000000000000]
br_ln17386               (br               ) [ 00000000000000000000000000000000]
br_ln0                   (br               ) [ 00111111111111111111111111000000]
specloopname_ln17386     (specloopname     ) [ 00000000000000000000000000000000]
tmp_520                  (read             ) [ 00000000000000000000000000000000]
write_ln174              (write            ) [ 00000000000000000000000000000000]
br_ln0                   (br               ) [ 00111111111111111111111111000000]
c5_V_96                  (phi              ) [ 00000001000000000000000000000000]
add_ln691_1323           (add              ) [ 00111111111111111111111111000000]
zext_ln17379             (zext             ) [ 00000000000000000000000000000000]
add_ln17379              (add              ) [ 00000000000000000000000000000000]
zext_ln17379_1           (zext             ) [ 00000000000000000000000000000000]
local_C_pong_V_addr      (getelementptr    ) [ 00000000100000000000000000000000]
icmp_ln890_1392          (icmp             ) [ 00111111111111111111111111000000]
speclooptripcount_ln0    (speclooptripcount) [ 00000000000000000000000000000000]
br_ln17372               (br               ) [ 00000000000000000000000000000000]
br_ln0                   (br               ) [ 00111111111111111111111111000000]
specloopname_ln17372     (specloopname     ) [ 00000000000000000000000000000000]
tmp_519                  (read             ) [ 00000000000000000000000000000000]
store_ln17379            (store            ) [ 00000000000000000000000000000000]
br_ln0                   (br               ) [ 00111111111111111111111111000000]
indvar_flatten65         (phi              ) [ 00000000010000000000000000000000]
indvar_flatten31         (phi              ) [ 00100000011111111111111111000000]
indvar_flatten7          (phi              ) [ 00100000011111111111111111000000]
c6_V_152                 (phi              ) [ 00000000010000000000000000000000]
c7_V_90                  (phi              ) [ 00000000010000000000000000000000]
add_ln17405              (add              ) [ 00111111111111111111111111000000]
empty                    (trunc            ) [ 00000000000000000000000000000000]
icmp_ln17405             (icmp             ) [ 00111111111111111111111111000000]
br_ln17405               (br               ) [ 00000000000000000000000000000000]
icmp_ln890_1385          (icmp             ) [ 00000000001111100000000000000000]
xor_ln17405              (xor              ) [ 00000000000000000000000000000000]
and_ln17405              (and              ) [ 00000000000000000000000000000000]
icmp_ln890_1386          (icmp             ) [ 00000000000000000000000000000000]
and_ln17405_1            (and              ) [ 00000000000000000000000000000000]
icmp_ln890_1387          (icmp             ) [ 00000000000000000000000000000000]
and_ln17405_2            (and              ) [ 00000000000000000000000000000000]
or_ln17411               (or               ) [ 00000000001111100000000000000000]
select_ln17411           (select           ) [ 00000000000000000000000000000000]
xor_ln17411              (xor              ) [ 00000000000000000000000000000000]
or_ln17411_1             (or               ) [ 00000000000000000000000000000000]
and_ln17411              (and              ) [ 00000000000000000000000000000000]
and_ln17411_1            (and              ) [ 00000000000000000000000000000000]
add_ln691_1312           (add              ) [ 00000000000000000000000000000000]
or_ln17412               (or               ) [ 00000000000000000000000000000000]
or_ln17412_1             (or               ) [ 00000000000000000000000000000000]
select_ln17412           (select           ) [ 00000000001111100000000000000000]
empty_2497               (trunc            ) [ 00000000000000000000000000000000]
select_ln17412_1         (select           ) [ 00000000001111000000000000000000]
select_ln890_484         (select           ) [ 00111111111111111111111111000000]
tmp_513                  (partselect       ) [ 00000000000000000000000000000000]
tmp_514                  (partselect       ) [ 00000000000000000000000000000000]
select_ln17411_1         (select           ) [ 00000000000000000000000000000000]
select_ln17412_2         (select           ) [ 00000000001000000000000000000000]
br_ln0                   (br               ) [ 00000000000000000000000000000000]
indvar_flatten143        (phi              ) [ 00000000010000000000000000000000]
indvar_flatten109        (phi              ) [ 00111111111111100000011111000000]
indvar_flatten85         (phi              ) [ 00111111111111100000011111000000]
c6_V_151                 (phi              ) [ 00000000010000000000000000000000]
c7_V_89                  (phi              ) [ 00000000010000000000000000000000]
add_ln17479              (add              ) [ 00111111111111111111111111000000]
empty_2498               (trunc            ) [ 00000000000000000000000000000000]
icmp_ln17479             (icmp             ) [ 00111111111111111111111111000000]
br_ln17479               (br               ) [ 00000000000000000000000000000000]
icmp_ln890_1382          (icmp             ) [ 00000000000000000000011111000000]
xor_ln17479              (xor              ) [ 00000000000000000000000000000000]
and_ln17479              (and              ) [ 00000000000000000000000000000000]
icmp_ln890_1383          (icmp             ) [ 00000000000000000000000000000000]
and_ln17479_1            (and              ) [ 00000000000000000000000000000000]
icmp_ln890_1384          (icmp             ) [ 00000000000000000000000000000000]
and_ln17479_2            (and              ) [ 00000000000000000000000000000000]
or_ln17485               (or               ) [ 00000000000000000000011111000000]
select_ln17485           (select           ) [ 00000000000000000000000000000000]
xor_ln17485              (xor              ) [ 00000000000000000000000000000000]
or_ln17485_1             (or               ) [ 00000000000000000000000000000000]
and_ln17485              (and              ) [ 00000000000000000000000000000000]
and_ln17485_1            (and              ) [ 00000000000000000000000000000000]
add_ln691_1311           (add              ) [ 00000000000000000000000000000000]
or_ln17486               (or               ) [ 00000000000000000000000000000000]
or_ln17486_1             (or               ) [ 00000000000000000000000000000000]
select_ln17486           (select           ) [ 00000000000000000000011111000000]
empty_2499               (trunc            ) [ 00000000000000000000000000000000]
select_ln17486_1         (select           ) [ 00000000000000000000011110000000]
select_ln890_483         (select           ) [ 00111111111111111111111111000000]
tmp_511                  (partselect       ) [ 00000000000000000000000000000000]
tmp_512                  (partselect       ) [ 00000000000000000000000000000000]
select_ln17485_1         (select           ) [ 00000000000000000000000000000000]
select_ln17486_2         (select           ) [ 00000000000000000000010000000000]
br_ln0                   (br               ) [ 00000000000000000000000000000000]
xor_ln17512              (xor              ) [ 00000000000000000000000000000000]
arb                      (or               ) [ 01111111111111111111111111000000]
add_ln691_1313           (add              ) [ 01111111111111111111111111000000]
br_ln0                   (br               ) [ 01111111111111111111111111000000]
tmp_32                   (bitconcatenate   ) [ 00000000000000000000000000000000]
local_C_ping_V_addr_26   (getelementptr    ) [ 00000000000100000000000000000000]
specloopname_ln0         (specloopname     ) [ 00000000000000000000000000000000]
speclooptripcount_ln0    (speclooptripcount) [ 00000000000000000000000000000000]
specloopname_ln0         (specloopname     ) [ 00000000000000000000000000000000]
specloopname_ln0         (specloopname     ) [ 00000000000000000000000000000000]
specloopname_ln17414     (specloopname     ) [ 00000000000000000000000000000000]
in_data_V_64             (load             ) [ 00111111111111111111111111000000]
br_ln17416               (br               ) [ 00111111111111111111111111000000]
indvar_flatten           (phi              ) [ 00000000000011000000000000000000]
n_V_14                   (phi              ) [ 00000000000011000000000000000000]
p_Val2_s                 (phi              ) [ 00000000000011000000000000000000]
add_ln890_291            (add              ) [ 00111111111111111111111111000000]
icmp_ln890_1391          (icmp             ) [ 00111111111111111111111111000000]
br_ln890                 (br               ) [ 00000000000000000000000000000000]
data_split_V_1_load      (load             ) [ 00000000000000000000000000000000]
data_split_V_1_102_load  (load             ) [ 00000000000000000000000000000000]
specloopname_ln0         (specloopname     ) [ 00000000000000000000000000000000]
speclooptripcount_ln0    (speclooptripcount) [ 00000000000000000000000000000000]
icmp_ln878_25            (icmp             ) [ 00000000000000000000000000000000]
select_ln17416           (select           ) [ 00000000000000000000000000000000]
select_ln17416_1         (select           ) [ 00000000000000000000000000000000]
specpipeline_ln674       (specpipeline     ) [ 00000000000000000000000000000000]
specloopname_ln674       (specloopname     ) [ 00000000000000000000000000000000]
data_split_V_0           (trunc            ) [ 00000000000000000000000000000000]
trunc_ln17424            (trunc            ) [ 00000000000000000000000000000000]
data_split_V_1_114       (select           ) [ 00000000000000000000000000000000]
data_split_V_1_115       (select           ) [ 00000000000000000000000000000000]
r                        (partselect       ) [ 00000000000000000000000000000000]
zext_ln1497_14           (zext             ) [ 00111111111111111111111111000000]
add_ln691_1317           (add              ) [ 00111111111111111111111111000000]
icmp_ln878_24            (icmp             ) [ 00111111111111111111111111000000]
br_ln878                 (br               ) [ 00000000000000000000000000000000]
select_ln17428           (select           ) [ 00000000000011000000000000000000]
store_ln17424            (store            ) [ 00000000000000000000000000000000]
store_ln17424            (store            ) [ 00000000000000000000000000000000]
br_ln0                   (br               ) [ 00111111111111111111111111000000]
write_ln174              (write            ) [ 00000000000000000000000000000000]
br_ln0                   (br               ) [ 00000000000000000000000000000000]
add_ln691_1316           (add              ) [ 00111111111111111111111111000000]
add_ln890_288            (add              ) [ 00000000000000000000000000000000]
select_ln890_487         (select           ) [ 00111111111111111111111111000000]
add_ln890_289            (add              ) [ 00000000000000000000000000000000]
select_ln890_488         (select           ) [ 00111111111111111111111111000000]
br_ln0                   (br               ) [ 00111111111111111111111111000000]
c3                       (phi              ) [ 00000000000000011111100000000000]
tmp_509                  (bitselect        ) [ 00111111111111111111111111000000]
br_ln17438               (br               ) [ 00000000000000000000000000000000]
speclooptripcount_ln1616 (speclooptripcount) [ 00000000000000000000000000000000]
specloopname_ln1616      (specloopname     ) [ 00000000000000000000000000000000]
zext_ln886               (zext             ) [ 00000000000000000000000000000000]
icmp_ln886               (icmp             ) [ 00111111111111111111111111000000]
br_ln17440               (br               ) [ 00000000000000000000000000000000]
icmp_ln17443             (icmp             ) [ 00111111111111111111111111000000]
br_ln17443               (br               ) [ 00000000000000000000000000000000]
br_ln890                 (br               ) [ 00111111111111111111111111000000]
br_ln17453               (br               ) [ 00111111111111111111111111000000]
br_ln17478               (br               ) [ 00000000000000000000000000000000]
br_ln17486               (br               ) [ 00111111111111111111111111000000]
c4_V_47                  (phi              ) [ 00000000000000001000000000000000]
add_ln691_1320           (add              ) [ 00111111111111111111111111000000]
icmp_ln890_1379          (icmp             ) [ 00111111111111111111111111000000]
speclooptripcount_ln0    (speclooptripcount) [ 00000000000000000000000000000000]
br_ln17458               (br               ) [ 00000000000000000000000000000000]
specloopname_ln17458     (specloopname     ) [ 00000000000000000000000000000000]
br_ln17460               (br               ) [ 00111111111111111111111111000000]
br_ln0                   (br               ) [ 00000000000000000000000000000000]
c4_V                     (phi              ) [ 00000000000000001000000000000000]
add_ln691_1318           (add              ) [ 00111111111111111111111111000000]
trunc_ln17453            (trunc            ) [ 00000000000000000000000000000000]
tmp_591_cast             (bitconcatenate   ) [ 00000000000000000001100000000000]
icmp_ln890_1378          (icmp             ) [ 00111111111111111111111111000000]
speclooptripcount_ln0    (speclooptripcount) [ 00000000000000000000000000000000]
br_ln17444               (br               ) [ 00000000000000000000000000000000]
specloopname_ln17444     (specloopname     ) [ 00000000000000000000000000000000]
br_ln17446               (br               ) [ 00111111111111111111111111000000]
br_ln0                   (br               ) [ 00000000000000000000000000000000]
c3_50                    (add              ) [ 00111111111111111111111111000000]
br_ln0                   (br               ) [ 00111111111111111111111111000000]
c5_V_95                  (phi              ) [ 00000000000000000100000000000000]
add_ln691_1321           (add              ) [ 00111111111111111111111111000000]
icmp_ln890_1390          (icmp             ) [ 00111111111111111111111111000000]
speclooptripcount_ln0    (speclooptripcount) [ 00000000000000000000000000000000]
br_ln17460               (br               ) [ 00000000000000000000000000000000]
br_ln0                   (br               ) [ 00111111111111111111111111000000]
specloopname_ln17460     (specloopname     ) [ 00000000000000000000000000000000]
tmp_522                  (read             ) [ 00000000000000000000000000000000]
write_ln174              (write            ) [ 00000000000000000000000000000000]
br_ln0                   (br               ) [ 00111111111111111111111111000000]
c5_V                     (phi              ) [ 00000000000000000001000000000000]
add_ln691_1319           (add              ) [ 00111111111111111111111111000000]
zext_ln17453             (zext             ) [ 00000000000000000000000000000000]
add_ln17453              (add              ) [ 00000000000000000000000000000000]
zext_ln17453_1           (zext             ) [ 00000000000000000000000000000000]
local_C_ping_V_addr_25   (getelementptr    ) [ 00000000000000000000100000000000]
icmp_ln890_1389          (icmp             ) [ 00111111111111111111111111000000]
speclooptripcount_ln0    (speclooptripcount) [ 00000000000000000000000000000000]
br_ln17446               (br               ) [ 00000000000000000000000000000000]
br_ln0                   (br               ) [ 00111111111111111111111111000000]
specloopname_ln17446     (specloopname     ) [ 00000000000000000000000000000000]
tmp_521                  (read             ) [ 00000000000000000000000000000000]
store_ln17453            (store            ) [ 00000000000000000000000000000000]
br_ln0                   (br               ) [ 00111111111111111111111111000000]
tmp_31                   (bitconcatenate   ) [ 00000000000000000000000000000000]
local_C_pong_V_addr_13   (getelementptr    ) [ 00000000000000000000001000000000]
specloopname_ln0         (specloopname     ) [ 00000000000000000000000000000000]
speclooptripcount_ln0    (speclooptripcount) [ 00000000000000000000000000000000]
specloopname_ln0         (specloopname     ) [ 00000000000000000000000000000000]
specloopname_ln0         (specloopname     ) [ 00000000000000000000000000000000]
specloopname_ln17488     (specloopname     ) [ 00000000000000000000000000000000]
in_data_V_63             (load             ) [ 00111111111111111111111111000000]
br_ln17490               (br               ) [ 00111111111111111111111111000000]
indvar_flatten77         (phi              ) [ 00000000000000000000000110000000]
n_V_13                   (phi              ) [ 00000000000000000000000110000000]
p_Val2_27                (phi              ) [ 00000000000000000000000110000000]
add_ln890_290            (add              ) [ 00111111111111111111111111000000]
icmp_ln890_1388          (icmp             ) [ 00111111111111111111111111000000]
br_ln890                 (br               ) [ 00000000000000000000000000000000]
data_split_V_1_103_load  (load             ) [ 00000000000000000000000000000000]
data_split_V_1_104_load  (load             ) [ 00000000000000000000000000000000]
specloopname_ln0         (specloopname     ) [ 00000000000000000000000000000000]
speclooptripcount_ln0    (speclooptripcount) [ 00000000000000000000000000000000]
icmp_ln878               (icmp             ) [ 00000000000000000000000000000000]
select_ln17490           (select           ) [ 00000000000000000000000000000000]
select_ln17490_1         (select           ) [ 00000000000000000000000000000000]
specpipeline_ln674       (specpipeline     ) [ 00000000000000000000000000000000]
specloopname_ln674       (specloopname     ) [ 00000000000000000000000000000000]
data_split_V_0_89        (trunc            ) [ 00000000000000000000000000000000]
trunc_ln17498            (trunc            ) [ 00000000000000000000000000000000]
data_split_V_1_111       (select           ) [ 00000000000000000000000000000000]
data_split_V_1_112       (select           ) [ 00000000000000000000000000000000]
r_22                     (partselect       ) [ 00000000000000000000000000000000]
zext_ln1497_13           (zext             ) [ 00111111111111111111111111000000]
add_ln691_1315           (add              ) [ 00111111111111111111111111000000]
icmp_ln878_23            (icmp             ) [ 00111111111111111111111111000000]
br_ln878                 (br               ) [ 00000000000000000000000000000000]
select_ln17502           (select           ) [ 00000000000000000000000110000000]
store_ln17498            (store            ) [ 00000000000000000000000000000000]
store_ln17498            (store            ) [ 00000000000000000000000000000000]
br_ln0                   (br               ) [ 00111111111111111111111111000000]
write_ln174              (write            ) [ 00000000000000000000000000000000]
br_ln0                   (br               ) [ 00000000000000000000000000000000]
add_ln691_1314           (add              ) [ 00111111111111111111111111000000]
add_ln890_286            (add              ) [ 00000000000000000000000000000000]
select_ln890_485         (select           ) [ 00111111111111111111111111000000]
add_ln890_287            (add              ) [ 00000000000000000000000000000000]
select_ln890_486         (select           ) [ 00111111111111111111111111000000]
br_ln0                   (br               ) [ 00111111111111111111111111000000]
indvar_flatten229        (phi              ) [ 00000000000000000000000000100000]
indvar_flatten195        (phi              ) [ 00000000000000000000000000111111]
indvar_flatten171        (phi              ) [ 00000000000000000000000000111111]
c6_V                     (phi              ) [ 00000000000000000000000000100000]
c7_V                     (phi              ) [ 00000000000000000000000000100000]
add_ln17523              (add              ) [ 00100000000000000000000000111111]
empty_2500               (trunc            ) [ 00000000000000000000000000000000]
icmp_ln17523             (icmp             ) [ 00000000000000000000000000111111]
br_ln17523               (br               ) [ 00000000000000000000000000000000]
icmp_ln890_1374          (icmp             ) [ 00000000000000000000000000011111]
xor_ln17523              (xor              ) [ 00000000000000000000000000000000]
and_ln17523              (and              ) [ 00000000000000000000000000000000]
icmp_ln890_1375          (icmp             ) [ 00000000000000000000000000000000]
and_ln17523_1            (and              ) [ 00000000000000000000000000000000]
icmp_ln890_1376          (icmp             ) [ 00000000000000000000000000000000]
and_ln17523_2            (and              ) [ 00000000000000000000000000000000]
or_ln17529               (or               ) [ 00000000000000000000000000011111]
select_ln17529           (select           ) [ 00000000000000000000000000000000]
xor_ln17529              (xor              ) [ 00000000000000000000000000000000]
or_ln17529_1             (or               ) [ 00000000000000000000000000000000]
and_ln17529              (and              ) [ 00000000000000000000000000000000]
and_ln17529_1            (and              ) [ 00000000000000000000000000000000]
add_ln691                (add              ) [ 00000000000000000000000000000000]
or_ln17530               (or               ) [ 00000000000000000000000000000000]
or_ln17530_1             (or               ) [ 00000000000000000000000000000000]
select_ln17530           (select           ) [ 00000000000000000000000000011111]
empty_2501               (trunc            ) [ 00000000000000000000000000000000]
select_ln17530_1         (select           ) [ 00000000000000000000000000011110]
select_ln890             (select           ) [ 00100000000000000000000000111111]
tmp                      (partselect       ) [ 00000000000000000000000000000000]
tmp_508                  (partselect       ) [ 00000000000000000000000000000000]
select_ln17529_1         (select           ) [ 00000000000000000000000000000000]
select_ln17530_2         (select           ) [ 00000000000000000000000000010000]
ret_ln17593              (ret              ) [ 00000000000000000000000000000000]
tmp_s                    (bitconcatenate   ) [ 00000000000000000000000000000000]
local_C_ping_V_addr      (getelementptr    ) [ 00000000000000000000000000001000]
specloopname_ln0         (specloopname     ) [ 00000000000000000000000000000000]
speclooptripcount_ln0    (speclooptripcount) [ 00000000000000000000000000000000]
specloopname_ln0         (specloopname     ) [ 00000000000000000000000000000000]
specloopname_ln0         (specloopname     ) [ 00000000000000000000000000000000]
specloopname_ln17532     (specloopname     ) [ 00000000000000000000000000000000]
in_data_V                (load             ) [ 00000000000000000000000000111111]
br_ln17534               (br               ) [ 00000000000000000000000000111111]
indvar_flatten163        (phi              ) [ 00000000000000000000000000000110]
n_V                      (phi              ) [ 00000000000000000000000000000110]
p_Val2_28                (phi              ) [ 00000000000000000000000000000110]
add_ln890_284            (add              ) [ 00000000000000000000000000111111]
icmp_ln890_1377          (icmp             ) [ 00000000000000000000000000111111]
br_ln890                 (br               ) [ 00000000000000000000000000000000]
data_split_V_1_105_load  (load             ) [ 00000000000000000000000000000000]
data_split_V_1_106_load  (load             ) [ 00000000000000000000000000000000]
specloopname_ln0         (specloopname     ) [ 00000000000000000000000000000000]
speclooptripcount_ln0    (speclooptripcount) [ 00000000000000000000000000000000]
icmp_ln878305            (icmp             ) [ 00000000000000000000000000000000]
select_ln17534           (select           ) [ 00000000000000000000000000000000]
select_ln17534_1         (select           ) [ 00000000000000000000000000000000]
specpipeline_ln674       (specpipeline     ) [ 00000000000000000000000000000000]
specloopname_ln674       (specloopname     ) [ 00000000000000000000000000000000]
data_split_V_0_90        (trunc            ) [ 00000000000000000000000000000000]
trunc_ln17542            (trunc            ) [ 00000000000000000000000000000000]
data_split_V_1_108       (select           ) [ 00000000000000000000000000000000]
data_split_V_1_109       (select           ) [ 00000000000000000000000000000000]
r_23                     (partselect       ) [ 00000000000000000000000000000000]
zext_ln1497              (zext             ) [ 00000000000000000000000000111111]
add_ln691_1310           (add              ) [ 00000000000000000000000000111111]
icmp_ln878_22            (icmp             ) [ 00000000000000000000000000111111]
br_ln878                 (br               ) [ 00000000000000000000000000000000]
select_ln17546           (select           ) [ 00000000000000000000000000000110]
store_ln17542            (store            ) [ 00000000000000000000000000000000]
store_ln17542            (store            ) [ 00000000000000000000000000000000]
br_ln0                   (br               ) [ 00000000000000000000000000111111]
write_ln174              (write            ) [ 00000000000000000000000000000000]
br_ln0                   (br               ) [ 00000000000000000000000000000000]
add_ln691_1309           (add              ) [ 00100000000000000000000000111111]
add_ln890                (add              ) [ 00000000000000000000000000000000]
select_ln890_481         (select           ) [ 00100000000000000000000000111111]
add_ln890_283            (add              ) [ 00000000000000000000000000000000]
select_ln890_482         (select           ) [ 00100000000000000000000000111111]
br_ln0                   (br               ) [ 00100000000000000000000000111111]
</LifeTime>

<model>

<comp_list>
<comp id="0" class="1000" name="fifo_C_C_IO_L2_in_1_x118">
<pin_list>
<pin id="1" dir="1" index="0" bw="1" slack="0"/>
</pin_list>
<bind>
<StgValue><ssdm name="fifo_C_C_IO_L2_in_1_x118"/></StgValue>
</bind>
</comp>

<comp id="2" class="1000" name="fifo_C_C_IO_L2_in_2_x119">
<pin_list>
<pin id="3" dir="1" index="0" bw="1" slack="0"/>
</pin_list>
<bind>
<StgValue><ssdm name="fifo_C_C_IO_L2_in_2_x119"/></StgValue>
</bind>
</comp>

<comp id="4" class="1000" name="fifo_C_PE_0_1_x1106">
<pin_list>
<pin id="5" dir="1" index="0" bw="1" slack="0"/>
</pin_list>
<bind>
<StgValue><ssdm name="fifo_C_PE_0_1_x1106"/></StgValue>
</bind>
</comp>

<comp id="6" class="1001" name="const_6">
<pin_list>
<pin id="7" dir="1" index="0" bw="1" slack="0"/>
</pin_list>
<bind>
<StgValue><ssdm name=""/></StgValue>
</bind>
</comp>

<comp id="8" class="1001" name="const_8">
<pin_list>
<pin id="9" dir="1" index="0" bw="1" slack="2147483647"/>
</pin_list>
<bind>
<StgValue><ssdm name="_ssdm_op_SpecMemCore"/></StgValue>
</bind>
</comp>

<comp id="10" class="1001" name="const_10">
<pin_list>
<pin id="11" dir="1" index="0" bw="1" slack="2147483647"/>
</pin_list>
<bind>
<StgValue><ssdm name=""/></StgValue>
</bind>
</comp>

<comp id="12" class="1001" name="const_12">
<pin_list>
<pin id="13" dir="1" index="0" bw="1" slack="2147483647"/>
</pin_list>
<bind>
<StgValue><ssdm name=""/></StgValue>
</bind>
</comp>

<comp id="14" class="1001" name="const_14">
<pin_list>
<pin id="15" dir="1" index="0" bw="1" slack="2147483647"/>
</pin_list>
<bind>
<StgValue><ssdm name=""/></StgValue>
</bind>
</comp>

<comp id="16" class="1001" name="const_16">
<pin_list>
<pin id="17" dir="1" index="0" bw="1" slack="2147483647"/>
</pin_list>
<bind>
<StgValue><ssdm name="_ssdm_op_SpecInterface"/></StgValue>
</bind>
</comp>

<comp id="18" class="1001" name="const_18">
<pin_list>
<pin id="19" dir="1" index="0" bw="1" slack="2147483647"/>
</pin_list>
<bind>
<StgValue><ssdm name="empty_7"/></StgValue>
</bind>
</comp>

<comp id="20" class="1001" name="const_20">
<pin_list>
<pin id="21" dir="1" index="0" bw="1" slack="2147483647"/>
</pin_list>
<bind>
<StgValue><ssdm name=""/></StgValue>
</bind>
</comp>

<comp id="22" class="1001" name="const_22">
<pin_list>
<pin id="23" dir="1" index="0" bw="1" slack="2147483647"/>
</pin_list>
<bind>
<StgValue><ssdm name="empty_49"/></StgValue>
</bind>
</comp>

<comp id="24" class="1001" name="const_24">
<pin_list>
<pin id="25" dir="1" index="0" bw="1" slack="0"/>
</pin_list>
<bind>
<StgValue><ssdm name=""/></StgValue>
</bind>
</comp>

<comp id="26" class="1001" name="const_26">
<pin_list>
<pin id="27" dir="1" index="0" bw="1" slack="2147483647"/>
</pin_list>
<bind>
<StgValue><ssdm name=""/></StgValue>
</bind>
</comp>

<comp id="28" class="1001" name="const_28">
<pin_list>
<pin id="29" dir="1" index="0" bw="1" slack="1"/>
</pin_list>
<bind>
<StgValue><ssdm name=""/></StgValue>
</bind>
</comp>

<comp id="30" class="1001" name="const_30">
<pin_list>
<pin id="31" dir="1" index="0" bw="1" slack="0"/>
</pin_list>
<bind>
<StgValue><ssdm name=""/></StgValue>
</bind>
</comp>

<comp id="32" class="1001" name="const_32">
<pin_list>
<pin id="33" dir="1" index="0" bw="1" slack="1"/>
</pin_list>
<bind>
<StgValue><ssdm name=""/></StgValue>
</bind>
</comp>

<comp id="34" class="1001" name="const_34">
<pin_list>
<pin id="35" dir="1" index="0" bw="1" slack="0"/>
</pin_list>
<bind>
<StgValue><ssdm name=""/></StgValue>
</bind>
</comp>

<comp id="36" class="1001" name="const_36">
<pin_list>
<pin id="37" dir="1" index="0" bw="1" slack="0"/>
</pin_list>
<bind>
<StgValue><ssdm name=""/></StgValue>
</bind>
</comp>

<comp id="38" class="1001" name="const_38">
<pin_list>
<pin id="39" dir="1" index="0" bw="1" slack="0"/>
</pin_list>
<bind>
<StgValue><ssdm name=""/></StgValue>
</bind>
</comp>

<comp id="40" class="1001" name="const_40">
<pin_list>
<pin id="41" dir="1" index="0" bw="1" slack="2147483647"/>
</pin_list>
<bind>
<StgValue><ssdm name="_ssdm_op_SpecLoopName"/></StgValue>
</bind>
</comp>

<comp id="42" class="1001" name="const_42">
<pin_list>
<pin id="43" dir="1" index="0" bw="1" slack="2147483647"/>
</pin_list>
<bind>
<StgValue><ssdm name="C_IO_L2_in_1_x1_loop_1_C_IO_L2_in_1_x1_loop_2_str"/></StgValue>
</bind>
</comp>

<comp id="44" class="1001" name="const_44">
<pin_list>
<pin id="45" dir="1" index="0" bw="1" slack="2147483647"/>
</pin_list>
<bind>
<StgValue><ssdm name="_ssdm_op_SpecLoopTripCount"/></StgValue>
</bind>
</comp>

<comp id="46" class="1001" name="const_46">
<pin_list>
<pin id="47" dir="1" index="0" bw="1" slack="2147483647"/>
</pin_list>
<bind>
<StgValue><ssdm name=""/></StgValue>
</bind>
</comp>

<comp id="48" class="1001" name="const_48">
<pin_list>
<pin id="49" dir="1" index="0" bw="1" slack="0"/>
</pin_list>
<bind>
<StgValue><ssdm name=""/></StgValue>
</bind>
</comp>

<comp id="50" class="1001" name="const_50">
<pin_list>
<pin id="51" dir="1" index="0" bw="1" slack="2147483647"/>
</pin_list>
<bind>
<StgValue><ssdm name="empty_463"/></StgValue>
</bind>
</comp>

<comp id="52" class="1001" name="const_52">
<pin_list>
<pin id="53" dir="1" index="0" bw="1" slack="0"/>
</pin_list>
<bind>
<StgValue><ssdm name="_ssdm_op_BitConcatenate.i6.i3.i3"/></StgValue>
</bind>
</comp>

<comp id="54" class="1001" name="const_54">
<pin_list>
<pin id="55" dir="1" index="0" bw="1" slack="0"/>
</pin_list>
<bind>
<StgValue><ssdm name=""/></StgValue>
</bind>
</comp>

<comp id="56" class="1001" name="const_56">
<pin_list>
<pin id="57" dir="1" index="0" bw="1" slack="0"/>
</pin_list>
<bind>
<StgValue><ssdm name=""/></StgValue>
</bind>
</comp>

<comp id="58" class="1001" name="const_58">
<pin_list>
<pin id="59" dir="1" index="0" bw="1" slack="0"/>
</pin_list>
<bind>
<StgValue><ssdm name="_ssdm_op_BitSelect.i1.i4.i32"/></StgValue>
</bind>
</comp>

<comp id="60" class="1001" name="const_60">
<pin_list>
<pin id="61" dir="1" index="0" bw="1" slack="0"/>
</pin_list>
<bind>
<StgValue><ssdm name=""/></StgValue>
</bind>
</comp>

<comp id="62" class="1001" name="const_62">
<pin_list>
<pin id="63" dir="1" index="0" bw="1" slack="2147483647"/>
</pin_list>
<bind>
<StgValue><ssdm name=""/></StgValue>
</bind>
</comp>

<comp id="64" class="1001" name="const_64">
<pin_list>
<pin id="65" dir="1" index="0" bw="1" slack="2147483647"/>
</pin_list>
<bind>
<StgValue><ssdm name=""/></StgValue>
</bind>
</comp>

<comp id="66" class="1001" name="const_66">
<pin_list>
<pin id="67" dir="1" index="0" bw="1" slack="2147483647"/>
</pin_list>
<bind>
<StgValue><ssdm name="empty_364"/></StgValue>
</bind>
</comp>

<comp id="68" class="1001" name="const_68">
<pin_list>
<pin id="69" dir="1" index="0" bw="1" slack="0"/>
</pin_list>
<bind>
<StgValue><ssdm name=""/></StgValue>
</bind>
</comp>

<comp id="70" class="1001" name="const_70">
<pin_list>
<pin id="71" dir="1" index="0" bw="1" slack="0"/>
</pin_list>
<bind>
<StgValue><ssdm name=""/></StgValue>
</bind>
</comp>

<comp id="72" class="1001" name="const_72">
<pin_list>
<pin id="73" dir="1" index="0" bw="1" slack="2147483647"/>
</pin_list>
<bind>
<StgValue><ssdm name="empty_503"/></StgValue>
</bind>
</comp>

<comp id="74" class="1001" name="const_74">
<pin_list>
<pin id="75" dir="1" index="0" bw="1" slack="0"/>
</pin_list>
<bind>
<StgValue><ssdm name="_ssdm_op_BitConcatenate.i7.i3.i4"/></StgValue>
</bind>
</comp>

<comp id="76" class="1001" name="const_76">
<pin_list>
<pin id="77" dir="1" index="0" bw="1" slack="2147483647"/>
</pin_list>
<bind>
<StgValue><ssdm name="empty_1031"/></StgValue>
</bind>
</comp>

<comp id="78" class="1001" name="const_78">
<pin_list>
<pin id="79" dir="1" index="0" bw="1" slack="0"/>
</pin_list>
<bind>
<StgValue><ssdm name=""/></StgValue>
</bind>
</comp>

<comp id="80" class="1001" name="const_80">
<pin_list>
<pin id="81" dir="1" index="0" bw="1" slack="2147483647"/>
</pin_list>
<bind>
<StgValue><ssdm name=""/></StgValue>
</bind>
</comp>

<comp id="82" class="1001" name="const_82">
<pin_list>
<pin id="83" dir="1" index="0" bw="1" slack="2147483647"/>
</pin_list>
<bind>
<StgValue><ssdm name="empty_120"/></StgValue>
</bind>
</comp>

<comp id="84" class="1001" name="const_84">
<pin_list>
<pin id="85" dir="1" index="0" bw="1" slack="0"/>
</pin_list>
<bind>
<StgValue><ssdm name="_ssdm_op_Read.ap_fifo.volatile.i512P0A"/></StgValue>
</bind>
</comp>

<comp id="86" class="1001" name="const_86">
<pin_list>
<pin id="87" dir="1" index="0" bw="1" slack="0"/>
</pin_list>
<bind>
<StgValue><ssdm name="_ssdm_op_Write.ap_fifo.volatile.i512P0A"/></StgValue>
</bind>
</comp>

<comp id="88" class="1001" name="const_88">
<pin_list>
<pin id="89" dir="1" index="0" bw="1" slack="0"/>
</pin_list>
<bind>
<StgValue><ssdm name=""/></StgValue>
</bind>
</comp>

<comp id="90" class="1001" name="const_90">
<pin_list>
<pin id="91" dir="1" index="0" bw="1" slack="2147483647"/>
</pin_list>
<bind>
<StgValue><ssdm name="empty_924"/></StgValue>
</bind>
</comp>

<comp id="92" class="1001" name="const_92">
<pin_list>
<pin id="93" dir="1" index="0" bw="1" slack="1"/>
</pin_list>
<bind>
<StgValue><ssdm name=""/></StgValue>
</bind>
</comp>

<comp id="94" class="1001" name="const_94">
<pin_list>
<pin id="95" dir="1" index="0" bw="1" slack="1"/>
</pin_list>
<bind>
<StgValue><ssdm name=""/></StgValue>
</bind>
</comp>

<comp id="96" class="1001" name="const_96">
<pin_list>
<pin id="97" dir="1" index="0" bw="1" slack="1"/>
</pin_list>
<bind>
<StgValue><ssdm name=""/></StgValue>
</bind>
</comp>

<comp id="98" class="1001" name="const_98">
<pin_list>
<pin id="99" dir="1" index="0" bw="1" slack="0"/>
</pin_list>
<bind>
<StgValue><ssdm name=""/></StgValue>
</bind>
</comp>

<comp id="100" class="1001" name="const_100">
<pin_list>
<pin id="101" dir="1" index="0" bw="1" slack="0"/>
</pin_list>
<bind>
<StgValue><ssdm name=""/></StgValue>
</bind>
</comp>

<comp id="102" class="1001" name="const_102">
<pin_list>
<pin id="103" dir="1" index="0" bw="1" slack="0"/>
</pin_list>
<bind>
<StgValue><ssdm name=""/></StgValue>
</bind>
</comp>

<comp id="104" class="1001" name="const_104">
<pin_list>
<pin id="105" dir="1" index="0" bw="1" slack="0"/>
</pin_list>
<bind>
<StgValue><ssdm name=""/></StgValue>
</bind>
</comp>

<comp id="106" class="1001" name="const_106">
<pin_list>
<pin id="107" dir="1" index="0" bw="1" slack="0"/>
</pin_list>
<bind>
<StgValue><ssdm name=""/></StgValue>
</bind>
</comp>

<comp id="108" class="1001" name="const_108">
<pin_list>
<pin id="109" dir="1" index="0" bw="1" slack="0"/>
</pin_list>
<bind>
<StgValue><ssdm name=""/></StgValue>
</bind>
</comp>

<comp id="110" class="1001" name="const_110">
<pin_list>
<pin id="111" dir="1" index="0" bw="1" slack="0"/>
</pin_list>
<bind>
<StgValue><ssdm name="_ssdm_op_PartSelect.i4.i6.i32.i32"/></StgValue>
</bind>
</comp>

<comp id="112" class="1001" name="const_112">
<pin_list>
<pin id="113" dir="1" index="0" bw="1" slack="0"/>
</pin_list>
<bind>
<StgValue><ssdm name=""/></StgValue>
</bind>
</comp>

<comp id="114" class="1001" name="const_114">
<pin_list>
<pin id="115" dir="1" index="0" bw="1" slack="0"/>
</pin_list>
<bind>
<StgValue><ssdm name=""/></StgValue>
</bind>
</comp>

<comp id="116" class="1001" name="const_116">
<pin_list>
<pin id="117" dir="1" index="0" bw="1" slack="0"/>
</pin_list>
<bind>
<StgValue><ssdm name="_ssdm_op_BitConcatenate.i64.i56.i4.i4"/></StgValue>
</bind>
</comp>

<comp id="118" class="1001" name="const_118">
<pin_list>
<pin id="119" dir="1" index="0" bw="1" slack="0"/>
</pin_list>
<bind>
<StgValue><ssdm name=""/></StgValue>
</bind>
</comp>

<comp id="120" class="1001" name="const_120">
<pin_list>
<pin id="121" dir="1" index="0" bw="1" slack="2147483647"/>
</pin_list>
<bind>
<StgValue><ssdm name="C_IO_L2_in_1_x1_loop_8_C_IO_L2_in_1_x1_loop_10_C_IO_L2_in_1_x1_loop_11_str"/></StgValue>
</bind>
</comp>

<comp id="122" class="1001" name="const_122">
<pin_list>
<pin id="123" dir="1" index="0" bw="1" slack="2147483647"/>
</pin_list>
<bind>
<StgValue><ssdm name=""/></StgValue>
</bind>
</comp>

<comp id="124" class="1001" name="const_124">
<pin_list>
<pin id="125" dir="1" index="0" bw="1" slack="2147483647"/>
</pin_list>
<bind>
<StgValue><ssdm name="C_IO_L2_in_1_x1_loop_9_C_IO_L2_in_1_x1_loop_10_C_IO_L2_in_1_x1_loop_11_str"/></StgValue>
</bind>
</comp>

<comp id="126" class="1001" name="const_126">
<pin_list>
<pin id="127" dir="1" index="0" bw="1" slack="2147483647"/>
</pin_list>
<bind>
<StgValue><ssdm name="C_IO_L2_in_1_x1_loop_10_C_IO_L2_in_1_x1_loop_11_str"/></StgValue>
</bind>
</comp>

<comp id="128" class="1001" name="const_128">
<pin_list>
<pin id="129" dir="1" index="0" bw="1" slack="2147483647"/>
</pin_list>
<bind>
<StgValue><ssdm name="empty_1041"/></StgValue>
</bind>
</comp>

<comp id="130" class="1001" name="const_130">
<pin_list>
<pin id="131" dir="1" index="0" bw="1" slack="0"/>
</pin_list>
<bind>
<StgValue><ssdm name=""/></StgValue>
</bind>
</comp>

<comp id="132" class="1001" name="const_132">
<pin_list>
<pin id="133" dir="1" index="0" bw="1" slack="0"/>
</pin_list>
<bind>
<StgValue><ssdm name=""/></StgValue>
</bind>
</comp>

<comp id="134" class="1001" name="const_134">
<pin_list>
<pin id="135" dir="1" index="0" bw="1" slack="2147483647"/>
</pin_list>
<bind>
<StgValue><ssdm name="C_IO_L2_in_1_x1_loop_12_C_IO_L2_in_1_x1_loop_13_str"/></StgValue>
</bind>
</comp>

<comp id="136" class="1001" name="const_136">
<pin_list>
<pin id="137" dir="1" index="0" bw="1" slack="2147483647"/>
</pin_list>
<bind>
<StgValue><ssdm name=""/></StgValue>
</bind>
</comp>

<comp id="138" class="1001" name="const_138">
<pin_list>
<pin id="139" dir="1" index="0" bw="1" slack="0"/>
</pin_list>
<bind>
<StgValue><ssdm name=""/></StgValue>
</bind>
</comp>

<comp id="140" class="1001" name="const_140">
<pin_list>
<pin id="141" dir="1" index="0" bw="1" slack="2147483647"/>
</pin_list>
<bind>
<StgValue><ssdm name="_ssdm_op_SpecPipeline"/></StgValue>
</bind>
</comp>

<comp id="142" class="1001" name="const_142">
<pin_list>
<pin id="143" dir="1" index="0" bw="1" slack="2147483647"/>
</pin_list>
<bind>
<StgValue><ssdm name="empty_506"/></StgValue>
</bind>
</comp>

<comp id="144" class="1001" name="const_144">
<pin_list>
<pin id="145" dir="1" index="0" bw="1" slack="0"/>
</pin_list>
<bind>
<StgValue><ssdm name="_ssdm_op_PartSelect.i256.i512.i32.i32"/></StgValue>
</bind>
</comp>

<comp id="146" class="1001" name="const_146">
<pin_list>
<pin id="147" dir="1" index="0" bw="1" slack="0"/>
</pin_list>
<bind>
<StgValue><ssdm name=""/></StgValue>
</bind>
</comp>

<comp id="148" class="1001" name="const_148">
<pin_list>
<pin id="149" dir="1" index="0" bw="1" slack="0"/>
</pin_list>
<bind>
<StgValue><ssdm name=""/></StgValue>
</bind>
</comp>

<comp id="150" class="1001" name="const_150">
<pin_list>
<pin id="151" dir="1" index="0" bw="1" slack="0"/>
</pin_list>
<bind>
<StgValue><ssdm name=""/></StgValue>
</bind>
</comp>

<comp id="152" class="1001" name="const_152">
<pin_list>
<pin id="153" dir="1" index="0" bw="1" slack="0"/>
</pin_list>
<bind>
<StgValue><ssdm name="_ssdm_op_Write.ap_fifo.volatile.i256P0A"/></StgValue>
</bind>
</comp>

<comp id="154" class="1001" name="const_154">
<pin_list>
<pin id="155" dir="1" index="0" bw="1" slack="0"/>
</pin_list>
<bind>
<StgValue><ssdm name=""/></StgValue>
</bind>
</comp>

<comp id="156" class="1001" name="const_156">
<pin_list>
<pin id="157" dir="1" index="0" bw="1" slack="0"/>
</pin_list>
<bind>
<StgValue><ssdm name=""/></StgValue>
</bind>
</comp>

<comp id="158" class="1001" name="const_158">
<pin_list>
<pin id="159" dir="1" index="0" bw="1" slack="2147483647"/>
</pin_list>
<bind>
<StgValue><ssdm name="empty_1783"/></StgValue>
</bind>
</comp>

<comp id="160" class="1001" name="const_160">
<pin_list>
<pin id="161" dir="1" index="0" bw="1" slack="2147483647"/>
</pin_list>
<bind>
<StgValue><ssdm name="empty_469"/></StgValue>
</bind>
</comp>

<comp id="162" class="1001" name="const_162">
<pin_list>
<pin id="163" dir="1" index="0" bw="1" slack="2147483647"/>
</pin_list>
<bind>
<StgValue><ssdm name="empty_500"/></StgValue>
</bind>
</comp>

<comp id="164" class="1001" name="const_164">
<pin_list>
<pin id="165" dir="1" index="0" bw="1" slack="2147483647"/>
</pin_list>
<bind>
<StgValue><ssdm name="empty_126"/></StgValue>
</bind>
</comp>

<comp id="166" class="1001" name="const_166">
<pin_list>
<pin id="167" dir="1" index="0" bw="1" slack="2147483647"/>
</pin_list>
<bind>
<StgValue><ssdm name="empty_468"/></StgValue>
</bind>
</comp>

<comp id="168" class="1001" name="const_168">
<pin_list>
<pin id="169" dir="1" index="0" bw="1" slack="2147483647"/>
</pin_list>
<bind>
<StgValue><ssdm name="C_IO_L2_in_1_x1_loop_19_C_IO_L2_in_1_x1_loop_21_C_IO_L2_in_1_x1_loop_22_str"/></StgValue>
</bind>
</comp>

<comp id="170" class="1001" name="const_170">
<pin_list>
<pin id="171" dir="1" index="0" bw="1" slack="2147483647"/>
</pin_list>
<bind>
<StgValue><ssdm name="C_IO_L2_in_1_x1_loop_20_C_IO_L2_in_1_x1_loop_21_C_IO_L2_in_1_x1_loop_22_str"/></StgValue>
</bind>
</comp>

<comp id="172" class="1001" name="const_172">
<pin_list>
<pin id="173" dir="1" index="0" bw="1" slack="2147483647"/>
</pin_list>
<bind>
<StgValue><ssdm name="C_IO_L2_in_1_x1_loop_21_C_IO_L2_in_1_x1_loop_22_str"/></StgValue>
</bind>
</comp>

<comp id="174" class="1001" name="const_174">
<pin_list>
<pin id="175" dir="1" index="0" bw="1" slack="2147483647"/>
</pin_list>
<bind>
<StgValue><ssdm name="empty_119"/></StgValue>
</bind>
</comp>

<comp id="176" class="1001" name="const_176">
<pin_list>
<pin id="177" dir="1" index="0" bw="1" slack="2147483647"/>
</pin_list>
<bind>
<StgValue><ssdm name="C_IO_L2_in_1_x1_loop_23_C_IO_L2_in_1_x1_loop_24_str"/></StgValue>
</bind>
</comp>

<comp id="178" class="1001" name="const_178">
<pin_list>
<pin id="179" dir="1" index="0" bw="1" slack="2147483647"/>
</pin_list>
<bind>
<StgValue><ssdm name="empty_1518"/></StgValue>
</bind>
</comp>

<comp id="180" class="1001" name="const_180">
<pin_list>
<pin id="181" dir="1" index="0" bw="1" slack="2147483647"/>
</pin_list>
<bind>
<StgValue><ssdm name="C_IO_L2_in_1_x1_loop_25_C_IO_L2_in_1_x1_loop_27_C_IO_L2_in_1_x1_loop_28_str"/></StgValue>
</bind>
</comp>

<comp id="182" class="1001" name="const_182">
<pin_list>
<pin id="183" dir="1" index="0" bw="1" slack="2147483647"/>
</pin_list>
<bind>
<StgValue><ssdm name="C_IO_L2_in_1_x1_loop_26_C_IO_L2_in_1_x1_loop_27_C_IO_L2_in_1_x1_loop_28_str"/></StgValue>
</bind>
</comp>

<comp id="184" class="1001" name="const_184">
<pin_list>
<pin id="185" dir="1" index="0" bw="1" slack="2147483647"/>
</pin_list>
<bind>
<StgValue><ssdm name="C_IO_L2_in_1_x1_loop_27_C_IO_L2_in_1_x1_loop_28_str"/></StgValue>
</bind>
</comp>

<comp id="186" class="1001" name="const_186">
<pin_list>
<pin id="187" dir="1" index="0" bw="1" slack="2147483647"/>
</pin_list>
<bind>
<StgValue><ssdm name="empty_902"/></StgValue>
</bind>
</comp>

<comp id="188" class="1001" name="const_188">
<pin_list>
<pin id="189" dir="1" index="0" bw="1" slack="2147483647"/>
</pin_list>
<bind>
<StgValue><ssdm name="C_IO_L2_in_1_x1_loop_29_C_IO_L2_in_1_x1_loop_30_str"/></StgValue>
</bind>
</comp>

<comp id="190" class="1001" name="const_190">
<pin_list>
<pin id="191" dir="1" index="0" bw="1" slack="2147483647"/>
</pin_list>
<bind>
<StgValue><ssdm name="empty_504"/></StgValue>
</bind>
</comp>

<comp id="192" class="1004" name="data_split_V_1_fu_192">
<pin_list>
<pin id="193" dir="0" index="0" bw="1" slack="0"/>
<pin id="194" dir="1" index="1" bw="256" slack="6"/>
</pin_list>
<bind>
<opcode="alloca(26) " fcode="alloca"/>
<opset="data_split_V_1/1 "/>
</bind>
</comp>

<comp id="196" class="1004" name="data_split_V_1_102_fu_196">
<pin_list>
<pin id="197" dir="0" index="0" bw="1" slack="0"/>
<pin id="198" dir="1" index="1" bw="256" slack="6"/>
</pin_list>
<bind>
<opcode="alloca(26) " fcode="alloca"/>
<opset="data_split_V_1_102/1 "/>
</bind>
</comp>

<comp id="200" class="1004" name="data_split_V_1_103_fu_200">
<pin_list>
<pin id="201" dir="0" index="0" bw="1" slack="0"/>
<pin id="202" dir="1" index="1" bw="256" slack="6"/>
</pin_list>
<bind>
<opcode="alloca(26) " fcode="alloca"/>
<opset="data_split_V_1_103/1 "/>
</bind>
</comp>

<comp id="204" class="1004" name="data_split_V_1_104_fu_204">
<pin_list>
<pin id="205" dir="0" index="0" bw="1" slack="0"/>
<pin id="206" dir="1" index="1" bw="256" slack="6"/>
</pin_list>
<bind>
<opcode="alloca(26) " fcode="alloca"/>
<opset="data_split_V_1_104/1 "/>
</bind>
</comp>

<comp id="208" class="1004" name="local_C_ping_V_alloca_fu_208">
<pin_list>
<pin id="209" dir="0" index="0" bw="1" slack="0"/>
<pin id="210" dir="1" index="1" bw="512" slack="2147483647"/>
</pin_list>
<bind>
<opcode="alloca(26) " fcode="alloca"/>
<opset="local_C_ping_V/1 "/>
</bind>
</comp>

<comp id="212" class="1004" name="local_C_pong_V_alloca_fu_212">
<pin_list>
<pin id="213" dir="0" index="0" bw="1" slack="0"/>
<pin id="214" dir="1" index="1" bw="512" slack="2147483647"/>
</pin_list>
<bind>
<opcode="alloca(26) " fcode="alloca"/>
<opset="local_C_pong_V/1 "/>
</bind>
</comp>

<comp id="216" class="1004" name="data_split_V_1_105_fu_216">
<pin_list>
<pin id="217" dir="0" index="0" bw="1" slack="0"/>
<pin id="218" dir="1" index="1" bw="256" slack="4"/>
</pin_list>
<bind>
<opcode="alloca(26) " fcode="alloca"/>
<opset="data_split_V_1_105/2 "/>
</bind>
</comp>

<comp id="220" class="1004" name="data_split_V_1_106_fu_220">
<pin_list>
<pin id="221" dir="0" index="0" bw="1" slack="0"/>
<pin id="222" dir="1" index="1" bw="256" slack="4"/>
</pin_list>
<bind>
<opcode="alloca(26) " fcode="alloca"/>
<opset="data_split_V_1_106/2 "/>
</bind>
</comp>

<comp id="224" class="1004" name="grp_read_fu_224">
<pin_list>
<pin id="225" dir="0" index="0" bw="512" slack="0"/>
<pin id="226" dir="0" index="1" bw="512" slack="0"/>
<pin id="227" dir="1" index="2" bw="512" slack="0"/>
</pin_list>
<bind>
<opcode="read(1150) " fcode="read"/>
<opset="tmp_520/6 tmp_519/8 tmp_522/18 tmp_521/20 "/>
</bind>
</comp>

<comp id="230" class="1004" name="grp_write_fu_230">
<pin_list>
<pin id="231" dir="0" index="0" bw="0" slack="0"/>
<pin id="232" dir="0" index="1" bw="512" slack="0"/>
<pin id="233" dir="0" index="2" bw="512" slack="0"/>
<pin id="234" dir="1" index="3" bw="0" slack="2147483647"/>
</pin_list>
<bind>
<opcode="write(1151) " fcode="write"/>
<opset="write_ln174/6 write_ln174/18 "/>
</bind>
</comp>

<comp id="238" class="1004" name="grp_write_fu_238">
<pin_list>
<pin id="239" dir="0" index="0" bw="0" slack="0"/>
<pin id="240" dir="0" index="1" bw="256" slack="0"/>
<pin id="241" dir="0" index="2" bw="256" slack="1"/>
<pin id="242" dir="1" index="3" bw="0" slack="2147483647"/>
</pin_list>
<bind>
<opcode="write(1151) " fcode="write"/>
<opset="write_ln174/13 write_ln174/24 write_ln174/30 "/>
</bind>
</comp>

<comp id="245" class="1004" name="local_C_pong_V_addr_gep_fu_245">
<pin_list>
<pin id="246" dir="0" index="0" bw="512" slack="2147483647"/>
<pin id="247" dir="0" index="1" bw="1" slack="0"/>
<pin id="248" dir="0" index="2" bw="7" slack="0"/>
<pin id="249" dir="1" index="3" bw="7" slack="1"/>
</pin_list>
<bind>
<opcode="getelementptr(29) " fcode="getelementptr"/>
<opset="local_C_pong_V_addr/7 "/>
</bind>
</comp>

<comp id="251" class="1004" name="grp_access_fu_251">
<pin_list>
<pin id="252" dir="0" index="0" bw="7" slack="0"/>
<pin id="253" dir="0" index="1" bw="512" slack="2147483647"/>
<pin id="254" dir="0" index="2" bw="0" slack="1"/>
<pin id="256" dir="0" index="4" bw="7" slack="0"/>
<pin id="257" dir="0" index="5" bw="512" slack="2147483647"/>
<pin id="258" dir="0" index="6" bw="0" slack="2147483647"/>
<pin id="255" dir="1" index="3" bw="512" slack="1"/>
<pin id="259" dir="1" index="7" bw="512" slack="2147483647"/>
</pin_list>
<bind>
<opcode="load(27) store(28) " fcode="load"/>
<opset="store_ln17379/8 in_data_V_63/21 "/>
</bind>
</comp>

<comp id="261" class="1004" name="local_C_ping_V_addr_26_gep_fu_261">
<pin_list>
<pin id="262" dir="0" index="0" bw="512" slack="2147483647"/>
<pin id="263" dir="0" index="1" bw="1" slack="0"/>
<pin id="264" dir="0" index="2" bw="64" slack="0"/>
<pin id="265" dir="1" index="3" bw="7" slack="0"/>
</pin_list>
<bind>
<opcode="getelementptr(29) " fcode="getelementptr"/>
<opset="local_C_ping_V_addr_26/10 "/>
</bind>
</comp>

<comp id="267" class="1004" name="grp_access_fu_267">
<pin_list>
<pin id="268" dir="0" index="0" bw="7" slack="0"/>
<pin id="269" dir="0" index="1" bw="512" slack="2147483647"/>
<pin id="270" dir="0" index="2" bw="0" slack="1"/>
<pin id="279" dir="0" index="4" bw="7" slack="0"/>
<pin id="280" dir="0" index="5" bw="512" slack="2147483647"/>
<pin id="281" dir="0" index="6" bw="0" slack="2147483647"/>
<pin id="271" dir="1" index="3" bw="512" slack="1"/>
<pin id="282" dir="1" index="7" bw="512" slack="2147483647"/>
</pin_list>
<bind>
<opcode="load(27) store(28) " fcode="load"/>
<opset="in_data_V_64/10 store_ln17453/20 in_data_V/27 "/>
</bind>
</comp>

<comp id="273" class="1004" name="local_C_ping_V_addr_25_gep_fu_273">
<pin_list>
<pin id="274" dir="0" index="0" bw="512" slack="2147483647"/>
<pin id="275" dir="0" index="1" bw="1" slack="0"/>
<pin id="276" dir="0" index="2" bw="7" slack="0"/>
<pin id="277" dir="1" index="3" bw="7" slack="1"/>
</pin_list>
<bind>
<opcode="getelementptr(29) " fcode="getelementptr"/>
<opset="local_C_ping_V_addr_25/19 "/>
</bind>
</comp>

<comp id="284" class="1004" name="local_C_pong_V_addr_13_gep_fu_284">
<pin_list>
<pin id="285" dir="0" index="0" bw="512" slack="2147483647"/>
<pin id="286" dir="0" index="1" bw="1" slack="0"/>
<pin id="287" dir="0" index="2" bw="64" slack="0"/>
<pin id="288" dir="1" index="3" bw="7" slack="0"/>
</pin_list>
<bind>
<opcode="getelementptr(29) " fcode="getelementptr"/>
<opset="local_C_pong_V_addr_13/21 "/>
</bind>
</comp>

<comp id="291" class="1004" name="local_C_ping_V_addr_gep_fu_291">
<pin_list>
<pin id="292" dir="0" index="0" bw="512" slack="2147483647"/>
<pin id="293" dir="0" index="1" bw="1" slack="0"/>
<pin id="294" dir="0" index="2" bw="64" slack="0"/>
<pin id="295" dir="1" index="3" bw="7" slack="0"/>
</pin_list>
<bind>
<opcode="getelementptr(29) " fcode="getelementptr"/>
<opset="local_C_ping_V_addr/27 "/>
</bind>
</comp>

<comp id="298" class="1005" name="indvar_flatten151_reg_298">
<pin_list>
<pin id="299" dir="0" index="0" bw="5" slack="1"/>
<pin id="300" dir="1" index="1" bw="5" slack="1"/>
</pin_list>
<bind>
<opset="indvar_flatten151 (phireg) "/>
</bind>
</comp>

<comp id="302" class="1004" name="indvar_flatten151_phi_fu_302">
<pin_list>
<pin id="303" dir="0" index="0" bw="1" slack="1"/>
<pin id="304" dir="0" index="1" bw="0" slack="2147483647"/>
<pin id="305" dir="0" index="2" bw="5" slack="0"/>
<pin id="306" dir="0" index="3" bw="0" slack="2147483647"/>
<pin id="307" dir="1" index="4" bw="5" slack="0"/>
</pin_list>
<bind>
<opcode="phi(47) " fcode="phi"/>
<opset="indvar_flatten151/2 "/>
</bind>
</comp>

<comp id="309" class="1005" name="c1_V_reg_309">
<pin_list>
<pin id="310" dir="0" index="0" bw="3" slack="1"/>
<pin id="311" dir="1" index="1" bw="3" slack="1"/>
</pin_list>
<bind>
<opset="c1_V (phireg) "/>
</bind>
</comp>

<comp id="313" class="1004" name="c1_V_phi_fu_313">
<pin_list>
<pin id="314" dir="0" index="0" bw="1" slack="1"/>
<pin id="315" dir="0" index="1" bw="0" slack="2147483647"/>
<pin id="316" dir="0" index="2" bw="3" slack="1"/>
<pin id="317" dir="0" index="3" bw="0" slack="2147483647"/>
<pin id="318" dir="1" index="4" bw="3" slack="0"/>
</pin_list>
<bind>
<opcode="phi(47) " fcode="phi"/>
<opset="c1_V/2 "/>
</bind>
</comp>

<comp id="320" class="1005" name="intra_trans_en_reg_320">
<pin_list>
<pin id="321" dir="0" index="0" bw="1" slack="1"/>
<pin id="322" dir="1" index="1" bw="1" slack="1"/>
</pin_list>
<bind>
<opset="intra_trans_en (phireg) "/>
</bind>
</comp>

<comp id="325" class="1004" name="intra_trans_en_phi_fu_325">
<pin_list>
<pin id="326" dir="0" index="0" bw="1" slack="1"/>
<pin id="327" dir="0" index="1" bw="0" slack="2147483647"/>
<pin id="328" dir="0" index="2" bw="1" slack="1"/>
<pin id="329" dir="0" index="3" bw="0" slack="2147483647"/>
<pin id="330" dir="1" index="4" bw="1" slack="0"/>
</pin_list>
<bind>
<opcode="phi(47) " fcode="phi"/>
<opset="intra_trans_en/2 "/>
</bind>
</comp>

<comp id="333" class="1005" name="arb_13_reg_333">
<pin_list>
<pin id="334" dir="0" index="0" bw="1" slack="1"/>
<pin id="335" dir="1" index="1" bw="1" slack="1"/>
</pin_list>
<bind>
<opset="arb_13 (phireg) "/>
</bind>
</comp>

<comp id="337" class="1004" name="arb_13_phi_fu_337">
<pin_list>
<pin id="338" dir="0" index="0" bw="1" slack="1"/>
<pin id="339" dir="0" index="1" bw="0" slack="2147483647"/>
<pin id="340" dir="0" index="2" bw="1" slack="1"/>
<pin id="341" dir="0" index="3" bw="0" slack="2147483647"/>
<pin id="342" dir="1" index="4" bw="1" slack="0"/>
</pin_list>
<bind>
<opcode="phi(47) " fcode="phi"/>
<opset="arb_13/2 "/>
</bind>
</comp>

<comp id="345" class="1005" name="c3_49_reg_345">
<pin_list>
<pin id="346" dir="0" index="0" bw="4" slack="1"/>
<pin id="347" dir="1" index="1" bw="4" slack="1"/>
</pin_list>
<bind>
<opset="c3_49 (phireg) "/>
</bind>
</comp>

<comp id="349" class="1004" name="c3_49_phi_fu_349">
<pin_list>
<pin id="350" dir="0" index="0" bw="4" slack="1"/>
<pin id="351" dir="0" index="1" bw="0" slack="2147483647"/>
<pin id="352" dir="0" index="2" bw="1" slack="1"/>
<pin id="353" dir="0" index="3" bw="0" slack="2147483647"/>
<pin id="354" dir="1" index="4" bw="4" slack="0"/>
</pin_list>
<bind>
<opcode="phi(47) " fcode="phi"/>
<opset="c3_49/3 "/>
</bind>
</comp>

<comp id="357" class="1005" name="c4_V_49_reg_357">
<pin_list>
<pin id="358" dir="0" index="0" bw="4" slack="1"/>
<pin id="359" dir="1" index="1" bw="4" slack="1"/>
</pin_list>
<bind>
<opset="c4_V_49 (phireg) "/>
</bind>
</comp>

<comp id="361" class="1004" name="c4_V_49_phi_fu_361">
<pin_list>
<pin id="362" dir="0" index="0" bw="4" slack="0"/>
<pin id="363" dir="0" index="1" bw="0" slack="2147483647"/>
<pin id="364" dir="0" index="2" bw="1" slack="1"/>
<pin id="365" dir="0" index="3" bw="0" slack="2147483647"/>
<pin id="366" dir="1" index="4" bw="4" slack="0"/>
</pin_list>
<bind>
<opcode="phi(47) " fcode="phi"/>
<opset="c4_V_49/4 "/>
</bind>
</comp>

<comp id="368" class="1005" name="c4_V_48_reg_368">
<pin_list>
<pin id="369" dir="0" index="0" bw="4" slack="1"/>
<pin id="370" dir="1" index="1" bw="4" slack="1"/>
</pin_list>
<bind>
<opset="c4_V_48 (phireg) "/>
</bind>
</comp>

<comp id="372" class="1004" name="c4_V_48_phi_fu_372">
<pin_list>
<pin id="373" dir="0" index="0" bw="4" slack="0"/>
<pin id="374" dir="0" index="1" bw="0" slack="2147483647"/>
<pin id="375" dir="0" index="2" bw="1" slack="1"/>
<pin id="376" dir="0" index="3" bw="0" slack="2147483647"/>
<pin id="377" dir="1" index="4" bw="4" slack="0"/>
</pin_list>
<bind>
<opcode="phi(47) " fcode="phi"/>
<opset="c4_V_48/4 "/>
</bind>
</comp>

<comp id="379" class="1005" name="c5_V_97_reg_379">
<pin_list>
<pin id="380" dir="0" index="0" bw="5" slack="1"/>
<pin id="381" dir="1" index="1" bw="5" slack="1"/>
</pin_list>
<bind>
<opset="c5_V_97 (phireg) "/>
</bind>
</comp>

<comp id="383" class="1004" name="c5_V_97_phi_fu_383">
<pin_list>
<pin id="384" dir="0" index="0" bw="5" slack="0"/>
<pin id="385" dir="0" index="1" bw="0" slack="2147483647"/>
<pin id="386" dir="0" index="2" bw="1" slack="1"/>
<pin id="387" dir="0" index="3" bw="0" slack="2147483647"/>
<pin id="388" dir="1" index="4" bw="5" slack="0"/>
</pin_list>
<bind>
<opcode="phi(47) " fcode="phi"/>
<opset="c5_V_97/5 "/>
</bind>
</comp>

<comp id="390" class="1005" name="c5_V_96_reg_390">
<pin_list>
<pin id="391" dir="0" index="0" bw="5" slack="1"/>
<pin id="392" dir="1" index="1" bw="5" slack="1"/>
</pin_list>
<bind>
<opset="c5_V_96 (phireg) "/>
</bind>
</comp>

<comp id="394" class="1004" name="c5_V_96_phi_fu_394">
<pin_list>
<pin id="395" dir="0" index="0" bw="5" slack="0"/>
<pin id="396" dir="0" index="1" bw="0" slack="2147483647"/>
<pin id="397" dir="0" index="2" bw="1" slack="1"/>
<pin id="398" dir="0" index="3" bw="0" slack="2147483647"/>
<pin id="399" dir="1" index="4" bw="5" slack="0"/>
</pin_list>
<bind>
<opcode="phi(47) " fcode="phi"/>
<opset="c5_V_96/7 "/>
</bind>
</comp>

<comp id="401" class="1005" name="indvar_flatten65_reg_401">
<pin_list>
<pin id="402" dir="0" index="0" bw="17" slack="1"/>
<pin id="403" dir="1" index="1" bw="17" slack="1"/>
</pin_list>
<bind>
<opset="indvar_flatten65 (phireg) "/>
</bind>
</comp>

<comp id="405" class="1004" name="indvar_flatten65_phi_fu_405">
<pin_list>
<pin id="406" dir="0" index="0" bw="17" slack="0"/>
<pin id="407" dir="0" index="1" bw="0" slack="2147483647"/>
<pin id="408" dir="0" index="2" bw="1" slack="1"/>
<pin id="409" dir="0" index="3" bw="0" slack="2147483647"/>
<pin id="410" dir="1" index="4" bw="17" slack="0"/>
</pin_list>
<bind>
<opcode="phi(47) " fcode="phi"/>
<opset="indvar_flatten65/9 "/>
</bind>
</comp>

<comp id="412" class="1005" name="indvar_flatten31_reg_412">
<pin_list>
<pin id="413" dir="0" index="0" bw="11" slack="1"/>
<pin id="414" dir="1" index="1" bw="11" slack="1"/>
</pin_list>
<bind>
<opset="indvar_flatten31 (phireg) "/>
</bind>
</comp>

<comp id="416" class="1004" name="indvar_flatten31_phi_fu_416">
<pin_list>
<pin id="417" dir="0" index="0" bw="11" slack="1"/>
<pin id="418" dir="0" index="1" bw="0" slack="2147483647"/>
<pin id="419" dir="0" index="2" bw="1" slack="1"/>
<pin id="420" dir="0" index="3" bw="0" slack="2147483647"/>
<pin id="421" dir="1" index="4" bw="11" slack="0"/>
</pin_list>
<bind>
<opcode="phi(47) " fcode="phi"/>
<opset="indvar_flatten31/9 "/>
</bind>
</comp>

<comp id="424" class="1005" name="indvar_flatten7_reg_424">
<pin_list>
<pin id="425" dir="0" index="0" bw="10" slack="1"/>
<pin id="426" dir="1" index="1" bw="10" slack="1"/>
</pin_list>
<bind>
<opset="indvar_flatten7 (phireg) "/>
</bind>
</comp>

<comp id="428" class="1004" name="indvar_flatten7_phi_fu_428">
<pin_list>
<pin id="429" dir="0" index="0" bw="10" slack="1"/>
<pin id="430" dir="0" index="1" bw="0" slack="2147483647"/>
<pin id="431" dir="0" index="2" bw="1" slack="1"/>
<pin id="432" dir="0" index="3" bw="0" slack="2147483647"/>
<pin id="433" dir="1" index="4" bw="10" slack="0"/>
</pin_list>
<bind>
<opcode="phi(47) " fcode="phi"/>
<opset="indvar_flatten7/9 "/>
</bind>
</comp>

<comp id="436" class="1005" name="c6_V_152_reg_436">
<pin_list>
<pin id="437" dir="0" index="0" bw="6" slack="1"/>
<pin id="438" dir="1" index="1" bw="6" slack="1"/>
</pin_list>
<bind>
<opset="c6_V_152 (phireg) "/>
</bind>
</comp>

<comp id="440" class="1004" name="c6_V_152_phi_fu_440">
<pin_list>
<pin id="441" dir="0" index="0" bw="6" slack="0"/>
<pin id="442" dir="0" index="1" bw="0" slack="2147483647"/>
<pin id="443" dir="0" index="2" bw="1" slack="1"/>
<pin id="444" dir="0" index="3" bw="0" slack="2147483647"/>
<pin id="445" dir="1" index="4" bw="6" slack="0"/>
</pin_list>
<bind>
<opcode="phi(47) " fcode="phi"/>
<opset="c6_V_152/9 "/>
</bind>
</comp>

<comp id="447" class="1005" name="c7_V_90_reg_447">
<pin_list>
<pin id="448" dir="0" index="0" bw="4" slack="1"/>
<pin id="449" dir="1" index="1" bw="4" slack="1"/>
</pin_list>
<bind>
<opset="c7_V_90 (phireg) "/>
</bind>
</comp>

<comp id="451" class="1004" name="c7_V_90_phi_fu_451">
<pin_list>
<pin id="452" dir="0" index="0" bw="4" slack="1"/>
<pin id="453" dir="0" index="1" bw="0" slack="2147483647"/>
<pin id="454" dir="0" index="2" bw="1" slack="1"/>
<pin id="455" dir="0" index="3" bw="0" slack="2147483647"/>
<pin id="456" dir="1" index="4" bw="4" slack="0"/>
</pin_list>
<bind>
<opcode="phi(47) " fcode="phi"/>
<opset="c7_V_90/9 "/>
</bind>
</comp>

<comp id="458" class="1005" name="indvar_flatten143_reg_458">
<pin_list>
<pin id="459" dir="0" index="0" bw="17" slack="1"/>
<pin id="460" dir="1" index="1" bw="17" slack="1"/>
</pin_list>
<bind>
<opset="indvar_flatten143 (phireg) "/>
</bind>
</comp>

<comp id="462" class="1004" name="indvar_flatten143_phi_fu_462">
<pin_list>
<pin id="463" dir="0" index="0" bw="17" slack="0"/>
<pin id="464" dir="0" index="1" bw="0" slack="2147483647"/>
<pin id="465" dir="0" index="2" bw="1" slack="1"/>
<pin id="466" dir="0" index="3" bw="0" slack="2147483647"/>
<pin id="467" dir="1" index="4" bw="17" slack="0"/>
</pin_list>
<bind>
<opcode="phi(47) " fcode="phi"/>
<opset="indvar_flatten143/9 "/>
</bind>
</comp>

<comp id="469" class="1005" name="indvar_flatten109_reg_469">
<pin_list>
<pin id="470" dir="0" index="0" bw="11" slack="1"/>
<pin id="471" dir="1" index="1" bw="11" slack="1"/>
</pin_list>
<bind>
<opset="indvar_flatten109 (phireg) "/>
</bind>
</comp>

<comp id="473" class="1004" name="indvar_flatten109_phi_fu_473">
<pin_list>
<pin id="474" dir="0" index="0" bw="11" slack="1"/>
<pin id="475" dir="0" index="1" bw="0" slack="2147483647"/>
<pin id="476" dir="0" index="2" bw="1" slack="1"/>
<pin id="477" dir="0" index="3" bw="0" slack="2147483647"/>
<pin id="478" dir="1" index="4" bw="11" slack="0"/>
</pin_list>
<bind>
<opcode="phi(47) " fcode="phi"/>
<opset="indvar_flatten109/9 "/>
</bind>
</comp>

<comp id="481" class="1005" name="indvar_flatten85_reg_481">
<pin_list>
<pin id="482" dir="0" index="0" bw="10" slack="1"/>
<pin id="483" dir="1" index="1" bw="10" slack="1"/>
</pin_list>
<bind>
<opset="indvar_flatten85 (phireg) "/>
</bind>
</comp>

<comp id="485" class="1004" name="indvar_flatten85_phi_fu_485">
<pin_list>
<pin id="486" dir="0" index="0" bw="10" slack="1"/>
<pin id="487" dir="0" index="1" bw="0" slack="2147483647"/>
<pin id="488" dir="0" index="2" bw="1" slack="1"/>
<pin id="489" dir="0" index="3" bw="0" slack="2147483647"/>
<pin id="490" dir="1" index="4" bw="10" slack="0"/>
</pin_list>
<bind>
<opcode="phi(47) " fcode="phi"/>
<opset="indvar_flatten85/9 "/>
</bind>
</comp>

<comp id="493" class="1005" name="c6_V_151_reg_493">
<pin_list>
<pin id="494" dir="0" index="0" bw="6" slack="1"/>
<pin id="495" dir="1" index="1" bw="6" slack="1"/>
</pin_list>
<bind>
<opset="c6_V_151 (phireg) "/>
</bind>
</comp>

<comp id="497" class="1004" name="c6_V_151_phi_fu_497">
<pin_list>
<pin id="498" dir="0" index="0" bw="6" slack="0"/>
<pin id="499" dir="0" index="1" bw="0" slack="2147483647"/>
<pin id="500" dir="0" index="2" bw="1" slack="1"/>
<pin id="501" dir="0" index="3" bw="0" slack="2147483647"/>
<pin id="502" dir="1" index="4" bw="6" slack="0"/>
</pin_list>
<bind>
<opcode="phi(47) " fcode="phi"/>
<opset="c6_V_151/9 "/>
</bind>
</comp>

<comp id="504" class="1005" name="c7_V_89_reg_504">
<pin_list>
<pin id="505" dir="0" index="0" bw="4" slack="1"/>
<pin id="506" dir="1" index="1" bw="4" slack="1"/>
</pin_list>
<bind>
<opset="c7_V_89 (phireg) "/>
</bind>
</comp>

<comp id="508" class="1004" name="c7_V_89_phi_fu_508">
<pin_list>
<pin id="509" dir="0" index="0" bw="4" slack="1"/>
<pin id="510" dir="0" index="1" bw="0" slack="2147483647"/>
<pin id="511" dir="0" index="2" bw="1" slack="1"/>
<pin id="512" dir="0" index="3" bw="0" slack="2147483647"/>
<pin id="513" dir="1" index="4" bw="4" slack="0"/>
</pin_list>
<bind>
<opcode="phi(47) " fcode="phi"/>
<opset="c7_V_89/9 "/>
</bind>
</comp>

<comp id="515" class="1005" name="indvar_flatten_reg_515">
<pin_list>
<pin id="516" dir="0" index="0" bw="6" slack="1"/>
<pin id="517" dir="1" index="1" bw="6" slack="1"/>
</pin_list>
<bind>
<opset="indvar_flatten (phireg) "/>
</bind>
</comp>

<comp id="519" class="1004" name="indvar_flatten_phi_fu_519">
<pin_list>
<pin id="520" dir="0" index="0" bw="1" slack="1"/>
<pin id="521" dir="0" index="1" bw="0" slack="2147483647"/>
<pin id="522" dir="0" index="2" bw="6" slack="0"/>
<pin id="523" dir="0" index="3" bw="0" slack="2147483647"/>
<pin id="524" dir="1" index="4" bw="6" slack="0"/>
</pin_list>
<bind>
<opcode="phi(47) " fcode="phi"/>
<opset="indvar_flatten/12 "/>
</bind>
</comp>

<comp id="526" class="1005" name="n_V_14_reg_526">
<pin_list>
<pin id="527" dir="0" index="0" bw="2" slack="1"/>
<pin id="528" dir="1" index="1" bw="2" slack="1"/>
</pin_list>
<bind>
<opset="n_V_14 (phireg) "/>
</bind>
</comp>

<comp id="530" class="1004" name="n_V_14_phi_fu_530">
<pin_list>
<pin id="531" dir="0" index="0" bw="1" slack="1"/>
<pin id="532" dir="0" index="1" bw="0" slack="2147483647"/>
<pin id="533" dir="0" index="2" bw="2" slack="0"/>
<pin id="534" dir="0" index="3" bw="0" slack="2147483647"/>
<pin id="535" dir="1" index="4" bw="2" slack="0"/>
</pin_list>
<bind>
<opcode="phi(47) " fcode="phi"/>
<opset="n_V_14/12 "/>
</bind>
</comp>

<comp id="537" class="1005" name="p_Val2_s_reg_537">
<pin_list>
<pin id="538" dir="0" index="0" bw="512" slack="2147483647"/>
<pin id="539" dir="1" index="1" bw="512" slack="2147483647"/>
</pin_list>
<bind>
<opset="p_Val2_s (phireg) "/>
</bind>
</comp>

<comp id="540" class="1004" name="p_Val2_s_phi_fu_540">
<pin_list>
<pin id="541" dir="0" index="0" bw="512" slack="1"/>
<pin id="542" dir="0" index="1" bw="0" slack="2147483647"/>
<pin id="543" dir="0" index="2" bw="256" slack="0"/>
<pin id="544" dir="0" index="3" bw="0" slack="2147483647"/>
<pin id="545" dir="1" index="4" bw="512" slack="0"/>
</pin_list>
<bind>
<opcode="phi(47) " fcode="phi"/>
<opset="p_Val2_s/12 "/>
</bind>
</comp>

<comp id="546" class="1005" name="c3_reg_546">
<pin_list>
<pin id="547" dir="0" index="0" bw="4" slack="1"/>
<pin id="548" dir="1" index="1" bw="4" slack="1"/>
</pin_list>
<bind>
<opset="c3 (phireg) "/>
</bind>
</comp>

<comp id="550" class="1004" name="c3_phi_fu_550">
<pin_list>
<pin id="551" dir="0" index="0" bw="4" slack="1"/>
<pin id="552" dir="0" index="1" bw="0" slack="2147483647"/>
<pin id="553" dir="0" index="2" bw="1" slack="1"/>
<pin id="554" dir="0" index="3" bw="0" slack="2147483647"/>
<pin id="555" dir="1" index="4" bw="4" slack="0"/>
</pin_list>
<bind>
<opcode="phi(47) " fcode="phi"/>
<opset="c3/15 "/>
</bind>
</comp>

<comp id="558" class="1005" name="c4_V_47_reg_558">
<pin_list>
<pin id="559" dir="0" index="0" bw="4" slack="1"/>
<pin id="560" dir="1" index="1" bw="4" slack="1"/>
</pin_list>
<bind>
<opset="c4_V_47 (phireg) "/>
</bind>
</comp>

<comp id="562" class="1004" name="c4_V_47_phi_fu_562">
<pin_list>
<pin id="563" dir="0" index="0" bw="4" slack="0"/>
<pin id="564" dir="0" index="1" bw="0" slack="2147483647"/>
<pin id="565" dir="0" index="2" bw="1" slack="1"/>
<pin id="566" dir="0" index="3" bw="0" slack="2147483647"/>
<pin id="567" dir="1" index="4" bw="4" slack="0"/>
</pin_list>
<bind>
<opcode="phi(47) " fcode="phi"/>
<opset="c4_V_47/16 "/>
</bind>
</comp>

<comp id="569" class="1005" name="c4_V_reg_569">
<pin_list>
<pin id="570" dir="0" index="0" bw="4" slack="1"/>
<pin id="571" dir="1" index="1" bw="4" slack="1"/>
</pin_list>
<bind>
<opset="c4_V (phireg) "/>
</bind>
</comp>

<comp id="573" class="1004" name="c4_V_phi_fu_573">
<pin_list>
<pin id="574" dir="0" index="0" bw="4" slack="0"/>
<pin id="575" dir="0" index="1" bw="0" slack="2147483647"/>
<pin id="576" dir="0" index="2" bw="1" slack="1"/>
<pin id="577" dir="0" index="3" bw="0" slack="2147483647"/>
<pin id="578" dir="1" index="4" bw="4" slack="0"/>
</pin_list>
<bind>
<opcode="phi(47) " fcode="phi"/>
<opset="c4_V/16 "/>
</bind>
</comp>

<comp id="580" class="1005" name="c5_V_95_reg_580">
<pin_list>
<pin id="581" dir="0" index="0" bw="5" slack="1"/>
<pin id="582" dir="1" index="1" bw="5" slack="1"/>
</pin_list>
<bind>
<opset="c5_V_95 (phireg) "/>
</bind>
</comp>

<comp id="584" class="1004" name="c5_V_95_phi_fu_584">
<pin_list>
<pin id="585" dir="0" index="0" bw="5" slack="0"/>
<pin id="586" dir="0" index="1" bw="0" slack="2147483647"/>
<pin id="587" dir="0" index="2" bw="1" slack="1"/>
<pin id="588" dir="0" index="3" bw="0" slack="2147483647"/>
<pin id="589" dir="1" index="4" bw="5" slack="0"/>
</pin_list>
<bind>
<opcode="phi(47) " fcode="phi"/>
<opset="c5_V_95/17 "/>
</bind>
</comp>

<comp id="591" class="1005" name="c5_V_reg_591">
<pin_list>
<pin id="592" dir="0" index="0" bw="5" slack="1"/>
<pin id="593" dir="1" index="1" bw="5" slack="1"/>
</pin_list>
<bind>
<opset="c5_V (phireg) "/>
</bind>
</comp>

<comp id="595" class="1004" name="c5_V_phi_fu_595">
<pin_list>
<pin id="596" dir="0" index="0" bw="5" slack="0"/>
<pin id="597" dir="0" index="1" bw="0" slack="2147483647"/>
<pin id="598" dir="0" index="2" bw="1" slack="1"/>
<pin id="599" dir="0" index="3" bw="0" slack="2147483647"/>
<pin id="600" dir="1" index="4" bw="5" slack="0"/>
</pin_list>
<bind>
<opcode="phi(47) " fcode="phi"/>
<opset="c5_V/19 "/>
</bind>
</comp>

<comp id="602" class="1005" name="indvar_flatten77_reg_602">
<pin_list>
<pin id="603" dir="0" index="0" bw="6" slack="1"/>
<pin id="604" dir="1" index="1" bw="6" slack="1"/>
</pin_list>
<bind>
<opset="indvar_flatten77 (phireg) "/>
</bind>
</comp>

<comp id="606" class="1004" name="indvar_flatten77_phi_fu_606">
<pin_list>
<pin id="607" dir="0" index="0" bw="1" slack="1"/>
<pin id="608" dir="0" index="1" bw="0" slack="2147483647"/>
<pin id="609" dir="0" index="2" bw="6" slack="0"/>
<pin id="610" dir="0" index="3" bw="0" slack="2147483647"/>
<pin id="611" dir="1" index="4" bw="6" slack="0"/>
</pin_list>
<bind>
<opcode="phi(47) " fcode="phi"/>
<opset="indvar_flatten77/23 "/>
</bind>
</comp>

<comp id="613" class="1005" name="n_V_13_reg_613">
<pin_list>
<pin id="614" dir="0" index="0" bw="2" slack="1"/>
<pin id="615" dir="1" index="1" bw="2" slack="1"/>
</pin_list>
<bind>
<opset="n_V_13 (phireg) "/>
</bind>
</comp>

<comp id="617" class="1004" name="n_V_13_phi_fu_617">
<pin_list>
<pin id="618" dir="0" index="0" bw="1" slack="1"/>
<pin id="619" dir="0" index="1" bw="0" slack="2147483647"/>
<pin id="620" dir="0" index="2" bw="2" slack="0"/>
<pin id="621" dir="0" index="3" bw="0" slack="2147483647"/>
<pin id="622" dir="1" index="4" bw="2" slack="0"/>
</pin_list>
<bind>
<opcode="phi(47) " fcode="phi"/>
<opset="n_V_13/23 "/>
</bind>
</comp>

<comp id="624" class="1005" name="p_Val2_27_reg_624">
<pin_list>
<pin id="625" dir="0" index="0" bw="512" slack="2147483647"/>
<pin id="626" dir="1" index="1" bw="512" slack="2147483647"/>
</pin_list>
<bind>
<opset="p_Val2_27 (phireg) "/>
</bind>
</comp>

<comp id="627" class="1004" name="p_Val2_27_phi_fu_627">
<pin_list>
<pin id="628" dir="0" index="0" bw="512" slack="1"/>
<pin id="629" dir="0" index="1" bw="0" slack="2147483647"/>
<pin id="630" dir="0" index="2" bw="256" slack="0"/>
<pin id="631" dir="0" index="3" bw="0" slack="2147483647"/>
<pin id="632" dir="1" index="4" bw="512" slack="0"/>
</pin_list>
<bind>
<opcode="phi(47) " fcode="phi"/>
<opset="p_Val2_27/23 "/>
</bind>
</comp>

<comp id="633" class="1005" name="indvar_flatten229_reg_633">
<pin_list>
<pin id="634" dir="0" index="0" bw="17" slack="1"/>
<pin id="635" dir="1" index="1" bw="17" slack="1"/>
</pin_list>
<bind>
<opset="indvar_flatten229 (phireg) "/>
</bind>
</comp>

<comp id="637" class="1004" name="indvar_flatten229_phi_fu_637">
<pin_list>
<pin id="638" dir="0" index="0" bw="17" slack="0"/>
<pin id="639" dir="0" index="1" bw="0" slack="2147483647"/>
<pin id="640" dir="0" index="2" bw="1" slack="1"/>
<pin id="641" dir="0" index="3" bw="0" slack="2147483647"/>
<pin id="642" dir="1" index="4" bw="17" slack="0"/>
</pin_list>
<bind>
<opcode="phi(47) " fcode="phi"/>
<opset="indvar_flatten229/26 "/>
</bind>
</comp>

<comp id="644" class="1005" name="indvar_flatten195_reg_644">
<pin_list>
<pin id="645" dir="0" index="0" bw="11" slack="1"/>
<pin id="646" dir="1" index="1" bw="11" slack="1"/>
</pin_list>
<bind>
<opset="indvar_flatten195 (phireg) "/>
</bind>
</comp>

<comp id="648" class="1004" name="indvar_flatten195_phi_fu_648">
<pin_list>
<pin id="649" dir="0" index="0" bw="11" slack="1"/>
<pin id="650" dir="0" index="1" bw="0" slack="2147483647"/>
<pin id="651" dir="0" index="2" bw="1" slack="1"/>
<pin id="652" dir="0" index="3" bw="0" slack="2147483647"/>
<pin id="653" dir="1" index="4" bw="11" slack="0"/>
</pin_list>
<bind>
<opcode="phi(47) " fcode="phi"/>
<opset="indvar_flatten195/26 "/>
</bind>
</comp>

<comp id="656" class="1005" name="indvar_flatten171_reg_656">
<pin_list>
<pin id="657" dir="0" index="0" bw="10" slack="1"/>
<pin id="658" dir="1" index="1" bw="10" slack="1"/>
</pin_list>
<bind>
<opset="indvar_flatten171 (phireg) "/>
</bind>
</comp>

<comp id="660" class="1004" name="indvar_flatten171_phi_fu_660">
<pin_list>
<pin id="661" dir="0" index="0" bw="10" slack="1"/>
<pin id="662" dir="0" index="1" bw="0" slack="2147483647"/>
<pin id="663" dir="0" index="2" bw="1" slack="1"/>
<pin id="664" dir="0" index="3" bw="0" slack="2147483647"/>
<pin id="665" dir="1" index="4" bw="10" slack="0"/>
</pin_list>
<bind>
<opcode="phi(47) " fcode="phi"/>
<opset="indvar_flatten171/26 "/>
</bind>
</comp>

<comp id="668" class="1005" name="c6_V_reg_668">
<pin_list>
<pin id="669" dir="0" index="0" bw="6" slack="1"/>
<pin id="670" dir="1" index="1" bw="6" slack="1"/>
</pin_list>
<bind>
<opset="c6_V (phireg) "/>
</bind>
</comp>

<comp id="672" class="1004" name="c6_V_phi_fu_672">
<pin_list>
<pin id="673" dir="0" index="0" bw="6" slack="0"/>
<pin id="674" dir="0" index="1" bw="0" slack="2147483647"/>
<pin id="675" dir="0" index="2" bw="1" slack="1"/>
<pin id="676" dir="0" index="3" bw="0" slack="2147483647"/>
<pin id="677" dir="1" index="4" bw="6" slack="0"/>
</pin_list>
<bind>
<opcode="phi(47) " fcode="phi"/>
<opset="c6_V/26 "/>
</bind>
</comp>

<comp id="679" class="1005" name="c7_V_reg_679">
<pin_list>
<pin id="680" dir="0" index="0" bw="4" slack="1"/>
<pin id="681" dir="1" index="1" bw="4" slack="1"/>
</pin_list>
<bind>
<opset="c7_V (phireg) "/>
</bind>
</comp>

<comp id="683" class="1004" name="c7_V_phi_fu_683">
<pin_list>
<pin id="684" dir="0" index="0" bw="4" slack="1"/>
<pin id="685" dir="0" index="1" bw="0" slack="2147483647"/>
<pin id="686" dir="0" index="2" bw="1" slack="1"/>
<pin id="687" dir="0" index="3" bw="0" slack="2147483647"/>
<pin id="688" dir="1" index="4" bw="4" slack="0"/>
</pin_list>
<bind>
<opcode="phi(47) " fcode="phi"/>
<opset="c7_V/26 "/>
</bind>
</comp>

<comp id="690" class="1005" name="indvar_flatten163_reg_690">
<pin_list>
<pin id="691" dir="0" index="0" bw="6" slack="1"/>
<pin id="692" dir="1" index="1" bw="6" slack="1"/>
</pin_list>
<bind>
<opset="indvar_flatten163 (phireg) "/>
</bind>
</comp>

<comp id="694" class="1004" name="indvar_flatten163_phi_fu_694">
<pin_list>
<pin id="695" dir="0" index="0" bw="1" slack="1"/>
<pin id="696" dir="0" index="1" bw="0" slack="2147483647"/>
<pin id="697" dir="0" index="2" bw="6" slack="0"/>
<pin id="698" dir="0" index="3" bw="0" slack="2147483647"/>
<pin id="699" dir="1" index="4" bw="6" slack="0"/>
</pin_list>
<bind>
<opcode="phi(47) " fcode="phi"/>
<opset="indvar_flatten163/29 "/>
</bind>
</comp>

<comp id="701" class="1005" name="n_V_reg_701">
<pin_list>
<pin id="702" dir="0" index="0" bw="2" slack="1"/>
<pin id="703" dir="1" index="1" bw="2" slack="1"/>
</pin_list>
<bind>
<opset="n_V (phireg) "/>
</bind>
</comp>

<comp id="705" class="1004" name="n_V_phi_fu_705">
<pin_list>
<pin id="706" dir="0" index="0" bw="1" slack="1"/>
<pin id="707" dir="0" index="1" bw="0" slack="2147483647"/>
<pin id="708" dir="0" index="2" bw="2" slack="0"/>
<pin id="709" dir="0" index="3" bw="0" slack="2147483647"/>
<pin id="710" dir="1" index="4" bw="2" slack="0"/>
</pin_list>
<bind>
<opcode="phi(47) " fcode="phi"/>
<opset="n_V/29 "/>
</bind>
</comp>

<comp id="712" class="1005" name="p_Val2_28_reg_712">
<pin_list>
<pin id="713" dir="0" index="0" bw="512" slack="2147483647"/>
<pin id="714" dir="1" index="1" bw="512" slack="2147483647"/>
</pin_list>
<bind>
<opset="p_Val2_28 (phireg) "/>
</bind>
</comp>

<comp id="715" class="1004" name="p_Val2_28_phi_fu_715">
<pin_list>
<pin id="716" dir="0" index="0" bw="512" slack="1"/>
<pin id="717" dir="0" index="1" bw="0" slack="2147483647"/>
<pin id="718" dir="0" index="2" bw="256" slack="0"/>
<pin id="719" dir="0" index="3" bw="0" slack="2147483647"/>
<pin id="720" dir="1" index="4" bw="512" slack="0"/>
</pin_list>
<bind>
<opcode="phi(47) " fcode="phi"/>
<opset="p_Val2_28/29 "/>
</bind>
</comp>

<comp id="721" class="1005" name="reg_721">
<pin_list>
<pin id="722" dir="0" index="0" bw="512" slack="1"/>
<pin id="723" dir="1" index="1" bw="512" slack="1"/>
</pin_list>
<bind>
<opset="in_data_V_64 in_data_V "/>
</bind>
</comp>

<comp id="727" class="1004" name="add_ln890_285_fu_727">
<pin_list>
<pin id="728" dir="0" index="0" bw="5" slack="0"/>
<pin id="729" dir="0" index="1" bw="1" slack="0"/>
<pin id="730" dir="1" index="2" bw="5" slack="0"/>
</pin_list>
<bind>
<opcode="add(8) " fcode="add"/>
<opset="add_ln890_285/2 "/>
</bind>
</comp>

<comp id="733" class="1004" name="icmp_ln890_fu_733">
<pin_list>
<pin id="734" dir="0" index="0" bw="5" slack="0"/>
<pin id="735" dir="0" index="1" bw="4" slack="0"/>
<pin id="736" dir="1" index="2" bw="1" slack="2147483647"/>
</pin_list>
<bind>
<opcode="icmp(45) " fcode="icmp"/>
<opset="icmp_ln890/2 "/>
</bind>
</comp>

<comp id="739" class="1004" name="icmp_ln890303_fu_739">
<pin_list>
<pin id="740" dir="0" index="0" bw="3" slack="0"/>
<pin id="741" dir="0" index="1" bw="2" slack="0"/>
<pin id="742" dir="1" index="2" bw="1" slack="0"/>
</pin_list>
<bind>
<opcode="icmp(45) " fcode="icmp"/>
<opset="icmp_ln890303/2 "/>
</bind>
</comp>

<comp id="745" class="1004" name="select_ln17357_fu_745">
<pin_list>
<pin id="746" dir="0" index="0" bw="1" slack="0"/>
<pin id="747" dir="0" index="1" bw="1" slack="0"/>
<pin id="748" dir="0" index="2" bw="3" slack="0"/>
<pin id="749" dir="1" index="3" bw="3" slack="0"/>
</pin_list>
<bind>
<opcode="select(49) " fcode="select"/>
<opset="select_ln17357/2 "/>
</bind>
</comp>

<comp id="753" class="1004" name="or_ln17357_fu_753">
<pin_list>
<pin id="754" dir="0" index="0" bw="1" slack="0"/>
<pin id="755" dir="0" index="1" bw="1" slack="0"/>
<pin id="756" dir="1" index="2" bw="1" slack="1"/>
</pin_list>
<bind>
<opcode="or(24) " fcode="or"/>
<opset="or_ln17357/2 "/>
</bind>
</comp>

<comp id="759" class="1004" name="xor_ln17357_fu_759">
<pin_list>
<pin id="760" dir="0" index="0" bw="1" slack="0"/>
<pin id="761" dir="0" index="1" bw="1" slack="0"/>
<pin id="762" dir="1" index="2" bw="1" slack="0"/>
</pin_list>
<bind>
<opcode="xor(25) " fcode="xor"/>
<opset="xor_ln17357/2 "/>
</bind>
</comp>

<comp id="765" class="1004" name="and_ln17357_fu_765">
<pin_list>
<pin id="766" dir="0" index="0" bw="1" slack="0"/>
<pin id="767" dir="0" index="1" bw="1" slack="0"/>
<pin id="768" dir="1" index="2" bw="1" slack="2"/>
</pin_list>
<bind>
<opcode="and(23) " fcode="and"/>
<opset="and_ln17357/2 "/>
</bind>
</comp>

<comp id="771" class="1004" name="p_shl_fu_771">
<pin_list>
<pin id="772" dir="0" index="0" bw="6" slack="0"/>
<pin id="773" dir="0" index="1" bw="3" slack="0"/>
<pin id="774" dir="0" index="2" bw="1" slack="0"/>
<pin id="775" dir="1" index="3" bw="6" slack="0"/>
</pin_list>
<bind>
<opcode="bitconcatenate(1004) " fcode="bitconcatenate"/>
<opset="p_shl/2 "/>
</bind>
</comp>

<comp id="779" class="1004" name="add_i_i780_cast_fu_779">
<pin_list>
<pin id="780" dir="0" index="0" bw="6" slack="0"/>
<pin id="781" dir="0" index="1" bw="6" slack="0"/>
<pin id="782" dir="1" index="2" bw="6" slack="1"/>
</pin_list>
<bind>
<opcode="sub(10) " fcode="sub"/>
<opset="add_i_i780_cast/2 "/>
</bind>
</comp>

<comp id="785" class="1004" name="tmp_510_fu_785">
<pin_list>
<pin id="786" dir="0" index="0" bw="1" slack="0"/>
<pin id="787" dir="0" index="1" bw="4" slack="0"/>
<pin id="788" dir="0" index="2" bw="3" slack="0"/>
<pin id="789" dir="1" index="3" bw="1" slack="2147483647"/>
</pin_list>
<bind>
<opcode="bitselect(1000) " fcode="bitselect"/>
<opset="tmp_510/3 "/>
</bind>
</comp>

<comp id="793" class="1004" name="zext_ln886_11_fu_793">
<pin_list>
<pin id="794" dir="0" index="0" bw="4" slack="0"/>
<pin id="795" dir="1" index="1" bw="6" slack="0"/>
</pin_list>
<bind>
<opcode="zext(34) " fcode="zext"/>
<opset="zext_ln886_11/3 "/>
</bind>
</comp>

<comp id="797" class="1004" name="icmp_ln886_11_fu_797">
<pin_list>
<pin id="798" dir="0" index="0" bw="4" slack="0"/>
<pin id="799" dir="0" index="1" bw="6" slack="1"/>
<pin id="800" dir="1" index="2" bw="1" slack="2147483647"/>
</pin_list>
<bind>
<opcode="icmp(45) " fcode="icmp"/>
<opset="icmp_ln886_11/3 "/>
</bind>
</comp>

<comp id="802" class="1004" name="icmp_ln17369_fu_802">
<pin_list>
<pin id="803" dir="0" index="0" bw="4" slack="0"/>
<pin id="804" dir="0" index="1" bw="1" slack="0"/>
<pin id="805" dir="1" index="2" bw="1" slack="1"/>
</pin_list>
<bind>
<opcode="icmp(45) " fcode="icmp"/>
<opset="icmp_ln17369/3 "/>
</bind>
</comp>

<comp id="808" class="1004" name="add_ln691_1324_fu_808">
<pin_list>
<pin id="809" dir="0" index="0" bw="4" slack="0"/>
<pin id="810" dir="0" index="1" bw="1" slack="0"/>
<pin id="811" dir="1" index="2" bw="4" slack="0"/>
</pin_list>
<bind>
<opcode="add(8) " fcode="add"/>
<opset="add_ln691_1324/4 "/>
</bind>
</comp>

<comp id="814" class="1004" name="icmp_ln890_1381_fu_814">
<pin_list>
<pin id="815" dir="0" index="0" bw="4" slack="0"/>
<pin id="816" dir="0" index="1" bw="4" slack="0"/>
<pin id="817" dir="1" index="2" bw="1" slack="2147483647"/>
</pin_list>
<bind>
<opcode="icmp(45) " fcode="icmp"/>
<opset="icmp_ln890_1381/4 "/>
</bind>
</comp>

<comp id="820" class="1004" name="add_ln691_1322_fu_820">
<pin_list>
<pin id="821" dir="0" index="0" bw="4" slack="0"/>
<pin id="822" dir="0" index="1" bw="1" slack="0"/>
<pin id="823" dir="1" index="2" bw="4" slack="0"/>
</pin_list>
<bind>
<opcode="add(8) " fcode="add"/>
<opset="add_ln691_1322/4 "/>
</bind>
</comp>

<comp id="826" class="1004" name="trunc_ln17379_fu_826">
<pin_list>
<pin id="827" dir="0" index="0" bw="4" slack="0"/>
<pin id="828" dir="1" index="1" bw="3" slack="0"/>
</pin_list>
<bind>
<opcode="trunc(33) " fcode="trunc"/>
<opset="trunc_ln17379/4 "/>
</bind>
</comp>

<comp id="830" class="1004" name="tmp_596_cast_fu_830">
<pin_list>
<pin id="831" dir="0" index="0" bw="7" slack="0"/>
<pin id="832" dir="0" index="1" bw="3" slack="0"/>
<pin id="833" dir="0" index="2" bw="1" slack="0"/>
<pin id="834" dir="1" index="3" bw="7" slack="1"/>
</pin_list>
<bind>
<opcode="bitconcatenate(1004) " fcode="bitconcatenate"/>
<opset="tmp_596_cast/4 "/>
</bind>
</comp>

<comp id="838" class="1004" name="icmp_ln890_1380_fu_838">
<pin_list>
<pin id="839" dir="0" index="0" bw="4" slack="0"/>
<pin id="840" dir="0" index="1" bw="4" slack="0"/>
<pin id="841" dir="1" index="2" bw="1" slack="2147483647"/>
</pin_list>
<bind>
<opcode="icmp(45) " fcode="icmp"/>
<opset="icmp_ln890_1380/4 "/>
</bind>
</comp>

<comp id="844" class="1004" name="c3_51_fu_844">
<pin_list>
<pin id="845" dir="0" index="0" bw="4" slack="1"/>
<pin id="846" dir="0" index="1" bw="1" slack="0"/>
<pin id="847" dir="1" index="2" bw="4" slack="1"/>
</pin_list>
<bind>
<opcode="add(8) " fcode="add"/>
<opset="c3_51/4 "/>
</bind>
</comp>

<comp id="850" class="1004" name="add_ln691_1325_fu_850">
<pin_list>
<pin id="851" dir="0" index="0" bw="5" slack="0"/>
<pin id="852" dir="0" index="1" bw="1" slack="0"/>
<pin id="853" dir="1" index="2" bw="5" slack="0"/>
</pin_list>
<bind>
<opcode="add(8) " fcode="add"/>
<opset="add_ln691_1325/5 "/>
</bind>
</comp>

<comp id="856" class="1004" name="icmp_ln890_1393_fu_856">
<pin_list>
<pin id="857" dir="0" index="0" bw="5" slack="0"/>
<pin id="858" dir="0" index="1" bw="5" slack="0"/>
<pin id="859" dir="1" index="2" bw="1" slack="2147483647"/>
</pin_list>
<bind>
<opcode="icmp(45) " fcode="icmp"/>
<opset="icmp_ln890_1393/5 "/>
</bind>
</comp>

<comp id="862" class="1004" name="add_ln691_1323_fu_862">
<pin_list>
<pin id="863" dir="0" index="0" bw="5" slack="0"/>
<pin id="864" dir="0" index="1" bw="1" slack="0"/>
<pin id="865" dir="1" index="2" bw="5" slack="0"/>
</pin_list>
<bind>
<opcode="add(8) " fcode="add"/>
<opset="add_ln691_1323/7 "/>
</bind>
</comp>

<comp id="868" class="1004" name="zext_ln17379_fu_868">
<pin_list>
<pin id="869" dir="0" index="0" bw="5" slack="0"/>
<pin id="870" dir="1" index="1" bw="7" slack="0"/>
</pin_list>
<bind>
<opcode="zext(34) " fcode="zext"/>
<opset="zext_ln17379/7 "/>
</bind>
</comp>

<comp id="872" class="1004" name="add_ln17379_fu_872">
<pin_list>
<pin id="873" dir="0" index="0" bw="7" slack="1"/>
<pin id="874" dir="0" index="1" bw="5" slack="0"/>
<pin id="875" dir="1" index="2" bw="7" slack="0"/>
</pin_list>
<bind>
<opcode="add(8) " fcode="add"/>
<opset="add_ln17379/7 "/>
</bind>
</comp>

<comp id="877" class="1004" name="zext_ln17379_1_fu_877">
<pin_list>
<pin id="878" dir="0" index="0" bw="7" slack="0"/>
<pin id="879" dir="1" index="1" bw="64" slack="0"/>
</pin_list>
<bind>
<opcode="zext(34) " fcode="zext"/>
<opset="zext_ln17379_1/7 "/>
</bind>
</comp>

<comp id="882" class="1004" name="icmp_ln890_1392_fu_882">
<pin_list>
<pin id="883" dir="0" index="0" bw="5" slack="0"/>
<pin id="884" dir="0" index="1" bw="5" slack="0"/>
<pin id="885" dir="1" index="2" bw="1" slack="2147483647"/>
</pin_list>
<bind>
<opcode="icmp(45) " fcode="icmp"/>
<opset="icmp_ln890_1392/7 "/>
</bind>
</comp>

<comp id="888" class="1004" name="add_ln17405_fu_888">
<pin_list>
<pin id="889" dir="0" index="0" bw="17" slack="0"/>
<pin id="890" dir="0" index="1" bw="1" slack="0"/>
<pin id="891" dir="1" index="2" bw="17" slack="0"/>
</pin_list>
<bind>
<opcode="add(8) " fcode="add"/>
<opset="add_ln17405/9 "/>
</bind>
</comp>

<comp id="894" class="1004" name="empty_fu_894">
<pin_list>
<pin id="895" dir="0" index="0" bw="6" slack="0"/>
<pin id="896" dir="1" index="1" bw="1" slack="0"/>
</pin_list>
<bind>
<opcode="trunc(33) " fcode="trunc"/>
<opset="empty/9 "/>
</bind>
</comp>

<comp id="898" class="1004" name="icmp_ln17405_fu_898">
<pin_list>
<pin id="899" dir="0" index="0" bw="17" slack="0"/>
<pin id="900" dir="0" index="1" bw="17" slack="0"/>
<pin id="901" dir="1" index="2" bw="1" slack="2147483647"/>
</pin_list>
<bind>
<opcode="icmp(45) " fcode="icmp"/>
<opset="icmp_ln17405/9 "/>
</bind>
</comp>

<comp id="904" class="1004" name="icmp_ln890_1385_fu_904">
<pin_list>
<pin id="905" dir="0" index="0" bw="11" slack="0"/>
<pin id="906" dir="0" index="1" bw="11" slack="0"/>
<pin id="907" dir="1" index="2" bw="1" slack="0"/>
</pin_list>
<bind>
<opcode="icmp(45) " fcode="icmp"/>
<opset="icmp_ln890_1385/9 "/>
</bind>
</comp>

<comp id="910" class="1004" name="xor_ln17405_fu_910">
<pin_list>
<pin id="911" dir="0" index="0" bw="1" slack="0"/>
<pin id="912" dir="0" index="1" bw="1" slack="0"/>
<pin id="913" dir="1" index="2" bw="1" slack="0"/>
</pin_list>
<bind>
<opcode="xor(25) " fcode="xor"/>
<opset="xor_ln17405/9 "/>
</bind>
</comp>

<comp id="916" class="1004" name="and_ln17405_fu_916">
<pin_list>
<pin id="917" dir="0" index="0" bw="1" slack="0"/>
<pin id="918" dir="0" index="1" bw="1" slack="0"/>
<pin id="919" dir="1" index="2" bw="1" slack="0"/>
</pin_list>
<bind>
<opcode="and(23) " fcode="and"/>
<opset="and_ln17405/9 "/>
</bind>
</comp>

<comp id="922" class="1004" name="icmp_ln890_1386_fu_922">
<pin_list>
<pin id="923" dir="0" index="0" bw="4" slack="0"/>
<pin id="924" dir="0" index="1" bw="4" slack="0"/>
<pin id="925" dir="1" index="2" bw="1" slack="0"/>
</pin_list>
<bind>
<opcode="icmp(45) " fcode="icmp"/>
<opset="icmp_ln890_1386/9 "/>
</bind>
</comp>

<comp id="928" class="1004" name="and_ln17405_1_fu_928">
<pin_list>
<pin id="929" dir="0" index="0" bw="1" slack="0"/>
<pin id="930" dir="0" index="1" bw="1" slack="0"/>
<pin id="931" dir="1" index="2" bw="1" slack="0"/>
</pin_list>
<bind>
<opcode="and(23) " fcode="and"/>
<opset="and_ln17405_1/9 "/>
</bind>
</comp>

<comp id="934" class="1004" name="icmp_ln890_1387_fu_934">
<pin_list>
<pin id="935" dir="0" index="0" bw="10" slack="0"/>
<pin id="936" dir="0" index="1" bw="10" slack="0"/>
<pin id="937" dir="1" index="2" bw="1" slack="0"/>
</pin_list>
<bind>
<opcode="icmp(45) " fcode="icmp"/>
<opset="icmp_ln890_1387/9 "/>
</bind>
</comp>

<comp id="940" class="1004" name="and_ln17405_2_fu_940">
<pin_list>
<pin id="941" dir="0" index="0" bw="1" slack="0"/>
<pin id="942" dir="0" index="1" bw="1" slack="0"/>
<pin id="943" dir="1" index="2" bw="1" slack="0"/>
</pin_list>
<bind>
<opcode="and(23) " fcode="and"/>
<opset="and_ln17405_2/9 "/>
</bind>
</comp>

<comp id="946" class="1004" name="or_ln17411_fu_946">
<pin_list>
<pin id="947" dir="0" index="0" bw="1" slack="0"/>
<pin id="948" dir="0" index="1" bw="1" slack="0"/>
<pin id="949" dir="1" index="2" bw="1" slack="0"/>
</pin_list>
<bind>
<opcode="or(24) " fcode="or"/>
<opset="or_ln17411/9 "/>
</bind>
</comp>

<comp id="952" class="1004" name="select_ln17411_fu_952">
<pin_list>
<pin id="953" dir="0" index="0" bw="1" slack="0"/>
<pin id="954" dir="0" index="1" bw="1" slack="0"/>
<pin id="955" dir="0" index="2" bw="6" slack="0"/>
<pin id="956" dir="1" index="3" bw="6" slack="0"/>
</pin_list>
<bind>
<opcode="select(49) " fcode="select"/>
<opset="select_ln17411/9 "/>
</bind>
</comp>

<comp id="960" class="1004" name="xor_ln17411_fu_960">
<pin_list>
<pin id="961" dir="0" index="0" bw="1" slack="0"/>
<pin id="962" dir="0" index="1" bw="1" slack="0"/>
<pin id="963" dir="1" index="2" bw="1" slack="0"/>
</pin_list>
<bind>
<opcode="xor(25) " fcode="xor"/>
<opset="xor_ln17411/9 "/>
</bind>
</comp>

<comp id="966" class="1004" name="or_ln17411_1_fu_966">
<pin_list>
<pin id="967" dir="0" index="0" bw="1" slack="0"/>
<pin id="968" dir="0" index="1" bw="1" slack="0"/>
<pin id="969" dir="1" index="2" bw="1" slack="0"/>
</pin_list>
<bind>
<opcode="or(24) " fcode="or"/>
<opset="or_ln17411_1/9 "/>
</bind>
</comp>

<comp id="972" class="1004" name="and_ln17411_fu_972">
<pin_list>
<pin id="973" dir="0" index="0" bw="1" slack="0"/>
<pin id="974" dir="0" index="1" bw="1" slack="0"/>
<pin id="975" dir="1" index="2" bw="1" slack="0"/>
</pin_list>
<bind>
<opcode="and(23) " fcode="and"/>
<opset="and_ln17411/9 "/>
</bind>
</comp>

<comp id="978" class="1004" name="and_ln17411_1_fu_978">
<pin_list>
<pin id="979" dir="0" index="0" bw="1" slack="0"/>
<pin id="980" dir="0" index="1" bw="1" slack="0"/>
<pin id="981" dir="1" index="2" bw="1" slack="0"/>
</pin_list>
<bind>
<opcode="and(23) " fcode="and"/>
<opset="and_ln17411_1/9 "/>
</bind>
</comp>

<comp id="984" class="1004" name="add_ln691_1312_fu_984">
<pin_list>
<pin id="985" dir="0" index="0" bw="6" slack="0"/>
<pin id="986" dir="0" index="1" bw="1" slack="0"/>
<pin id="987" dir="1" index="2" bw="6" slack="0"/>
</pin_list>
<bind>
<opcode="add(8) " fcode="add"/>
<opset="add_ln691_1312/9 "/>
</bind>
</comp>

<comp id="990" class="1004" name="or_ln17412_fu_990">
<pin_list>
<pin id="991" dir="0" index="0" bw="1" slack="0"/>
<pin id="992" dir="0" index="1" bw="1" slack="0"/>
<pin id="993" dir="1" index="2" bw="1" slack="0"/>
</pin_list>
<bind>
<opcode="or(24) " fcode="or"/>
<opset="or_ln17412/9 "/>
</bind>
</comp>

<comp id="996" class="1004" name="or_ln17412_1_fu_996">
<pin_list>
<pin id="997" dir="0" index="0" bw="1" slack="0"/>
<pin id="998" dir="0" index="1" bw="1" slack="0"/>
<pin id="999" dir="1" index="2" bw="1" slack="0"/>
</pin_list>
<bind>
<opcode="or(24) " fcode="or"/>
<opset="or_ln17412_1/9 "/>
</bind>
</comp>

<comp id="1002" class="1004" name="select_ln17412_fu_1002">
<pin_list>
<pin id="1003" dir="0" index="0" bw="1" slack="0"/>
<pin id="1004" dir="0" index="1" bw="1" slack="0"/>
<pin id="1005" dir="0" index="2" bw="4" slack="0"/>
<pin id="1006" dir="1" index="3" bw="4" slack="1"/>
</pin_list>
<bind>
<opcode="select(49) " fcode="select"/>
<opset="select_ln17412/9 "/>
</bind>
</comp>

<comp id="1010" class="1004" name="empty_2497_fu_1010">
<pin_list>
<pin id="1011" dir="0" index="0" bw="6" slack="0"/>
<pin id="1012" dir="1" index="1" bw="1" slack="0"/>
</pin_list>
<bind>
<opcode="trunc(33) " fcode="trunc"/>
<opset="empty_2497/9 "/>
</bind>
</comp>

<comp id="1014" class="1004" name="select_ln17412_1_fu_1014">
<pin_list>
<pin id="1015" dir="0" index="0" bw="1" slack="0"/>
<pin id="1016" dir="0" index="1" bw="1" slack="0"/>
<pin id="1017" dir="0" index="2" bw="1" slack="0"/>
<pin id="1018" dir="1" index="3" bw="1" slack="3"/>
</pin_list>
<bind>
<opcode="select(49) " fcode="select"/>
<opset="select_ln17412_1/9 "/>
</bind>
</comp>

<comp id="1022" class="1004" name="select_ln890_484_fu_1022">
<pin_list>
<pin id="1023" dir="0" index="0" bw="1" slack="0"/>
<pin id="1024" dir="0" index="1" bw="6" slack="0"/>
<pin id="1025" dir="0" index="2" bw="6" slack="0"/>
<pin id="1026" dir="1" index="3" bw="6" slack="0"/>
</pin_list>
<bind>
<opcode="select(49) " fcode="select"/>
<opset="select_ln890_484/9 "/>
</bind>
</comp>

<comp id="1030" class="1004" name="tmp_513_fu_1030">
<pin_list>
<pin id="1031" dir="0" index="0" bw="4" slack="0"/>
<pin id="1032" dir="0" index="1" bw="6" slack="0"/>
<pin id="1033" dir="0" index="2" bw="1" slack="0"/>
<pin id="1034" dir="0" index="3" bw="4" slack="0"/>
<pin id="1035" dir="1" index="4" bw="4" slack="0"/>
</pin_list>
<bind>
<opcode="partselect(1002) " fcode="partselect"/>
<opset="tmp_513/9 "/>
</bind>
</comp>

<comp id="1040" class="1004" name="tmp_514_fu_1040">
<pin_list>
<pin id="1041" dir="0" index="0" bw="4" slack="0"/>
<pin id="1042" dir="0" index="1" bw="6" slack="0"/>
<pin id="1043" dir="0" index="2" bw="1" slack="0"/>
<pin id="1044" dir="0" index="3" bw="4" slack="0"/>
<pin id="1045" dir="1" index="4" bw="4" slack="0"/>
</pin_list>
<bind>
<opcode="partselect(1002) " fcode="partselect"/>
<opset="tmp_514/9 "/>
</bind>
</comp>

<comp id="1050" class="1004" name="select_ln17411_1_fu_1050">
<pin_list>
<pin id="1051" dir="0" index="0" bw="1" slack="0"/>
<pin id="1052" dir="0" index="1" bw="1" slack="0"/>
<pin id="1053" dir="0" index="2" bw="4" slack="0"/>
<pin id="1054" dir="1" index="3" bw="4" slack="0"/>
</pin_list>
<bind>
<opcode="select(49) " fcode="select"/>
<opset="select_ln17411_1/9 "/>
</bind>
</comp>

<comp id="1058" class="1004" name="select_ln17412_2_fu_1058">
<pin_list>
<pin id="1059" dir="0" index="0" bw="1" slack="0"/>
<pin id="1060" dir="0" index="1" bw="4" slack="0"/>
<pin id="1061" dir="0" index="2" bw="4" slack="0"/>
<pin id="1062" dir="1" index="3" bw="4" slack="1"/>
</pin_list>
<bind>
<opcode="select(49) " fcode="select"/>
<opset="select_ln17412_2/9 "/>
</bind>
</comp>

<comp id="1066" class="1004" name="add_ln17479_fu_1066">
<pin_list>
<pin id="1067" dir="0" index="0" bw="17" slack="0"/>
<pin id="1068" dir="0" index="1" bw="1" slack="0"/>
<pin id="1069" dir="1" index="2" bw="17" slack="0"/>
</pin_list>
<bind>
<opcode="add(8) " fcode="add"/>
<opset="add_ln17479/9 "/>
</bind>
</comp>

<comp id="1072" class="1004" name="empty_2498_fu_1072">
<pin_list>
<pin id="1073" dir="0" index="0" bw="6" slack="0"/>
<pin id="1074" dir="1" index="1" bw="1" slack="0"/>
</pin_list>
<bind>
<opcode="trunc(33) " fcode="trunc"/>
<opset="empty_2498/9 "/>
</bind>
</comp>

<comp id="1076" class="1004" name="icmp_ln17479_fu_1076">
<pin_list>
<pin id="1077" dir="0" index="0" bw="17" slack="0"/>
<pin id="1078" dir="0" index="1" bw="17" slack="0"/>
<pin id="1079" dir="1" index="2" bw="1" slack="2147483647"/>
</pin_list>
<bind>
<opcode="icmp(45) " fcode="icmp"/>
<opset="icmp_ln17479/9 "/>
</bind>
</comp>

<comp id="1082" class="1004" name="icmp_ln890_1382_fu_1082">
<pin_list>
<pin id="1083" dir="0" index="0" bw="11" slack="0"/>
<pin id="1084" dir="0" index="1" bw="11" slack="0"/>
<pin id="1085" dir="1" index="2" bw="1" slack="0"/>
</pin_list>
<bind>
<opcode="icmp(45) " fcode="icmp"/>
<opset="icmp_ln890_1382/9 "/>
</bind>
</comp>

<comp id="1088" class="1004" name="xor_ln17479_fu_1088">
<pin_list>
<pin id="1089" dir="0" index="0" bw="1" slack="0"/>
<pin id="1090" dir="0" index="1" bw="1" slack="0"/>
<pin id="1091" dir="1" index="2" bw="1" slack="0"/>
</pin_list>
<bind>
<opcode="xor(25) " fcode="xor"/>
<opset="xor_ln17479/9 "/>
</bind>
</comp>

<comp id="1094" class="1004" name="and_ln17479_fu_1094">
<pin_list>
<pin id="1095" dir="0" index="0" bw="1" slack="0"/>
<pin id="1096" dir="0" index="1" bw="1" slack="0"/>
<pin id="1097" dir="1" index="2" bw="1" slack="0"/>
</pin_list>
<bind>
<opcode="and(23) " fcode="and"/>
<opset="and_ln17479/9 "/>
</bind>
</comp>

<comp id="1100" class="1004" name="icmp_ln890_1383_fu_1100">
<pin_list>
<pin id="1101" dir="0" index="0" bw="4" slack="0"/>
<pin id="1102" dir="0" index="1" bw="4" slack="0"/>
<pin id="1103" dir="1" index="2" bw="1" slack="0"/>
</pin_list>
<bind>
<opcode="icmp(45) " fcode="icmp"/>
<opset="icmp_ln890_1383/9 "/>
</bind>
</comp>

<comp id="1106" class="1004" name="and_ln17479_1_fu_1106">
<pin_list>
<pin id="1107" dir="0" index="0" bw="1" slack="0"/>
<pin id="1108" dir="0" index="1" bw="1" slack="0"/>
<pin id="1109" dir="1" index="2" bw="1" slack="0"/>
</pin_list>
<bind>
<opcode="and(23) " fcode="and"/>
<opset="and_ln17479_1/9 "/>
</bind>
</comp>

<comp id="1112" class="1004" name="icmp_ln890_1384_fu_1112">
<pin_list>
<pin id="1113" dir="0" index="0" bw="10" slack="0"/>
<pin id="1114" dir="0" index="1" bw="10" slack="0"/>
<pin id="1115" dir="1" index="2" bw="1" slack="0"/>
</pin_list>
<bind>
<opcode="icmp(45) " fcode="icmp"/>
<opset="icmp_ln890_1384/9 "/>
</bind>
</comp>

<comp id="1118" class="1004" name="and_ln17479_2_fu_1118">
<pin_list>
<pin id="1119" dir="0" index="0" bw="1" slack="0"/>
<pin id="1120" dir="0" index="1" bw="1" slack="0"/>
<pin id="1121" dir="1" index="2" bw="1" slack="0"/>
</pin_list>
<bind>
<opcode="and(23) " fcode="and"/>
<opset="and_ln17479_2/9 "/>
</bind>
</comp>

<comp id="1124" class="1004" name="or_ln17485_fu_1124">
<pin_list>
<pin id="1125" dir="0" index="0" bw="1" slack="0"/>
<pin id="1126" dir="0" index="1" bw="1" slack="0"/>
<pin id="1127" dir="1" index="2" bw="1" slack="0"/>
</pin_list>
<bind>
<opcode="or(24) " fcode="or"/>
<opset="or_ln17485/9 "/>
</bind>
</comp>

<comp id="1130" class="1004" name="select_ln17485_fu_1130">
<pin_list>
<pin id="1131" dir="0" index="0" bw="1" slack="0"/>
<pin id="1132" dir="0" index="1" bw="1" slack="0"/>
<pin id="1133" dir="0" index="2" bw="6" slack="0"/>
<pin id="1134" dir="1" index="3" bw="6" slack="0"/>
</pin_list>
<bind>
<opcode="select(49) " fcode="select"/>
<opset="select_ln17485/9 "/>
</bind>
</comp>

<comp id="1138" class="1004" name="xor_ln17485_fu_1138">
<pin_list>
<pin id="1139" dir="0" index="0" bw="1" slack="0"/>
<pin id="1140" dir="0" index="1" bw="1" slack="0"/>
<pin id="1141" dir="1" index="2" bw="1" slack="0"/>
</pin_list>
<bind>
<opcode="xor(25) " fcode="xor"/>
<opset="xor_ln17485/9 "/>
</bind>
</comp>

<comp id="1144" class="1004" name="or_ln17485_1_fu_1144">
<pin_list>
<pin id="1145" dir="0" index="0" bw="1" slack="0"/>
<pin id="1146" dir="0" index="1" bw="1" slack="0"/>
<pin id="1147" dir="1" index="2" bw="1" slack="0"/>
</pin_list>
<bind>
<opcode="or(24) " fcode="or"/>
<opset="or_ln17485_1/9 "/>
</bind>
</comp>

<comp id="1150" class="1004" name="and_ln17485_fu_1150">
<pin_list>
<pin id="1151" dir="0" index="0" bw="1" slack="0"/>
<pin id="1152" dir="0" index="1" bw="1" slack="0"/>
<pin id="1153" dir="1" index="2" bw="1" slack="0"/>
</pin_list>
<bind>
<opcode="and(23) " fcode="and"/>
<opset="and_ln17485/9 "/>
</bind>
</comp>

<comp id="1156" class="1004" name="and_ln17485_1_fu_1156">
<pin_list>
<pin id="1157" dir="0" index="0" bw="1" slack="0"/>
<pin id="1158" dir="0" index="1" bw="1" slack="0"/>
<pin id="1159" dir="1" index="2" bw="1" slack="0"/>
</pin_list>
<bind>
<opcode="and(23) " fcode="and"/>
<opset="and_ln17485_1/9 "/>
</bind>
</comp>

<comp id="1162" class="1004" name="add_ln691_1311_fu_1162">
<pin_list>
<pin id="1163" dir="0" index="0" bw="6" slack="0"/>
<pin id="1164" dir="0" index="1" bw="1" slack="0"/>
<pin id="1165" dir="1" index="2" bw="6" slack="0"/>
</pin_list>
<bind>
<opcode="add(8) " fcode="add"/>
<opset="add_ln691_1311/9 "/>
</bind>
</comp>

<comp id="1168" class="1004" name="or_ln17486_fu_1168">
<pin_list>
<pin id="1169" dir="0" index="0" bw="1" slack="0"/>
<pin id="1170" dir="0" index="1" bw="1" slack="0"/>
<pin id="1171" dir="1" index="2" bw="1" slack="0"/>
</pin_list>
<bind>
<opcode="or(24) " fcode="or"/>
<opset="or_ln17486/9 "/>
</bind>
</comp>

<comp id="1174" class="1004" name="or_ln17486_1_fu_1174">
<pin_list>
<pin id="1175" dir="0" index="0" bw="1" slack="0"/>
<pin id="1176" dir="0" index="1" bw="1" slack="0"/>
<pin id="1177" dir="1" index="2" bw="1" slack="0"/>
</pin_list>
<bind>
<opcode="or(24) " fcode="or"/>
<opset="or_ln17486_1/9 "/>
</bind>
</comp>

<comp id="1180" class="1004" name="select_ln17486_fu_1180">
<pin_list>
<pin id="1181" dir="0" index="0" bw="1" slack="0"/>
<pin id="1182" dir="0" index="1" bw="1" slack="0"/>
<pin id="1183" dir="0" index="2" bw="4" slack="0"/>
<pin id="1184" dir="1" index="3" bw="4" slack="1"/>
</pin_list>
<bind>
<opcode="select(49) " fcode="select"/>
<opset="select_ln17486/9 "/>
</bind>
</comp>

<comp id="1188" class="1004" name="empty_2499_fu_1188">
<pin_list>
<pin id="1189" dir="0" index="0" bw="6" slack="0"/>
<pin id="1190" dir="1" index="1" bw="1" slack="0"/>
</pin_list>
<bind>
<opcode="trunc(33) " fcode="trunc"/>
<opset="empty_2499/9 "/>
</bind>
</comp>

<comp id="1192" class="1004" name="select_ln17486_1_fu_1192">
<pin_list>
<pin id="1193" dir="0" index="0" bw="1" slack="0"/>
<pin id="1194" dir="0" index="1" bw="1" slack="0"/>
<pin id="1195" dir="0" index="2" bw="1" slack="0"/>
<pin id="1196" dir="1" index="3" bw="1" slack="3"/>
</pin_list>
<bind>
<opcode="select(49) " fcode="select"/>
<opset="select_ln17486_1/9 "/>
</bind>
</comp>

<comp id="1200" class="1004" name="select_ln890_483_fu_1200">
<pin_list>
<pin id="1201" dir="0" index="0" bw="1" slack="0"/>
<pin id="1202" dir="0" index="1" bw="6" slack="0"/>
<pin id="1203" dir="0" index="2" bw="6" slack="0"/>
<pin id="1204" dir="1" index="3" bw="6" slack="0"/>
</pin_list>
<bind>
<opcode="select(49) " fcode="select"/>
<opset="select_ln890_483/9 "/>
</bind>
</comp>

<comp id="1208" class="1004" name="tmp_511_fu_1208">
<pin_list>
<pin id="1209" dir="0" index="0" bw="4" slack="0"/>
<pin id="1210" dir="0" index="1" bw="6" slack="0"/>
<pin id="1211" dir="0" index="2" bw="1" slack="0"/>
<pin id="1212" dir="0" index="3" bw="4" slack="0"/>
<pin id="1213" dir="1" index="4" bw="4" slack="0"/>
</pin_list>
<bind>
<opcode="partselect(1002) " fcode="partselect"/>
<opset="tmp_511/9 "/>
</bind>
</comp>

<comp id="1218" class="1004" name="tmp_512_fu_1218">
<pin_list>
<pin id="1219" dir="0" index="0" bw="4" slack="0"/>
<pin id="1220" dir="0" index="1" bw="6" slack="0"/>
<pin id="1221" dir="0" index="2" bw="1" slack="0"/>
<pin id="1222" dir="0" index="3" bw="4" slack="0"/>
<pin id="1223" dir="1" index="4" bw="4" slack="0"/>
</pin_list>
<bind>
<opcode="partselect(1002) " fcode="partselect"/>
<opset="tmp_512/9 "/>
</bind>
</comp>

<comp id="1228" class="1004" name="select_ln17485_1_fu_1228">
<pin_list>
<pin id="1229" dir="0" index="0" bw="1" slack="0"/>
<pin id="1230" dir="0" index="1" bw="1" slack="0"/>
<pin id="1231" dir="0" index="2" bw="4" slack="0"/>
<pin id="1232" dir="1" index="3" bw="4" slack="0"/>
</pin_list>
<bind>
<opcode="select(49) " fcode="select"/>
<opset="select_ln17485_1/9 "/>
</bind>
</comp>

<comp id="1236" class="1004" name="select_ln17486_2_fu_1236">
<pin_list>
<pin id="1237" dir="0" index="0" bw="1" slack="0"/>
<pin id="1238" dir="0" index="1" bw="4" slack="0"/>
<pin id="1239" dir="0" index="2" bw="4" slack="0"/>
<pin id="1240" dir="1" index="3" bw="4" slack="1"/>
</pin_list>
<bind>
<opcode="select(49) " fcode="select"/>
<opset="select_ln17486_2/9 "/>
</bind>
</comp>

<comp id="1244" class="1004" name="xor_ln17512_fu_1244">
<pin_list>
<pin id="1245" dir="0" index="0" bw="1" slack="2"/>
<pin id="1246" dir="0" index="1" bw="1" slack="0"/>
<pin id="1247" dir="1" index="2" bw="1" slack="0"/>
</pin_list>
<bind>
<opcode="xor(25) " fcode="xor"/>
<opset="xor_ln17512/9 "/>
</bind>
</comp>

<comp id="1250" class="1004" name="arb_fu_1250">
<pin_list>
<pin id="1251" dir="0" index="0" bw="1" slack="2"/>
<pin id="1252" dir="0" index="1" bw="1" slack="0"/>
<pin id="1253" dir="1" index="2" bw="1" slack="1"/>
</pin_list>
<bind>
<opcode="or(24) " fcode="or"/>
<opset="arb/9 "/>
</bind>
</comp>

<comp id="1255" class="1004" name="add_ln691_1313_fu_1255">
<pin_list>
<pin id="1256" dir="0" index="0" bw="3" slack="2"/>
<pin id="1257" dir="0" index="1" bw="1" slack="0"/>
<pin id="1258" dir="1" index="2" bw="3" slack="1"/>
</pin_list>
<bind>
<opcode="add(8) " fcode="add"/>
<opset="add_ln691_1313/9 "/>
</bind>
</comp>

<comp id="1260" class="1004" name="tmp_32_fu_1260">
<pin_list>
<pin id="1261" dir="0" index="0" bw="64" slack="0"/>
<pin id="1262" dir="0" index="1" bw="1" slack="0"/>
<pin id="1263" dir="0" index="2" bw="4" slack="1"/>
<pin id="1264" dir="0" index="3" bw="4" slack="1"/>
<pin id="1265" dir="1" index="4" bw="64" slack="0"/>
</pin_list>
<bind>
<opcode="bitconcatenate(1004) " fcode="bitconcatenate"/>
<opset="tmp_32/10 "/>
</bind>
</comp>

<comp id="1269" class="1004" name="add_ln890_291_fu_1269">
<pin_list>
<pin id="1270" dir="0" index="0" bw="6" slack="0"/>
<pin id="1271" dir="0" index="1" bw="1" slack="0"/>
<pin id="1272" dir="1" index="2" bw="6" slack="0"/>
</pin_list>
<bind>
<opcode="add(8) " fcode="add"/>
<opset="add_ln890_291/12 "/>
</bind>
</comp>

<comp id="1275" class="1004" name="icmp_ln890_1391_fu_1275">
<pin_list>
<pin id="1276" dir="0" index="0" bw="6" slack="0"/>
<pin id="1277" dir="0" index="1" bw="6" slack="0"/>
<pin id="1278" dir="1" index="2" bw="1" slack="1"/>
</pin_list>
<bind>
<opcode="icmp(45) " fcode="icmp"/>
<opset="icmp_ln890_1391/12 "/>
</bind>
</comp>

<comp id="1281" class="1004" name="data_split_V_1_load_load_fu_1281">
<pin_list>
<pin id="1282" dir="0" index="0" bw="256" slack="6"/>
<pin id="1283" dir="1" index="1" bw="256" slack="0"/>
</pin_list>
<bind>
<opcode="load(27) " fcode="load"/>
<opset="data_split_V_1_load/12 "/>
</bind>
</comp>

<comp id="1284" class="1004" name="data_split_V_1_102_load_load_fu_1284">
<pin_list>
<pin id="1285" dir="0" index="0" bw="256" slack="6"/>
<pin id="1286" dir="1" index="1" bw="256" slack="0"/>
</pin_list>
<bind>
<opcode="load(27) " fcode="load"/>
<opset="data_split_V_1_102_load/12 "/>
</bind>
</comp>

<comp id="1287" class="1004" name="icmp_ln878_25_fu_1287">
<pin_list>
<pin id="1288" dir="0" index="0" bw="2" slack="0"/>
<pin id="1289" dir="0" index="1" bw="2" slack="0"/>
<pin id="1290" dir="1" index="2" bw="1" slack="0"/>
</pin_list>
<bind>
<opcode="icmp(45) " fcode="icmp"/>
<opset="icmp_ln878_25/12 "/>
</bind>
</comp>

<comp id="1293" class="1004" name="select_ln17416_fu_1293">
<pin_list>
<pin id="1294" dir="0" index="0" bw="1" slack="0"/>
<pin id="1295" dir="0" index="1" bw="1" slack="0"/>
<pin id="1296" dir="0" index="2" bw="2" slack="0"/>
<pin id="1297" dir="1" index="3" bw="2" slack="0"/>
</pin_list>
<bind>
<opcode="select(49) " fcode="select"/>
<opset="select_ln17416/12 "/>
</bind>
</comp>

<comp id="1301" class="1004" name="select_ln17416_1_fu_1301">
<pin_list>
<pin id="1302" dir="0" index="0" bw="1" slack="0"/>
<pin id="1303" dir="0" index="1" bw="512" slack="1"/>
<pin id="1304" dir="0" index="2" bw="512" slack="0"/>
<pin id="1305" dir="1" index="3" bw="512" slack="0"/>
</pin_list>
<bind>
<opcode="select(49) " fcode="select"/>
<opset="select_ln17416_1/12 "/>
</bind>
</comp>

<comp id="1309" class="1004" name="data_split_V_0_fu_1309">
<pin_list>
<pin id="1310" dir="0" index="0" bw="512" slack="0"/>
<pin id="1311" dir="1" index="1" bw="256" slack="0"/>
</pin_list>
<bind>
<opcode="trunc(33) " fcode="trunc"/>
<opset="data_split_V_0/12 "/>
</bind>
</comp>

<comp id="1313" class="1004" name="trunc_ln17424_fu_1313">
<pin_list>
<pin id="1314" dir="0" index="0" bw="2" slack="0"/>
<pin id="1315" dir="1" index="1" bw="1" slack="0"/>
</pin_list>
<bind>
<opcode="trunc(33) " fcode="trunc"/>
<opset="trunc_ln17424/12 "/>
</bind>
</comp>

<comp id="1317" class="1004" name="data_split_V_1_114_fu_1317">
<pin_list>
<pin id="1318" dir="0" index="0" bw="1" slack="0"/>
<pin id="1319" dir="0" index="1" bw="256" slack="0"/>
<pin id="1320" dir="0" index="2" bw="256" slack="0"/>
<pin id="1321" dir="1" index="3" bw="256" slack="0"/>
</pin_list>
<bind>
<opcode="select(49) " fcode="select"/>
<opset="data_split_V_1_114/12 "/>
</bind>
</comp>

<comp id="1325" class="1004" name="data_split_V_1_115_fu_1325">
<pin_list>
<pin id="1326" dir="0" index="0" bw="1" slack="0"/>
<pin id="1327" dir="0" index="1" bw="256" slack="0"/>
<pin id="1328" dir="0" index="2" bw="256" slack="0"/>
<pin id="1329" dir="1" index="3" bw="256" slack="0"/>
</pin_list>
<bind>
<opcode="select(49) " fcode="select"/>
<opset="data_split_V_1_115/12 "/>
</bind>
</comp>

<comp id="1333" class="1004" name="r_fu_1333">
<pin_list>
<pin id="1334" dir="0" index="0" bw="256" slack="0"/>
<pin id="1335" dir="0" index="1" bw="512" slack="0"/>
<pin id="1336" dir="0" index="2" bw="10" slack="0"/>
<pin id="1337" dir="0" index="3" bw="10" slack="0"/>
<pin id="1338" dir="1" index="4" bw="256" slack="0"/>
</pin_list>
<bind>
<opcode="partselect(1002) " fcode="partselect"/>
<opset="r/12 "/>
</bind>
</comp>

<comp id="1343" class="1004" name="zext_ln1497_14_fu_1343">
<pin_list>
<pin id="1344" dir="0" index="0" bw="256" slack="0"/>
<pin id="1345" dir="1" index="1" bw="512" slack="0"/>
</pin_list>
<bind>
<opcode="zext(34) " fcode="zext"/>
<opset="zext_ln1497_14/12 "/>
</bind>
</comp>

<comp id="1347" class="1004" name="add_ln691_1317_fu_1347">
<pin_list>
<pin id="1348" dir="0" index="0" bw="2" slack="0"/>
<pin id="1349" dir="0" index="1" bw="1" slack="0"/>
<pin id="1350" dir="1" index="2" bw="2" slack="0"/>
</pin_list>
<bind>
<opcode="add(8) " fcode="add"/>
<opset="add_ln691_1317/12 "/>
</bind>
</comp>

<comp id="1353" class="1004" name="icmp_ln878_24_fu_1353">
<pin_list>
<pin id="1354" dir="0" index="0" bw="2" slack="0"/>
<pin id="1355" dir="0" index="1" bw="2" slack="0"/>
<pin id="1356" dir="1" index="2" bw="1" slack="1"/>
</pin_list>
<bind>
<opcode="icmp(45) " fcode="icmp"/>
<opset="icmp_ln878_24/12 "/>
</bind>
</comp>

<comp id="1359" class="1004" name="select_ln17428_fu_1359">
<pin_list>
<pin id="1360" dir="0" index="0" bw="1" slack="3"/>
<pin id="1361" dir="0" index="1" bw="256" slack="0"/>
<pin id="1362" dir="0" index="2" bw="256" slack="0"/>
<pin id="1363" dir="1" index="3" bw="256" slack="1"/>
</pin_list>
<bind>
<opcode="select(49) " fcode="select"/>
<opset="select_ln17428/12 "/>
</bind>
</comp>

<comp id="1366" class="1004" name="store_ln17424_store_fu_1366">
<pin_list>
<pin id="1367" dir="0" index="0" bw="256" slack="0"/>
<pin id="1368" dir="0" index="1" bw="256" slack="6"/>
<pin id="1369" dir="1" index="2" bw="0" slack="2147483647"/>
</pin_list>
<bind>
<opcode="store(28) " fcode="store"/>
<opset="store_ln17424/12 "/>
</bind>
</comp>

<comp id="1371" class="1004" name="store_ln17424_store_fu_1371">
<pin_list>
<pin id="1372" dir="0" index="0" bw="256" slack="0"/>
<pin id="1373" dir="0" index="1" bw="256" slack="6"/>
<pin id="1374" dir="1" index="2" bw="0" slack="2147483647"/>
</pin_list>
<bind>
<opcode="store(28) " fcode="store"/>
<opset="store_ln17424/12 "/>
</bind>
</comp>

<comp id="1376" class="1004" name="add_ln691_1316_fu_1376">
<pin_list>
<pin id="1377" dir="0" index="0" bw="4" slack="4"/>
<pin id="1378" dir="0" index="1" bw="1" slack="0"/>
<pin id="1379" dir="1" index="2" bw="4" slack="1"/>
</pin_list>
<bind>
<opcode="add(8) " fcode="add"/>
<opset="add_ln691_1316/14 "/>
</bind>
</comp>

<comp id="1381" class="1004" name="add_ln890_288_fu_1381">
<pin_list>
<pin id="1382" dir="0" index="0" bw="10" slack="4"/>
<pin id="1383" dir="0" index="1" bw="1" slack="0"/>
<pin id="1384" dir="1" index="2" bw="10" slack="0"/>
</pin_list>
<bind>
<opcode="add(8) " fcode="add"/>
<opset="add_ln890_288/14 "/>
</bind>
</comp>

<comp id="1387" class="1004" name="select_ln890_487_fu_1387">
<pin_list>
<pin id="1388" dir="0" index="0" bw="1" slack="4"/>
<pin id="1389" dir="0" index="1" bw="1" slack="0"/>
<pin id="1390" dir="0" index="2" bw="10" slack="0"/>
<pin id="1391" dir="1" index="3" bw="10" slack="1"/>
</pin_list>
<bind>
<opcode="select(49) " fcode="select"/>
<opset="select_ln890_487/14 "/>
</bind>
</comp>

<comp id="1394" class="1004" name="add_ln890_289_fu_1394">
<pin_list>
<pin id="1395" dir="0" index="0" bw="11" slack="4"/>
<pin id="1396" dir="0" index="1" bw="1" slack="0"/>
<pin id="1397" dir="1" index="2" bw="11" slack="0"/>
</pin_list>
<bind>
<opcode="add(8) " fcode="add"/>
<opset="add_ln890_289/14 "/>
</bind>
</comp>

<comp id="1400" class="1004" name="select_ln890_488_fu_1400">
<pin_list>
<pin id="1401" dir="0" index="0" bw="1" slack="4"/>
<pin id="1402" dir="0" index="1" bw="1" slack="0"/>
<pin id="1403" dir="0" index="2" bw="11" slack="0"/>
<pin id="1404" dir="1" index="3" bw="11" slack="1"/>
</pin_list>
<bind>
<opcode="select(49) " fcode="select"/>
<opset="select_ln890_488/14 "/>
</bind>
</comp>

<comp id="1407" class="1004" name="tmp_509_fu_1407">
<pin_list>
<pin id="1408" dir="0" index="0" bw="1" slack="0"/>
<pin id="1409" dir="0" index="1" bw="4" slack="0"/>
<pin id="1410" dir="0" index="2" bw="3" slack="0"/>
<pin id="1411" dir="1" index="3" bw="1" slack="2147483647"/>
</pin_list>
<bind>
<opcode="bitselect(1000) " fcode="bitselect"/>
<opset="tmp_509/15 "/>
</bind>
</comp>

<comp id="1415" class="1004" name="zext_ln886_fu_1415">
<pin_list>
<pin id="1416" dir="0" index="0" bw="4" slack="0"/>
<pin id="1417" dir="1" index="1" bw="6" slack="0"/>
</pin_list>
<bind>
<opcode="zext(34) " fcode="zext"/>
<opset="zext_ln886/15 "/>
</bind>
</comp>

<comp id="1419" class="1004" name="icmp_ln886_fu_1419">
<pin_list>
<pin id="1420" dir="0" index="0" bw="4" slack="0"/>
<pin id="1421" dir="0" index="1" bw="6" slack="1"/>
<pin id="1422" dir="1" index="2" bw="1" slack="2147483647"/>
</pin_list>
<bind>
<opcode="icmp(45) " fcode="icmp"/>
<opset="icmp_ln886/15 "/>
</bind>
</comp>

<comp id="1424" class="1004" name="icmp_ln17443_fu_1424">
<pin_list>
<pin id="1425" dir="0" index="0" bw="4" slack="0"/>
<pin id="1426" dir="0" index="1" bw="1" slack="0"/>
<pin id="1427" dir="1" index="2" bw="1" slack="1"/>
</pin_list>
<bind>
<opcode="icmp(45) " fcode="icmp"/>
<opset="icmp_ln17443/15 "/>
</bind>
</comp>

<comp id="1430" class="1004" name="add_ln691_1320_fu_1430">
<pin_list>
<pin id="1431" dir="0" index="0" bw="4" slack="0"/>
<pin id="1432" dir="0" index="1" bw="1" slack="0"/>
<pin id="1433" dir="1" index="2" bw="4" slack="0"/>
</pin_list>
<bind>
<opcode="add(8) " fcode="add"/>
<opset="add_ln691_1320/16 "/>
</bind>
</comp>

<comp id="1436" class="1004" name="icmp_ln890_1379_fu_1436">
<pin_list>
<pin id="1437" dir="0" index="0" bw="4" slack="0"/>
<pin id="1438" dir="0" index="1" bw="4" slack="0"/>
<pin id="1439" dir="1" index="2" bw="1" slack="2147483647"/>
</pin_list>
<bind>
<opcode="icmp(45) " fcode="icmp"/>
<opset="icmp_ln890_1379/16 "/>
</bind>
</comp>

<comp id="1442" class="1004" name="add_ln691_1318_fu_1442">
<pin_list>
<pin id="1443" dir="0" index="0" bw="4" slack="0"/>
<pin id="1444" dir="0" index="1" bw="1" slack="0"/>
<pin id="1445" dir="1" index="2" bw="4" slack="0"/>
</pin_list>
<bind>
<opcode="add(8) " fcode="add"/>
<opset="add_ln691_1318/16 "/>
</bind>
</comp>

<comp id="1448" class="1004" name="trunc_ln17453_fu_1448">
<pin_list>
<pin id="1449" dir="0" index="0" bw="4" slack="0"/>
<pin id="1450" dir="1" index="1" bw="3" slack="0"/>
</pin_list>
<bind>
<opcode="trunc(33) " fcode="trunc"/>
<opset="trunc_ln17453/16 "/>
</bind>
</comp>

<comp id="1452" class="1004" name="tmp_591_cast_fu_1452">
<pin_list>
<pin id="1453" dir="0" index="0" bw="7" slack="0"/>
<pin id="1454" dir="0" index="1" bw="3" slack="0"/>
<pin id="1455" dir="0" index="2" bw="1" slack="0"/>
<pin id="1456" dir="1" index="3" bw="7" slack="1"/>
</pin_list>
<bind>
<opcode="bitconcatenate(1004) " fcode="bitconcatenate"/>
<opset="tmp_591_cast/16 "/>
</bind>
</comp>

<comp id="1460" class="1004" name="icmp_ln890_1378_fu_1460">
<pin_list>
<pin id="1461" dir="0" index="0" bw="4" slack="0"/>
<pin id="1462" dir="0" index="1" bw="4" slack="0"/>
<pin id="1463" dir="1" index="2" bw="1" slack="2147483647"/>
</pin_list>
<bind>
<opcode="icmp(45) " fcode="icmp"/>
<opset="icmp_ln890_1378/16 "/>
</bind>
</comp>

<comp id="1466" class="1004" name="c3_50_fu_1466">
<pin_list>
<pin id="1467" dir="0" index="0" bw="4" slack="1"/>
<pin id="1468" dir="0" index="1" bw="1" slack="0"/>
<pin id="1469" dir="1" index="2" bw="4" slack="1"/>
</pin_list>
<bind>
<opcode="add(8) " fcode="add"/>
<opset="c3_50/16 "/>
</bind>
</comp>

<comp id="1472" class="1004" name="add_ln691_1321_fu_1472">
<pin_list>
<pin id="1473" dir="0" index="0" bw="5" slack="0"/>
<pin id="1474" dir="0" index="1" bw="1" slack="0"/>
<pin id="1475" dir="1" index="2" bw="5" slack="0"/>
</pin_list>
<bind>
<opcode="add(8) " fcode="add"/>
<opset="add_ln691_1321/17 "/>
</bind>
</comp>

<comp id="1478" class="1004" name="icmp_ln890_1390_fu_1478">
<pin_list>
<pin id="1479" dir="0" index="0" bw="5" slack="0"/>
<pin id="1480" dir="0" index="1" bw="5" slack="0"/>
<pin id="1481" dir="1" index="2" bw="1" slack="2147483647"/>
</pin_list>
<bind>
<opcode="icmp(45) " fcode="icmp"/>
<opset="icmp_ln890_1390/17 "/>
</bind>
</comp>

<comp id="1484" class="1004" name="add_ln691_1319_fu_1484">
<pin_list>
<pin id="1485" dir="0" index="0" bw="5" slack="0"/>
<pin id="1486" dir="0" index="1" bw="1" slack="0"/>
<pin id="1487" dir="1" index="2" bw="5" slack="0"/>
</pin_list>
<bind>
<opcode="add(8) " fcode="add"/>
<opset="add_ln691_1319/19 "/>
</bind>
</comp>

<comp id="1490" class="1004" name="zext_ln17453_fu_1490">
<pin_list>
<pin id="1491" dir="0" index="0" bw="5" slack="0"/>
<pin id="1492" dir="1" index="1" bw="7" slack="0"/>
</pin_list>
<bind>
<opcode="zext(34) " fcode="zext"/>
<opset="zext_ln17453/19 "/>
</bind>
</comp>

<comp id="1494" class="1004" name="add_ln17453_fu_1494">
<pin_list>
<pin id="1495" dir="0" index="0" bw="7" slack="1"/>
<pin id="1496" dir="0" index="1" bw="5" slack="0"/>
<pin id="1497" dir="1" index="2" bw="7" slack="0"/>
</pin_list>
<bind>
<opcode="add(8) " fcode="add"/>
<opset="add_ln17453/19 "/>
</bind>
</comp>

<comp id="1499" class="1004" name="zext_ln17453_1_fu_1499">
<pin_list>
<pin id="1500" dir="0" index="0" bw="7" slack="0"/>
<pin id="1501" dir="1" index="1" bw="64" slack="0"/>
</pin_list>
<bind>
<opcode="zext(34) " fcode="zext"/>
<opset="zext_ln17453_1/19 "/>
</bind>
</comp>

<comp id="1504" class="1004" name="icmp_ln890_1389_fu_1504">
<pin_list>
<pin id="1505" dir="0" index="0" bw="5" slack="0"/>
<pin id="1506" dir="0" index="1" bw="5" slack="0"/>
<pin id="1507" dir="1" index="2" bw="1" slack="2147483647"/>
</pin_list>
<bind>
<opcode="icmp(45) " fcode="icmp"/>
<opset="icmp_ln890_1389/19 "/>
</bind>
</comp>

<comp id="1510" class="1004" name="tmp_31_fu_1510">
<pin_list>
<pin id="1511" dir="0" index="0" bw="64" slack="0"/>
<pin id="1512" dir="0" index="1" bw="1" slack="0"/>
<pin id="1513" dir="0" index="2" bw="4" slack="1"/>
<pin id="1514" dir="0" index="3" bw="4" slack="1"/>
<pin id="1515" dir="1" index="4" bw="64" slack="0"/>
</pin_list>
<bind>
<opcode="bitconcatenate(1004) " fcode="bitconcatenate"/>
<opset="tmp_31/21 "/>
</bind>
</comp>

<comp id="1519" class="1004" name="add_ln890_290_fu_1519">
<pin_list>
<pin id="1520" dir="0" index="0" bw="6" slack="0"/>
<pin id="1521" dir="0" index="1" bw="1" slack="0"/>
<pin id="1522" dir="1" index="2" bw="6" slack="0"/>
</pin_list>
<bind>
<opcode="add(8) " fcode="add"/>
<opset="add_ln890_290/23 "/>
</bind>
</comp>

<comp id="1525" class="1004" name="icmp_ln890_1388_fu_1525">
<pin_list>
<pin id="1526" dir="0" index="0" bw="6" slack="0"/>
<pin id="1527" dir="0" index="1" bw="6" slack="0"/>
<pin id="1528" dir="1" index="2" bw="1" slack="1"/>
</pin_list>
<bind>
<opcode="icmp(45) " fcode="icmp"/>
<opset="icmp_ln890_1388/23 "/>
</bind>
</comp>

<comp id="1531" class="1004" name="data_split_V_1_103_load_load_fu_1531">
<pin_list>
<pin id="1532" dir="0" index="0" bw="256" slack="6"/>
<pin id="1533" dir="1" index="1" bw="256" slack="0"/>
</pin_list>
<bind>
<opcode="load(27) " fcode="load"/>
<opset="data_split_V_1_103_load/23 "/>
</bind>
</comp>

<comp id="1534" class="1004" name="data_split_V_1_104_load_load_fu_1534">
<pin_list>
<pin id="1535" dir="0" index="0" bw="256" slack="6"/>
<pin id="1536" dir="1" index="1" bw="256" slack="0"/>
</pin_list>
<bind>
<opcode="load(27) " fcode="load"/>
<opset="data_split_V_1_104_load/23 "/>
</bind>
</comp>

<comp id="1537" class="1004" name="icmp_ln878_fu_1537">
<pin_list>
<pin id="1538" dir="0" index="0" bw="2" slack="0"/>
<pin id="1539" dir="0" index="1" bw="2" slack="0"/>
<pin id="1540" dir="1" index="2" bw="1" slack="0"/>
</pin_list>
<bind>
<opcode="icmp(45) " fcode="icmp"/>
<opset="icmp_ln878/23 "/>
</bind>
</comp>

<comp id="1543" class="1004" name="select_ln17490_fu_1543">
<pin_list>
<pin id="1544" dir="0" index="0" bw="1" slack="0"/>
<pin id="1545" dir="0" index="1" bw="1" slack="0"/>
<pin id="1546" dir="0" index="2" bw="2" slack="0"/>
<pin id="1547" dir="1" index="3" bw="2" slack="0"/>
</pin_list>
<bind>
<opcode="select(49) " fcode="select"/>
<opset="select_ln17490/23 "/>
</bind>
</comp>

<comp id="1551" class="1004" name="select_ln17490_1_fu_1551">
<pin_list>
<pin id="1552" dir="0" index="0" bw="1" slack="0"/>
<pin id="1553" dir="0" index="1" bw="512" slack="1"/>
<pin id="1554" dir="0" index="2" bw="512" slack="0"/>
<pin id="1555" dir="1" index="3" bw="512" slack="0"/>
</pin_list>
<bind>
<opcode="select(49) " fcode="select"/>
<opset="select_ln17490_1/23 "/>
</bind>
</comp>

<comp id="1558" class="1004" name="data_split_V_0_89_fu_1558">
<pin_list>
<pin id="1559" dir="0" index="0" bw="512" slack="0"/>
<pin id="1560" dir="1" index="1" bw="256" slack="0"/>
</pin_list>
<bind>
<opcode="trunc(33) " fcode="trunc"/>
<opset="data_split_V_0_89/23 "/>
</bind>
</comp>

<comp id="1562" class="1004" name="trunc_ln17498_fu_1562">
<pin_list>
<pin id="1563" dir="0" index="0" bw="2" slack="0"/>
<pin id="1564" dir="1" index="1" bw="1" slack="0"/>
</pin_list>
<bind>
<opcode="trunc(33) " fcode="trunc"/>
<opset="trunc_ln17498/23 "/>
</bind>
</comp>

<comp id="1566" class="1004" name="data_split_V_1_111_fu_1566">
<pin_list>
<pin id="1567" dir="0" index="0" bw="1" slack="0"/>
<pin id="1568" dir="0" index="1" bw="256" slack="0"/>
<pin id="1569" dir="0" index="2" bw="256" slack="0"/>
<pin id="1570" dir="1" index="3" bw="256" slack="0"/>
</pin_list>
<bind>
<opcode="select(49) " fcode="select"/>
<opset="data_split_V_1_111/23 "/>
</bind>
</comp>

<comp id="1574" class="1004" name="data_split_V_1_112_fu_1574">
<pin_list>
<pin id="1575" dir="0" index="0" bw="1" slack="0"/>
<pin id="1576" dir="0" index="1" bw="256" slack="0"/>
<pin id="1577" dir="0" index="2" bw="256" slack="0"/>
<pin id="1578" dir="1" index="3" bw="256" slack="0"/>
</pin_list>
<bind>
<opcode="select(49) " fcode="select"/>
<opset="data_split_V_1_112/23 "/>
</bind>
</comp>

<comp id="1582" class="1004" name="r_22_fu_1582">
<pin_list>
<pin id="1583" dir="0" index="0" bw="256" slack="0"/>
<pin id="1584" dir="0" index="1" bw="512" slack="0"/>
<pin id="1585" dir="0" index="2" bw="10" slack="0"/>
<pin id="1586" dir="0" index="3" bw="10" slack="0"/>
<pin id="1587" dir="1" index="4" bw="256" slack="0"/>
</pin_list>
<bind>
<opcode="partselect(1002) " fcode="partselect"/>
<opset="r_22/23 "/>
</bind>
</comp>

<comp id="1592" class="1004" name="zext_ln1497_13_fu_1592">
<pin_list>
<pin id="1593" dir="0" index="0" bw="256" slack="0"/>
<pin id="1594" dir="1" index="1" bw="512" slack="0"/>
</pin_list>
<bind>
<opcode="zext(34) " fcode="zext"/>
<opset="zext_ln1497_13/23 "/>
</bind>
</comp>

<comp id="1596" class="1004" name="add_ln691_1315_fu_1596">
<pin_list>
<pin id="1597" dir="0" index="0" bw="2" slack="0"/>
<pin id="1598" dir="0" index="1" bw="1" slack="0"/>
<pin id="1599" dir="1" index="2" bw="2" slack="0"/>
</pin_list>
<bind>
<opcode="add(8) " fcode="add"/>
<opset="add_ln691_1315/23 "/>
</bind>
</comp>

<comp id="1602" class="1004" name="icmp_ln878_23_fu_1602">
<pin_list>
<pin id="1603" dir="0" index="0" bw="2" slack="0"/>
<pin id="1604" dir="0" index="1" bw="2" slack="0"/>
<pin id="1605" dir="1" index="2" bw="1" slack="1"/>
</pin_list>
<bind>
<opcode="icmp(45) " fcode="icmp"/>
<opset="icmp_ln878_23/23 "/>
</bind>
</comp>

<comp id="1608" class="1004" name="select_ln17502_fu_1608">
<pin_list>
<pin id="1609" dir="0" index="0" bw="1" slack="3"/>
<pin id="1610" dir="0" index="1" bw="256" slack="0"/>
<pin id="1611" dir="0" index="2" bw="256" slack="0"/>
<pin id="1612" dir="1" index="3" bw="256" slack="1"/>
</pin_list>
<bind>
<opcode="select(49) " fcode="select"/>
<opset="select_ln17502/23 "/>
</bind>
</comp>

<comp id="1615" class="1004" name="store_ln17498_store_fu_1615">
<pin_list>
<pin id="1616" dir="0" index="0" bw="256" slack="0"/>
<pin id="1617" dir="0" index="1" bw="256" slack="6"/>
<pin id="1618" dir="1" index="2" bw="0" slack="2147483647"/>
</pin_list>
<bind>
<opcode="store(28) " fcode="store"/>
<opset="store_ln17498/23 "/>
</bind>
</comp>

<comp id="1620" class="1004" name="store_ln17498_store_fu_1620">
<pin_list>
<pin id="1621" dir="0" index="0" bw="256" slack="0"/>
<pin id="1622" dir="0" index="1" bw="256" slack="6"/>
<pin id="1623" dir="1" index="2" bw="0" slack="2147483647"/>
</pin_list>
<bind>
<opcode="store(28) " fcode="store"/>
<opset="store_ln17498/23 "/>
</bind>
</comp>

<comp id="1625" class="1004" name="add_ln691_1314_fu_1625">
<pin_list>
<pin id="1626" dir="0" index="0" bw="4" slack="4"/>
<pin id="1627" dir="0" index="1" bw="1" slack="0"/>
<pin id="1628" dir="1" index="2" bw="4" slack="1"/>
</pin_list>
<bind>
<opcode="add(8) " fcode="add"/>
<opset="add_ln691_1314/25 "/>
</bind>
</comp>

<comp id="1630" class="1004" name="add_ln890_286_fu_1630">
<pin_list>
<pin id="1631" dir="0" index="0" bw="10" slack="4"/>
<pin id="1632" dir="0" index="1" bw="1" slack="0"/>
<pin id="1633" dir="1" index="2" bw="10" slack="0"/>
</pin_list>
<bind>
<opcode="add(8) " fcode="add"/>
<opset="add_ln890_286/25 "/>
</bind>
</comp>

<comp id="1636" class="1004" name="select_ln890_485_fu_1636">
<pin_list>
<pin id="1637" dir="0" index="0" bw="1" slack="4"/>
<pin id="1638" dir="0" index="1" bw="1" slack="0"/>
<pin id="1639" dir="0" index="2" bw="10" slack="0"/>
<pin id="1640" dir="1" index="3" bw="10" slack="1"/>
</pin_list>
<bind>
<opcode="select(49) " fcode="select"/>
<opset="select_ln890_485/25 "/>
</bind>
</comp>

<comp id="1643" class="1004" name="add_ln890_287_fu_1643">
<pin_list>
<pin id="1644" dir="0" index="0" bw="11" slack="4"/>
<pin id="1645" dir="0" index="1" bw="1" slack="0"/>
<pin id="1646" dir="1" index="2" bw="11" slack="0"/>
</pin_list>
<bind>
<opcode="add(8) " fcode="add"/>
<opset="add_ln890_287/25 "/>
</bind>
</comp>

<comp id="1649" class="1004" name="select_ln890_486_fu_1649">
<pin_list>
<pin id="1650" dir="0" index="0" bw="1" slack="4"/>
<pin id="1651" dir="0" index="1" bw="1" slack="0"/>
<pin id="1652" dir="0" index="2" bw="11" slack="0"/>
<pin id="1653" dir="1" index="3" bw="11" slack="1"/>
</pin_list>
<bind>
<opcode="select(49) " fcode="select"/>
<opset="select_ln890_486/25 "/>
</bind>
</comp>

<comp id="1656" class="1004" name="add_ln17523_fu_1656">
<pin_list>
<pin id="1657" dir="0" index="0" bw="17" slack="0"/>
<pin id="1658" dir="0" index="1" bw="1" slack="0"/>
<pin id="1659" dir="1" index="2" bw="17" slack="0"/>
</pin_list>
<bind>
<opcode="add(8) " fcode="add"/>
<opset="add_ln17523/26 "/>
</bind>
</comp>

<comp id="1662" class="1004" name="empty_2500_fu_1662">
<pin_list>
<pin id="1663" dir="0" index="0" bw="6" slack="0"/>
<pin id="1664" dir="1" index="1" bw="1" slack="0"/>
</pin_list>
<bind>
<opcode="trunc(33) " fcode="trunc"/>
<opset="empty_2500/26 "/>
</bind>
</comp>

<comp id="1666" class="1004" name="icmp_ln17523_fu_1666">
<pin_list>
<pin id="1667" dir="0" index="0" bw="17" slack="0"/>
<pin id="1668" dir="0" index="1" bw="17" slack="0"/>
<pin id="1669" dir="1" index="2" bw="1" slack="2147483647"/>
</pin_list>
<bind>
<opcode="icmp(45) " fcode="icmp"/>
<opset="icmp_ln17523/26 "/>
</bind>
</comp>

<comp id="1672" class="1004" name="icmp_ln890_1374_fu_1672">
<pin_list>
<pin id="1673" dir="0" index="0" bw="11" slack="0"/>
<pin id="1674" dir="0" index="1" bw="11" slack="0"/>
<pin id="1675" dir="1" index="2" bw="1" slack="0"/>
</pin_list>
<bind>
<opcode="icmp(45) " fcode="icmp"/>
<opset="icmp_ln890_1374/26 "/>
</bind>
</comp>

<comp id="1678" class="1004" name="xor_ln17523_fu_1678">
<pin_list>
<pin id="1679" dir="0" index="0" bw="1" slack="0"/>
<pin id="1680" dir="0" index="1" bw="1" slack="0"/>
<pin id="1681" dir="1" index="2" bw="1" slack="0"/>
</pin_list>
<bind>
<opcode="xor(25) " fcode="xor"/>
<opset="xor_ln17523/26 "/>
</bind>
</comp>

<comp id="1684" class="1004" name="and_ln17523_fu_1684">
<pin_list>
<pin id="1685" dir="0" index="0" bw="1" slack="0"/>
<pin id="1686" dir="0" index="1" bw="1" slack="0"/>
<pin id="1687" dir="1" index="2" bw="1" slack="0"/>
</pin_list>
<bind>
<opcode="and(23) " fcode="and"/>
<opset="and_ln17523/26 "/>
</bind>
</comp>

<comp id="1690" class="1004" name="icmp_ln890_1375_fu_1690">
<pin_list>
<pin id="1691" dir="0" index="0" bw="4" slack="0"/>
<pin id="1692" dir="0" index="1" bw="4" slack="0"/>
<pin id="1693" dir="1" index="2" bw="1" slack="0"/>
</pin_list>
<bind>
<opcode="icmp(45) " fcode="icmp"/>
<opset="icmp_ln890_1375/26 "/>
</bind>
</comp>

<comp id="1696" class="1004" name="and_ln17523_1_fu_1696">
<pin_list>
<pin id="1697" dir="0" index="0" bw="1" slack="0"/>
<pin id="1698" dir="0" index="1" bw="1" slack="0"/>
<pin id="1699" dir="1" index="2" bw="1" slack="0"/>
</pin_list>
<bind>
<opcode="and(23) " fcode="and"/>
<opset="and_ln17523_1/26 "/>
</bind>
</comp>

<comp id="1702" class="1004" name="icmp_ln890_1376_fu_1702">
<pin_list>
<pin id="1703" dir="0" index="0" bw="10" slack="0"/>
<pin id="1704" dir="0" index="1" bw="10" slack="0"/>
<pin id="1705" dir="1" index="2" bw="1" slack="0"/>
</pin_list>
<bind>
<opcode="icmp(45) " fcode="icmp"/>
<opset="icmp_ln890_1376/26 "/>
</bind>
</comp>

<comp id="1708" class="1004" name="and_ln17523_2_fu_1708">
<pin_list>
<pin id="1709" dir="0" index="0" bw="1" slack="0"/>
<pin id="1710" dir="0" index="1" bw="1" slack="0"/>
<pin id="1711" dir="1" index="2" bw="1" slack="0"/>
</pin_list>
<bind>
<opcode="and(23) " fcode="and"/>
<opset="and_ln17523_2/26 "/>
</bind>
</comp>

<comp id="1714" class="1004" name="or_ln17529_fu_1714">
<pin_list>
<pin id="1715" dir="0" index="0" bw="1" slack="0"/>
<pin id="1716" dir="0" index="1" bw="1" slack="0"/>
<pin id="1717" dir="1" index="2" bw="1" slack="0"/>
</pin_list>
<bind>
<opcode="or(24) " fcode="or"/>
<opset="or_ln17529/26 "/>
</bind>
</comp>

<comp id="1720" class="1004" name="select_ln17529_fu_1720">
<pin_list>
<pin id="1721" dir="0" index="0" bw="1" slack="0"/>
<pin id="1722" dir="0" index="1" bw="1" slack="0"/>
<pin id="1723" dir="0" index="2" bw="6" slack="0"/>
<pin id="1724" dir="1" index="3" bw="6" slack="0"/>
</pin_list>
<bind>
<opcode="select(49) " fcode="select"/>
<opset="select_ln17529/26 "/>
</bind>
</comp>

<comp id="1728" class="1004" name="xor_ln17529_fu_1728">
<pin_list>
<pin id="1729" dir="0" index="0" bw="1" slack="0"/>
<pin id="1730" dir="0" index="1" bw="1" slack="0"/>
<pin id="1731" dir="1" index="2" bw="1" slack="0"/>
</pin_list>
<bind>
<opcode="xor(25) " fcode="xor"/>
<opset="xor_ln17529/26 "/>
</bind>
</comp>

<comp id="1734" class="1004" name="or_ln17529_1_fu_1734">
<pin_list>
<pin id="1735" dir="0" index="0" bw="1" slack="0"/>
<pin id="1736" dir="0" index="1" bw="1" slack="0"/>
<pin id="1737" dir="1" index="2" bw="1" slack="0"/>
</pin_list>
<bind>
<opcode="or(24) " fcode="or"/>
<opset="or_ln17529_1/26 "/>
</bind>
</comp>

<comp id="1740" class="1004" name="and_ln17529_fu_1740">
<pin_list>
<pin id="1741" dir="0" index="0" bw="1" slack="0"/>
<pin id="1742" dir="0" index="1" bw="1" slack="0"/>
<pin id="1743" dir="1" index="2" bw="1" slack="0"/>
</pin_list>
<bind>
<opcode="and(23) " fcode="and"/>
<opset="and_ln17529/26 "/>
</bind>
</comp>

<comp id="1746" class="1004" name="and_ln17529_1_fu_1746">
<pin_list>
<pin id="1747" dir="0" index="0" bw="1" slack="0"/>
<pin id="1748" dir="0" index="1" bw="1" slack="0"/>
<pin id="1749" dir="1" index="2" bw="1" slack="0"/>
</pin_list>
<bind>
<opcode="and(23) " fcode="and"/>
<opset="and_ln17529_1/26 "/>
</bind>
</comp>

<comp id="1752" class="1004" name="add_ln691_fu_1752">
<pin_list>
<pin id="1753" dir="0" index="0" bw="6" slack="0"/>
<pin id="1754" dir="0" index="1" bw="1" slack="0"/>
<pin id="1755" dir="1" index="2" bw="6" slack="0"/>
</pin_list>
<bind>
<opcode="add(8) " fcode="add"/>
<opset="add_ln691/26 "/>
</bind>
</comp>

<comp id="1758" class="1004" name="or_ln17530_fu_1758">
<pin_list>
<pin id="1759" dir="0" index="0" bw="1" slack="0"/>
<pin id="1760" dir="0" index="1" bw="1" slack="0"/>
<pin id="1761" dir="1" index="2" bw="1" slack="0"/>
</pin_list>
<bind>
<opcode="or(24) " fcode="or"/>
<opset="or_ln17530/26 "/>
</bind>
</comp>

<comp id="1764" class="1004" name="or_ln17530_1_fu_1764">
<pin_list>
<pin id="1765" dir="0" index="0" bw="1" slack="0"/>
<pin id="1766" dir="0" index="1" bw="1" slack="0"/>
<pin id="1767" dir="1" index="2" bw="1" slack="0"/>
</pin_list>
<bind>
<opcode="or(24) " fcode="or"/>
<opset="or_ln17530_1/26 "/>
</bind>
</comp>

<comp id="1770" class="1004" name="select_ln17530_fu_1770">
<pin_list>
<pin id="1771" dir="0" index="0" bw="1" slack="0"/>
<pin id="1772" dir="0" index="1" bw="1" slack="0"/>
<pin id="1773" dir="0" index="2" bw="4" slack="0"/>
<pin id="1774" dir="1" index="3" bw="4" slack="1"/>
</pin_list>
<bind>
<opcode="select(49) " fcode="select"/>
<opset="select_ln17530/26 "/>
</bind>
</comp>

<comp id="1778" class="1004" name="empty_2501_fu_1778">
<pin_list>
<pin id="1779" dir="0" index="0" bw="6" slack="0"/>
<pin id="1780" dir="1" index="1" bw="1" slack="0"/>
</pin_list>
<bind>
<opcode="trunc(33) " fcode="trunc"/>
<opset="empty_2501/26 "/>
</bind>
</comp>

<comp id="1782" class="1004" name="select_ln17530_1_fu_1782">
<pin_list>
<pin id="1783" dir="0" index="0" bw="1" slack="0"/>
<pin id="1784" dir="0" index="1" bw="1" slack="0"/>
<pin id="1785" dir="0" index="2" bw="1" slack="0"/>
<pin id="1786" dir="1" index="3" bw="1" slack="3"/>
</pin_list>
<bind>
<opcode="select(49) " fcode="select"/>
<opset="select_ln17530_1/26 "/>
</bind>
</comp>

<comp id="1790" class="1004" name="select_ln890_fu_1790">
<pin_list>
<pin id="1791" dir="0" index="0" bw="1" slack="0"/>
<pin id="1792" dir="0" index="1" bw="6" slack="0"/>
<pin id="1793" dir="0" index="2" bw="6" slack="0"/>
<pin id="1794" dir="1" index="3" bw="6" slack="0"/>
</pin_list>
<bind>
<opcode="select(49) " fcode="select"/>
<opset="select_ln890/26 "/>
</bind>
</comp>

<comp id="1798" class="1004" name="tmp_fu_1798">
<pin_list>
<pin id="1799" dir="0" index="0" bw="4" slack="0"/>
<pin id="1800" dir="0" index="1" bw="6" slack="0"/>
<pin id="1801" dir="0" index="2" bw="1" slack="0"/>
<pin id="1802" dir="0" index="3" bw="4" slack="0"/>
<pin id="1803" dir="1" index="4" bw="4" slack="0"/>
</pin_list>
<bind>
<opcode="partselect(1002) " fcode="partselect"/>
<opset="tmp/26 "/>
</bind>
</comp>

<comp id="1808" class="1004" name="tmp_508_fu_1808">
<pin_list>
<pin id="1809" dir="0" index="0" bw="4" slack="0"/>
<pin id="1810" dir="0" index="1" bw="6" slack="0"/>
<pin id="1811" dir="0" index="2" bw="1" slack="0"/>
<pin id="1812" dir="0" index="3" bw="4" slack="0"/>
<pin id="1813" dir="1" index="4" bw="4" slack="0"/>
</pin_list>
<bind>
<opcode="partselect(1002) " fcode="partselect"/>
<opset="tmp_508/26 "/>
</bind>
</comp>

<comp id="1818" class="1004" name="select_ln17529_1_fu_1818">
<pin_list>
<pin id="1819" dir="0" index="0" bw="1" slack="0"/>
<pin id="1820" dir="0" index="1" bw="1" slack="0"/>
<pin id="1821" dir="0" index="2" bw="4" slack="0"/>
<pin id="1822" dir="1" index="3" bw="4" slack="0"/>
</pin_list>
<bind>
<opcode="select(49) " fcode="select"/>
<opset="select_ln17529_1/26 "/>
</bind>
</comp>

<comp id="1826" class="1004" name="select_ln17530_2_fu_1826">
<pin_list>
<pin id="1827" dir="0" index="0" bw="1" slack="0"/>
<pin id="1828" dir="0" index="1" bw="4" slack="0"/>
<pin id="1829" dir="0" index="2" bw="4" slack="0"/>
<pin id="1830" dir="1" index="3" bw="4" slack="1"/>
</pin_list>
<bind>
<opcode="select(49) " fcode="select"/>
<opset="select_ln17530_2/26 "/>
</bind>
</comp>

<comp id="1834" class="1004" name="tmp_s_fu_1834">
<pin_list>
<pin id="1835" dir="0" index="0" bw="64" slack="0"/>
<pin id="1836" dir="0" index="1" bw="1" slack="0"/>
<pin id="1837" dir="0" index="2" bw="4" slack="1"/>
<pin id="1838" dir="0" index="3" bw="4" slack="1"/>
<pin id="1839" dir="1" index="4" bw="64" slack="0"/>
</pin_list>
<bind>
<opcode="bitconcatenate(1004) " fcode="bitconcatenate"/>
<opset="tmp_s/27 "/>
</bind>
</comp>

<comp id="1843" class="1004" name="add_ln890_284_fu_1843">
<pin_list>
<pin id="1844" dir="0" index="0" bw="6" slack="0"/>
<pin id="1845" dir="0" index="1" bw="1" slack="0"/>
<pin id="1846" dir="1" index="2" bw="6" slack="0"/>
</pin_list>
<bind>
<opcode="add(8) " fcode="add"/>
<opset="add_ln890_284/29 "/>
</bind>
</comp>

<comp id="1849" class="1004" name="icmp_ln890_1377_fu_1849">
<pin_list>
<pin id="1850" dir="0" index="0" bw="6" slack="0"/>
<pin id="1851" dir="0" index="1" bw="6" slack="0"/>
<pin id="1852" dir="1" index="2" bw="1" slack="1"/>
</pin_list>
<bind>
<opcode="icmp(45) " fcode="icmp"/>
<opset="icmp_ln890_1377/29 "/>
</bind>
</comp>

<comp id="1855" class="1004" name="data_split_V_1_105_load_load_fu_1855">
<pin_list>
<pin id="1856" dir="0" index="0" bw="256" slack="4"/>
<pin id="1857" dir="1" index="1" bw="256" slack="0"/>
</pin_list>
<bind>
<opcode="load(27) " fcode="load"/>
<opset="data_split_V_1_105_load/29 "/>
</bind>
</comp>

<comp id="1858" class="1004" name="data_split_V_1_106_load_load_fu_1858">
<pin_list>
<pin id="1859" dir="0" index="0" bw="256" slack="4"/>
<pin id="1860" dir="1" index="1" bw="256" slack="0"/>
</pin_list>
<bind>
<opcode="load(27) " fcode="load"/>
<opset="data_split_V_1_106_load/29 "/>
</bind>
</comp>

<comp id="1861" class="1004" name="icmp_ln878305_fu_1861">
<pin_list>
<pin id="1862" dir="0" index="0" bw="2" slack="0"/>
<pin id="1863" dir="0" index="1" bw="2" slack="0"/>
<pin id="1864" dir="1" index="2" bw="1" slack="0"/>
</pin_list>
<bind>
<opcode="icmp(45) " fcode="icmp"/>
<opset="icmp_ln878305/29 "/>
</bind>
</comp>

<comp id="1867" class="1004" name="select_ln17534_fu_1867">
<pin_list>
<pin id="1868" dir="0" index="0" bw="1" slack="0"/>
<pin id="1869" dir="0" index="1" bw="1" slack="0"/>
<pin id="1870" dir="0" index="2" bw="2" slack="0"/>
<pin id="1871" dir="1" index="3" bw="2" slack="0"/>
</pin_list>
<bind>
<opcode="select(49) " fcode="select"/>
<opset="select_ln17534/29 "/>
</bind>
</comp>

<comp id="1875" class="1004" name="select_ln17534_1_fu_1875">
<pin_list>
<pin id="1876" dir="0" index="0" bw="1" slack="0"/>
<pin id="1877" dir="0" index="1" bw="512" slack="1"/>
<pin id="1878" dir="0" index="2" bw="512" slack="0"/>
<pin id="1879" dir="1" index="3" bw="512" slack="0"/>
</pin_list>
<bind>
<opcode="select(49) " fcode="select"/>
<opset="select_ln17534_1/29 "/>
</bind>
</comp>

<comp id="1883" class="1004" name="data_split_V_0_90_fu_1883">
<pin_list>
<pin id="1884" dir="0" index="0" bw="512" slack="0"/>
<pin id="1885" dir="1" index="1" bw="256" slack="0"/>
</pin_list>
<bind>
<opcode="trunc(33) " fcode="trunc"/>
<opset="data_split_V_0_90/29 "/>
</bind>
</comp>

<comp id="1887" class="1004" name="trunc_ln17542_fu_1887">
<pin_list>
<pin id="1888" dir="0" index="0" bw="2" slack="0"/>
<pin id="1889" dir="1" index="1" bw="1" slack="0"/>
</pin_list>
<bind>
<opcode="trunc(33) " fcode="trunc"/>
<opset="trunc_ln17542/29 "/>
</bind>
</comp>

<comp id="1891" class="1004" name="data_split_V_1_108_fu_1891">
<pin_list>
<pin id="1892" dir="0" index="0" bw="1" slack="0"/>
<pin id="1893" dir="0" index="1" bw="256" slack="0"/>
<pin id="1894" dir="0" index="2" bw="256" slack="0"/>
<pin id="1895" dir="1" index="3" bw="256" slack="0"/>
</pin_list>
<bind>
<opcode="select(49) " fcode="select"/>
<opset="data_split_V_1_108/29 "/>
</bind>
</comp>

<comp id="1899" class="1004" name="data_split_V_1_109_fu_1899">
<pin_list>
<pin id="1900" dir="0" index="0" bw="1" slack="0"/>
<pin id="1901" dir="0" index="1" bw="256" slack="0"/>
<pin id="1902" dir="0" index="2" bw="256" slack="0"/>
<pin id="1903" dir="1" index="3" bw="256" slack="0"/>
</pin_list>
<bind>
<opcode="select(49) " fcode="select"/>
<opset="data_split_V_1_109/29 "/>
</bind>
</comp>

<comp id="1907" class="1004" name="r_23_fu_1907">
<pin_list>
<pin id="1908" dir="0" index="0" bw="256" slack="0"/>
<pin id="1909" dir="0" index="1" bw="512" slack="0"/>
<pin id="1910" dir="0" index="2" bw="10" slack="0"/>
<pin id="1911" dir="0" index="3" bw="10" slack="0"/>
<pin id="1912" dir="1" index="4" bw="256" slack="0"/>
</pin_list>
<bind>
<opcode="partselect(1002) " fcode="partselect"/>
<opset="r_23/29 "/>
</bind>
</comp>

<comp id="1917" class="1004" name="zext_ln1497_fu_1917">
<pin_list>
<pin id="1918" dir="0" index="0" bw="256" slack="0"/>
<pin id="1919" dir="1" index="1" bw="512" slack="0"/>
</pin_list>
<bind>
<opcode="zext(34) " fcode="zext"/>
<opset="zext_ln1497/29 "/>
</bind>
</comp>

<comp id="1921" class="1004" name="add_ln691_1310_fu_1921">
<pin_list>
<pin id="1922" dir="0" index="0" bw="2" slack="0"/>
<pin id="1923" dir="0" index="1" bw="1" slack="0"/>
<pin id="1924" dir="1" index="2" bw="2" slack="0"/>
</pin_list>
<bind>
<opcode="add(8) " fcode="add"/>
<opset="add_ln691_1310/29 "/>
</bind>
</comp>

<comp id="1927" class="1004" name="icmp_ln878_22_fu_1927">
<pin_list>
<pin id="1928" dir="0" index="0" bw="2" slack="0"/>
<pin id="1929" dir="0" index="1" bw="2" slack="0"/>
<pin id="1930" dir="1" index="2" bw="1" slack="1"/>
</pin_list>
<bind>
<opcode="icmp(45) " fcode="icmp"/>
<opset="icmp_ln878_22/29 "/>
</bind>
</comp>

<comp id="1933" class="1004" name="select_ln17546_fu_1933">
<pin_list>
<pin id="1934" dir="0" index="0" bw="1" slack="3"/>
<pin id="1935" dir="0" index="1" bw="256" slack="0"/>
<pin id="1936" dir="0" index="2" bw="256" slack="0"/>
<pin id="1937" dir="1" index="3" bw="256" slack="1"/>
</pin_list>
<bind>
<opcode="select(49) " fcode="select"/>
<opset="select_ln17546/29 "/>
</bind>
</comp>

<comp id="1940" class="1004" name="store_ln17542_store_fu_1940">
<pin_list>
<pin id="1941" dir="0" index="0" bw="256" slack="0"/>
<pin id="1942" dir="0" index="1" bw="256" slack="4"/>
<pin id="1943" dir="1" index="2" bw="0" slack="2147483647"/>
</pin_list>
<bind>
<opcode="store(28) " fcode="store"/>
<opset="store_ln17542/29 "/>
</bind>
</comp>

<comp id="1945" class="1004" name="store_ln17542_store_fu_1945">
<pin_list>
<pin id="1946" dir="0" index="0" bw="256" slack="0"/>
<pin id="1947" dir="0" index="1" bw="256" slack="4"/>
<pin id="1948" dir="1" index="2" bw="0" slack="2147483647"/>
</pin_list>
<bind>
<opcode="store(28) " fcode="store"/>
<opset="store_ln17542/29 "/>
</bind>
</comp>

<comp id="1950" class="1004" name="add_ln691_1309_fu_1950">
<pin_list>
<pin id="1951" dir="0" index="0" bw="4" slack="4"/>
<pin id="1952" dir="0" index="1" bw="1" slack="0"/>
<pin id="1953" dir="1" index="2" bw="4" slack="1"/>
</pin_list>
<bind>
<opcode="add(8) " fcode="add"/>
<opset="add_ln691_1309/31 "/>
</bind>
</comp>

<comp id="1955" class="1004" name="add_ln890_fu_1955">
<pin_list>
<pin id="1956" dir="0" index="0" bw="10" slack="4"/>
<pin id="1957" dir="0" index="1" bw="1" slack="0"/>
<pin id="1958" dir="1" index="2" bw="10" slack="0"/>
</pin_list>
<bind>
<opcode="add(8) " fcode="add"/>
<opset="add_ln890/31 "/>
</bind>
</comp>

<comp id="1961" class="1004" name="select_ln890_481_fu_1961">
<pin_list>
<pin id="1962" dir="0" index="0" bw="1" slack="4"/>
<pin id="1963" dir="0" index="1" bw="1" slack="0"/>
<pin id="1964" dir="0" index="2" bw="10" slack="0"/>
<pin id="1965" dir="1" index="3" bw="10" slack="1"/>
</pin_list>
<bind>
<opcode="select(49) " fcode="select"/>
<opset="select_ln890_481/31 "/>
</bind>
</comp>

<comp id="1968" class="1004" name="add_ln890_283_fu_1968">
<pin_list>
<pin id="1969" dir="0" index="0" bw="11" slack="4"/>
<pin id="1970" dir="0" index="1" bw="1" slack="0"/>
<pin id="1971" dir="1" index="2" bw="11" slack="0"/>
</pin_list>
<bind>
<opcode="add(8) " fcode="add"/>
<opset="add_ln890_283/31 "/>
</bind>
</comp>

<comp id="1974" class="1004" name="select_ln890_482_fu_1974">
<pin_list>
<pin id="1975" dir="0" index="0" bw="1" slack="4"/>
<pin id="1976" dir="0" index="1" bw="1" slack="0"/>
<pin id="1977" dir="0" index="2" bw="11" slack="0"/>
<pin id="1978" dir="1" index="3" bw="11" slack="1"/>
</pin_list>
<bind>
<opcode="select(49) " fcode="select"/>
<opset="select_ln890_482/31 "/>
</bind>
</comp>

<comp id="1981" class="1005" name="data_split_V_1_reg_1981">
<pin_list>
<pin id="1982" dir="0" index="0" bw="256" slack="6"/>
<pin id="1983" dir="1" index="1" bw="256" slack="6"/>
</pin_list>
<bind>
<opset="data_split_V_1 "/>
</bind>
</comp>

<comp id="1987" class="1005" name="data_split_V_1_102_reg_1987">
<pin_list>
<pin id="1988" dir="0" index="0" bw="256" slack="6"/>
<pin id="1989" dir="1" index="1" bw="256" slack="6"/>
</pin_list>
<bind>
<opset="data_split_V_1_102 "/>
</bind>
</comp>

<comp id="1993" class="1005" name="data_split_V_1_103_reg_1993">
<pin_list>
<pin id="1994" dir="0" index="0" bw="256" slack="6"/>
<pin id="1995" dir="1" index="1" bw="256" slack="6"/>
</pin_list>
<bind>
<opset="data_split_V_1_103 "/>
</bind>
</comp>

<comp id="1999" class="1005" name="data_split_V_1_104_reg_1999">
<pin_list>
<pin id="2000" dir="0" index="0" bw="256" slack="6"/>
<pin id="2001" dir="1" index="1" bw="256" slack="6"/>
</pin_list>
<bind>
<opset="data_split_V_1_104 "/>
</bind>
</comp>

<comp id="2005" class="1005" name="add_ln890_285_reg_2005">
<pin_list>
<pin id="2006" dir="0" index="0" bw="5" slack="0"/>
<pin id="2007" dir="1" index="1" bw="5" slack="0"/>
</pin_list>
<bind>
<opset="add_ln890_285 "/>
</bind>
</comp>

<comp id="2013" class="1005" name="icmp_ln890303_reg_2013">
<pin_list>
<pin id="2014" dir="0" index="0" bw="1" slack="2"/>
<pin id="2015" dir="1" index="1" bw="1" slack="2"/>
</pin_list>
<bind>
<opset="icmp_ln890303 "/>
</bind>
</comp>

<comp id="2018" class="1005" name="select_ln17357_reg_2018">
<pin_list>
<pin id="2019" dir="0" index="0" bw="3" slack="2"/>
<pin id="2020" dir="1" index="1" bw="3" slack="2"/>
</pin_list>
<bind>
<opset="select_ln17357 "/>
</bind>
</comp>

<comp id="2023" class="1005" name="or_ln17357_reg_2023">
<pin_list>
<pin id="2024" dir="0" index="0" bw="1" slack="1"/>
<pin id="2025" dir="1" index="1" bw="1" slack="2147483647"/>
</pin_list>
<bind>
<opset="or_ln17357 "/>
</bind>
</comp>

<comp id="2027" class="1005" name="and_ln17357_reg_2027">
<pin_list>
<pin id="2028" dir="0" index="0" bw="1" slack="2"/>
<pin id="2029" dir="1" index="1" bw="1" slack="2147483647"/>
</pin_list>
<bind>
<opset="and_ln17357 "/>
</bind>
</comp>

<comp id="2031" class="1005" name="add_i_i780_cast_reg_2031">
<pin_list>
<pin id="2032" dir="0" index="0" bw="6" slack="1"/>
<pin id="2033" dir="1" index="1" bw="6" slack="1"/>
</pin_list>
<bind>
<opset="add_i_i780_cast "/>
</bind>
</comp>

<comp id="2037" class="1005" name="data_split_V_1_105_reg_2037">
<pin_list>
<pin id="2038" dir="0" index="0" bw="256" slack="4"/>
<pin id="2039" dir="1" index="1" bw="256" slack="4"/>
</pin_list>
<bind>
<opset="data_split_V_1_105 "/>
</bind>
</comp>

<comp id="2043" class="1005" name="data_split_V_1_106_reg_2043">
<pin_list>
<pin id="2044" dir="0" index="0" bw="256" slack="4"/>
<pin id="2045" dir="1" index="1" bw="256" slack="4"/>
</pin_list>
<bind>
<opset="data_split_V_1_106 "/>
</bind>
</comp>

<comp id="2055" class="1005" name="icmp_ln17369_reg_2055">
<pin_list>
<pin id="2056" dir="0" index="0" bw="1" slack="1"/>
<pin id="2057" dir="1" index="1" bw="1" slack="2147483647"/>
</pin_list>
<bind>
<opset="icmp_ln17369 "/>
</bind>
</comp>

<comp id="2059" class="1005" name="add_ln691_1324_reg_2059">
<pin_list>
<pin id="2060" dir="0" index="0" bw="4" slack="0"/>
<pin id="2061" dir="1" index="1" bw="4" slack="0"/>
</pin_list>
<bind>
<opset="add_ln691_1324 "/>
</bind>
</comp>

<comp id="2067" class="1005" name="add_ln691_1322_reg_2067">
<pin_list>
<pin id="2068" dir="0" index="0" bw="4" slack="0"/>
<pin id="2069" dir="1" index="1" bw="4" slack="0"/>
</pin_list>
<bind>
<opset="add_ln691_1322 "/>
</bind>
</comp>

<comp id="2072" class="1005" name="tmp_596_cast_reg_2072">
<pin_list>
<pin id="2073" dir="0" index="0" bw="7" slack="1"/>
<pin id="2074" dir="1" index="1" bw="7" slack="1"/>
</pin_list>
<bind>
<opset="tmp_596_cast "/>
</bind>
</comp>

<comp id="2080" class="1005" name="c3_51_reg_2080">
<pin_list>
<pin id="2081" dir="0" index="0" bw="4" slack="1"/>
<pin id="2082" dir="1" index="1" bw="4" slack="1"/>
</pin_list>
<bind>
<opset="c3_51 "/>
</bind>
</comp>

<comp id="2085" class="1005" name="add_ln691_1325_reg_2085">
<pin_list>
<pin id="2086" dir="0" index="0" bw="5" slack="0"/>
<pin id="2087" dir="1" index="1" bw="5" slack="0"/>
</pin_list>
<bind>
<opset="add_ln691_1325 "/>
</bind>
</comp>

<comp id="2093" class="1005" name="add_ln691_1323_reg_2093">
<pin_list>
<pin id="2094" dir="0" index="0" bw="5" slack="0"/>
<pin id="2095" dir="1" index="1" bw="5" slack="0"/>
</pin_list>
<bind>
<opset="add_ln691_1323 "/>
</bind>
</comp>

<comp id="2098" class="1005" name="local_C_pong_V_addr_reg_2098">
<pin_list>
<pin id="2099" dir="0" index="0" bw="7" slack="1"/>
<pin id="2100" dir="1" index="1" bw="7" slack="1"/>
</pin_list>
<bind>
<opset="local_C_pong_V_addr "/>
</bind>
</comp>

<comp id="2106" class="1005" name="add_ln17405_reg_2106">
<pin_list>
<pin id="2107" dir="0" index="0" bw="17" slack="0"/>
<pin id="2108" dir="1" index="1" bw="17" slack="0"/>
</pin_list>
<bind>
<opset="add_ln17405 "/>
</bind>
</comp>

<comp id="2114" class="1005" name="icmp_ln890_1385_reg_2114">
<pin_list>
<pin id="2115" dir="0" index="0" bw="1" slack="4"/>
<pin id="2116" dir="1" index="1" bw="1" slack="4"/>
</pin_list>
<bind>
<opset="icmp_ln890_1385 "/>
</bind>
</comp>

<comp id="2119" class="1005" name="or_ln17411_reg_2119">
<pin_list>
<pin id="2120" dir="0" index="0" bw="1" slack="4"/>
<pin id="2121" dir="1" index="1" bw="1" slack="4"/>
</pin_list>
<bind>
<opset="or_ln17411 "/>
</bind>
</comp>

<comp id="2124" class="1005" name="select_ln17412_reg_2124">
<pin_list>
<pin id="2125" dir="0" index="0" bw="4" slack="1"/>
<pin id="2126" dir="1" index="1" bw="4" slack="1"/>
</pin_list>
<bind>
<opset="select_ln17412 "/>
</bind>
</comp>

<comp id="2130" class="1005" name="select_ln17412_1_reg_2130">
<pin_list>
<pin id="2131" dir="0" index="0" bw="1" slack="3"/>
<pin id="2132" dir="1" index="1" bw="1" slack="3"/>
</pin_list>
<bind>
<opset="select_ln17412_1 "/>
</bind>
</comp>

<comp id="2135" class="1005" name="select_ln890_484_reg_2135">
<pin_list>
<pin id="2136" dir="0" index="0" bw="6" slack="0"/>
<pin id="2137" dir="1" index="1" bw="6" slack="0"/>
</pin_list>
<bind>
<opset="select_ln890_484 "/>
</bind>
</comp>

<comp id="2140" class="1005" name="select_ln17412_2_reg_2140">
<pin_list>
<pin id="2141" dir="0" index="0" bw="4" slack="1"/>
<pin id="2142" dir="1" index="1" bw="4" slack="1"/>
</pin_list>
<bind>
<opset="select_ln17412_2 "/>
</bind>
</comp>

<comp id="2145" class="1005" name="add_ln17479_reg_2145">
<pin_list>
<pin id="2146" dir="0" index="0" bw="17" slack="0"/>
<pin id="2147" dir="1" index="1" bw="17" slack="0"/>
</pin_list>
<bind>
<opset="add_ln17479 "/>
</bind>
</comp>

<comp id="2153" class="1005" name="icmp_ln890_1382_reg_2153">
<pin_list>
<pin id="2154" dir="0" index="0" bw="1" slack="4"/>
<pin id="2155" dir="1" index="1" bw="1" slack="4"/>
</pin_list>
<bind>
<opset="icmp_ln890_1382 "/>
</bind>
</comp>

<comp id="2158" class="1005" name="or_ln17485_reg_2158">
<pin_list>
<pin id="2159" dir="0" index="0" bw="1" slack="4"/>
<pin id="2160" dir="1" index="1" bw="1" slack="4"/>
</pin_list>
<bind>
<opset="or_ln17485 "/>
</bind>
</comp>

<comp id="2163" class="1005" name="select_ln17486_reg_2163">
<pin_list>
<pin id="2164" dir="0" index="0" bw="4" slack="1"/>
<pin id="2165" dir="1" index="1" bw="4" slack="1"/>
</pin_list>
<bind>
<opset="select_ln17486 "/>
</bind>
</comp>

<comp id="2169" class="1005" name="select_ln17486_1_reg_2169">
<pin_list>
<pin id="2170" dir="0" index="0" bw="1" slack="3"/>
<pin id="2171" dir="1" index="1" bw="1" slack="3"/>
</pin_list>
<bind>
<opset="select_ln17486_1 "/>
</bind>
</comp>

<comp id="2174" class="1005" name="select_ln890_483_reg_2174">
<pin_list>
<pin id="2175" dir="0" index="0" bw="6" slack="0"/>
<pin id="2176" dir="1" index="1" bw="6" slack="0"/>
</pin_list>
<bind>
<opset="select_ln890_483 "/>
</bind>
</comp>

<comp id="2179" class="1005" name="select_ln17486_2_reg_2179">
<pin_list>
<pin id="2180" dir="0" index="0" bw="4" slack="1"/>
<pin id="2181" dir="1" index="1" bw="4" slack="1"/>
</pin_list>
<bind>
<opset="select_ln17486_2 "/>
</bind>
</comp>

<comp id="2184" class="1005" name="arb_reg_2184">
<pin_list>
<pin id="2185" dir="0" index="0" bw="1" slack="1"/>
<pin id="2186" dir="1" index="1" bw="1" slack="1"/>
</pin_list>
<bind>
<opset="arb "/>
</bind>
</comp>

<comp id="2189" class="1005" name="add_ln691_1313_reg_2189">
<pin_list>
<pin id="2190" dir="0" index="0" bw="3" slack="1"/>
<pin id="2191" dir="1" index="1" bw="3" slack="1"/>
</pin_list>
<bind>
<opset="add_ln691_1313 "/>
</bind>
</comp>

<comp id="2194" class="1005" name="local_C_ping_V_addr_26_reg_2194">
<pin_list>
<pin id="2195" dir="0" index="0" bw="7" slack="1"/>
<pin id="2196" dir="1" index="1" bw="7" slack="1"/>
</pin_list>
<bind>
<opset="local_C_ping_V_addr_26 "/>
</bind>
</comp>

<comp id="2199" class="1005" name="add_ln890_291_reg_2199">
<pin_list>
<pin id="2200" dir="0" index="0" bw="6" slack="0"/>
<pin id="2201" dir="1" index="1" bw="6" slack="0"/>
</pin_list>
<bind>
<opset="add_ln890_291 "/>
</bind>
</comp>

<comp id="2204" class="1005" name="icmp_ln890_1391_reg_2204">
<pin_list>
<pin id="2205" dir="0" index="0" bw="1" slack="1"/>
<pin id="2206" dir="1" index="1" bw="1" slack="2147483647"/>
</pin_list>
<bind>
<opset="icmp_ln890_1391 "/>
</bind>
</comp>

<comp id="2208" class="1005" name="zext_ln1497_14_reg_2208">
<pin_list>
<pin id="2209" dir="0" index="0" bw="512" slack="0"/>
<pin id="2210" dir="1" index="1" bw="512" slack="0"/>
</pin_list>
<bind>
<opset="zext_ln1497_14 "/>
</bind>
</comp>

<comp id="2213" class="1005" name="add_ln691_1317_reg_2213">
<pin_list>
<pin id="2214" dir="0" index="0" bw="2" slack="0"/>
<pin id="2215" dir="1" index="1" bw="2" slack="0"/>
</pin_list>
<bind>
<opset="add_ln691_1317 "/>
</bind>
</comp>

<comp id="2218" class="1005" name="icmp_ln878_24_reg_2218">
<pin_list>
<pin id="2219" dir="0" index="0" bw="1" slack="1"/>
<pin id="2220" dir="1" index="1" bw="1" slack="2147483647"/>
</pin_list>
<bind>
<opset="icmp_ln878_24 "/>
</bind>
</comp>

<comp id="2222" class="1005" name="select_ln17428_reg_2222">
<pin_list>
<pin id="2223" dir="0" index="0" bw="256" slack="1"/>
<pin id="2224" dir="1" index="1" bw="256" slack="1"/>
</pin_list>
<bind>
<opset="select_ln17428 "/>
</bind>
</comp>

<comp id="2227" class="1005" name="add_ln691_1316_reg_2227">
<pin_list>
<pin id="2228" dir="0" index="0" bw="4" slack="1"/>
<pin id="2229" dir="1" index="1" bw="4" slack="1"/>
</pin_list>
<bind>
<opset="add_ln691_1316 "/>
</bind>
</comp>

<comp id="2232" class="1005" name="select_ln890_487_reg_2232">
<pin_list>
<pin id="2233" dir="0" index="0" bw="10" slack="1"/>
<pin id="2234" dir="1" index="1" bw="10" slack="1"/>
</pin_list>
<bind>
<opset="select_ln890_487 "/>
</bind>
</comp>

<comp id="2237" class="1005" name="select_ln890_488_reg_2237">
<pin_list>
<pin id="2238" dir="0" index="0" bw="11" slack="1"/>
<pin id="2239" dir="1" index="1" bw="11" slack="1"/>
</pin_list>
<bind>
<opset="select_ln890_488 "/>
</bind>
</comp>

<comp id="2248" class="1005" name="icmp_ln17443_reg_2248">
<pin_list>
<pin id="2249" dir="0" index="0" bw="1" slack="1"/>
<pin id="2250" dir="1" index="1" bw="1" slack="2147483647"/>
</pin_list>
<bind>
<opset="icmp_ln17443 "/>
</bind>
</comp>

<comp id="2252" class="1005" name="add_ln691_1320_reg_2252">
<pin_list>
<pin id="2253" dir="0" index="0" bw="4" slack="0"/>
<pin id="2254" dir="1" index="1" bw="4" slack="0"/>
</pin_list>
<bind>
<opset="add_ln691_1320 "/>
</bind>
</comp>

<comp id="2260" class="1005" name="add_ln691_1318_reg_2260">
<pin_list>
<pin id="2261" dir="0" index="0" bw="4" slack="0"/>
<pin id="2262" dir="1" index="1" bw="4" slack="0"/>
</pin_list>
<bind>
<opset="add_ln691_1318 "/>
</bind>
</comp>

<comp id="2265" class="1005" name="tmp_591_cast_reg_2265">
<pin_list>
<pin id="2266" dir="0" index="0" bw="7" slack="1"/>
<pin id="2267" dir="1" index="1" bw="7" slack="1"/>
</pin_list>
<bind>
<opset="tmp_591_cast "/>
</bind>
</comp>

<comp id="2273" class="1005" name="c3_50_reg_2273">
<pin_list>
<pin id="2274" dir="0" index="0" bw="4" slack="1"/>
<pin id="2275" dir="1" index="1" bw="4" slack="1"/>
</pin_list>
<bind>
<opset="c3_50 "/>
</bind>
</comp>

<comp id="2278" class="1005" name="add_ln691_1321_reg_2278">
<pin_list>
<pin id="2279" dir="0" index="0" bw="5" slack="0"/>
<pin id="2280" dir="1" index="1" bw="5" slack="0"/>
</pin_list>
<bind>
<opset="add_ln691_1321 "/>
</bind>
</comp>

<comp id="2286" class="1005" name="add_ln691_1319_reg_2286">
<pin_list>
<pin id="2287" dir="0" index="0" bw="5" slack="0"/>
<pin id="2288" dir="1" index="1" bw="5" slack="0"/>
</pin_list>
<bind>
<opset="add_ln691_1319 "/>
</bind>
</comp>

<comp id="2291" class="1005" name="local_C_ping_V_addr_25_reg_2291">
<pin_list>
<pin id="2292" dir="0" index="0" bw="7" slack="1"/>
<pin id="2293" dir="1" index="1" bw="7" slack="1"/>
</pin_list>
<bind>
<opset="local_C_ping_V_addr_25 "/>
</bind>
</comp>

<comp id="2299" class="1005" name="local_C_pong_V_addr_13_reg_2299">
<pin_list>
<pin id="2300" dir="0" index="0" bw="7" slack="1"/>
<pin id="2301" dir="1" index="1" bw="7" slack="1"/>
</pin_list>
<bind>
<opset="local_C_pong_V_addr_13 "/>
</bind>
</comp>

<comp id="2304" class="1005" name="in_data_V_63_reg_2304">
<pin_list>
<pin id="2305" dir="0" index="0" bw="512" slack="1"/>
<pin id="2306" dir="1" index="1" bw="512" slack="1"/>
</pin_list>
<bind>
<opset="in_data_V_63 "/>
</bind>
</comp>

<comp id="2310" class="1005" name="add_ln890_290_reg_2310">
<pin_list>
<pin id="2311" dir="0" index="0" bw="6" slack="0"/>
<pin id="2312" dir="1" index="1" bw="6" slack="0"/>
</pin_list>
<bind>
<opset="add_ln890_290 "/>
</bind>
</comp>

<comp id="2315" class="1005" name="icmp_ln890_1388_reg_2315">
<pin_list>
<pin id="2316" dir="0" index="0" bw="1" slack="1"/>
<pin id="2317" dir="1" index="1" bw="1" slack="2147483647"/>
</pin_list>
<bind>
<opset="icmp_ln890_1388 "/>
</bind>
</comp>

<comp id="2319" class="1005" name="zext_ln1497_13_reg_2319">
<pin_list>
<pin id="2320" dir="0" index="0" bw="512" slack="0"/>
<pin id="2321" dir="1" index="1" bw="512" slack="0"/>
</pin_list>
<bind>
<opset="zext_ln1497_13 "/>
</bind>
</comp>

<comp id="2324" class="1005" name="add_ln691_1315_reg_2324">
<pin_list>
<pin id="2325" dir="0" index="0" bw="2" slack="0"/>
<pin id="2326" dir="1" index="1" bw="2" slack="0"/>
</pin_list>
<bind>
<opset="add_ln691_1315 "/>
</bind>
</comp>

<comp id="2329" class="1005" name="icmp_ln878_23_reg_2329">
<pin_list>
<pin id="2330" dir="0" index="0" bw="1" slack="1"/>
<pin id="2331" dir="1" index="1" bw="1" slack="2147483647"/>
</pin_list>
<bind>
<opset="icmp_ln878_23 "/>
</bind>
</comp>

<comp id="2333" class="1005" name="select_ln17502_reg_2333">
<pin_list>
<pin id="2334" dir="0" index="0" bw="256" slack="1"/>
<pin id="2335" dir="1" index="1" bw="256" slack="1"/>
</pin_list>
<bind>
<opset="select_ln17502 "/>
</bind>
</comp>

<comp id="2338" class="1005" name="add_ln691_1314_reg_2338">
<pin_list>
<pin id="2339" dir="0" index="0" bw="4" slack="1"/>
<pin id="2340" dir="1" index="1" bw="4" slack="1"/>
</pin_list>
<bind>
<opset="add_ln691_1314 "/>
</bind>
</comp>

<comp id="2343" class="1005" name="select_ln890_485_reg_2343">
<pin_list>
<pin id="2344" dir="0" index="0" bw="10" slack="1"/>
<pin id="2345" dir="1" index="1" bw="10" slack="1"/>
</pin_list>
<bind>
<opset="select_ln890_485 "/>
</bind>
</comp>

<comp id="2348" class="1005" name="select_ln890_486_reg_2348">
<pin_list>
<pin id="2349" dir="0" index="0" bw="11" slack="1"/>
<pin id="2350" dir="1" index="1" bw="11" slack="1"/>
</pin_list>
<bind>
<opset="select_ln890_486 "/>
</bind>
</comp>

<comp id="2353" class="1005" name="add_ln17523_reg_2353">
<pin_list>
<pin id="2354" dir="0" index="0" bw="17" slack="0"/>
<pin id="2355" dir="1" index="1" bw="17" slack="0"/>
</pin_list>
<bind>
<opset="add_ln17523 "/>
</bind>
</comp>

<comp id="2361" class="1005" name="icmp_ln890_1374_reg_2361">
<pin_list>
<pin id="2362" dir="0" index="0" bw="1" slack="4"/>
<pin id="2363" dir="1" index="1" bw="1" slack="4"/>
</pin_list>
<bind>
<opset="icmp_ln890_1374 "/>
</bind>
</comp>

<comp id="2366" class="1005" name="or_ln17529_reg_2366">
<pin_list>
<pin id="2367" dir="0" index="0" bw="1" slack="4"/>
<pin id="2368" dir="1" index="1" bw="1" slack="4"/>
</pin_list>
<bind>
<opset="or_ln17529 "/>
</bind>
</comp>

<comp id="2371" class="1005" name="select_ln17530_reg_2371">
<pin_list>
<pin id="2372" dir="0" index="0" bw="4" slack="1"/>
<pin id="2373" dir="1" index="1" bw="4" slack="1"/>
</pin_list>
<bind>
<opset="select_ln17530 "/>
</bind>
</comp>

<comp id="2377" class="1005" name="select_ln17530_1_reg_2377">
<pin_list>
<pin id="2378" dir="0" index="0" bw="1" slack="3"/>
<pin id="2379" dir="1" index="1" bw="1" slack="3"/>
</pin_list>
<bind>
<opset="select_ln17530_1 "/>
</bind>
</comp>

<comp id="2382" class="1005" name="select_ln890_reg_2382">
<pin_list>
<pin id="2383" dir="0" index="0" bw="6" slack="0"/>
<pin id="2384" dir="1" index="1" bw="6" slack="0"/>
</pin_list>
<bind>
<opset="select_ln890 "/>
</bind>
</comp>

<comp id="2387" class="1005" name="select_ln17530_2_reg_2387">
<pin_list>
<pin id="2388" dir="0" index="0" bw="4" slack="1"/>
<pin id="2389" dir="1" index="1" bw="4" slack="1"/>
</pin_list>
<bind>
<opset="select_ln17530_2 "/>
</bind>
</comp>

<comp id="2392" class="1005" name="local_C_ping_V_addr_reg_2392">
<pin_list>
<pin id="2393" dir="0" index="0" bw="7" slack="1"/>
<pin id="2394" dir="1" index="1" bw="7" slack="1"/>
</pin_list>
<bind>
<opset="local_C_ping_V_addr "/>
</bind>
</comp>

<comp id="2397" class="1005" name="add_ln890_284_reg_2397">
<pin_list>
<pin id="2398" dir="0" index="0" bw="6" slack="0"/>
<pin id="2399" dir="1" index="1" bw="6" slack="0"/>
</pin_list>
<bind>
<opset="add_ln890_284 "/>
</bind>
</comp>

<comp id="2402" class="1005" name="icmp_ln890_1377_reg_2402">
<pin_list>
<pin id="2403" dir="0" index="0" bw="1" slack="1"/>
<pin id="2404" dir="1" index="1" bw="1" slack="2147483647"/>
</pin_list>
<bind>
<opset="icmp_ln890_1377 "/>
</bind>
</comp>

<comp id="2406" class="1005" name="zext_ln1497_reg_2406">
<pin_list>
<pin id="2407" dir="0" index="0" bw="512" slack="0"/>
<pin id="2408" dir="1" index="1" bw="512" slack="0"/>
</pin_list>
<bind>
<opset="zext_ln1497 "/>
</bind>
</comp>

<comp id="2411" class="1005" name="add_ln691_1310_reg_2411">
<pin_list>
<pin id="2412" dir="0" index="0" bw="2" slack="0"/>
<pin id="2413" dir="1" index="1" bw="2" slack="0"/>
</pin_list>
<bind>
<opset="add_ln691_1310 "/>
</bind>
</comp>

<comp id="2416" class="1005" name="icmp_ln878_22_reg_2416">
<pin_list>
<pin id="2417" dir="0" index="0" bw="1" slack="1"/>
<pin id="2418" dir="1" index="1" bw="1" slack="2147483647"/>
</pin_list>
<bind>
<opset="icmp_ln878_22 "/>
</bind>
</comp>

<comp id="2420" class="1005" name="select_ln17546_reg_2420">
<pin_list>
<pin id="2421" dir="0" index="0" bw="256" slack="1"/>
<pin id="2422" dir="1" index="1" bw="256" slack="1"/>
</pin_list>
<bind>
<opset="select_ln17546 "/>
</bind>
</comp>

<comp id="2425" class="1005" name="add_ln691_1309_reg_2425">
<pin_list>
<pin id="2426" dir="0" index="0" bw="4" slack="1"/>
<pin id="2427" dir="1" index="1" bw="4" slack="1"/>
</pin_list>
<bind>
<opset="add_ln691_1309 "/>
</bind>
</comp>

<comp id="2430" class="1005" name="select_ln890_481_reg_2430">
<pin_list>
<pin id="2431" dir="0" index="0" bw="10" slack="1"/>
<pin id="2432" dir="1" index="1" bw="10" slack="1"/>
</pin_list>
<bind>
<opset="select_ln890_481 "/>
</bind>
</comp>

<comp id="2435" class="1005" name="select_ln890_482_reg_2435">
<pin_list>
<pin id="2436" dir="0" index="0" bw="11" slack="1"/>
<pin id="2437" dir="1" index="1" bw="11" slack="1"/>
</pin_list>
<bind>
<opset="select_ln890_482 "/>
</bind>
</comp>

</comp_list>

<net_list>
<net id="195"><net_src comp="6" pin="0"/><net_sink comp="192" pin=0"/></net>

<net id="199"><net_src comp="6" pin="0"/><net_sink comp="196" pin=0"/></net>

<net id="203"><net_src comp="6" pin="0"/><net_sink comp="200" pin=0"/></net>

<net id="207"><net_src comp="6" pin="0"/><net_sink comp="204" pin=0"/></net>

<net id="211"><net_src comp="24" pin="0"/><net_sink comp="208" pin=0"/></net>

<net id="215"><net_src comp="24" pin="0"/><net_sink comp="212" pin=0"/></net>

<net id="219"><net_src comp="6" pin="0"/><net_sink comp="216" pin=0"/></net>

<net id="223"><net_src comp="6" pin="0"/><net_sink comp="220" pin=0"/></net>

<net id="228"><net_src comp="84" pin="0"/><net_sink comp="224" pin=0"/></net>

<net id="229"><net_src comp="0" pin="0"/><net_sink comp="224" pin=1"/></net>

<net id="235"><net_src comp="86" pin="0"/><net_sink comp="230" pin=0"/></net>

<net id="236"><net_src comp="2" pin="0"/><net_sink comp="230" pin=1"/></net>

<net id="237"><net_src comp="224" pin="2"/><net_sink comp="230" pin=2"/></net>

<net id="243"><net_src comp="152" pin="0"/><net_sink comp="238" pin=0"/></net>

<net id="244"><net_src comp="4" pin="0"/><net_sink comp="238" pin=1"/></net>

<net id="250"><net_src comp="88" pin="0"/><net_sink comp="245" pin=1"/></net>

<net id="260"><net_src comp="224" pin="2"/><net_sink comp="251" pin=4"/></net>

<net id="266"><net_src comp="88" pin="0"/><net_sink comp="261" pin=1"/></net>

<net id="272"><net_src comp="261" pin="3"/><net_sink comp="267" pin=0"/></net>

<net id="278"><net_src comp="88" pin="0"/><net_sink comp="273" pin=1"/></net>

<net id="283"><net_src comp="224" pin="2"/><net_sink comp="267" pin=4"/></net>

<net id="289"><net_src comp="88" pin="0"/><net_sink comp="284" pin=1"/></net>

<net id="290"><net_src comp="284" pin="3"/><net_sink comp="251" pin=0"/></net>

<net id="296"><net_src comp="88" pin="0"/><net_sink comp="291" pin=1"/></net>

<net id="297"><net_src comp="291" pin="3"/><net_sink comp="267" pin=0"/></net>

<net id="301"><net_src comp="28" pin="0"/><net_sink comp="298" pin=0"/></net>

<net id="308"><net_src comp="298" pin="1"/><net_sink comp="302" pin=0"/></net>

<net id="312"><net_src comp="30" pin="0"/><net_sink comp="309" pin=0"/></net>

<net id="319"><net_src comp="309" pin="1"/><net_sink comp="313" pin=0"/></net>

<net id="323"><net_src comp="32" pin="0"/><net_sink comp="320" pin=0"/></net>

<net id="324"><net_src comp="34" pin="0"/><net_sink comp="320" pin=0"/></net>

<net id="331"><net_src comp="320" pin="1"/><net_sink comp="325" pin=0"/></net>

<net id="332"><net_src comp="320" pin="1"/><net_sink comp="325" pin=2"/></net>

<net id="336"><net_src comp="32" pin="0"/><net_sink comp="333" pin=0"/></net>

<net id="343"><net_src comp="333" pin="1"/><net_sink comp="337" pin=0"/></net>

<net id="344"><net_src comp="337" pin="4"/><net_sink comp="333" pin=0"/></net>

<net id="348"><net_src comp="56" pin="0"/><net_sink comp="345" pin=0"/></net>

<net id="355"><net_src comp="345" pin="1"/><net_sink comp="349" pin=2"/></net>

<net id="356"><net_src comp="349" pin="4"/><net_sink comp="345" pin=0"/></net>

<net id="360"><net_src comp="68" pin="0"/><net_sink comp="357" pin=0"/></net>

<net id="367"><net_src comp="357" pin="1"/><net_sink comp="361" pin=2"/></net>

<net id="371"><net_src comp="68" pin="0"/><net_sink comp="368" pin=0"/></net>

<net id="378"><net_src comp="368" pin="1"/><net_sink comp="372" pin=2"/></net>

<net id="382"><net_src comp="28" pin="0"/><net_sink comp="379" pin=0"/></net>

<net id="389"><net_src comp="379" pin="1"/><net_sink comp="383" pin=2"/></net>

<net id="393"><net_src comp="28" pin="0"/><net_sink comp="390" pin=0"/></net>

<net id="400"><net_src comp="390" pin="1"/><net_sink comp="394" pin=2"/></net>

<net id="404"><net_src comp="92" pin="0"/><net_sink comp="401" pin=0"/></net>

<net id="411"><net_src comp="401" pin="1"/><net_sink comp="405" pin=2"/></net>

<net id="415"><net_src comp="94" pin="0"/><net_sink comp="412" pin=0"/></net>

<net id="422"><net_src comp="412" pin="1"/><net_sink comp="416" pin=2"/></net>

<net id="423"><net_src comp="416" pin="4"/><net_sink comp="412" pin=0"/></net>

<net id="427"><net_src comp="96" pin="0"/><net_sink comp="424" pin=0"/></net>

<net id="434"><net_src comp="424" pin="1"/><net_sink comp="428" pin=2"/></net>

<net id="435"><net_src comp="428" pin="4"/><net_sink comp="424" pin=0"/></net>

<net id="439"><net_src comp="98" pin="0"/><net_sink comp="436" pin=0"/></net>

<net id="446"><net_src comp="436" pin="1"/><net_sink comp="440" pin=2"/></net>

<net id="450"><net_src comp="68" pin="0"/><net_sink comp="447" pin=0"/></net>

<net id="457"><net_src comp="447" pin="1"/><net_sink comp="451" pin=2"/></net>

<net id="461"><net_src comp="92" pin="0"/><net_sink comp="458" pin=0"/></net>

<net id="468"><net_src comp="458" pin="1"/><net_sink comp="462" pin=2"/></net>

<net id="472"><net_src comp="94" pin="0"/><net_sink comp="469" pin=0"/></net>

<net id="479"><net_src comp="469" pin="1"/><net_sink comp="473" pin=2"/></net>

<net id="480"><net_src comp="473" pin="4"/><net_sink comp="469" pin=0"/></net>

<net id="484"><net_src comp="96" pin="0"/><net_sink comp="481" pin=0"/></net>

<net id="491"><net_src comp="481" pin="1"/><net_sink comp="485" pin=2"/></net>

<net id="492"><net_src comp="485" pin="4"/><net_sink comp="481" pin=0"/></net>

<net id="496"><net_src comp="98" pin="0"/><net_sink comp="493" pin=0"/></net>

<net id="503"><net_src comp="493" pin="1"/><net_sink comp="497" pin=2"/></net>

<net id="507"><net_src comp="68" pin="0"/><net_sink comp="504" pin=0"/></net>

<net id="514"><net_src comp="504" pin="1"/><net_sink comp="508" pin=2"/></net>

<net id="518"><net_src comp="98" pin="0"/><net_sink comp="515" pin=0"/></net>

<net id="525"><net_src comp="515" pin="1"/><net_sink comp="519" pin=0"/></net>

<net id="529"><net_src comp="130" pin="0"/><net_sink comp="526" pin=0"/></net>

<net id="536"><net_src comp="526" pin="1"/><net_sink comp="530" pin=0"/></net>

<net id="549"><net_src comp="56" pin="0"/><net_sink comp="546" pin=0"/></net>

<net id="556"><net_src comp="546" pin="1"/><net_sink comp="550" pin=2"/></net>

<net id="557"><net_src comp="550" pin="4"/><net_sink comp="546" pin=0"/></net>

<net id="561"><net_src comp="68" pin="0"/><net_sink comp="558" pin=0"/></net>

<net id="568"><net_src comp="558" pin="1"/><net_sink comp="562" pin=2"/></net>

<net id="572"><net_src comp="68" pin="0"/><net_sink comp="569" pin=0"/></net>

<net id="579"><net_src comp="569" pin="1"/><net_sink comp="573" pin=2"/></net>

<net id="583"><net_src comp="28" pin="0"/><net_sink comp="580" pin=0"/></net>

<net id="590"><net_src comp="580" pin="1"/><net_sink comp="584" pin=2"/></net>

<net id="594"><net_src comp="28" pin="0"/><net_sink comp="591" pin=0"/></net>

<net id="601"><net_src comp="591" pin="1"/><net_sink comp="595" pin=2"/></net>

<net id="605"><net_src comp="98" pin="0"/><net_sink comp="602" pin=0"/></net>

<net id="612"><net_src comp="602" pin="1"/><net_sink comp="606" pin=0"/></net>

<net id="616"><net_src comp="130" pin="0"/><net_sink comp="613" pin=0"/></net>

<net id="623"><net_src comp="613" pin="1"/><net_sink comp="617" pin=0"/></net>

<net id="636"><net_src comp="92" pin="0"/><net_sink comp="633" pin=0"/></net>

<net id="643"><net_src comp="633" pin="1"/><net_sink comp="637" pin=2"/></net>

<net id="647"><net_src comp="94" pin="0"/><net_sink comp="644" pin=0"/></net>

<net id="654"><net_src comp="644" pin="1"/><net_sink comp="648" pin=2"/></net>

<net id="655"><net_src comp="648" pin="4"/><net_sink comp="644" pin=0"/></net>

<net id="659"><net_src comp="96" pin="0"/><net_sink comp="656" pin=0"/></net>

<net id="666"><net_src comp="656" pin="1"/><net_sink comp="660" pin=2"/></net>

<net id="667"><net_src comp="660" pin="4"/><net_sink comp="656" pin=0"/></net>

<net id="671"><net_src comp="98" pin="0"/><net_sink comp="668" pin=0"/></net>

<net id="678"><net_src comp="668" pin="1"/><net_sink comp="672" pin=2"/></net>

<net id="682"><net_src comp="68" pin="0"/><net_sink comp="679" pin=0"/></net>

<net id="689"><net_src comp="679" pin="1"/><net_sink comp="683" pin=2"/></net>

<net id="693"><net_src comp="98" pin="0"/><net_sink comp="690" pin=0"/></net>

<net id="700"><net_src comp="690" pin="1"/><net_sink comp="694" pin=0"/></net>

<net id="704"><net_src comp="130" pin="0"/><net_sink comp="701" pin=0"/></net>

<net id="711"><net_src comp="701" pin="1"/><net_sink comp="705" pin=0"/></net>

<net id="724"><net_src comp="267" pin="3"/><net_sink comp="721" pin=0"/></net>

<net id="725"><net_src comp="721" pin="1"/><net_sink comp="540" pin=0"/></net>

<net id="726"><net_src comp="721" pin="1"/><net_sink comp="715" pin=0"/></net>

<net id="731"><net_src comp="302" pin="4"/><net_sink comp="727" pin=0"/></net>

<net id="732"><net_src comp="36" pin="0"/><net_sink comp="727" pin=1"/></net>

<net id="737"><net_src comp="302" pin="4"/><net_sink comp="733" pin=0"/></net>

<net id="738"><net_src comp="38" pin="0"/><net_sink comp="733" pin=1"/></net>

<net id="743"><net_src comp="313" pin="4"/><net_sink comp="739" pin=0"/></net>

<net id="744"><net_src comp="48" pin="0"/><net_sink comp="739" pin=1"/></net>

<net id="750"><net_src comp="739" pin="2"/><net_sink comp="745" pin=0"/></net>

<net id="751"><net_src comp="30" pin="0"/><net_sink comp="745" pin=1"/></net>

<net id="752"><net_src comp="313" pin="4"/><net_sink comp="745" pin=2"/></net>

<net id="757"><net_src comp="739" pin="2"/><net_sink comp="753" pin=0"/></net>

<net id="758"><net_src comp="325" pin="4"/><net_sink comp="753" pin=1"/></net>

<net id="763"><net_src comp="739" pin="2"/><net_sink comp="759" pin=0"/></net>

<net id="764"><net_src comp="34" pin="0"/><net_sink comp="759" pin=1"/></net>

<net id="769"><net_src comp="337" pin="4"/><net_sink comp="765" pin=0"/></net>

<net id="770"><net_src comp="759" pin="2"/><net_sink comp="765" pin=1"/></net>

<net id="776"><net_src comp="52" pin="0"/><net_sink comp="771" pin=0"/></net>

<net id="777"><net_src comp="745" pin="3"/><net_sink comp="771" pin=1"/></net>

<net id="778"><net_src comp="30" pin="0"/><net_sink comp="771" pin=2"/></net>

<net id="783"><net_src comp="54" pin="0"/><net_sink comp="779" pin=0"/></net>

<net id="784"><net_src comp="771" pin="3"/><net_sink comp="779" pin=1"/></net>

<net id="790"><net_src comp="58" pin="0"/><net_sink comp="785" pin=0"/></net>

<net id="791"><net_src comp="349" pin="4"/><net_sink comp="785" pin=1"/></net>

<net id="792"><net_src comp="60" pin="0"/><net_sink comp="785" pin=2"/></net>

<net id="796"><net_src comp="349" pin="4"/><net_sink comp="793" pin=0"/></net>

<net id="801"><net_src comp="793" pin="1"/><net_sink comp="797" pin=0"/></net>

<net id="806"><net_src comp="349" pin="4"/><net_sink comp="802" pin=0"/></net>

<net id="807"><net_src comp="56" pin="0"/><net_sink comp="802" pin=1"/></net>

<net id="812"><net_src comp="361" pin="4"/><net_sink comp="808" pin=0"/></net>

<net id="813"><net_src comp="56" pin="0"/><net_sink comp="808" pin=1"/></net>

<net id="818"><net_src comp="361" pin="4"/><net_sink comp="814" pin=0"/></net>

<net id="819"><net_src comp="70" pin="0"/><net_sink comp="814" pin=1"/></net>

<net id="824"><net_src comp="372" pin="4"/><net_sink comp="820" pin=0"/></net>

<net id="825"><net_src comp="56" pin="0"/><net_sink comp="820" pin=1"/></net>

<net id="829"><net_src comp="372" pin="4"/><net_sink comp="826" pin=0"/></net>

<net id="835"><net_src comp="74" pin="0"/><net_sink comp="830" pin=0"/></net>

<net id="836"><net_src comp="826" pin="1"/><net_sink comp="830" pin=1"/></net>

<net id="837"><net_src comp="68" pin="0"/><net_sink comp="830" pin=2"/></net>

<net id="842"><net_src comp="372" pin="4"/><net_sink comp="838" pin=0"/></net>

<net id="843"><net_src comp="70" pin="0"/><net_sink comp="838" pin=1"/></net>

<net id="848"><net_src comp="345" pin="1"/><net_sink comp="844" pin=0"/></net>

<net id="849"><net_src comp="56" pin="0"/><net_sink comp="844" pin=1"/></net>

<net id="854"><net_src comp="383" pin="4"/><net_sink comp="850" pin=0"/></net>

<net id="855"><net_src comp="36" pin="0"/><net_sink comp="850" pin=1"/></net>

<net id="860"><net_src comp="383" pin="4"/><net_sink comp="856" pin=0"/></net>

<net id="861"><net_src comp="78" pin="0"/><net_sink comp="856" pin=1"/></net>

<net id="866"><net_src comp="394" pin="4"/><net_sink comp="862" pin=0"/></net>

<net id="867"><net_src comp="36" pin="0"/><net_sink comp="862" pin=1"/></net>

<net id="871"><net_src comp="394" pin="4"/><net_sink comp="868" pin=0"/></net>

<net id="876"><net_src comp="868" pin="1"/><net_sink comp="872" pin=1"/></net>

<net id="880"><net_src comp="872" pin="2"/><net_sink comp="877" pin=0"/></net>

<net id="881"><net_src comp="877" pin="1"/><net_sink comp="245" pin=2"/></net>

<net id="886"><net_src comp="394" pin="4"/><net_sink comp="882" pin=0"/></net>

<net id="887"><net_src comp="78" pin="0"/><net_sink comp="882" pin=1"/></net>

<net id="892"><net_src comp="405" pin="4"/><net_sink comp="888" pin=0"/></net>

<net id="893"><net_src comp="100" pin="0"/><net_sink comp="888" pin=1"/></net>

<net id="897"><net_src comp="440" pin="4"/><net_sink comp="894" pin=0"/></net>

<net id="902"><net_src comp="405" pin="4"/><net_sink comp="898" pin=0"/></net>

<net id="903"><net_src comp="102" pin="0"/><net_sink comp="898" pin=1"/></net>

<net id="908"><net_src comp="416" pin="4"/><net_sink comp="904" pin=0"/></net>

<net id="909"><net_src comp="104" pin="0"/><net_sink comp="904" pin=1"/></net>

<net id="914"><net_src comp="904" pin="2"/><net_sink comp="910" pin=0"/></net>

<net id="915"><net_src comp="34" pin="0"/><net_sink comp="910" pin=1"/></net>

<net id="920"><net_src comp="894" pin="1"/><net_sink comp="916" pin=0"/></net>

<net id="921"><net_src comp="910" pin="2"/><net_sink comp="916" pin=1"/></net>

<net id="926"><net_src comp="451" pin="4"/><net_sink comp="922" pin=0"/></net>

<net id="927"><net_src comp="70" pin="0"/><net_sink comp="922" pin=1"/></net>

<net id="932"><net_src comp="922" pin="2"/><net_sink comp="928" pin=0"/></net>

<net id="933"><net_src comp="910" pin="2"/><net_sink comp="928" pin=1"/></net>

<net id="938"><net_src comp="428" pin="4"/><net_sink comp="934" pin=0"/></net>

<net id="939"><net_src comp="106" pin="0"/><net_sink comp="934" pin=1"/></net>

<net id="944"><net_src comp="934" pin="2"/><net_sink comp="940" pin=0"/></net>

<net id="945"><net_src comp="910" pin="2"/><net_sink comp="940" pin=1"/></net>

<net id="950"><net_src comp="940" pin="2"/><net_sink comp="946" pin=0"/></net>

<net id="951"><net_src comp="904" pin="2"/><net_sink comp="946" pin=1"/></net>

<net id="957"><net_src comp="946" pin="2"/><net_sink comp="952" pin=0"/></net>

<net id="958"><net_src comp="98" pin="0"/><net_sink comp="952" pin=1"/></net>

<net id="959"><net_src comp="440" pin="4"/><net_sink comp="952" pin=2"/></net>

<net id="964"><net_src comp="934" pin="2"/><net_sink comp="960" pin=0"/></net>

<net id="965"><net_src comp="34" pin="0"/><net_sink comp="960" pin=1"/></net>

<net id="970"><net_src comp="904" pin="2"/><net_sink comp="966" pin=0"/></net>

<net id="971"><net_src comp="960" pin="2"/><net_sink comp="966" pin=1"/></net>

<net id="976"><net_src comp="916" pin="2"/><net_sink comp="972" pin=0"/></net>

<net id="977"><net_src comp="966" pin="2"/><net_sink comp="972" pin=1"/></net>

<net id="982"><net_src comp="928" pin="2"/><net_sink comp="978" pin=0"/></net>

<net id="983"><net_src comp="966" pin="2"/><net_sink comp="978" pin=1"/></net>

<net id="988"><net_src comp="952" pin="3"/><net_sink comp="984" pin=0"/></net>

<net id="989"><net_src comp="108" pin="0"/><net_sink comp="984" pin=1"/></net>

<net id="994"><net_src comp="978" pin="2"/><net_sink comp="990" pin=0"/></net>

<net id="995"><net_src comp="940" pin="2"/><net_sink comp="990" pin=1"/></net>

<net id="1000"><net_src comp="990" pin="2"/><net_sink comp="996" pin=0"/></net>

<net id="1001"><net_src comp="904" pin="2"/><net_sink comp="996" pin=1"/></net>

<net id="1007"><net_src comp="996" pin="2"/><net_sink comp="1002" pin=0"/></net>

<net id="1008"><net_src comp="68" pin="0"/><net_sink comp="1002" pin=1"/></net>

<net id="1009"><net_src comp="451" pin="4"/><net_sink comp="1002" pin=2"/></net>

<net id="1013"><net_src comp="984" pin="2"/><net_sink comp="1010" pin=0"/></net>

<net id="1019"><net_src comp="978" pin="2"/><net_sink comp="1014" pin=0"/></net>

<net id="1020"><net_src comp="1010" pin="1"/><net_sink comp="1014" pin=1"/></net>

<net id="1021"><net_src comp="972" pin="2"/><net_sink comp="1014" pin=2"/></net>

<net id="1027"><net_src comp="978" pin="2"/><net_sink comp="1022" pin=0"/></net>

<net id="1028"><net_src comp="984" pin="2"/><net_sink comp="1022" pin=1"/></net>

<net id="1029"><net_src comp="952" pin="3"/><net_sink comp="1022" pin=2"/></net>

<net id="1036"><net_src comp="110" pin="0"/><net_sink comp="1030" pin=0"/></net>

<net id="1037"><net_src comp="984" pin="2"/><net_sink comp="1030" pin=1"/></net>

<net id="1038"><net_src comp="6" pin="0"/><net_sink comp="1030" pin=2"/></net>

<net id="1039"><net_src comp="112" pin="0"/><net_sink comp="1030" pin=3"/></net>

<net id="1046"><net_src comp="110" pin="0"/><net_sink comp="1040" pin=0"/></net>

<net id="1047"><net_src comp="440" pin="4"/><net_sink comp="1040" pin=1"/></net>

<net id="1048"><net_src comp="6" pin="0"/><net_sink comp="1040" pin=2"/></net>

<net id="1049"><net_src comp="112" pin="0"/><net_sink comp="1040" pin=3"/></net>

<net id="1055"><net_src comp="946" pin="2"/><net_sink comp="1050" pin=0"/></net>

<net id="1056"><net_src comp="68" pin="0"/><net_sink comp="1050" pin=1"/></net>

<net id="1057"><net_src comp="1040" pin="4"/><net_sink comp="1050" pin=2"/></net>

<net id="1063"><net_src comp="978" pin="2"/><net_sink comp="1058" pin=0"/></net>

<net id="1064"><net_src comp="1030" pin="4"/><net_sink comp="1058" pin=1"/></net>

<net id="1065"><net_src comp="1050" pin="3"/><net_sink comp="1058" pin=2"/></net>

<net id="1070"><net_src comp="462" pin="4"/><net_sink comp="1066" pin=0"/></net>

<net id="1071"><net_src comp="100" pin="0"/><net_sink comp="1066" pin=1"/></net>

<net id="1075"><net_src comp="497" pin="4"/><net_sink comp="1072" pin=0"/></net>

<net id="1080"><net_src comp="462" pin="4"/><net_sink comp="1076" pin=0"/></net>

<net id="1081"><net_src comp="102" pin="0"/><net_sink comp="1076" pin=1"/></net>

<net id="1086"><net_src comp="473" pin="4"/><net_sink comp="1082" pin=0"/></net>

<net id="1087"><net_src comp="104" pin="0"/><net_sink comp="1082" pin=1"/></net>

<net id="1092"><net_src comp="1082" pin="2"/><net_sink comp="1088" pin=0"/></net>

<net id="1093"><net_src comp="34" pin="0"/><net_sink comp="1088" pin=1"/></net>

<net id="1098"><net_src comp="1072" pin="1"/><net_sink comp="1094" pin=0"/></net>

<net id="1099"><net_src comp="1088" pin="2"/><net_sink comp="1094" pin=1"/></net>

<net id="1104"><net_src comp="508" pin="4"/><net_sink comp="1100" pin=0"/></net>

<net id="1105"><net_src comp="70" pin="0"/><net_sink comp="1100" pin=1"/></net>

<net id="1110"><net_src comp="1100" pin="2"/><net_sink comp="1106" pin=0"/></net>

<net id="1111"><net_src comp="1088" pin="2"/><net_sink comp="1106" pin=1"/></net>

<net id="1116"><net_src comp="485" pin="4"/><net_sink comp="1112" pin=0"/></net>

<net id="1117"><net_src comp="106" pin="0"/><net_sink comp="1112" pin=1"/></net>

<net id="1122"><net_src comp="1112" pin="2"/><net_sink comp="1118" pin=0"/></net>

<net id="1123"><net_src comp="1088" pin="2"/><net_sink comp="1118" pin=1"/></net>

<net id="1128"><net_src comp="1118" pin="2"/><net_sink comp="1124" pin=0"/></net>

<net id="1129"><net_src comp="1082" pin="2"/><net_sink comp="1124" pin=1"/></net>

<net id="1135"><net_src comp="1124" pin="2"/><net_sink comp="1130" pin=0"/></net>

<net id="1136"><net_src comp="98" pin="0"/><net_sink comp="1130" pin=1"/></net>

<net id="1137"><net_src comp="497" pin="4"/><net_sink comp="1130" pin=2"/></net>

<net id="1142"><net_src comp="1112" pin="2"/><net_sink comp="1138" pin=0"/></net>

<net id="1143"><net_src comp="34" pin="0"/><net_sink comp="1138" pin=1"/></net>

<net id="1148"><net_src comp="1082" pin="2"/><net_sink comp="1144" pin=0"/></net>

<net id="1149"><net_src comp="1138" pin="2"/><net_sink comp="1144" pin=1"/></net>

<net id="1154"><net_src comp="1094" pin="2"/><net_sink comp="1150" pin=0"/></net>

<net id="1155"><net_src comp="1144" pin="2"/><net_sink comp="1150" pin=1"/></net>

<net id="1160"><net_src comp="1106" pin="2"/><net_sink comp="1156" pin=0"/></net>

<net id="1161"><net_src comp="1144" pin="2"/><net_sink comp="1156" pin=1"/></net>

<net id="1166"><net_src comp="1130" pin="3"/><net_sink comp="1162" pin=0"/></net>

<net id="1167"><net_src comp="108" pin="0"/><net_sink comp="1162" pin=1"/></net>

<net id="1172"><net_src comp="1156" pin="2"/><net_sink comp="1168" pin=0"/></net>

<net id="1173"><net_src comp="1118" pin="2"/><net_sink comp="1168" pin=1"/></net>

<net id="1178"><net_src comp="1168" pin="2"/><net_sink comp="1174" pin=0"/></net>

<net id="1179"><net_src comp="1082" pin="2"/><net_sink comp="1174" pin=1"/></net>

<net id="1185"><net_src comp="1174" pin="2"/><net_sink comp="1180" pin=0"/></net>

<net id="1186"><net_src comp="68" pin="0"/><net_sink comp="1180" pin=1"/></net>

<net id="1187"><net_src comp="508" pin="4"/><net_sink comp="1180" pin=2"/></net>

<net id="1191"><net_src comp="1162" pin="2"/><net_sink comp="1188" pin=0"/></net>

<net id="1197"><net_src comp="1156" pin="2"/><net_sink comp="1192" pin=0"/></net>

<net id="1198"><net_src comp="1188" pin="1"/><net_sink comp="1192" pin=1"/></net>

<net id="1199"><net_src comp="1150" pin="2"/><net_sink comp="1192" pin=2"/></net>

<net id="1205"><net_src comp="1156" pin="2"/><net_sink comp="1200" pin=0"/></net>

<net id="1206"><net_src comp="1162" pin="2"/><net_sink comp="1200" pin=1"/></net>

<net id="1207"><net_src comp="1130" pin="3"/><net_sink comp="1200" pin=2"/></net>

<net id="1214"><net_src comp="110" pin="0"/><net_sink comp="1208" pin=0"/></net>

<net id="1215"><net_src comp="1162" pin="2"/><net_sink comp="1208" pin=1"/></net>

<net id="1216"><net_src comp="6" pin="0"/><net_sink comp="1208" pin=2"/></net>

<net id="1217"><net_src comp="112" pin="0"/><net_sink comp="1208" pin=3"/></net>

<net id="1224"><net_src comp="110" pin="0"/><net_sink comp="1218" pin=0"/></net>

<net id="1225"><net_src comp="497" pin="4"/><net_sink comp="1218" pin=1"/></net>

<net id="1226"><net_src comp="6" pin="0"/><net_sink comp="1218" pin=2"/></net>

<net id="1227"><net_src comp="112" pin="0"/><net_sink comp="1218" pin=3"/></net>

<net id="1233"><net_src comp="1124" pin="2"/><net_sink comp="1228" pin=0"/></net>

<net id="1234"><net_src comp="68" pin="0"/><net_sink comp="1228" pin=1"/></net>

<net id="1235"><net_src comp="1218" pin="4"/><net_sink comp="1228" pin=2"/></net>

<net id="1241"><net_src comp="1156" pin="2"/><net_sink comp="1236" pin=0"/></net>

<net id="1242"><net_src comp="1208" pin="4"/><net_sink comp="1236" pin=1"/></net>

<net id="1243"><net_src comp="1228" pin="3"/><net_sink comp="1236" pin=2"/></net>

<net id="1248"><net_src comp="333" pin="1"/><net_sink comp="1244" pin=0"/></net>

<net id="1249"><net_src comp="34" pin="0"/><net_sink comp="1244" pin=1"/></net>

<net id="1254"><net_src comp="1244" pin="2"/><net_sink comp="1250" pin=1"/></net>

<net id="1259"><net_src comp="114" pin="0"/><net_sink comp="1255" pin=1"/></net>

<net id="1266"><net_src comp="116" pin="0"/><net_sink comp="1260" pin=0"/></net>

<net id="1267"><net_src comp="118" pin="0"/><net_sink comp="1260" pin=1"/></net>

<net id="1268"><net_src comp="1260" pin="4"/><net_sink comp="261" pin=2"/></net>

<net id="1273"><net_src comp="519" pin="4"/><net_sink comp="1269" pin=0"/></net>

<net id="1274"><net_src comp="108" pin="0"/><net_sink comp="1269" pin=1"/></net>

<net id="1279"><net_src comp="519" pin="4"/><net_sink comp="1275" pin=0"/></net>

<net id="1280"><net_src comp="132" pin="0"/><net_sink comp="1275" pin=1"/></net>

<net id="1291"><net_src comp="530" pin="4"/><net_sink comp="1287" pin=0"/></net>

<net id="1292"><net_src comp="138" pin="0"/><net_sink comp="1287" pin=1"/></net>

<net id="1298"><net_src comp="1287" pin="2"/><net_sink comp="1293" pin=0"/></net>

<net id="1299"><net_src comp="130" pin="0"/><net_sink comp="1293" pin=1"/></net>

<net id="1300"><net_src comp="530" pin="4"/><net_sink comp="1293" pin=2"/></net>

<net id="1306"><net_src comp="1287" pin="2"/><net_sink comp="1301" pin=0"/></net>

<net id="1307"><net_src comp="721" pin="1"/><net_sink comp="1301" pin=1"/></net>

<net id="1308"><net_src comp="540" pin="4"/><net_sink comp="1301" pin=2"/></net>

<net id="1312"><net_src comp="1301" pin="3"/><net_sink comp="1309" pin=0"/></net>

<net id="1316"><net_src comp="1293" pin="3"/><net_sink comp="1313" pin=0"/></net>

<net id="1322"><net_src comp="1313" pin="1"/><net_sink comp="1317" pin=0"/></net>

<net id="1323"><net_src comp="1309" pin="1"/><net_sink comp="1317" pin=1"/></net>

<net id="1324"><net_src comp="1284" pin="1"/><net_sink comp="1317" pin=2"/></net>

<net id="1330"><net_src comp="1313" pin="1"/><net_sink comp="1325" pin=0"/></net>

<net id="1331"><net_src comp="1281" pin="1"/><net_sink comp="1325" pin=1"/></net>

<net id="1332"><net_src comp="1309" pin="1"/><net_sink comp="1325" pin=2"/></net>

<net id="1339"><net_src comp="144" pin="0"/><net_sink comp="1333" pin=0"/></net>

<net id="1340"><net_src comp="1301" pin="3"/><net_sink comp="1333" pin=1"/></net>

<net id="1341"><net_src comp="146" pin="0"/><net_sink comp="1333" pin=2"/></net>

<net id="1342"><net_src comp="148" pin="0"/><net_sink comp="1333" pin=3"/></net>

<net id="1346"><net_src comp="1333" pin="4"/><net_sink comp="1343" pin=0"/></net>

<net id="1351"><net_src comp="1293" pin="3"/><net_sink comp="1347" pin=0"/></net>

<net id="1352"><net_src comp="150" pin="0"/><net_sink comp="1347" pin=1"/></net>

<net id="1357"><net_src comp="1347" pin="2"/><net_sink comp="1353" pin=0"/></net>

<net id="1358"><net_src comp="138" pin="0"/><net_sink comp="1353" pin=1"/></net>

<net id="1364"><net_src comp="1317" pin="3"/><net_sink comp="1359" pin=1"/></net>

<net id="1365"><net_src comp="1325" pin="3"/><net_sink comp="1359" pin=2"/></net>

<net id="1370"><net_src comp="1317" pin="3"/><net_sink comp="1366" pin=0"/></net>

<net id="1375"><net_src comp="1325" pin="3"/><net_sink comp="1371" pin=0"/></net>

<net id="1380"><net_src comp="56" pin="0"/><net_sink comp="1376" pin=1"/></net>

<net id="1385"><net_src comp="424" pin="1"/><net_sink comp="1381" pin=0"/></net>

<net id="1386"><net_src comp="154" pin="0"/><net_sink comp="1381" pin=1"/></net>

<net id="1392"><net_src comp="154" pin="0"/><net_sink comp="1387" pin=1"/></net>

<net id="1393"><net_src comp="1381" pin="2"/><net_sink comp="1387" pin=2"/></net>

<net id="1398"><net_src comp="412" pin="1"/><net_sink comp="1394" pin=0"/></net>

<net id="1399"><net_src comp="156" pin="0"/><net_sink comp="1394" pin=1"/></net>

<net id="1405"><net_src comp="156" pin="0"/><net_sink comp="1400" pin=1"/></net>

<net id="1406"><net_src comp="1394" pin="2"/><net_sink comp="1400" pin=2"/></net>

<net id="1412"><net_src comp="58" pin="0"/><net_sink comp="1407" pin=0"/></net>

<net id="1413"><net_src comp="550" pin="4"/><net_sink comp="1407" pin=1"/></net>

<net id="1414"><net_src comp="60" pin="0"/><net_sink comp="1407" pin=2"/></net>

<net id="1418"><net_src comp="550" pin="4"/><net_sink comp="1415" pin=0"/></net>

<net id="1423"><net_src comp="1415" pin="1"/><net_sink comp="1419" pin=0"/></net>

<net id="1428"><net_src comp="550" pin="4"/><net_sink comp="1424" pin=0"/></net>

<net id="1429"><net_src comp="56" pin="0"/><net_sink comp="1424" pin=1"/></net>

<net id="1434"><net_src comp="562" pin="4"/><net_sink comp="1430" pin=0"/></net>

<net id="1435"><net_src comp="56" pin="0"/><net_sink comp="1430" pin=1"/></net>

<net id="1440"><net_src comp="562" pin="4"/><net_sink comp="1436" pin=0"/></net>

<net id="1441"><net_src comp="70" pin="0"/><net_sink comp="1436" pin=1"/></net>

<net id="1446"><net_src comp="573" pin="4"/><net_sink comp="1442" pin=0"/></net>

<net id="1447"><net_src comp="56" pin="0"/><net_sink comp="1442" pin=1"/></net>

<net id="1451"><net_src comp="573" pin="4"/><net_sink comp="1448" pin=0"/></net>

<net id="1457"><net_src comp="74" pin="0"/><net_sink comp="1452" pin=0"/></net>

<net id="1458"><net_src comp="1448" pin="1"/><net_sink comp="1452" pin=1"/></net>

<net id="1459"><net_src comp="68" pin="0"/><net_sink comp="1452" pin=2"/></net>

<net id="1464"><net_src comp="573" pin="4"/><net_sink comp="1460" pin=0"/></net>

<net id="1465"><net_src comp="70" pin="0"/><net_sink comp="1460" pin=1"/></net>

<net id="1470"><net_src comp="546" pin="1"/><net_sink comp="1466" pin=0"/></net>

<net id="1471"><net_src comp="56" pin="0"/><net_sink comp="1466" pin=1"/></net>

<net id="1476"><net_src comp="584" pin="4"/><net_sink comp="1472" pin=0"/></net>

<net id="1477"><net_src comp="36" pin="0"/><net_sink comp="1472" pin=1"/></net>

<net id="1482"><net_src comp="584" pin="4"/><net_sink comp="1478" pin=0"/></net>

<net id="1483"><net_src comp="78" pin="0"/><net_sink comp="1478" pin=1"/></net>

<net id="1488"><net_src comp="595" pin="4"/><net_sink comp="1484" pin=0"/></net>

<net id="1489"><net_src comp="36" pin="0"/><net_sink comp="1484" pin=1"/></net>

<net id="1493"><net_src comp="595" pin="4"/><net_sink comp="1490" pin=0"/></net>

<net id="1498"><net_src comp="1490" pin="1"/><net_sink comp="1494" pin=1"/></net>

<net id="1502"><net_src comp="1494" pin="2"/><net_sink comp="1499" pin=0"/></net>

<net id="1503"><net_src comp="1499" pin="1"/><net_sink comp="273" pin=2"/></net>

<net id="1508"><net_src comp="595" pin="4"/><net_sink comp="1504" pin=0"/></net>

<net id="1509"><net_src comp="78" pin="0"/><net_sink comp="1504" pin=1"/></net>

<net id="1516"><net_src comp="116" pin="0"/><net_sink comp="1510" pin=0"/></net>

<net id="1517"><net_src comp="118" pin="0"/><net_sink comp="1510" pin=1"/></net>

<net id="1518"><net_src comp="1510" pin="4"/><net_sink comp="284" pin=2"/></net>

<net id="1523"><net_src comp="606" pin="4"/><net_sink comp="1519" pin=0"/></net>

<net id="1524"><net_src comp="108" pin="0"/><net_sink comp="1519" pin=1"/></net>

<net id="1529"><net_src comp="606" pin="4"/><net_sink comp="1525" pin=0"/></net>

<net id="1530"><net_src comp="132" pin="0"/><net_sink comp="1525" pin=1"/></net>

<net id="1541"><net_src comp="617" pin="4"/><net_sink comp="1537" pin=0"/></net>

<net id="1542"><net_src comp="138" pin="0"/><net_sink comp="1537" pin=1"/></net>

<net id="1548"><net_src comp="1537" pin="2"/><net_sink comp="1543" pin=0"/></net>

<net id="1549"><net_src comp="130" pin="0"/><net_sink comp="1543" pin=1"/></net>

<net id="1550"><net_src comp="617" pin="4"/><net_sink comp="1543" pin=2"/></net>

<net id="1556"><net_src comp="1537" pin="2"/><net_sink comp="1551" pin=0"/></net>

<net id="1557"><net_src comp="627" pin="4"/><net_sink comp="1551" pin=2"/></net>

<net id="1561"><net_src comp="1551" pin="3"/><net_sink comp="1558" pin=0"/></net>

<net id="1565"><net_src comp="1543" pin="3"/><net_sink comp="1562" pin=0"/></net>

<net id="1571"><net_src comp="1562" pin="1"/><net_sink comp="1566" pin=0"/></net>

<net id="1572"><net_src comp="1558" pin="1"/><net_sink comp="1566" pin=1"/></net>

<net id="1573"><net_src comp="1534" pin="1"/><net_sink comp="1566" pin=2"/></net>

<net id="1579"><net_src comp="1562" pin="1"/><net_sink comp="1574" pin=0"/></net>

<net id="1580"><net_src comp="1531" pin="1"/><net_sink comp="1574" pin=1"/></net>

<net id="1581"><net_src comp="1558" pin="1"/><net_sink comp="1574" pin=2"/></net>

<net id="1588"><net_src comp="144" pin="0"/><net_sink comp="1582" pin=0"/></net>

<net id="1589"><net_src comp="1551" pin="3"/><net_sink comp="1582" pin=1"/></net>

<net id="1590"><net_src comp="146" pin="0"/><net_sink comp="1582" pin=2"/></net>

<net id="1591"><net_src comp="148" pin="0"/><net_sink comp="1582" pin=3"/></net>

<net id="1595"><net_src comp="1582" pin="4"/><net_sink comp="1592" pin=0"/></net>

<net id="1600"><net_src comp="1543" pin="3"/><net_sink comp="1596" pin=0"/></net>

<net id="1601"><net_src comp="150" pin="0"/><net_sink comp="1596" pin=1"/></net>

<net id="1606"><net_src comp="1596" pin="2"/><net_sink comp="1602" pin=0"/></net>

<net id="1607"><net_src comp="138" pin="0"/><net_sink comp="1602" pin=1"/></net>

<net id="1613"><net_src comp="1566" pin="3"/><net_sink comp="1608" pin=1"/></net>

<net id="1614"><net_src comp="1574" pin="3"/><net_sink comp="1608" pin=2"/></net>

<net id="1619"><net_src comp="1566" pin="3"/><net_sink comp="1615" pin=0"/></net>

<net id="1624"><net_src comp="1574" pin="3"/><net_sink comp="1620" pin=0"/></net>

<net id="1629"><net_src comp="56" pin="0"/><net_sink comp="1625" pin=1"/></net>

<net id="1634"><net_src comp="481" pin="1"/><net_sink comp="1630" pin=0"/></net>

<net id="1635"><net_src comp="154" pin="0"/><net_sink comp="1630" pin=1"/></net>

<net id="1641"><net_src comp="154" pin="0"/><net_sink comp="1636" pin=1"/></net>

<net id="1642"><net_src comp="1630" pin="2"/><net_sink comp="1636" pin=2"/></net>

<net id="1647"><net_src comp="469" pin="1"/><net_sink comp="1643" pin=0"/></net>

<net id="1648"><net_src comp="156" pin="0"/><net_sink comp="1643" pin=1"/></net>

<net id="1654"><net_src comp="156" pin="0"/><net_sink comp="1649" pin=1"/></net>

<net id="1655"><net_src comp="1643" pin="2"/><net_sink comp="1649" pin=2"/></net>

<net id="1660"><net_src comp="637" pin="4"/><net_sink comp="1656" pin=0"/></net>

<net id="1661"><net_src comp="100" pin="0"/><net_sink comp="1656" pin=1"/></net>

<net id="1665"><net_src comp="672" pin="4"/><net_sink comp="1662" pin=0"/></net>

<net id="1670"><net_src comp="637" pin="4"/><net_sink comp="1666" pin=0"/></net>

<net id="1671"><net_src comp="102" pin="0"/><net_sink comp="1666" pin=1"/></net>

<net id="1676"><net_src comp="648" pin="4"/><net_sink comp="1672" pin=0"/></net>

<net id="1677"><net_src comp="104" pin="0"/><net_sink comp="1672" pin=1"/></net>

<net id="1682"><net_src comp="1672" pin="2"/><net_sink comp="1678" pin=0"/></net>

<net id="1683"><net_src comp="34" pin="0"/><net_sink comp="1678" pin=1"/></net>

<net id="1688"><net_src comp="1662" pin="1"/><net_sink comp="1684" pin=0"/></net>

<net id="1689"><net_src comp="1678" pin="2"/><net_sink comp="1684" pin=1"/></net>

<net id="1694"><net_src comp="683" pin="4"/><net_sink comp="1690" pin=0"/></net>

<net id="1695"><net_src comp="70" pin="0"/><net_sink comp="1690" pin=1"/></net>

<net id="1700"><net_src comp="1690" pin="2"/><net_sink comp="1696" pin=0"/></net>

<net id="1701"><net_src comp="1678" pin="2"/><net_sink comp="1696" pin=1"/></net>

<net id="1706"><net_src comp="660" pin="4"/><net_sink comp="1702" pin=0"/></net>

<net id="1707"><net_src comp="106" pin="0"/><net_sink comp="1702" pin=1"/></net>

<net id="1712"><net_src comp="1702" pin="2"/><net_sink comp="1708" pin=0"/></net>

<net id="1713"><net_src comp="1678" pin="2"/><net_sink comp="1708" pin=1"/></net>

<net id="1718"><net_src comp="1708" pin="2"/><net_sink comp="1714" pin=0"/></net>

<net id="1719"><net_src comp="1672" pin="2"/><net_sink comp="1714" pin=1"/></net>

<net id="1725"><net_src comp="1714" pin="2"/><net_sink comp="1720" pin=0"/></net>

<net id="1726"><net_src comp="98" pin="0"/><net_sink comp="1720" pin=1"/></net>

<net id="1727"><net_src comp="672" pin="4"/><net_sink comp="1720" pin=2"/></net>

<net id="1732"><net_src comp="1702" pin="2"/><net_sink comp="1728" pin=0"/></net>

<net id="1733"><net_src comp="34" pin="0"/><net_sink comp="1728" pin=1"/></net>

<net id="1738"><net_src comp="1672" pin="2"/><net_sink comp="1734" pin=0"/></net>

<net id="1739"><net_src comp="1728" pin="2"/><net_sink comp="1734" pin=1"/></net>

<net id="1744"><net_src comp="1684" pin="2"/><net_sink comp="1740" pin=0"/></net>

<net id="1745"><net_src comp="1734" pin="2"/><net_sink comp="1740" pin=1"/></net>

<net id="1750"><net_src comp="1696" pin="2"/><net_sink comp="1746" pin=0"/></net>

<net id="1751"><net_src comp="1734" pin="2"/><net_sink comp="1746" pin=1"/></net>

<net id="1756"><net_src comp="1720" pin="3"/><net_sink comp="1752" pin=0"/></net>

<net id="1757"><net_src comp="108" pin="0"/><net_sink comp="1752" pin=1"/></net>

<net id="1762"><net_src comp="1746" pin="2"/><net_sink comp="1758" pin=0"/></net>

<net id="1763"><net_src comp="1708" pin="2"/><net_sink comp="1758" pin=1"/></net>

<net id="1768"><net_src comp="1758" pin="2"/><net_sink comp="1764" pin=0"/></net>

<net id="1769"><net_src comp="1672" pin="2"/><net_sink comp="1764" pin=1"/></net>

<net id="1775"><net_src comp="1764" pin="2"/><net_sink comp="1770" pin=0"/></net>

<net id="1776"><net_src comp="68" pin="0"/><net_sink comp="1770" pin=1"/></net>

<net id="1777"><net_src comp="683" pin="4"/><net_sink comp="1770" pin=2"/></net>

<net id="1781"><net_src comp="1752" pin="2"/><net_sink comp="1778" pin=0"/></net>

<net id="1787"><net_src comp="1746" pin="2"/><net_sink comp="1782" pin=0"/></net>

<net id="1788"><net_src comp="1778" pin="1"/><net_sink comp="1782" pin=1"/></net>

<net id="1789"><net_src comp="1740" pin="2"/><net_sink comp="1782" pin=2"/></net>

<net id="1795"><net_src comp="1746" pin="2"/><net_sink comp="1790" pin=0"/></net>

<net id="1796"><net_src comp="1752" pin="2"/><net_sink comp="1790" pin=1"/></net>

<net id="1797"><net_src comp="1720" pin="3"/><net_sink comp="1790" pin=2"/></net>

<net id="1804"><net_src comp="110" pin="0"/><net_sink comp="1798" pin=0"/></net>

<net id="1805"><net_src comp="1752" pin="2"/><net_sink comp="1798" pin=1"/></net>

<net id="1806"><net_src comp="6" pin="0"/><net_sink comp="1798" pin=2"/></net>

<net id="1807"><net_src comp="112" pin="0"/><net_sink comp="1798" pin=3"/></net>

<net id="1814"><net_src comp="110" pin="0"/><net_sink comp="1808" pin=0"/></net>

<net id="1815"><net_src comp="672" pin="4"/><net_sink comp="1808" pin=1"/></net>

<net id="1816"><net_src comp="6" pin="0"/><net_sink comp="1808" pin=2"/></net>

<net id="1817"><net_src comp="112" pin="0"/><net_sink comp="1808" pin=3"/></net>

<net id="1823"><net_src comp="1714" pin="2"/><net_sink comp="1818" pin=0"/></net>

<net id="1824"><net_src comp="68" pin="0"/><net_sink comp="1818" pin=1"/></net>

<net id="1825"><net_src comp="1808" pin="4"/><net_sink comp="1818" pin=2"/></net>

<net id="1831"><net_src comp="1746" pin="2"/><net_sink comp="1826" pin=0"/></net>

<net id="1832"><net_src comp="1798" pin="4"/><net_sink comp="1826" pin=1"/></net>

<net id="1833"><net_src comp="1818" pin="3"/><net_sink comp="1826" pin=2"/></net>

<net id="1840"><net_src comp="116" pin="0"/><net_sink comp="1834" pin=0"/></net>

<net id="1841"><net_src comp="118" pin="0"/><net_sink comp="1834" pin=1"/></net>

<net id="1842"><net_src comp="1834" pin="4"/><net_sink comp="291" pin=2"/></net>

<net id="1847"><net_src comp="694" pin="4"/><net_sink comp="1843" pin=0"/></net>

<net id="1848"><net_src comp="108" pin="0"/><net_sink comp="1843" pin=1"/></net>

<net id="1853"><net_src comp="694" pin="4"/><net_sink comp="1849" pin=0"/></net>

<net id="1854"><net_src comp="132" pin="0"/><net_sink comp="1849" pin=1"/></net>

<net id="1865"><net_src comp="705" pin="4"/><net_sink comp="1861" pin=0"/></net>

<net id="1866"><net_src comp="138" pin="0"/><net_sink comp="1861" pin=1"/></net>

<net id="1872"><net_src comp="1861" pin="2"/><net_sink comp="1867" pin=0"/></net>

<net id="1873"><net_src comp="130" pin="0"/><net_sink comp="1867" pin=1"/></net>

<net id="1874"><net_src comp="705" pin="4"/><net_sink comp="1867" pin=2"/></net>

<net id="1880"><net_src comp="1861" pin="2"/><net_sink comp="1875" pin=0"/></net>

<net id="1881"><net_src comp="721" pin="1"/><net_sink comp="1875" pin=1"/></net>

<net id="1882"><net_src comp="715" pin="4"/><net_sink comp="1875" pin=2"/></net>

<net id="1886"><net_src comp="1875" pin="3"/><net_sink comp="1883" pin=0"/></net>

<net id="1890"><net_src comp="1867" pin="3"/><net_sink comp="1887" pin=0"/></net>

<net id="1896"><net_src comp="1887" pin="1"/><net_sink comp="1891" pin=0"/></net>

<net id="1897"><net_src comp="1883" pin="1"/><net_sink comp="1891" pin=1"/></net>

<net id="1898"><net_src comp="1858" pin="1"/><net_sink comp="1891" pin=2"/></net>

<net id="1904"><net_src comp="1887" pin="1"/><net_sink comp="1899" pin=0"/></net>

<net id="1905"><net_src comp="1855" pin="1"/><net_sink comp="1899" pin=1"/></net>

<net id="1906"><net_src comp="1883" pin="1"/><net_sink comp="1899" pin=2"/></net>

<net id="1913"><net_src comp="144" pin="0"/><net_sink comp="1907" pin=0"/></net>

<net id="1914"><net_src comp="1875" pin="3"/><net_sink comp="1907" pin=1"/></net>

<net id="1915"><net_src comp="146" pin="0"/><net_sink comp="1907" pin=2"/></net>

<net id="1916"><net_src comp="148" pin="0"/><net_sink comp="1907" pin=3"/></net>

<net id="1920"><net_src comp="1907" pin="4"/><net_sink comp="1917" pin=0"/></net>

<net id="1925"><net_src comp="1867" pin="3"/><net_sink comp="1921" pin=0"/></net>

<net id="1926"><net_src comp="150" pin="0"/><net_sink comp="1921" pin=1"/></net>

<net id="1931"><net_src comp="1921" pin="2"/><net_sink comp="1927" pin=0"/></net>

<net id="1932"><net_src comp="138" pin="0"/><net_sink comp="1927" pin=1"/></net>

<net id="1938"><net_src comp="1891" pin="3"/><net_sink comp="1933" pin=1"/></net>

<net id="1939"><net_src comp="1899" pin="3"/><net_sink comp="1933" pin=2"/></net>

<net id="1944"><net_src comp="1891" pin="3"/><net_sink comp="1940" pin=0"/></net>

<net id="1949"><net_src comp="1899" pin="3"/><net_sink comp="1945" pin=0"/></net>

<net id="1954"><net_src comp="56" pin="0"/><net_sink comp="1950" pin=1"/></net>

<net id="1959"><net_src comp="656" pin="1"/><net_sink comp="1955" pin=0"/></net>

<net id="1960"><net_src comp="154" pin="0"/><net_sink comp="1955" pin=1"/></net>

<net id="1966"><net_src comp="154" pin="0"/><net_sink comp="1961" pin=1"/></net>

<net id="1967"><net_src comp="1955" pin="2"/><net_sink comp="1961" pin=2"/></net>

<net id="1972"><net_src comp="644" pin="1"/><net_sink comp="1968" pin=0"/></net>

<net id="1973"><net_src comp="156" pin="0"/><net_sink comp="1968" pin=1"/></net>

<net id="1979"><net_src comp="156" pin="0"/><net_sink comp="1974" pin=1"/></net>

<net id="1980"><net_src comp="1968" pin="2"/><net_sink comp="1974" pin=2"/></net>

<net id="1984"><net_src comp="192" pin="1"/><net_sink comp="1981" pin=0"/></net>

<net id="1985"><net_src comp="1981" pin="1"/><net_sink comp="1281" pin=0"/></net>

<net id="1986"><net_src comp="1981" pin="1"/><net_sink comp="1371" pin=1"/></net>

<net id="1990"><net_src comp="196" pin="1"/><net_sink comp="1987" pin=0"/></net>

<net id="1991"><net_src comp="1987" pin="1"/><net_sink comp="1284" pin=0"/></net>

<net id="1992"><net_src comp="1987" pin="1"/><net_sink comp="1366" pin=1"/></net>

<net id="1996"><net_src comp="200" pin="1"/><net_sink comp="1993" pin=0"/></net>

<net id="1997"><net_src comp="1993" pin="1"/><net_sink comp="1531" pin=0"/></net>

<net id="1998"><net_src comp="1993" pin="1"/><net_sink comp="1620" pin=1"/></net>

<net id="2002"><net_src comp="204" pin="1"/><net_sink comp="1999" pin=0"/></net>

<net id="2003"><net_src comp="1999" pin="1"/><net_sink comp="1534" pin=0"/></net>

<net id="2004"><net_src comp="1999" pin="1"/><net_sink comp="1615" pin=1"/></net>

<net id="2008"><net_src comp="727" pin="2"/><net_sink comp="2005" pin=0"/></net>

<net id="2009"><net_src comp="2005" pin="1"/><net_sink comp="302" pin=2"/></net>

<net id="2016"><net_src comp="739" pin="2"/><net_sink comp="2013" pin=0"/></net>

<net id="2017"><net_src comp="2013" pin="1"/><net_sink comp="1250" pin=0"/></net>

<net id="2021"><net_src comp="745" pin="3"/><net_sink comp="2018" pin=0"/></net>

<net id="2022"><net_src comp="2018" pin="1"/><net_sink comp="1255" pin=0"/></net>

<net id="2026"><net_src comp="753" pin="2"/><net_sink comp="2023" pin=0"/></net>

<net id="2030"><net_src comp="765" pin="2"/><net_sink comp="2027" pin=0"/></net>

<net id="2034"><net_src comp="779" pin="2"/><net_sink comp="2031" pin=0"/></net>

<net id="2035"><net_src comp="2031" pin="1"/><net_sink comp="797" pin=1"/></net>

<net id="2036"><net_src comp="2031" pin="1"/><net_sink comp="1419" pin=1"/></net>

<net id="2040"><net_src comp="216" pin="1"/><net_sink comp="2037" pin=0"/></net>

<net id="2041"><net_src comp="2037" pin="1"/><net_sink comp="1855" pin=0"/></net>

<net id="2042"><net_src comp="2037" pin="1"/><net_sink comp="1945" pin=1"/></net>

<net id="2046"><net_src comp="220" pin="1"/><net_sink comp="2043" pin=0"/></net>

<net id="2047"><net_src comp="2043" pin="1"/><net_sink comp="1858" pin=0"/></net>

<net id="2048"><net_src comp="2043" pin="1"/><net_sink comp="1940" pin=1"/></net>

<net id="2058"><net_src comp="802" pin="2"/><net_sink comp="2055" pin=0"/></net>

<net id="2062"><net_src comp="808" pin="2"/><net_sink comp="2059" pin=0"/></net>

<net id="2063"><net_src comp="2059" pin="1"/><net_sink comp="361" pin=0"/></net>

<net id="2070"><net_src comp="820" pin="2"/><net_sink comp="2067" pin=0"/></net>

<net id="2071"><net_src comp="2067" pin="1"/><net_sink comp="372" pin=0"/></net>

<net id="2075"><net_src comp="830" pin="3"/><net_sink comp="2072" pin=0"/></net>

<net id="2076"><net_src comp="2072" pin="1"/><net_sink comp="872" pin=0"/></net>

<net id="2083"><net_src comp="844" pin="2"/><net_sink comp="2080" pin=0"/></net>

<net id="2084"><net_src comp="2080" pin="1"/><net_sink comp="349" pin=0"/></net>

<net id="2088"><net_src comp="850" pin="2"/><net_sink comp="2085" pin=0"/></net>

<net id="2089"><net_src comp="2085" pin="1"/><net_sink comp="383" pin=0"/></net>

<net id="2096"><net_src comp="862" pin="2"/><net_sink comp="2093" pin=0"/></net>

<net id="2097"><net_src comp="2093" pin="1"/><net_sink comp="394" pin=0"/></net>

<net id="2101"><net_src comp="245" pin="3"/><net_sink comp="2098" pin=0"/></net>

<net id="2102"><net_src comp="2098" pin="1"/><net_sink comp="251" pin=2"/></net>

<net id="2109"><net_src comp="888" pin="2"/><net_sink comp="2106" pin=0"/></net>

<net id="2110"><net_src comp="2106" pin="1"/><net_sink comp="405" pin=0"/></net>

<net id="2117"><net_src comp="904" pin="2"/><net_sink comp="2114" pin=0"/></net>

<net id="2118"><net_src comp="2114" pin="1"/><net_sink comp="1400" pin=0"/></net>

<net id="2122"><net_src comp="946" pin="2"/><net_sink comp="2119" pin=0"/></net>

<net id="2123"><net_src comp="2119" pin="1"/><net_sink comp="1387" pin=0"/></net>

<net id="2127"><net_src comp="1002" pin="3"/><net_sink comp="2124" pin=0"/></net>

<net id="2128"><net_src comp="2124" pin="1"/><net_sink comp="1260" pin=2"/></net>

<net id="2129"><net_src comp="2124" pin="1"/><net_sink comp="1376" pin=0"/></net>

<net id="2133"><net_src comp="1014" pin="3"/><net_sink comp="2130" pin=0"/></net>

<net id="2134"><net_src comp="2130" pin="1"/><net_sink comp="1359" pin=0"/></net>

<net id="2138"><net_src comp="1022" pin="3"/><net_sink comp="2135" pin=0"/></net>

<net id="2139"><net_src comp="2135" pin="1"/><net_sink comp="440" pin=0"/></net>

<net id="2143"><net_src comp="1058" pin="3"/><net_sink comp="2140" pin=0"/></net>

<net id="2144"><net_src comp="2140" pin="1"/><net_sink comp="1260" pin=3"/></net>

<net id="2148"><net_src comp="1066" pin="2"/><net_sink comp="2145" pin=0"/></net>

<net id="2149"><net_src comp="2145" pin="1"/><net_sink comp="462" pin=0"/></net>

<net id="2156"><net_src comp="1082" pin="2"/><net_sink comp="2153" pin=0"/></net>

<net id="2157"><net_src comp="2153" pin="1"/><net_sink comp="1649" pin=0"/></net>

<net id="2161"><net_src comp="1124" pin="2"/><net_sink comp="2158" pin=0"/></net>

<net id="2162"><net_src comp="2158" pin="1"/><net_sink comp="1636" pin=0"/></net>

<net id="2166"><net_src comp="1180" pin="3"/><net_sink comp="2163" pin=0"/></net>

<net id="2167"><net_src comp="2163" pin="1"/><net_sink comp="1510" pin=2"/></net>

<net id="2168"><net_src comp="2163" pin="1"/><net_sink comp="1625" pin=0"/></net>

<net id="2172"><net_src comp="1192" pin="3"/><net_sink comp="2169" pin=0"/></net>

<net id="2173"><net_src comp="2169" pin="1"/><net_sink comp="1608" pin=0"/></net>

<net id="2177"><net_src comp="1200" pin="3"/><net_sink comp="2174" pin=0"/></net>

<net id="2178"><net_src comp="2174" pin="1"/><net_sink comp="497" pin=0"/></net>

<net id="2182"><net_src comp="1236" pin="3"/><net_sink comp="2179" pin=0"/></net>

<net id="2183"><net_src comp="2179" pin="1"/><net_sink comp="1510" pin=3"/></net>

<net id="2187"><net_src comp="1250" pin="2"/><net_sink comp="2184" pin=0"/></net>

<net id="2188"><net_src comp="2184" pin="1"/><net_sink comp="337" pin=2"/></net>

<net id="2192"><net_src comp="1255" pin="2"/><net_sink comp="2189" pin=0"/></net>

<net id="2193"><net_src comp="2189" pin="1"/><net_sink comp="313" pin=2"/></net>

<net id="2197"><net_src comp="261" pin="3"/><net_sink comp="2194" pin=0"/></net>

<net id="2198"><net_src comp="2194" pin="1"/><net_sink comp="267" pin=0"/></net>

<net id="2202"><net_src comp="1269" pin="2"/><net_sink comp="2199" pin=0"/></net>

<net id="2203"><net_src comp="2199" pin="1"/><net_sink comp="519" pin=2"/></net>

<net id="2207"><net_src comp="1275" pin="2"/><net_sink comp="2204" pin=0"/></net>

<net id="2211"><net_src comp="1343" pin="1"/><net_sink comp="2208" pin=0"/></net>

<net id="2212"><net_src comp="2208" pin="1"/><net_sink comp="540" pin=2"/></net>

<net id="2216"><net_src comp="1347" pin="2"/><net_sink comp="2213" pin=0"/></net>

<net id="2217"><net_src comp="2213" pin="1"/><net_sink comp="530" pin=2"/></net>

<net id="2221"><net_src comp="1353" pin="2"/><net_sink comp="2218" pin=0"/></net>

<net id="2225"><net_src comp="1359" pin="3"/><net_sink comp="2222" pin=0"/></net>

<net id="2226"><net_src comp="2222" pin="1"/><net_sink comp="238" pin=2"/></net>

<net id="2230"><net_src comp="1376" pin="2"/><net_sink comp="2227" pin=0"/></net>

<net id="2231"><net_src comp="2227" pin="1"/><net_sink comp="451" pin=0"/></net>

<net id="2235"><net_src comp="1387" pin="3"/><net_sink comp="2232" pin=0"/></net>

<net id="2236"><net_src comp="2232" pin="1"/><net_sink comp="428" pin=0"/></net>

<net id="2240"><net_src comp="1400" pin="3"/><net_sink comp="2237" pin=0"/></net>

<net id="2241"><net_src comp="2237" pin="1"/><net_sink comp="416" pin=0"/></net>

<net id="2251"><net_src comp="1424" pin="2"/><net_sink comp="2248" pin=0"/></net>

<net id="2255"><net_src comp="1430" pin="2"/><net_sink comp="2252" pin=0"/></net>

<net id="2256"><net_src comp="2252" pin="1"/><net_sink comp="562" pin=0"/></net>

<net id="2263"><net_src comp="1442" pin="2"/><net_sink comp="2260" pin=0"/></net>

<net id="2264"><net_src comp="2260" pin="1"/><net_sink comp="573" pin=0"/></net>

<net id="2268"><net_src comp="1452" pin="3"/><net_sink comp="2265" pin=0"/></net>

<net id="2269"><net_src comp="2265" pin="1"/><net_sink comp="1494" pin=0"/></net>

<net id="2276"><net_src comp="1466" pin="2"/><net_sink comp="2273" pin=0"/></net>

<net id="2277"><net_src comp="2273" pin="1"/><net_sink comp="550" pin=0"/></net>

<net id="2281"><net_src comp="1472" pin="2"/><net_sink comp="2278" pin=0"/></net>

<net id="2282"><net_src comp="2278" pin="1"/><net_sink comp="584" pin=0"/></net>

<net id="2289"><net_src comp="1484" pin="2"/><net_sink comp="2286" pin=0"/></net>

<net id="2290"><net_src comp="2286" pin="1"/><net_sink comp="595" pin=0"/></net>

<net id="2294"><net_src comp="273" pin="3"/><net_sink comp="2291" pin=0"/></net>

<net id="2295"><net_src comp="2291" pin="1"/><net_sink comp="267" pin=2"/></net>

<net id="2302"><net_src comp="284" pin="3"/><net_sink comp="2299" pin=0"/></net>

<net id="2303"><net_src comp="2299" pin="1"/><net_sink comp="251" pin=0"/></net>

<net id="2307"><net_src comp="251" pin="3"/><net_sink comp="2304" pin=0"/></net>

<net id="2308"><net_src comp="2304" pin="1"/><net_sink comp="627" pin=0"/></net>

<net id="2309"><net_src comp="2304" pin="1"/><net_sink comp="1551" pin=1"/></net>

<net id="2313"><net_src comp="1519" pin="2"/><net_sink comp="2310" pin=0"/></net>

<net id="2314"><net_src comp="2310" pin="1"/><net_sink comp="606" pin=2"/></net>

<net id="2318"><net_src comp="1525" pin="2"/><net_sink comp="2315" pin=0"/></net>

<net id="2322"><net_src comp="1592" pin="1"/><net_sink comp="2319" pin=0"/></net>

<net id="2323"><net_src comp="2319" pin="1"/><net_sink comp="627" pin=2"/></net>

<net id="2327"><net_src comp="1596" pin="2"/><net_sink comp="2324" pin=0"/></net>

<net id="2328"><net_src comp="2324" pin="1"/><net_sink comp="617" pin=2"/></net>

<net id="2332"><net_src comp="1602" pin="2"/><net_sink comp="2329" pin=0"/></net>

<net id="2336"><net_src comp="1608" pin="3"/><net_sink comp="2333" pin=0"/></net>

<net id="2337"><net_src comp="2333" pin="1"/><net_sink comp="238" pin=2"/></net>

<net id="2341"><net_src comp="1625" pin="2"/><net_sink comp="2338" pin=0"/></net>

<net id="2342"><net_src comp="2338" pin="1"/><net_sink comp="508" pin=0"/></net>

<net id="2346"><net_src comp="1636" pin="3"/><net_sink comp="2343" pin=0"/></net>

<net id="2347"><net_src comp="2343" pin="1"/><net_sink comp="485" pin=0"/></net>

<net id="2351"><net_src comp="1649" pin="3"/><net_sink comp="2348" pin=0"/></net>

<net id="2352"><net_src comp="2348" pin="1"/><net_sink comp="473" pin=0"/></net>

<net id="2356"><net_src comp="1656" pin="2"/><net_sink comp="2353" pin=0"/></net>

<net id="2357"><net_src comp="2353" pin="1"/><net_sink comp="637" pin=0"/></net>

<net id="2364"><net_src comp="1672" pin="2"/><net_sink comp="2361" pin=0"/></net>

<net id="2365"><net_src comp="2361" pin="1"/><net_sink comp="1974" pin=0"/></net>

<net id="2369"><net_src comp="1714" pin="2"/><net_sink comp="2366" pin=0"/></net>

<net id="2370"><net_src comp="2366" pin="1"/><net_sink comp="1961" pin=0"/></net>

<net id="2374"><net_src comp="1770" pin="3"/><net_sink comp="2371" pin=0"/></net>

<net id="2375"><net_src comp="2371" pin="1"/><net_sink comp="1834" pin=2"/></net>

<net id="2376"><net_src comp="2371" pin="1"/><net_sink comp="1950" pin=0"/></net>

<net id="2380"><net_src comp="1782" pin="3"/><net_sink comp="2377" pin=0"/></net>

<net id="2381"><net_src comp="2377" pin="1"/><net_sink comp="1933" pin=0"/></net>

<net id="2385"><net_src comp="1790" pin="3"/><net_sink comp="2382" pin=0"/></net>

<net id="2386"><net_src comp="2382" pin="1"/><net_sink comp="672" pin=0"/></net>

<net id="2390"><net_src comp="1826" pin="3"/><net_sink comp="2387" pin=0"/></net>

<net id="2391"><net_src comp="2387" pin="1"/><net_sink comp="1834" pin=3"/></net>

<net id="2395"><net_src comp="291" pin="3"/><net_sink comp="2392" pin=0"/></net>

<net id="2396"><net_src comp="2392" pin="1"/><net_sink comp="267" pin=0"/></net>

<net id="2400"><net_src comp="1843" pin="2"/><net_sink comp="2397" pin=0"/></net>

<net id="2401"><net_src comp="2397" pin="1"/><net_sink comp="694" pin=2"/></net>

<net id="2405"><net_src comp="1849" pin="2"/><net_sink comp="2402" pin=0"/></net>

<net id="2409"><net_src comp="1917" pin="1"/><net_sink comp="2406" pin=0"/></net>

<net id="2410"><net_src comp="2406" pin="1"/><net_sink comp="715" pin=2"/></net>

<net id="2414"><net_src comp="1921" pin="2"/><net_sink comp="2411" pin=0"/></net>

<net id="2415"><net_src comp="2411" pin="1"/><net_sink comp="705" pin=2"/></net>

<net id="2419"><net_src comp="1927" pin="2"/><net_sink comp="2416" pin=0"/></net>

<net id="2423"><net_src comp="1933" pin="3"/><net_sink comp="2420" pin=0"/></net>

<net id="2424"><net_src comp="2420" pin="1"/><net_sink comp="238" pin=2"/></net>

<net id="2428"><net_src comp="1950" pin="2"/><net_sink comp="2425" pin=0"/></net>

<net id="2429"><net_src comp="2425" pin="1"/><net_sink comp="683" pin=0"/></net>

<net id="2433"><net_src comp="1961" pin="3"/><net_sink comp="2430" pin=0"/></net>

<net id="2434"><net_src comp="2430" pin="1"/><net_sink comp="660" pin=0"/></net>

<net id="2438"><net_src comp="1974" pin="3"/><net_sink comp="2435" pin=0"/></net>

<net id="2439"><net_src comp="2435" pin="1"/><net_sink comp="648" pin=0"/></net>

</net_list>

</model> 
---------------- Datapath Model END ------------------

* FSMD analyzer results:
  - Output states:
	Port: fifo_C_C_IO_L2_in_2_x119 | {6 18 }
	Port: fifo_C_PE_0_1_x1106 | {13 24 30 }
 - Input state : 
	Port: C_IO_L2_in_1_x1 : fifo_C_C_IO_L2_in_1_x118 | {6 8 18 20 }
  - Chain level:
	State 1
		specmemcore_ln17347 : 1
		specmemcore_ln17348 : 1
	State 2
		add_ln890_285 : 1
		icmp_ln890 : 1
		br_ln890 : 2
		icmp_ln890303 : 1
		select_ln17357 : 2
		or_ln17357 : 2
		xor_ln17357 : 2
		and_ln17357 : 2
		p_shl : 3
		add_i_i780_cast : 4
		br_ln17362 : 2
	State 3
		tmp_510 : 1
		br_ln17364 : 2
		zext_ln886_11 : 1
		icmp_ln886_11 : 2
		br_ln17366 : 3
		icmp_ln17369 : 1
		br_ln17369 : 2
	State 4
		add_ln691_1324 : 1
		icmp_ln890_1381 : 1
		br_ln17384 : 2
		add_ln691_1322 : 1
		trunc_ln17379 : 1
		tmp_596_cast : 2
		icmp_ln890_1380 : 1
		br_ln17370 : 2
	State 5
		add_ln691_1325 : 1
		icmp_ln890_1393 : 1
		br_ln17386 : 2
	State 6
	State 7
		add_ln691_1323 : 1
		zext_ln17379 : 1
		add_ln17379 : 2
		zext_ln17379_1 : 3
		local_C_pong_V_addr : 4
		icmp_ln890_1392 : 1
		br_ln17372 : 2
	State 8
	State 9
		add_ln17405 : 1
		empty : 1
		icmp_ln17405 : 1
		br_ln17405 : 2
		icmp_ln890_1385 : 1
		xor_ln17405 : 2
		and_ln17405 : 2
		icmp_ln890_1386 : 1
		and_ln17405_1 : 2
		icmp_ln890_1387 : 1
		and_ln17405_2 : 2
		or_ln17411 : 2
		select_ln17411 : 2
		xor_ln17411 : 2
		or_ln17411_1 : 2
		and_ln17411 : 2
		and_ln17411_1 : 2
		add_ln691_1312 : 3
		or_ln17412 : 2
		or_ln17412_1 : 2
		select_ln17412 : 2
		empty_2497 : 4
		select_ln17412_1 : 5
		select_ln890_484 : 4
		tmp_513 : 4
		tmp_514 : 1
		select_ln17411_1 : 2
		select_ln17412_2 : 5
		add_ln17479 : 1
		empty_2498 : 1
		icmp_ln17479 : 1
		br_ln17479 : 2
		icmp_ln890_1382 : 1
		xor_ln17479 : 2
		and_ln17479 : 2
		icmp_ln890_1383 : 1
		and_ln17479_1 : 2
		icmp_ln890_1384 : 1
		and_ln17479_2 : 2
		or_ln17485 : 2
		select_ln17485 : 2
		xor_ln17485 : 2
		or_ln17485_1 : 2
		and_ln17485 : 2
		and_ln17485_1 : 2
		add_ln691_1311 : 3
		or_ln17486 : 2
		or_ln17486_1 : 2
		select_ln17486 : 2
		empty_2499 : 4
		select_ln17486_1 : 5
		select_ln890_483 : 4
		tmp_511 : 4
		tmp_512 : 1
		select_ln17485_1 : 2
		select_ln17486_2 : 5
	State 10
		local_C_ping_V_addr_26 : 1
		in_data_V_64 : 2
	State 11
	State 12
		add_ln890_291 : 1
		icmp_ln890_1391 : 1
		br_ln890 : 2
		icmp_ln878_25 : 1
		select_ln17416 : 2
		select_ln17416_1 : 2
		data_split_V_0 : 3
		trunc_ln17424 : 3
		data_split_V_1_114 : 4
		data_split_V_1_115 : 4
		r : 3
		zext_ln1497_14 : 4
		add_ln691_1317 : 3
		icmp_ln878_24 : 4
		br_ln878 : 5
		select_ln17428 : 5
		store_ln17424 : 5
		store_ln17424 : 5
	State 13
	State 14
		select_ln890_487 : 1
		select_ln890_488 : 1
	State 15
		tmp_509 : 1
		br_ln17438 : 2
		zext_ln886 : 1
		icmp_ln886 : 2
		br_ln17440 : 3
		icmp_ln17443 : 1
		br_ln17443 : 2
	State 16
		add_ln691_1320 : 1
		icmp_ln890_1379 : 1
		br_ln17458 : 2
		add_ln691_1318 : 1
		trunc_ln17453 : 1
		tmp_591_cast : 2
		icmp_ln890_1378 : 1
		br_ln17444 : 2
	State 17
		add_ln691_1321 : 1
		icmp_ln890_1390 : 1
		br_ln17460 : 2
	State 18
	State 19
		add_ln691_1319 : 1
		zext_ln17453 : 1
		add_ln17453 : 2
		zext_ln17453_1 : 3
		local_C_ping_V_addr_25 : 4
		icmp_ln890_1389 : 1
		br_ln17446 : 2
	State 20
	State 21
		local_C_pong_V_addr_13 : 1
		in_data_V_63 : 2
	State 22
	State 23
		add_ln890_290 : 1
		icmp_ln890_1388 : 1
		br_ln890 : 2
		icmp_ln878 : 1
		select_ln17490 : 2
		select_ln17490_1 : 2
		data_split_V_0_89 : 3
		trunc_ln17498 : 3
		data_split_V_1_111 : 4
		data_split_V_1_112 : 4
		r_22 : 3
		zext_ln1497_13 : 4
		add_ln691_1315 : 3
		icmp_ln878_23 : 4
		br_ln878 : 5
		select_ln17502 : 5
		store_ln17498 : 5
		store_ln17498 : 5
	State 24
	State 25
		select_ln890_485 : 1
		select_ln890_486 : 1
	State 26
		add_ln17523 : 1
		empty_2500 : 1
		icmp_ln17523 : 1
		br_ln17523 : 2
		icmp_ln890_1374 : 1
		xor_ln17523 : 2
		and_ln17523 : 2
		icmp_ln890_1375 : 1
		and_ln17523_1 : 2
		icmp_ln890_1376 : 1
		and_ln17523_2 : 2
		or_ln17529 : 2
		select_ln17529 : 2
		xor_ln17529 : 2
		or_ln17529_1 : 2
		and_ln17529 : 2
		and_ln17529_1 : 2
		add_ln691 : 3
		or_ln17530 : 2
		or_ln17530_1 : 2
		select_ln17530 : 2
		empty_2501 : 4
		select_ln17530_1 : 5
		select_ln890 : 4
		tmp : 4
		tmp_508 : 1
		select_ln17529_1 : 2
		select_ln17530_2 : 5
	State 27
		local_C_ping_V_addr : 1
		in_data_V : 2
	State 28
	State 29
		add_ln890_284 : 1
		icmp_ln890_1377 : 1
		br_ln890 : 2
		icmp_ln878305 : 1
		select_ln17534 : 2
		select_ln17534_1 : 2
		data_split_V_0_90 : 3
		trunc_ln17542 : 3
		data_split_V_1_108 : 4
		data_split_V_1_109 : 4
		r_23 : 3
		zext_ln1497 : 4
		add_ln691_1310 : 3
		icmp_ln878_22 : 4
		br_ln878 : 5
		select_ln17546 : 5
		store_ln17542 : 5
		store_ln17542 : 5
	State 30
	State 31
		select_ln890_481 : 1
		select_ln890_482 : 1


============================================================
+ Verbose Summary: Datapath Resource usage 
============================================================

* Functional unit list:
|----------|----------------------------|---------|---------|
| Operation|       Functional Unit      |    FF   |   LUT   |
|----------|----------------------------|---------|---------|
|          |    select_ln17357_fu_745   |    0    |    3    |
|          |    select_ln17411_fu_952   |    0    |    6    |
|          |   select_ln17412_fu_1002   |    0    |    4    |
|          |  select_ln17412_1_fu_1014  |    0    |    2    |
|          |  select_ln890_484_fu_1022  |    0    |    6    |
|          |  select_ln17411_1_fu_1050  |    0    |    4    |
|          |  select_ln17412_2_fu_1058  |    0    |    4    |
|          |   select_ln17485_fu_1130   |    0    |    6    |
|          |   select_ln17486_fu_1180   |    0    |    4    |
|          |  select_ln17486_1_fu_1192  |    0    |    2    |
|          |  select_ln890_483_fu_1200  |    0    |    6    |
|          |  select_ln17485_1_fu_1228  |    0    |    4    |
|          |  select_ln17486_2_fu_1236  |    0    |    4    |
|          |   select_ln17416_fu_1293   |    0    |    2    |
|          |  select_ln17416_1_fu_1301  |    0    |   428   |
|          | data_split_V_1_114_fu_1317 |    0    |   221   |
|          | data_split_V_1_115_fu_1325 |    0    |   221   |
|          |   select_ln17428_fu_1359   |    0    |   221   |
|          |  select_ln890_487_fu_1387  |    0    |    10   |
|  select  |  select_ln890_488_fu_1400  |    0    |    11   |
|          |   select_ln17490_fu_1543   |    0    |    2    |
|          |  select_ln17490_1_fu_1551  |    0    |   428   |
|          | data_split_V_1_111_fu_1566 |    0    |   221   |
|          | data_split_V_1_112_fu_1574 |    0    |   221   |
|          |   select_ln17502_fu_1608   |    0    |   221   |
|          |  select_ln890_485_fu_1636  |    0    |    10   |
|          |  select_ln890_486_fu_1649  |    0    |    11   |
|          |   select_ln17529_fu_1720   |    0    |    6    |
|          |   select_ln17530_fu_1770   |    0    |    4    |
|          |  select_ln17530_1_fu_1782  |    0    |    2    |
|          |    select_ln890_fu_1790    |    0    |    6    |
|          |  select_ln17529_1_fu_1818  |    0    |    4    |
|          |  select_ln17530_2_fu_1826  |    0    |    4    |
|          |   select_ln17534_fu_1867   |    0    |    2    |
|          |  select_ln17534_1_fu_1875  |    0    |   428   |
|          | data_split_V_1_108_fu_1891 |    0    |   221   |
|          | data_split_V_1_109_fu_1899 |    0    |   221   |
|          |   select_ln17546_fu_1933   |    0    |   221   |
|          |  select_ln890_481_fu_1961  |    0    |    10   |
|          |  select_ln890_482_fu_1974  |    0    |    11   |
|----------|----------------------------|---------|---------|
|          |    add_ln890_285_fu_727    |    0    |    12   |
|          |    add_ln691_1324_fu_808   |    0    |    12   |
|          |    add_ln691_1322_fu_820   |    0    |    12   |
|          |        c3_51_fu_844        |    0    |    12   |
|          |    add_ln691_1325_fu_850   |    0    |    12   |
|          |    add_ln691_1323_fu_862   |    0    |    12   |
|          |     add_ln17379_fu_872     |    0    |    14   |
|          |     add_ln17405_fu_888     |    0    |    24   |
|          |    add_ln691_1312_fu_984   |    0    |    13   |
|          |     add_ln17479_fu_1066    |    0    |    24   |
|          |   add_ln691_1311_fu_1162   |    0    |    13   |
|          |   add_ln691_1313_fu_1255   |    0    |    10   |
|          |    add_ln890_291_fu_1269   |    0    |    13   |
|          |   add_ln691_1317_fu_1347   |    0    |    9    |
|          |   add_ln691_1316_fu_1376   |    0    |    12   |
|          |    add_ln890_288_fu_1381   |    0    |    17   |
|          |    add_ln890_289_fu_1394   |    0    |    18   |
|    add   |   add_ln691_1320_fu_1430   |    0    |    12   |
|          |   add_ln691_1318_fu_1442   |    0    |    12   |
|          |        c3_50_fu_1466       |    0    |    12   |
|          |   add_ln691_1321_fu_1472   |    0    |    12   |
|          |   add_ln691_1319_fu_1484   |    0    |    12   |
|          |     add_ln17453_fu_1494    |    0    |    14   |
|          |    add_ln890_290_fu_1519   |    0    |    13   |
|          |   add_ln691_1315_fu_1596   |    0    |    9    |
|          |   add_ln691_1314_fu_1625   |    0    |    12   |
|          |    add_ln890_286_fu_1630   |    0    |    17   |
|          |    add_ln890_287_fu_1643   |    0    |    18   |
|          |     add_ln17523_fu_1656    |    0    |    24   |
|          |      add_ln691_fu_1752     |    0    |    13   |
|          |    add_ln890_284_fu_1843   |    0    |    13   |
|          |   add_ln691_1310_fu_1921   |    0    |    9    |
|          |   add_ln691_1309_fu_1950   |    0    |    12   |
|          |      add_ln890_fu_1955     |    0    |    17   |
|          |    add_ln890_283_fu_1968   |    0    |    18   |
|----------|----------------------------|---------|---------|
|          |      icmp_ln890_fu_733     |    0    |    9    |
|          |    icmp_ln890303_fu_739    |    0    |    8    |
|          |    icmp_ln886_11_fu_797    |    0    |    10   |
|          |     icmp_ln17369_fu_802    |    0    |    9    |
|          |   icmp_ln890_1381_fu_814   |    0    |    9    |
|          |   icmp_ln890_1380_fu_838   |    0    |    9    |
|          |   icmp_ln890_1393_fu_856   |    0    |    9    |
|          |   icmp_ln890_1392_fu_882   |    0    |    9    |
|          |     icmp_ln17405_fu_898    |    0    |    13   |
|          |   icmp_ln890_1385_fu_904   |    0    |    11   |
|          |   icmp_ln890_1386_fu_922   |    0    |    9    |
|          |   icmp_ln890_1387_fu_934   |    0    |    11   |
|          |    icmp_ln17479_fu_1076    |    0    |    13   |
|          |   icmp_ln890_1382_fu_1082  |    0    |    11   |
|          |   icmp_ln890_1383_fu_1100  |    0    |    9    |
|          |   icmp_ln890_1384_fu_1112  |    0    |    11   |
|          |   icmp_ln890_1391_fu_1275  |    0    |    10   |
|   icmp   |    icmp_ln878_25_fu_1287   |    0    |    8    |
|          |    icmp_ln878_24_fu_1353   |    0    |    8    |
|          |     icmp_ln886_fu_1419     |    0    |    10   |
|          |    icmp_ln17443_fu_1424    |    0    |    9    |
|          |   icmp_ln890_1379_fu_1436  |    0    |    9    |
|          |   icmp_ln890_1378_fu_1460  |    0    |    9    |
|          |   icmp_ln890_1390_fu_1478  |    0    |    9    |
|          |   icmp_ln890_1389_fu_1504  |    0    |    9    |
|          |   icmp_ln890_1388_fu_1525  |    0    |    10   |
|          |     icmp_ln878_fu_1537     |    0    |    8    |
|          |    icmp_ln878_23_fu_1602   |    0    |    8    |
|          |    icmp_ln17523_fu_1666    |    0    |    13   |
|          |   icmp_ln890_1374_fu_1672  |    0    |    11   |
|          |   icmp_ln890_1375_fu_1690  |    0    |    9    |
|          |   icmp_ln890_1376_fu_1702  |    0    |    11   |
|          |   icmp_ln890_1377_fu_1849  |    0    |    10   |
|          |    icmp_ln878305_fu_1861   |    0    |    8    |
|          |    icmp_ln878_22_fu_1927   |    0    |    8    |
|----------|----------------------------|---------|---------|
|          |     and_ln17357_fu_765     |    0    |    2    |
|          |     and_ln17405_fu_916     |    0    |    2    |
|          |    and_ln17405_1_fu_928    |    0    |    2    |
|          |    and_ln17405_2_fu_940    |    0    |    2    |
|          |     and_ln17411_fu_972     |    0    |    2    |
|          |    and_ln17411_1_fu_978    |    0    |    2    |
|          |     and_ln17479_fu_1094    |    0    |    2    |
|    and   |    and_ln17479_1_fu_1106   |    0    |    2    |
|          |    and_ln17479_2_fu_1118   |    0    |    2    |
|          |     and_ln17485_fu_1150    |    0    |    2    |
|          |    and_ln17485_1_fu_1156   |    0    |    2    |
|          |     and_ln17523_fu_1684    |    0    |    2    |
|          |    and_ln17523_1_fu_1696   |    0    |    2    |
|          |    and_ln17523_2_fu_1708   |    0    |    2    |
|          |     and_ln17529_fu_1740    |    0    |    2    |
|          |    and_ln17529_1_fu_1746   |    0    |    2    |
|----------|----------------------------|---------|---------|
|          |      or_ln17357_fu_753     |    0    |    2    |
|          |      or_ln17411_fu_946     |    0    |    2    |
|          |     or_ln17411_1_fu_966    |    0    |    2    |
|          |      or_ln17412_fu_990     |    0    |    2    |
|          |     or_ln17412_1_fu_996    |    0    |    2    |
|          |     or_ln17485_fu_1124     |    0    |    2    |
|    or    |    or_ln17485_1_fu_1144    |    0    |    2    |
|          |     or_ln17486_fu_1168     |    0    |    2    |
|          |    or_ln17486_1_fu_1174    |    0    |    2    |
|          |         arb_fu_1250        |    0    |    2    |
|          |     or_ln17529_fu_1714     |    0    |    2    |
|          |    or_ln17529_1_fu_1734    |    0    |    2    |
|          |     or_ln17530_fu_1758     |    0    |    2    |
|          |    or_ln17530_1_fu_1764    |    0    |    2    |
|----------|----------------------------|---------|---------|
|          |     xor_ln17357_fu_759     |    0    |    2    |
|          |     xor_ln17405_fu_910     |    0    |    2    |
|          |     xor_ln17411_fu_960     |    0    |    2    |
|    xor   |     xor_ln17479_fu_1088    |    0    |    2    |
|          |     xor_ln17485_fu_1138    |    0    |    2    |
|          |     xor_ln17512_fu_1244    |    0    |    2    |
|          |     xor_ln17523_fu_1678    |    0    |    2    |
|          |     xor_ln17529_fu_1728    |    0    |    2    |
|----------|----------------------------|---------|---------|
|    sub   |   add_i_i780_cast_fu_779   |    0    |    13   |
|----------|----------------------------|---------|---------|
|   read   |       grp_read_fu_224      |    0    |    0    |
|----------|----------------------------|---------|---------|
|   write  |      grp_write_fu_230      |    0    |    0    |
|          |      grp_write_fu_238      |    0    |    0    |
|----------|----------------------------|---------|---------|
|          |        p_shl_fu_771        |    0    |    0    |
|          |     tmp_596_cast_fu_830    |    0    |    0    |
|bitconcatenate|       tmp_32_fu_1260       |    0    |    0    |
|          |    tmp_591_cast_fu_1452    |    0    |    0    |
|          |       tmp_31_fu_1510       |    0    |    0    |
|          |        tmp_s_fu_1834       |    0    |    0    |
|----------|----------------------------|---------|---------|
| bitselect|       tmp_510_fu_785       |    0    |    0    |
|          |       tmp_509_fu_1407      |    0    |    0    |
|----------|----------------------------|---------|---------|
|          |    zext_ln886_11_fu_793    |    0    |    0    |
|          |     zext_ln17379_fu_868    |    0    |    0    |
|          |    zext_ln17379_1_fu_877   |    0    |    0    |
|          |   zext_ln1497_14_fu_1343   |    0    |    0    |
|   zext   |     zext_ln886_fu_1415     |    0    |    0    |
|          |    zext_ln17453_fu_1490    |    0    |    0    |
|          |   zext_ln17453_1_fu_1499   |    0    |    0    |
|          |   zext_ln1497_13_fu_1592   |    0    |    0    |
|          |     zext_ln1497_fu_1917    |    0    |    0    |
|----------|----------------------------|---------|---------|
|          |    trunc_ln17379_fu_826    |    0    |    0    |
|          |        empty_fu_894        |    0    |    0    |
|          |     empty_2497_fu_1010     |    0    |    0    |
|          |     empty_2498_fu_1072     |    0    |    0    |
|          |     empty_2499_fu_1188     |    0    |    0    |
|          |   data_split_V_0_fu_1309   |    0    |    0    |
|   trunc  |    trunc_ln17424_fu_1313   |    0    |    0    |
|          |    trunc_ln17453_fu_1448   |    0    |    0    |
|          |  data_split_V_0_89_fu_1558 |    0    |    0    |
|          |    trunc_ln17498_fu_1562   |    0    |    0    |
|          |     empty_2500_fu_1662     |    0    |    0    |
|          |     empty_2501_fu_1778     |    0    |    0    |
|          |  data_split_V_0_90_fu_1883 |    0    |    0    |
|          |    trunc_ln17542_fu_1887   |    0    |    0    |
|----------|----------------------------|---------|---------|
|          |       tmp_513_fu_1030      |    0    |    0    |
|          |       tmp_514_fu_1040      |    0    |    0    |
|          |       tmp_511_fu_1208      |    0    |    0    |
|          |       tmp_512_fu_1218      |    0    |    0    |
|partselect|          r_fu_1333         |    0    |    0    |
|          |        r_22_fu_1582        |    0    |    0    |
|          |         tmp_fu_1798        |    0    |    0    |
|          |       tmp_508_fu_1808      |    0    |    0    |
|          |        r_23_fu_1907        |    0    |    0    |
|----------|----------------------------|---------|---------|
|   Total  |                            |    0    |   4337  |
|----------|----------------------------|---------|---------|

Memories:
+--------------+--------+--------+--------+
|              |  BRAM  |   FF   |   LUT  |
+--------------+--------+--------+--------+
|local_C_ping_V|    8   |    0   |    0   |
|local_C_pong_V|    8   |    0   |    0   |
+--------------+--------+--------+--------+
|     Total    |   16   |    0   |    0   |
+--------------+--------+--------+--------+

* Register list:
+-------------------------------+--------+
|                               |   FF   |
+-------------------------------+--------+
|    add_i_i780_cast_reg_2031   |    6   |
|      add_ln17405_reg_2106     |   17   |
|      add_ln17479_reg_2145     |   17   |
|      add_ln17523_reg_2353     |   17   |
|    add_ln691_1309_reg_2425    |    4   |
|    add_ln691_1310_reg_2411    |    2   |
|    add_ln691_1313_reg_2189    |    3   |
|    add_ln691_1314_reg_2338    |    4   |
|    add_ln691_1315_reg_2324    |    2   |
|    add_ln691_1316_reg_2227    |    4   |
|    add_ln691_1317_reg_2213    |    2   |
|    add_ln691_1318_reg_2260    |    4   |
|    add_ln691_1319_reg_2286    |    5   |
|    add_ln691_1320_reg_2252    |    4   |
|    add_ln691_1321_reg_2278    |    5   |
|    add_ln691_1322_reg_2067    |    4   |
|    add_ln691_1323_reg_2093    |    5   |
|    add_ln691_1324_reg_2059    |    4   |
|    add_ln691_1325_reg_2085    |    5   |
|     add_ln890_284_reg_2397    |    6   |
|     add_ln890_285_reg_2005    |    5   |
|     add_ln890_290_reg_2310    |    6   |
|     add_ln890_291_reg_2199    |    6   |
|      and_ln17357_reg_2027     |    1   |
|         arb_13_reg_333        |    1   |
|          arb_reg_2184         |    1   |
|          c1_V_reg_309         |    3   |
|         c3_49_reg_345         |    4   |
|         c3_50_reg_2273        |    4   |
|         c3_51_reg_2080        |    4   |
|           c3_reg_546          |    4   |
|        c4_V_47_reg_558        |    4   |
|        c4_V_48_reg_368        |    4   |
|        c4_V_49_reg_357        |    4   |
|          c4_V_reg_569         |    4   |
|        c5_V_95_reg_580        |    5   |
|        c5_V_96_reg_390        |    5   |
|        c5_V_97_reg_379        |    5   |
|          c5_V_reg_591         |    5   |
|        c6_V_151_reg_493       |    6   |
|        c6_V_152_reg_436       |    6   |
|          c6_V_reg_668         |    6   |
|        c7_V_89_reg_504        |    4   |
|        c7_V_90_reg_447        |    4   |
|          c7_V_reg_679         |    4   |
|  data_split_V_1_102_reg_1987  |   256  |
|  data_split_V_1_103_reg_1993  |   256  |
|  data_split_V_1_104_reg_1999  |   256  |
|  data_split_V_1_105_reg_2037  |   256  |
|  data_split_V_1_106_reg_2043  |   256  |
|    data_split_V_1_reg_1981    |   256  |
|     icmp_ln17369_reg_2055     |    1   |
|     icmp_ln17443_reg_2248     |    1   |
|     icmp_ln878_22_reg_2416    |    1   |
|     icmp_ln878_23_reg_2329    |    1   |
|     icmp_ln878_24_reg_2218    |    1   |
|     icmp_ln890303_reg_2013    |    1   |
|    icmp_ln890_1374_reg_2361   |    1   |
|    icmp_ln890_1377_reg_2402   |    1   |
|    icmp_ln890_1382_reg_2153   |    1   |
|    icmp_ln890_1385_reg_2114   |    1   |
|    icmp_ln890_1388_reg_2315   |    1   |
|    icmp_ln890_1391_reg_2204   |    1   |
|     in_data_V_63_reg_2304     |   512  |
|   indvar_flatten109_reg_469   |   11   |
|   indvar_flatten143_reg_458   |   17   |
|   indvar_flatten151_reg_298   |    5   |
|   indvar_flatten163_reg_690   |    6   |
|   indvar_flatten171_reg_656   |   10   |
|   indvar_flatten195_reg_644   |   11   |
|   indvar_flatten229_reg_633   |   17   |
|    indvar_flatten31_reg_412   |   11   |
|    indvar_flatten65_reg_401   |   17   |
|    indvar_flatten77_reg_602   |    6   |
|    indvar_flatten7_reg_424    |   10   |
|    indvar_flatten85_reg_481   |   10   |
|     indvar_flatten_reg_515    |    6   |
|     intra_trans_en_reg_320    |    1   |
|local_C_ping_V_addr_25_reg_2291|    7   |
|local_C_ping_V_addr_26_reg_2194|    7   |
|  local_C_ping_V_addr_reg_2392 |    7   |
|local_C_pong_V_addr_13_reg_2299|    7   |
|  local_C_pong_V_addr_reg_2098 |    7   |
|         n_V_13_reg_613        |    2   |
|         n_V_14_reg_526        |    2   |
|          n_V_reg_701          |    2   |
|      or_ln17357_reg_2023      |    1   |
|      or_ln17411_reg_2119      |    1   |
|      or_ln17485_reg_2158      |    1   |
|      or_ln17529_reg_2366      |    1   |
|       p_Val2_27_reg_624       |   512  |
|       p_Val2_28_reg_712       |   512  |
|        p_Val2_s_reg_537       |   512  |
|            reg_721            |   512  |
|    select_ln17357_reg_2018    |    3   |
|   select_ln17412_1_reg_2130   |    1   |
|   select_ln17412_2_reg_2140   |    4   |
|    select_ln17412_reg_2124    |    4   |
|    select_ln17428_reg_2222    |   256  |
|   select_ln17486_1_reg_2169   |    1   |
|   select_ln17486_2_reg_2179   |    4   |
|    select_ln17486_reg_2163    |    4   |
|    select_ln17502_reg_2333    |   256  |
|   select_ln17530_1_reg_2377   |    1   |
|   select_ln17530_2_reg_2387   |    4   |
|    select_ln17530_reg_2371    |    4   |
|    select_ln17546_reg_2420    |   256  |
|   select_ln890_481_reg_2430   |   10   |
|   select_ln890_482_reg_2435   |   11   |
|   select_ln890_483_reg_2174   |    6   |
|   select_ln890_484_reg_2135   |    6   |
|   select_ln890_485_reg_2343   |   10   |
|   select_ln890_486_reg_2348   |   11   |
|   select_ln890_487_reg_2232   |   10   |
|   select_ln890_488_reg_2237   |   11   |
|     select_ln890_reg_2382     |    6   |
|     tmp_591_cast_reg_2265     |    7   |
|     tmp_596_cast_reg_2072     |    7   |
|    zext_ln1497_13_reg_2319    |   512  |
|    zext_ln1497_14_reg_2208    |   512  |
|      zext_ln1497_reg_2406     |   512  |
+-------------------------------+--------+
|             Total             |  6945  |
+-------------------------------+--------+

* Multiplexer (MUX) list: 
|---------------------------|------|------|------|--------||---------||---------|
|            Comp           |  Pin | Size |  BW  | S x BW ||  Delay  ||   LUT   |
|---------------------------|------|------|------|--------||---------||---------|
|      grp_write_fu_238     |  p2  |   3  |  256 |   768  ||    14   |
|     grp_access_fu_251     |  p0  |   2  |   7  |   14   ||    9    |
|     grp_access_fu_267     |  p0  |   4  |   7  |   28   ||    20   |
|   intra_trans_en_reg_320  |  p0  |   2  |   1  |    2   |
|       arb_13_reg_333      |  p0  |   2  |   1  |    2   ||    9    |
|       c3_49_reg_345       |  p0  |   2  |   4  |    8   ||    9    |
|  indvar_flatten31_reg_412 |  p0  |   2  |  11  |   22   ||    9    |
|  indvar_flatten7_reg_424  |  p0  |   2  |  10  |   20   ||    9    |
| indvar_flatten109_reg_469 |  p0  |   2  |  11  |   22   ||    9    |
|  indvar_flatten85_reg_481 |  p0  |   2  |  10  |   20   ||    9    |
|         c3_reg_546        |  p0  |   2  |   4  |    8   ||    9    |
| indvar_flatten195_reg_644 |  p0  |   2  |  11  |   22   ||    9    |
| indvar_flatten171_reg_656 |  p0  |   2  |  10  |   20   ||    9    |
|---------------------------|------|------|------|--------||---------||---------|
|           Total           |      |      |      |   956  || 5.12957 ||   124   |
|---------------------------|------|------|------|--------||---------||---------|



* Summary:
+-----------+--------+--------+--------+--------+
|           |  BRAM  |  Delay |   FF   |   LUT  |
+-----------+--------+--------+--------+--------+
|  Function |    -   |    -   |    0   |  4337  |
|   Memory  |   16   |    -   |    0   |    0   |
|Multiplexer|    -   |    5   |    -   |   124  |
|  Register |    -   |    -   |  6945  |    -   |
+-----------+--------+--------+--------+--------+
|   Total   |   16   |    5   |  6945  |  4461  |
+-----------+--------+--------+--------+--------+
