

================================================================
== Vitis HLS Report for 'C_IO_L2_in_3_x1'
================================================================
* Date:           Fri Sep 16 05:59:09 2022

* Version:        2020.2 (Build 3064766 on Wed Nov 18 09:12:47 MST 2020)
* Project:        top
* Solution:       solution (Vitis Kernel Flow Target)
* Product family: virtexuplus
* Target device:  xcu250-figd2104-2L-e


================================================================
== Performance Estimates
================================================================
+ Timing: 
    * Summary: 
    +--------+---------+----------+------------+
    |  Clock |  Target | Estimated| Uncertainty|
    +--------+---------+----------+------------+
    |ap_clk  |  3.33 ns|  2.433 ns|     0.90 ns|
    +--------+---------+----------+------------+

+ Latency: 
    * Summary: 
    +---------+----------+----------+-----------+---------+----------+---------+
    |  Latency (cycles)  |  Latency (absolute)  |      Interval      | Pipeline|
    |   min   |    max   |    min   |    max    |   min   |    max   |   Type  |
    +---------+----------+----------+-----------+---------+----------+---------+
    |  2431482|  60673482|  8.104 ms|  0.202 sec|  2431482|  60673482|     none|
    +---------+----------+----------+-----------+---------+----------+---------+

    + Detail: 
        * Instance: 
        N/A

        * Loop: 
        +----------------------------------------------------------------------------+---------+----------+---------------+-----------+-----------+-------+----------+
        |                                                                            |  Latency (cycles)  |   Iteration   |  Initiation Interval  |  Trip |          |
        |                                  Loop Name                                 |   min   |    max   |    Latency    |  achieved |   target  | Count | Pipelined|
        +----------------------------------------------------------------------------+---------+----------+---------------+-----------+-----------+-------+----------+
        |- C_IO_L2_in_3_x1_loop_1_C_IO_L2_in_3_x1_loop_2                             |     6648|  58248648|  277 ~ 2427027|          -|          -|     24|        no|
        | + C_IO_L2_in_3_x1_loop_3                                                   |      274|      2192|            274|          -|          -|  1 ~ 8|        no|
        |  ++ C_IO_L2_in_3_x1_loop_4                                                 |      272|       272|             34|          -|          -|      8|        no|
        |   +++ C_IO_L2_in_3_x1_loop_5                                               |       32|        32|              2|          -|          -|     16|        no|
        |  ++ C_IO_L2_in_3_x1_loop_6                                                 |      272|       272|             34|          -|          -|      8|        no|
        |   +++ C_IO_L2_in_3_x1_loop_7                                               |       32|        32|              2|          -|          -|     16|        no|
        | + C_IO_L2_in_3_x1_loop_8_C_IO_L2_in_3_x1_loop_10_C_IO_L2_in_3_x1_loop_11   |  2424832|   2424832|             37|          -|          -|  65536|        no|
        |  ++ C_IO_L2_in_3_x1_loop_12_C_IO_L2_in_3_x1_loop_13                        |       32|        32|              2|          1|          1|     32|       yes|
        | + C_IO_L2_in_3_x1_loop_14                                                  |      274|      2192|            274|          -|          -|  1 ~ 8|        no|
        |  ++ C_IO_L2_in_3_x1_loop_15                                                |      272|       272|             34|          -|          -|      8|        no|
        |   +++ C_IO_L2_in_3_x1_loop_16                                              |       32|        32|              2|          -|          -|     16|        no|
        |  ++ C_IO_L2_in_3_x1_loop_17                                                |      272|       272|             34|          -|          -|      8|        no|
        |   +++ C_IO_L2_in_3_x1_loop_18                                              |       32|        32|              2|          -|          -|     16|        no|
        | + C_IO_L2_in_3_x1_loop_19_C_IO_L2_in_3_x1_loop_21_C_IO_L2_in_3_x1_loop_22  |  2424832|   2424832|             37|          -|          -|  65536|        no|
        |  ++ C_IO_L2_in_3_x1_loop_23_C_IO_L2_in_3_x1_loop_24                        |       32|        32|              2|          1|          1|     32|       yes|
        |- C_IO_L2_in_3_x1_loop_25_C_IO_L2_in_3_x1_loop_27_C_IO_L2_in_3_x1_loop_28   |  2424832|   2424832|             37|          -|          -|  65536|        no|
        | + C_IO_L2_in_3_x1_loop_29_C_IO_L2_in_3_x1_loop_30                          |       32|        32|              2|          1|          1|     32|       yes|
        +----------------------------------------------------------------------------+---------+----------+---------------+-----------+-----------+-------+----------+

============================================================
+ Verbose Summary: Synthesis Manager
============================================================
InlineROM: 1
ExposeGlobal: 0
============================================================
+ Verbose Summary: CDFG Model
============================================================
IsTopModel: 0
ResetActiveHigh: 1
IsCombinational: 2
IsDatapathOnly: 0
HasWiredReturn: 1
HasMFsm: 0
HasVarLatency: 1
IsPipeline: 0
IsRtlPipelined: 0
IsInstanceOverlapped: 0
IsDontTouch: 0
HasImplIP: 0
IsGatedGlobalClock: 0

+ Individual pipeline summary: 
  * Pipeline-0: initiation interval (II) = 1, depth = 2
  * Pipeline-1: initiation interval (II) = 1, depth = 2
  * Pipeline-2: initiation interval (II) = 1, depth = 2


============================================================
+ Verbose Summary: Schedule
============================================================
* Number of FSM states : 31
* Pipeline : 3
  Pipeline-0 : II = 1, D = 2, States = { 12 13 }
  Pipeline-1 : II = 1, D = 2, States = { 23 24 }
  Pipeline-2 : II = 1, D = 2, States = { 29 30 }
* Dataflow Pipeline: 0

* FSM state transitions: 
1 --> 2 
2 --> 3 15 26 
3 --> 4 9 
4 --> 5 7 3 
5 --> 6 4 
6 --> 5 
7 --> 8 4 
8 --> 7 
9 --> 10 21 2 
10 --> 11 
11 --> 12 
12 --> 14 13 
13 --> 12 
14 --> 9 
15 --> 16 9 
16 --> 17 19 15 
17 --> 18 16 
18 --> 17 
19 --> 20 16 
20 --> 19 
21 --> 22 
22 --> 23 
23 --> 25 24 
24 --> 23 
25 --> 9 
26 --> 27 
27 --> 28 
28 --> 29 
29 --> 31 30 
30 --> 29 
31 --> 26 

* FSM state operations: 

State 1 <SV = 0> <Delay = 0.38>
ST_1 : Operation 32 [1/1] (0.00ns)   --->   "%data_split_V_1 = alloca i32 1"   --->   Operation 32 'alloca' 'data_split_V_1' <Predicate = true> <Delay = 0.00>
ST_1 : Operation 33 [1/1] (0.00ns)   --->   "%data_split_V_1_70 = alloca i32 1"   --->   Operation 33 'alloca' 'data_split_V_1_70' <Predicate = true> <Delay = 0.00>
ST_1 : Operation 34 [1/1] (0.00ns)   --->   "%data_split_V_1_71 = alloca i32 1"   --->   Operation 34 'alloca' 'data_split_V_1_71' <Predicate = true> <Delay = 0.00>
ST_1 : Operation 35 [1/1] (0.00ns)   --->   "%data_split_V_1_72 = alloca i32 1"   --->   Operation 35 'alloca' 'data_split_V_1_72' <Predicate = true> <Delay = 0.00>
ST_1 : Operation 36 [1/1] (0.00ns)   --->   "%specmemcore_ln0 = specmemcore void @_ssdm_op_SpecMemCore, i256 %fifo_C_PE_0_3_x1116, i64 666, i64 10, i64 18446744073709551615"   --->   Operation 36 'specmemcore' 'specmemcore_ln0' <Predicate = true> <Delay = 0.00>
ST_1 : Operation 37 [1/1] (0.00ns)   --->   "%specmemcore_ln0 = specmemcore void @_ssdm_op_SpecMemCore, i512 %fifo_C_C_IO_L2_in_4_x121, i64 666, i64 10, i64 18446744073709551615"   --->   Operation 37 'specmemcore' 'specmemcore_ln0' <Predicate = true> <Delay = 0.00>
ST_1 : Operation 38 [1/1] (0.00ns)   --->   "%specmemcore_ln0 = specmemcore void @_ssdm_op_SpecMemCore, i512 %fifo_C_C_IO_L2_in_3_x120, i64 666, i64 10, i64 18446744073709551615"   --->   Operation 38 'specmemcore' 'specmemcore_ln0' <Predicate = true> <Delay = 0.00>
ST_1 : Operation 39 [1/1] (0.00ns)   --->   "%specinterface_ln0 = specinterface void @_ssdm_op_SpecInterface, i256 %fifo_C_PE_0_3_x1116, void @empty_7, i32 0, i32 0, void @empty_49, i32 0, i32 0, void @empty_49, void @empty_49, void @empty_49, i32 0, i32 0, i32 0, i32 0, void @empty_49, void @empty_49"   --->   Operation 39 'specinterface' 'specinterface_ln0' <Predicate = true> <Delay = 0.00>
ST_1 : Operation 40 [1/1] (0.00ns)   --->   "%specinterface_ln0 = specinterface void @_ssdm_op_SpecInterface, i512 %fifo_C_C_IO_L2_in_4_x121, void @empty_7, i32 0, i32 0, void @empty_49, i32 0, i32 0, void @empty_49, void @empty_49, void @empty_49, i32 0, i32 0, i32 0, i32 0, void @empty_49, void @empty_49"   --->   Operation 40 'specinterface' 'specinterface_ln0' <Predicate = true> <Delay = 0.00>
ST_1 : Operation 41 [1/1] (0.00ns)   --->   "%specinterface_ln0 = specinterface void @_ssdm_op_SpecInterface, i512 %fifo_C_C_IO_L2_in_3_x120, void @empty_7, i32 0, i32 0, void @empty_49, i32 0, i32 0, void @empty_49, void @empty_49, void @empty_49, i32 0, i32 0, i32 0, i32 0, void @empty_49, void @empty_49"   --->   Operation 41 'specinterface' 'specinterface_ln0' <Predicate = true> <Delay = 0.00>
ST_1 : Operation 42 [1/1] (0.00ns)   --->   "%local_C_ping_V = alloca i64 1" [./dut.cpp:17855]   --->   Operation 42 'alloca' 'local_C_ping_V' <Predicate = true> <Delay = 0.00> <CoreInst = "RAM_2P_BRAM">   --->   Core 94 'RAM_2P_BRAM' <Latency = 1> <II = 1> <Delay = 1.20> <Storage> <Opcode : 'load' 'store'> <Ports = 2> <Width = 512> <Depth = 128> <RAM>
ST_1 : Operation 43 [1/1] (0.00ns)   --->   "%local_C_pong_V = alloca i64 1" [./dut.cpp:17856]   --->   Operation 43 'alloca' 'local_C_pong_V' <Predicate = true> <Delay = 0.00> <CoreInst = "RAM_2P_BRAM">   --->   Core 94 'RAM_2P_BRAM' <Latency = 1> <II = 1> <Delay = 1.20> <Storage> <Opcode : 'load' 'store'> <Ports = 2> <Width = 512> <Depth = 128> <RAM>
ST_1 : Operation 44 [1/1] (0.00ns)   --->   "%specmemcore_ln17855 = specmemcore void @_ssdm_op_SpecMemCore, i512 %local_C_ping_V, i64 666, i64 22, i64 18446744073709551615" [./dut.cpp:17855]   --->   Operation 44 'specmemcore' 'specmemcore_ln17855' <Predicate = true> <Delay = 0.00>
ST_1 : Operation 45 [1/1] (0.00ns)   --->   "%specmemcore_ln17856 = specmemcore void @_ssdm_op_SpecMemCore, i512 %local_C_pong_V, i64 666, i64 22, i64 18446744073709551615" [./dut.cpp:17856]   --->   Operation 45 'specmemcore' 'specmemcore_ln17856' <Predicate = true> <Delay = 0.00>
ST_1 : Operation 46 [1/1] (0.38ns)   --->   "%br_ln17865 = br void" [./dut.cpp:17865]   --->   Operation 46 'br' 'br_ln17865' <Predicate = true> <Delay = 0.38>

State 2 <SV = 1> <Delay = 1.48>
ST_2 : Operation 47 [1/1] (0.00ns)   --->   "%indvar_flatten151 = phi i5 0, void, i5 %add_ln890_255, void %.loopexit1220"   --->   Operation 47 'phi' 'indvar_flatten151' <Predicate = true> <Delay = 0.00>
ST_2 : Operation 48 [1/1] (0.00ns)   --->   "%c1_V = phi i3 0, void, i3 %add_ln691_1251, void %.loopexit1220"   --->   Operation 48 'phi' 'c1_V' <Predicate = true> <Delay = 0.00>
ST_2 : Operation 49 [1/1] (0.00ns)   --->   "%intra_trans_en = phi i1 0, void, i1 1, void %.loopexit1220"   --->   Operation 49 'phi' 'intra_trans_en' <Predicate = true> <Delay = 0.00>
ST_2 : Operation 50 [1/1] (0.00ns)   --->   "%arb_9 = phi i1 0, void, i1 %arb, void %.loopexit1220"   --->   Operation 50 'phi' 'arb_9' <Predicate = true> <Delay = 0.00>
ST_2 : Operation 51 [1/1] (0.70ns)   --->   "%add_ln890_255 = add i5 %indvar_flatten151, i5 1"   --->   Operation 51 'add' 'add_ln890_255' <Predicate = true> <Delay = 0.70> <CoreInst = "Adder">   --->   Core 1 'Adder' <Latency = 0> <II = 1> <Delay = 0.73> <FuncUnit> <Opcode : 'add' 'sub'> <InPorts = 2> <OutPorts = 1>
ST_2 : Operation 52 [1/1] (0.63ns)   --->   "%icmp_ln890 = icmp_eq  i5 %indvar_flatten151, i5 24"   --->   Operation 52 'icmp' 'icmp_ln890' <Predicate = true> <Delay = 0.63> <CoreInst = "Cmp">   --->   Core 9 'Cmp' <Latency = 0> <II = 1> <Delay = 0.60> <FuncUnit> <Opcode : 'icmp'> <InPorts = 2> <OutPorts = 1>
ST_2 : Operation 53 [1/1] (0.00ns)   --->   "%br_ln890 = br i1 %icmp_ln890, void %.split66, void %.preheader69.preheader.preheader"   --->   Operation 53 'br' 'br_ln890' <Predicate = true> <Delay = 0.00>
ST_2 : Operation 54 [1/1] (0.00ns)   --->   "%specloopname_ln0 = specloopname void @_ssdm_op_SpecLoopName, void @C_IO_L2_in_3_x1_loop_1_C_IO_L2_in_3_x1_loop_2_str"   --->   Operation 54 'specloopname' 'specloopname_ln0' <Predicate = (!icmp_ln890)> <Delay = 0.00>
ST_2 : Operation 55 [1/1] (0.00ns)   --->   "%speclooptripcount_ln0 = speclooptripcount void @_ssdm_op_SpecLoopTripCount, i64 24, i64 24, i64 24"   --->   Operation 55 'speclooptripcount' 'speclooptripcount_ln0' <Predicate = (!icmp_ln890)> <Delay = 0.00>
ST_2 : Operation 56 [1/1] (0.49ns)   --->   "%icmp_ln890303 = icmp_eq  i3 %c1_V, i3 6"   --->   Operation 56 'icmp' 'icmp_ln890303' <Predicate = (!icmp_ln890)> <Delay = 0.49> <CoreInst = "Cmp">   --->   Core 9 'Cmp' <Latency = 0> <II = 1> <Delay = 0.60> <FuncUnit> <Opcode : 'icmp'> <InPorts = 2> <OutPorts = 1>
ST_2 : Operation 57 [1/1] (0.27ns)   --->   "%select_ln17865 = select i1 %icmp_ln890303, i3 0, i3 %c1_V" [./dut.cpp:17865]   --->   Operation 57 'select' 'select_ln17865' <Predicate = (!icmp_ln890)> <Delay = 0.27> <CoreInst = "Sel">   --->   Core 73 'Sel' <Latency = 0> <II = 1> <Delay = 0.30> <FuncUnit> <Opcode : 'select'> <InPorts = 3> <OutPorts = 1>
ST_2 : Operation 58 [1/1] (0.12ns)   --->   "%or_ln17865 = or i1 %icmp_ln890303, i1 %intra_trans_en" [./dut.cpp:17865]   --->   Operation 58 'or' 'or_ln17865' <Predicate = (!icmp_ln890)> <Delay = 0.12> <CoreInst = "LogicGate">   --->   Core 74 'LogicGate' <Latency = 0> <II = 1> <Delay = 0.12> <FuncUnit> <Opcode : 'and' 'or' 'xor'> <InPorts = 2> <OutPorts = 1>
ST_2 : Operation 59 [1/1] (0.00ns) (grouped into LUT with out node and_ln17865)   --->   "%xor_ln17865 = xor i1 %icmp_ln890303, i1 1" [./dut.cpp:17865]   --->   Operation 59 'xor' 'xor_ln17865' <Predicate = (!icmp_ln890)> <Delay = 0.00> <CoreInst = "LogicGate">   --->   Core 74 'LogicGate' <Latency = 0> <II = 1> <Delay = 0.12> <FuncUnit> <Opcode : 'and' 'or' 'xor'> <InPorts = 2> <OutPorts = 1>
ST_2 : Operation 60 [1/1] (0.12ns) (out node of the LUT)   --->   "%and_ln17865 = and i1 %arb_9, i1 %xor_ln17865" [./dut.cpp:17865]   --->   Operation 60 'and' 'and_ln17865' <Predicate = (!icmp_ln890)> <Delay = 0.12> <CoreInst = "LogicGate">   --->   Core 74 'LogicGate' <Latency = 0> <II = 1> <Delay = 0.12> <FuncUnit> <Opcode : 'and' 'or' 'xor'> <InPorts = 2> <OutPorts = 1>
ST_2 : Operation 61 [1/1] (0.00ns)   --->   "%specloopname_ln17866 = specloopname void @_ssdm_op_SpecLoopName, void @empty_1818" [./dut.cpp:17866]   --->   Operation 61 'specloopname' 'specloopname_ln17866' <Predicate = (!icmp_ln890)> <Delay = 0.00>
ST_2 : Operation 62 [1/1] (0.00ns)   --->   "%p_shl = bitconcatenate i6 @_ssdm_op_BitConcatenate.i6.i3.i3, i3 %select_ln17865, i3 0" [./dut.cpp:17865]   --->   Operation 62 'bitconcatenate' 'p_shl' <Predicate = (!icmp_ln890)> <Delay = 0.00>
ST_2 : Operation 63 [1/1] (0.70ns)   --->   "%add_i_i780_cast = sub i6 41, i6 %p_shl" [./dut.cpp:17865]   --->   Operation 63 'sub' 'add_i_i780_cast' <Predicate = (!icmp_ln890)> <Delay = 0.70> <CoreInst = "Adder">   --->   Core 1 'Adder' <Latency = 0> <II = 1> <Delay = 0.73> <FuncUnit> <Opcode : 'add' 'sub'> <InPorts = 2> <OutPorts = 1>
ST_2 : Operation 64 [1/1] (0.00ns)   --->   "%br_ln17870 = br i1 %and_ln17865, void %.preheader15.preheader, void %.preheader9.preheader" [./dut.cpp:17870]   --->   Operation 64 'br' 'br_ln17870' <Predicate = (!icmp_ln890)> <Delay = 0.00>
ST_2 : Operation 65 [1/1] (0.38ns)   --->   "%br_ln17872 = br void %.preheader15" [./dut.cpp:17872]   --->   Operation 65 'br' 'br_ln17872' <Predicate = (!icmp_ln890 & !and_ln17865)> <Delay = 0.38>
ST_2 : Operation 66 [1/1] (0.38ns)   --->   "%br_ln17946 = br void %.preheader9" [./dut.cpp:17946]   --->   Operation 66 'br' 'br_ln17946' <Predicate = (!icmp_ln890 & and_ln17865)> <Delay = 0.38>
ST_2 : Operation 67 [1/1] (0.00ns)   --->   "%data_split_V_1_73 = alloca i32 1"   --->   Operation 67 'alloca' 'data_split_V_1_73' <Predicate = (icmp_ln890)> <Delay = 0.00>
ST_2 : Operation 68 [1/1] (0.00ns)   --->   "%data_split_V_1_74 = alloca i32 1"   --->   Operation 68 'alloca' 'data_split_V_1_74' <Predicate = (icmp_ln890)> <Delay = 0.00>
ST_2 : Operation 69 [1/1] (0.38ns)   --->   "%br_ln18038 = br void %.preheader69.preheader" [./dut.cpp:18038]   --->   Operation 69 'br' 'br_ln18038' <Predicate = (icmp_ln890)> <Delay = 0.38>

State 3 <SV = 2> <Delay = 0.74>
ST_3 : Operation 70 [1/1] (0.00ns)   --->   "%c3_37 = phi i4 %c3_39, void %.loopexit1216, i4 3, void %.preheader15.preheader"   --->   Operation 70 'phi' 'c3_37' <Predicate = true> <Delay = 0.00>
ST_3 : Operation 71 [1/1] (0.00ns)   --->   "%tmp_450 = bitselect i1 @_ssdm_op_BitSelect.i1.i4.i32, i4 %c3_37, i32 3" [./dut.cpp:17872]   --->   Operation 71 'bitselect' 'tmp_450' <Predicate = true> <Delay = 0.00>
ST_3 : Operation 72 [1/1] (0.00ns)   --->   "%br_ln17872 = br i1 %tmp_450, void %.split49, void %.loopexit" [./dut.cpp:17872]   --->   Operation 72 'br' 'br_ln17872' <Predicate = true> <Delay = 0.00>
ST_3 : Operation 73 [1/1] (0.00ns)   --->   "%speclooptripcount_ln1616 = speclooptripcount void @_ssdm_op_SpecLoopTripCount, i64 1, i64 8, i64 4"   --->   Operation 73 'speclooptripcount' 'speclooptripcount_ln1616' <Predicate = (!tmp_450)> <Delay = 0.00>
ST_3 : Operation 74 [1/1] (0.00ns)   --->   "%specloopname_ln1616 = specloopname void @_ssdm_op_SpecLoopName, void @empty_1737"   --->   Operation 74 'specloopname' 'specloopname_ln1616' <Predicate = (!tmp_450)> <Delay = 0.00>
ST_3 : Operation 75 [1/1] (0.00ns)   --->   "%zext_ln886_7 = zext i4 %c3_37"   --->   Operation 75 'zext' 'zext_ln886_7' <Predicate = (!tmp_450)> <Delay = 0.00>
ST_3 : Operation 76 [1/1] (0.61ns)   --->   "%icmp_ln886_7 = icmp_ugt  i6 %zext_ln886_7, i6 %add_i_i780_cast"   --->   Operation 76 'icmp' 'icmp_ln886_7' <Predicate = (!tmp_450)> <Delay = 0.61> <CoreInst = "Cmp">   --->   Core 9 'Cmp' <Latency = 0> <II = 1> <Delay = 0.60> <FuncUnit> <Opcode : 'icmp'> <InPorts = 2> <OutPorts = 1>
ST_3 : Operation 77 [1/1] (0.00ns)   --->   "%br_ln17874 = br i1 %icmp_ln886_7, void, void %.loopexit" [./dut.cpp:17874]   --->   Operation 77 'br' 'br_ln17874' <Predicate = (!tmp_450)> <Delay = 0.00>
ST_3 : Operation 78 [1/1] (0.65ns)   --->   "%icmp_ln17877 = icmp_eq  i4 %c3_37, i4 3" [./dut.cpp:17877]   --->   Operation 78 'icmp' 'icmp_ln17877' <Predicate = (!tmp_450 & !icmp_ln886_7)> <Delay = 0.65> <CoreInst = "Cmp">   --->   Core 9 'Cmp' <Latency = 0> <II = 1> <Delay = 0.60> <FuncUnit> <Opcode : 'icmp'> <InPorts = 2> <OutPorts = 1>
ST_3 : Operation 79 [1/1] (0.00ns)   --->   "%br_ln17877 = br i1 %icmp_ln17877, void %.preheader12.preheader, void %.preheader13.preheader" [./dut.cpp:17877]   --->   Operation 79 'br' 'br_ln17877' <Predicate = (!tmp_450 & !icmp_ln886_7)> <Delay = 0.00>
ST_3 : Operation 80 [1/1] (0.38ns)   --->   "%br_ln890 = br void %.preheader12"   --->   Operation 80 'br' 'br_ln890' <Predicate = (!tmp_450 & !icmp_ln886_7 & !icmp_ln17877)> <Delay = 0.38>
ST_3 : Operation 81 [1/1] (0.38ns)   --->   "%br_ln17887 = br void %.preheader13" [./dut.cpp:17887]   --->   Operation 81 'br' 'br_ln17887' <Predicate = (!tmp_450 & !icmp_ln886_7 & icmp_ln17877)> <Delay = 0.38>
ST_3 : Operation 82 [1/1] (0.00ns)   --->   "%br_ln17912 = br i1 %or_ln17865, void %.loopexit1220, void %.preheader10.preheader.preheader" [./dut.cpp:17912]   --->   Operation 82 'br' 'br_ln17912' <Predicate = (icmp_ln886_7) | (tmp_450)> <Delay = 0.00>
ST_3 : Operation 83 [1/1] (0.38ns)   --->   "%br_ln17920 = br void %.preheader10.preheader" [./dut.cpp:17920]   --->   Operation 83 'br' 'br_ln17920' <Predicate = (icmp_ln886_7 & or_ln17865) | (tmp_450 & or_ln17865)> <Delay = 0.38>

State 4 <SV = 3> <Delay = 0.70>
ST_4 : Operation 84 [1/1] (0.00ns)   --->   "%c4_V_37 = phi i4 %add_ln691_1262, void, i4 0, void %.preheader12.preheader"   --->   Operation 84 'phi' 'c4_V_37' <Predicate = (!icmp_ln17877)> <Delay = 0.00>
ST_4 : Operation 85 [1/1] (0.70ns)   --->   "%add_ln691_1262 = add i4 %c4_V_37, i4 1"   --->   Operation 85 'add' 'add_ln691_1262' <Predicate = (!icmp_ln17877)> <Delay = 0.70> <CoreInst = "Adder">   --->   Core 1 'Adder' <Latency = 0> <II = 1> <Delay = 0.73> <FuncUnit> <Opcode : 'add' 'sub'> <InPorts = 2> <OutPorts = 1>
ST_4 : Operation 86 [1/1] (0.65ns)   --->   "%icmp_ln890_1307 = icmp_eq  i4 %c4_V_37, i4 8"   --->   Operation 86 'icmp' 'icmp_ln890_1307' <Predicate = (!icmp_ln17877)> <Delay = 0.65> <CoreInst = "Cmp">   --->   Core 9 'Cmp' <Latency = 0> <II = 1> <Delay = 0.60> <FuncUnit> <Opcode : 'icmp'> <InPorts = 2> <OutPorts = 1>
ST_4 : Operation 87 [1/1] (0.00ns)   --->   "%speclooptripcount_ln0 = speclooptripcount void @_ssdm_op_SpecLoopTripCount, i64 8, i64 8, i64 8"   --->   Operation 87 'speclooptripcount' 'speclooptripcount_ln0' <Predicate = (!icmp_ln17877)> <Delay = 0.00>
ST_4 : Operation 88 [1/1] (0.00ns)   --->   "%br_ln17892 = br i1 %icmp_ln890_1307, void %.split43, void %.loopexit1216.loopexit" [./dut.cpp:17892]   --->   Operation 88 'br' 'br_ln17892' <Predicate = (!icmp_ln17877)> <Delay = 0.00>
ST_4 : Operation 89 [1/1] (0.00ns)   --->   "%specloopname_ln17892 = specloopname void @_ssdm_op_SpecLoopName, void @empty_1683" [./dut.cpp:17892]   --->   Operation 89 'specloopname' 'specloopname_ln17892' <Predicate = (!icmp_ln17877 & !icmp_ln890_1307)> <Delay = 0.00>
ST_4 : Operation 90 [1/1] (0.38ns)   --->   "%br_ln17894 = br void" [./dut.cpp:17894]   --->   Operation 90 'br' 'br_ln17894' <Predicate = (!icmp_ln17877 & !icmp_ln890_1307)> <Delay = 0.38>
ST_4 : Operation 91 [1/1] (0.00ns)   --->   "%br_ln0 = br void %.loopexit1216"   --->   Operation 91 'br' 'br_ln0' <Predicate = (!icmp_ln17877 & icmp_ln890_1307)> <Delay = 0.00>
ST_4 : Operation 92 [1/1] (0.00ns)   --->   "%c4_V_36 = phi i4 %add_ln691_1260, void, i4 0, void %.preheader13.preheader"   --->   Operation 92 'phi' 'c4_V_36' <Predicate = (icmp_ln17877)> <Delay = 0.00>
ST_4 : Operation 93 [1/1] (0.70ns)   --->   "%add_ln691_1260 = add i4 %c4_V_36, i4 1"   --->   Operation 93 'add' 'add_ln691_1260' <Predicate = (icmp_ln17877)> <Delay = 0.70> <CoreInst = "Adder">   --->   Core 1 'Adder' <Latency = 0> <II = 1> <Delay = 0.73> <FuncUnit> <Opcode : 'add' 'sub'> <InPorts = 2> <OutPorts = 1>
ST_4 : Operation 94 [1/1] (0.00ns)   --->   "%trunc_ln17887 = trunc i4 %c4_V_36" [./dut.cpp:17887]   --->   Operation 94 'trunc' 'trunc_ln17887' <Predicate = (icmp_ln17877)> <Delay = 0.00>
ST_4 : Operation 95 [1/1] (0.00ns)   --->   "%tmp_528_cast = bitconcatenate i7 @_ssdm_op_BitConcatenate.i7.i3.i4, i3 %trunc_ln17887, i4 0"   --->   Operation 95 'bitconcatenate' 'tmp_528_cast' <Predicate = (icmp_ln17877)> <Delay = 0.00>
ST_4 : Operation 96 [1/1] (0.65ns)   --->   "%icmp_ln890_1306 = icmp_eq  i4 %c4_V_36, i4 8"   --->   Operation 96 'icmp' 'icmp_ln890_1306' <Predicate = (icmp_ln17877)> <Delay = 0.65> <CoreInst = "Cmp">   --->   Core 9 'Cmp' <Latency = 0> <II = 1> <Delay = 0.60> <FuncUnit> <Opcode : 'icmp'> <InPorts = 2> <OutPorts = 1>
ST_4 : Operation 97 [1/1] (0.00ns)   --->   "%speclooptripcount_ln0 = speclooptripcount void @_ssdm_op_SpecLoopTripCount, i64 8, i64 8, i64 8"   --->   Operation 97 'speclooptripcount' 'speclooptripcount_ln0' <Predicate = (icmp_ln17877)> <Delay = 0.00>
ST_4 : Operation 98 [1/1] (0.00ns)   --->   "%br_ln17878 = br i1 %icmp_ln890_1306, void %.split47, void %.loopexit1216.loopexit341" [./dut.cpp:17878]   --->   Operation 98 'br' 'br_ln17878' <Predicate = (icmp_ln17877)> <Delay = 0.00>
ST_4 : Operation 99 [1/1] (0.00ns)   --->   "%specloopname_ln17878 = specloopname void @_ssdm_op_SpecLoopName, void @empty_1773" [./dut.cpp:17878]   --->   Operation 99 'specloopname' 'specloopname_ln17878' <Predicate = (icmp_ln17877 & !icmp_ln890_1306)> <Delay = 0.00>
ST_4 : Operation 100 [1/1] (0.38ns)   --->   "%br_ln17880 = br void" [./dut.cpp:17880]   --->   Operation 100 'br' 'br_ln17880' <Predicate = (icmp_ln17877 & !icmp_ln890_1306)> <Delay = 0.38>
ST_4 : Operation 101 [1/1] (0.00ns)   --->   "%br_ln0 = br void %.loopexit1216"   --->   Operation 101 'br' 'br_ln0' <Predicate = (icmp_ln17877 & icmp_ln890_1306)> <Delay = 0.00>
ST_4 : Operation 102 [1/1] (0.70ns)   --->   "%c3_39 = add i4 %c3_37, i4 1" [./dut.cpp:17872]   --->   Operation 102 'add' 'c3_39' <Predicate = (icmp_ln17877 & icmp_ln890_1306) | (!icmp_ln17877 & icmp_ln890_1307)> <Delay = 0.70> <CoreInst = "Adder">   --->   Core 1 'Adder' <Latency = 0> <II = 1> <Delay = 0.73> <FuncUnit> <Opcode : 'add' 'sub'> <InPorts = 2> <OutPorts = 1>
ST_4 : Operation 103 [1/1] (0.00ns)   --->   "%br_ln0 = br void %.preheader15"   --->   Operation 103 'br' 'br_ln0' <Predicate = (icmp_ln17877 & icmp_ln890_1306) | (!icmp_ln17877 & icmp_ln890_1307)> <Delay = 0.00>

State 5 <SV = 4> <Delay = 0.70>
ST_5 : Operation 104 [1/1] (0.00ns)   --->   "%c5_V_85 = phi i5 %add_ln691_1263, void %.split41, i5 0, void %.split43"   --->   Operation 104 'phi' 'c5_V_85' <Predicate = true> <Delay = 0.00>
ST_5 : Operation 105 [1/1] (0.70ns)   --->   "%add_ln691_1263 = add i5 %c5_V_85, i5 1"   --->   Operation 105 'add' 'add_ln691_1263' <Predicate = true> <Delay = 0.70> <CoreInst = "Adder">   --->   Core 1 'Adder' <Latency = 0> <II = 1> <Delay = 0.73> <FuncUnit> <Opcode : 'add' 'sub'> <InPorts = 2> <OutPorts = 1>
ST_5 : Operation 106 [1/1] (0.63ns)   --->   "%icmp_ln890_1319 = icmp_eq  i5 %c5_V_85, i5 16"   --->   Operation 106 'icmp' 'icmp_ln890_1319' <Predicate = true> <Delay = 0.63> <CoreInst = "Cmp">   --->   Core 9 'Cmp' <Latency = 0> <II = 1> <Delay = 0.60> <FuncUnit> <Opcode : 'icmp'> <InPorts = 2> <OutPorts = 1>
ST_5 : Operation 107 [1/1] (0.00ns)   --->   "%speclooptripcount_ln0 = speclooptripcount void @_ssdm_op_SpecLoopTripCount, i64 16, i64 16, i64 16"   --->   Operation 107 'speclooptripcount' 'speclooptripcount_ln0' <Predicate = true> <Delay = 0.00>
ST_5 : Operation 108 [1/1] (0.00ns)   --->   "%br_ln17894 = br i1 %icmp_ln890_1319, void %.split41, void" [./dut.cpp:17894]   --->   Operation 108 'br' 'br_ln17894' <Predicate = true> <Delay = 0.00>
ST_5 : Operation 109 [1/1] (0.00ns)   --->   "%br_ln0 = br void %.preheader12"   --->   Operation 109 'br' 'br_ln0' <Predicate = (icmp_ln890_1319)> <Delay = 0.00>

State 6 <SV = 5> <Delay = 2.43>
ST_6 : Operation 110 [1/1] (0.00ns)   --->   "%specloopname_ln17894 = specloopname void @_ssdm_op_SpecLoopName, void @empty_1684" [./dut.cpp:17894]   --->   Operation 110 'specloopname' 'specloopname_ln17894' <Predicate = true> <Delay = 0.00>
ST_6 : Operation 111 [1/1] (1.21ns)   --->   "%tmp_460 = read i512 @_ssdm_op_Read.ap_fifo.volatile.i512P0A, i512 %fifo_C_C_IO_L2_in_3_x120" [/home/rcslfpgaserver/Softwares/Xilinx/Vitis_HLS/2020.2/common/technology/autopilot/hls_stream_39.h:145]   --->   Operation 111 'read' 'tmp_460' <Predicate = true> <Delay = 1.21> <CoreInst = "FIFO_SRL">   --->   Core 81 'FIFO_SRL' <Latency = 0> <II = 1> <Delay = 1.41> <Storage> <Opcode : 'read' 'write' 'nbread' 'nbwrite'> <Ports = 0> <Width = 512> <Depth = 2> <FIFO>
ST_6 : Operation 112 [1/1] (1.21ns)   --->   "%write_ln174 = write void @_ssdm_op_Write.ap_fifo.volatile.i512P0A, i512 %fifo_C_C_IO_L2_in_4_x121, i512 %tmp_460" [/home/rcslfpgaserver/Softwares/Xilinx/Vitis_HLS/2020.2/common/technology/autopilot/hls_stream_39.h:174]   --->   Operation 112 'write' 'write_ln174' <Predicate = true> <Delay = 1.21> <CoreInst = "FIFO_SRL">   --->   Core 81 'FIFO_SRL' <Latency = 0> <II = 1> <Delay = 1.41> <Storage> <Opcode : 'read' 'write' 'nbread' 'nbwrite'> <Ports = 0> <Width = 512> <Depth = 2> <FIFO>
ST_6 : Operation 113 [1/1] (0.00ns)   --->   "%br_ln0 = br void"   --->   Operation 113 'br' 'br_ln0' <Predicate = true> <Delay = 0.00>

State 7 <SV = 4> <Delay = 0.70>
ST_7 : Operation 114 [1/1] (0.00ns)   --->   "%c5_V_84 = phi i5 %add_ln691_1261, void %.split45, i5 0, void %.split47"   --->   Operation 114 'phi' 'c5_V_84' <Predicate = true> <Delay = 0.00>
ST_7 : Operation 115 [1/1] (0.70ns)   --->   "%add_ln691_1261 = add i5 %c5_V_84, i5 1"   --->   Operation 115 'add' 'add_ln691_1261' <Predicate = true> <Delay = 0.70> <CoreInst = "Adder">   --->   Core 1 'Adder' <Latency = 0> <II = 1> <Delay = 0.73> <FuncUnit> <Opcode : 'add' 'sub'> <InPorts = 2> <OutPorts = 1>
ST_7 : Operation 116 [1/1] (0.00ns)   --->   "%zext_ln17887 = zext i5 %c5_V_84" [./dut.cpp:17887]   --->   Operation 116 'zext' 'zext_ln17887' <Predicate = true> <Delay = 0.00>
ST_7 : Operation 117 [1/1] (0.70ns)   --->   "%add_ln17887 = add i7 %tmp_528_cast, i7 %zext_ln17887" [./dut.cpp:17887]   --->   Operation 117 'add' 'add_ln17887' <Predicate = true> <Delay = 0.70> <CoreInst = "Adder">   --->   Core 1 'Adder' <Latency = 0> <II = 1> <Delay = 0.73> <FuncUnit> <Opcode : 'add' 'sub'> <InPorts = 2> <OutPorts = 1>
ST_7 : Operation 118 [1/1] (0.00ns)   --->   "%zext_ln17887_1 = zext i7 %add_ln17887" [./dut.cpp:17887]   --->   Operation 118 'zext' 'zext_ln17887_1' <Predicate = true> <Delay = 0.00>
ST_7 : Operation 119 [1/1] (0.00ns)   --->   "%local_C_pong_V_addr = getelementptr i512 %local_C_pong_V, i64 0, i64 %zext_ln17887_1" [./dut.cpp:17887]   --->   Operation 119 'getelementptr' 'local_C_pong_V_addr' <Predicate = true> <Delay = 0.00>
ST_7 : Operation 120 [1/1] (0.63ns)   --->   "%icmp_ln890_1318 = icmp_eq  i5 %c5_V_84, i5 16"   --->   Operation 120 'icmp' 'icmp_ln890_1318' <Predicate = true> <Delay = 0.63> <CoreInst = "Cmp">   --->   Core 9 'Cmp' <Latency = 0> <II = 1> <Delay = 0.60> <FuncUnit> <Opcode : 'icmp'> <InPorts = 2> <OutPorts = 1>
ST_7 : Operation 121 [1/1] (0.00ns)   --->   "%speclooptripcount_ln0 = speclooptripcount void @_ssdm_op_SpecLoopTripCount, i64 16, i64 16, i64 16"   --->   Operation 121 'speclooptripcount' 'speclooptripcount_ln0' <Predicate = true> <Delay = 0.00>
ST_7 : Operation 122 [1/1] (0.00ns)   --->   "%br_ln17880 = br i1 %icmp_ln890_1318, void %.split45, void" [./dut.cpp:17880]   --->   Operation 122 'br' 'br_ln17880' <Predicate = true> <Delay = 0.00>
ST_7 : Operation 123 [1/1] (0.00ns)   --->   "%br_ln0 = br void %.preheader13"   --->   Operation 123 'br' 'br_ln0' <Predicate = (icmp_ln890_1318)> <Delay = 0.00>

State 8 <SV = 5> <Delay = 2.41>
ST_8 : Operation 124 [1/1] (0.00ns)   --->   "%specloopname_ln17880 = specloopname void @_ssdm_op_SpecLoopName, void @empty_1757" [./dut.cpp:17880]   --->   Operation 124 'specloopname' 'specloopname_ln17880' <Predicate = true> <Delay = 0.00>
ST_8 : Operation 125 [1/1] (1.21ns)   --->   "%tmp_459 = read i512 @_ssdm_op_Read.ap_fifo.volatile.i512P0A, i512 %fifo_C_C_IO_L2_in_3_x120" [/home/rcslfpgaserver/Softwares/Xilinx/Vitis_HLS/2020.2/common/technology/autopilot/hls_stream_39.h:145]   --->   Operation 125 'read' 'tmp_459' <Predicate = true> <Delay = 1.21> <CoreInst = "FIFO_SRL">   --->   Core 81 'FIFO_SRL' <Latency = 0> <II = 1> <Delay = 1.41> <Storage> <Opcode : 'read' 'write' 'nbread' 'nbwrite'> <Ports = 0> <Width = 512> <Depth = 2> <FIFO>
ST_8 : Operation 126 [1/1] (1.20ns)   --->   "%store_ln17887 = store i512 %tmp_459, i7 %local_C_pong_V_addr" [./dut.cpp:17887]   --->   Operation 126 'store' 'store_ln17887' <Predicate = true> <Delay = 1.20> <CoreInst = "RAM_2P_BRAM">   --->   Core 94 'RAM_2P_BRAM' <Latency = 1> <II = 1> <Delay = 1.20> <Storage> <Opcode : 'load' 'store'> <Ports = 2> <Width = 512> <Depth = 128> <RAM>
ST_8 : Operation 127 [1/1] (0.00ns)   --->   "%br_ln0 = br void"   --->   Operation 127 'br' 'br_ln0' <Predicate = true> <Delay = 0.00>

State 9 <SV = 3> <Delay = 2.33>
ST_9 : Operation 128 [1/1] (0.00ns)   --->   "%indvar_flatten65 = phi i17 %add_ln17913, void, i17 0, void %.preheader10.preheader.preheader" [./dut.cpp:17913]   --->   Operation 128 'phi' 'indvar_flatten65' <Predicate = (!and_ln17865 & or_ln17865)> <Delay = 0.00>
ST_9 : Operation 129 [1/1] (0.00ns)   --->   "%indvar_flatten31 = phi i11 %select_ln890_456, void, i11 0, void %.preheader10.preheader.preheader"   --->   Operation 129 'phi' 'indvar_flatten31' <Predicate = (!and_ln17865 & or_ln17865)> <Delay = 0.00>
ST_9 : Operation 130 [1/1] (0.00ns)   --->   "%indvar_flatten7 = phi i10 %select_ln890_455, void, i10 0, void %.preheader10.preheader.preheader"   --->   Operation 130 'phi' 'indvar_flatten7' <Predicate = (!and_ln17865 & or_ln17865)> <Delay = 0.00>
ST_9 : Operation 131 [1/1] (0.00ns)   --->   "%c6_V_144 = phi i6 %select_ln890_452, void, i6 0, void %.preheader10.preheader.preheader"   --->   Operation 131 'phi' 'c6_V_144' <Predicate = (!and_ln17865 & or_ln17865)> <Delay = 0.00>
ST_9 : Operation 132 [1/1] (0.00ns)   --->   "%c7_V_82 = phi i4 %add_ln691_1254, void, i4 0, void %.preheader10.preheader.preheader"   --->   Operation 132 'phi' 'c7_V_82' <Predicate = (!and_ln17865 & or_ln17865)> <Delay = 0.00>
ST_9 : Operation 133 [1/1] (0.79ns)   --->   "%add_ln17913 = add i17 %indvar_flatten65, i17 1" [./dut.cpp:17913]   --->   Operation 133 'add' 'add_ln17913' <Predicate = (!and_ln17865 & or_ln17865)> <Delay = 0.79> <CoreInst = "Adder">   --->   Core 1 'Adder' <Latency = 0> <II = 1> <Delay = 0.73> <FuncUnit> <Opcode : 'add' 'sub'> <InPorts = 2> <OutPorts = 1>
ST_9 : Operation 134 [1/1] (0.00ns)   --->   "%empty = trunc i6 %c6_V_144"   --->   Operation 134 'trunc' 'empty' <Predicate = (!and_ln17865 & or_ln17865)> <Delay = 0.00>
ST_9 : Operation 135 [1/1] (0.68ns)   --->   "%icmp_ln17913 = icmp_eq  i17 %indvar_flatten65, i17 65536" [./dut.cpp:17913]   --->   Operation 135 'icmp' 'icmp_ln17913' <Predicate = (!and_ln17865 & or_ln17865)> <Delay = 0.68> <CoreInst = "Cmp">   --->   Core 9 'Cmp' <Latency = 0> <II = 1> <Delay = 0.60> <FuncUnit> <Opcode : 'icmp'> <InPorts = 2> <OutPorts = 1>
ST_9 : Operation 136 [1/1] (0.00ns)   --->   "%br_ln17913 = br i1 %icmp_ln17913, void %.preheader10, void %.loopexit1220.loopexit340" [./dut.cpp:17913]   --->   Operation 136 'br' 'br_ln17913' <Predicate = (!and_ln17865 & or_ln17865)> <Delay = 0.00>
ST_9 : Operation 137 [1/1] (0.61ns)   --->   "%icmp_ln890_1311 = icmp_eq  i11 %indvar_flatten31, i11 512"   --->   Operation 137 'icmp' 'icmp_ln890_1311' <Predicate = (!and_ln17865 & or_ln17865 & !icmp_ln17913)> <Delay = 0.61> <CoreInst = "Cmp">   --->   Core 9 'Cmp' <Latency = 0> <II = 1> <Delay = 0.60> <FuncUnit> <Opcode : 'icmp'> <InPorts = 2> <OutPorts = 1>
ST_9 : Operation 138 [1/1] (0.12ns)   --->   "%xor_ln17913 = xor i1 %icmp_ln890_1311, i1 1" [./dut.cpp:17913]   --->   Operation 138 'xor' 'xor_ln17913' <Predicate = (!and_ln17865 & or_ln17865 & !icmp_ln17913)> <Delay = 0.12> <CoreInst = "LogicGate">   --->   Core 74 'LogicGate' <Latency = 0> <II = 1> <Delay = 0.12> <FuncUnit> <Opcode : 'and' 'or' 'xor'> <InPorts = 2> <OutPorts = 1>
ST_9 : Operation 139 [1/1] (0.00ns) (grouped into LUT with out node select_ln17920_1)   --->   "%and_ln17913 = and i1 %empty, i1 %xor_ln17913" [./dut.cpp:17913]   --->   Operation 139 'and' 'and_ln17913' <Predicate = (!and_ln17865 & or_ln17865 & !icmp_ln17913)> <Delay = 0.00> <CoreInst = "LogicGate">   --->   Core 74 'LogicGate' <Latency = 0> <II = 1> <Delay = 0.12> <FuncUnit> <Opcode : 'and' 'or' 'xor'> <InPorts = 2> <OutPorts = 1>
ST_9 : Operation 140 [1/1] (0.65ns)   --->   "%icmp_ln890_1312 = icmp_eq  i4 %c7_V_82, i4 8"   --->   Operation 140 'icmp' 'icmp_ln890_1312' <Predicate = (!and_ln17865 & or_ln17865 & !icmp_ln17913)> <Delay = 0.65> <CoreInst = "Cmp">   --->   Core 9 'Cmp' <Latency = 0> <II = 1> <Delay = 0.60> <FuncUnit> <Opcode : 'icmp'> <InPorts = 2> <OutPorts = 1>
ST_9 : Operation 141 [1/1] (0.00ns) (grouped into LUT with out node and_ln17919_1)   --->   "%and_ln17913_1 = and i1 %icmp_ln890_1312, i1 %xor_ln17913" [./dut.cpp:17913]   --->   Operation 141 'and' 'and_ln17913_1' <Predicate = (!and_ln17865 & or_ln17865 & !icmp_ln17913)> <Delay = 0.00> <CoreInst = "LogicGate">   --->   Core 74 'LogicGate' <Latency = 0> <II = 1> <Delay = 0.12> <FuncUnit> <Opcode : 'and' 'or' 'xor'> <InPorts = 2> <OutPorts = 1>
ST_9 : Operation 142 [1/1] (0.60ns)   --->   "%icmp_ln890_1313 = icmp_eq  i10 %indvar_flatten7, i10 256"   --->   Operation 142 'icmp' 'icmp_ln890_1313' <Predicate = (!and_ln17865 & or_ln17865 & !icmp_ln17913)> <Delay = 0.60> <CoreInst = "Cmp">   --->   Core 9 'Cmp' <Latency = 0> <II = 1> <Delay = 0.60> <FuncUnit> <Opcode : 'icmp'> <InPorts = 2> <OutPorts = 1>
ST_9 : Operation 143 [1/1] (0.12ns)   --->   "%and_ln17913_2 = and i1 %icmp_ln890_1313, i1 %xor_ln17913" [./dut.cpp:17913]   --->   Operation 143 'and' 'and_ln17913_2' <Predicate = (!and_ln17865 & or_ln17865 & !icmp_ln17913)> <Delay = 0.12> <CoreInst = "LogicGate">   --->   Core 74 'LogicGate' <Latency = 0> <II = 1> <Delay = 0.12> <FuncUnit> <Opcode : 'and' 'or' 'xor'> <InPorts = 2> <OutPorts = 1>
ST_9 : Operation 144 [1/1] (0.12ns)   --->   "%or_ln17919 = or i1 %and_ln17913_2, i1 %icmp_ln890_1311" [./dut.cpp:17919]   --->   Operation 144 'or' 'or_ln17919' <Predicate = (!and_ln17865 & or_ln17865 & !icmp_ln17913)> <Delay = 0.12> <CoreInst = "LogicGate">   --->   Core 74 'LogicGate' <Latency = 0> <II = 1> <Delay = 0.12> <FuncUnit> <Opcode : 'and' 'or' 'xor'> <InPorts = 2> <OutPorts = 1>
ST_9 : Operation 145 [1/1] (0.29ns)   --->   "%select_ln17919 = select i1 %or_ln17919, i6 0, i6 %c6_V_144" [./dut.cpp:17919]   --->   Operation 145 'select' 'select_ln17919' <Predicate = (!and_ln17865 & or_ln17865 & !icmp_ln17913)> <Delay = 0.29> <CoreInst = "Sel">   --->   Core 73 'Sel' <Latency = 0> <II = 1> <Delay = 0.30> <FuncUnit> <Opcode : 'select'> <InPorts = 3> <OutPorts = 1>
ST_9 : Operation 146 [1/1] (0.00ns) (grouped into LUT with out node or_ln17919_1)   --->   "%xor_ln17919 = xor i1 %icmp_ln890_1313, i1 1" [./dut.cpp:17919]   --->   Operation 146 'xor' 'xor_ln17919' <Predicate = (!and_ln17865 & or_ln17865 & !icmp_ln17913)> <Delay = 0.00> <CoreInst = "LogicGate">   --->   Core 74 'LogicGate' <Latency = 0> <II = 1> <Delay = 0.12> <FuncUnit> <Opcode : 'and' 'or' 'xor'> <InPorts = 2> <OutPorts = 1>
ST_9 : Operation 147 [1/1] (0.12ns) (out node of the LUT)   --->   "%or_ln17919_1 = or i1 %icmp_ln890_1311, i1 %xor_ln17919" [./dut.cpp:17919]   --->   Operation 147 'or' 'or_ln17919_1' <Predicate = (!and_ln17865 & or_ln17865 & !icmp_ln17913)> <Delay = 0.12> <CoreInst = "LogicGate">   --->   Core 74 'LogicGate' <Latency = 0> <II = 1> <Delay = 0.12> <FuncUnit> <Opcode : 'and' 'or' 'xor'> <InPorts = 2> <OutPorts = 1>
ST_9 : Operation 148 [1/1] (0.00ns) (grouped into LUT with out node select_ln17920_1)   --->   "%and_ln17919 = and i1 %and_ln17913, i1 %or_ln17919_1" [./dut.cpp:17919]   --->   Operation 148 'and' 'and_ln17919' <Predicate = (!and_ln17865 & or_ln17865 & !icmp_ln17913)> <Delay = 0.00> <CoreInst = "LogicGate">   --->   Core 74 'LogicGate' <Latency = 0> <II = 1> <Delay = 0.12> <FuncUnit> <Opcode : 'and' 'or' 'xor'> <InPorts = 2> <OutPorts = 1>
ST_9 : Operation 149 [1/1] (0.12ns) (out node of the LUT)   --->   "%and_ln17919_1 = and i1 %and_ln17913_1, i1 %or_ln17919_1" [./dut.cpp:17919]   --->   Operation 149 'and' 'and_ln17919_1' <Predicate = (!and_ln17865 & or_ln17865 & !icmp_ln17913)> <Delay = 0.12> <CoreInst = "LogicGate">   --->   Core 74 'LogicGate' <Latency = 0> <II = 1> <Delay = 0.12> <FuncUnit> <Opcode : 'and' 'or' 'xor'> <InPorts = 2> <OutPorts = 1>
ST_9 : Operation 150 [1/1] (0.70ns)   --->   "%add_ln691_1250 = add i6 %select_ln17919, i6 1"   --->   Operation 150 'add' 'add_ln691_1250' <Predicate = (!and_ln17865 & or_ln17865 & !icmp_ln17913)> <Delay = 0.70> <CoreInst = "Adder">   --->   Core 1 'Adder' <Latency = 0> <II = 1> <Delay = 0.73> <FuncUnit> <Opcode : 'add' 'sub'> <InPorts = 2> <OutPorts = 1>
ST_9 : Operation 151 [1/1] (0.00ns) (grouped into LUT with out node select_ln17920)   --->   "%or_ln17920 = or i1 %and_ln17919_1, i1 %and_ln17913_2" [./dut.cpp:17920]   --->   Operation 151 'or' 'or_ln17920' <Predicate = (!and_ln17865 & or_ln17865 & !icmp_ln17913)> <Delay = 0.00> <CoreInst = "LogicGate">   --->   Core 74 'LogicGate' <Latency = 0> <II = 1> <Delay = 0.12> <FuncUnit> <Opcode : 'and' 'or' 'xor'> <InPorts = 2> <OutPorts = 1>
ST_9 : Operation 152 [1/1] (0.00ns) (grouped into LUT with out node select_ln17920)   --->   "%or_ln17920_1 = or i1 %or_ln17920, i1 %icmp_ln890_1311" [./dut.cpp:17920]   --->   Operation 152 'or' 'or_ln17920_1' <Predicate = (!and_ln17865 & or_ln17865 & !icmp_ln17913)> <Delay = 0.00> <CoreInst = "LogicGate">   --->   Core 74 'LogicGate' <Latency = 0> <II = 1> <Delay = 0.12> <FuncUnit> <Opcode : 'and' 'or' 'xor'> <InPorts = 2> <OutPorts = 1>
ST_9 : Operation 153 [1/1] (0.35ns) (out node of the LUT)   --->   "%select_ln17920 = select i1 %or_ln17920_1, i4 0, i4 %c7_V_82" [./dut.cpp:17920]   --->   Operation 153 'select' 'select_ln17920' <Predicate = (!and_ln17865 & or_ln17865 & !icmp_ln17913)> <Delay = 0.35> <CoreInst = "Sel">   --->   Core 73 'Sel' <Latency = 0> <II = 1> <Delay = 0.30> <FuncUnit> <Opcode : 'select'> <InPorts = 3> <OutPorts = 1>
ST_9 : Operation 154 [1/1] (0.00ns) (grouped into LUT with out node select_ln17920_1)   --->   "%empty_2477 = trunc i6 %add_ln691_1250"   --->   Operation 154 'trunc' 'empty_2477' <Predicate = (!and_ln17865 & or_ln17865 & !icmp_ln17913)> <Delay = 0.00>
ST_9 : Operation 155 [1/1] (0.27ns) (out node of the LUT)   --->   "%select_ln17920_1 = select i1 %and_ln17919_1, i1 %empty_2477, i1 %and_ln17919" [./dut.cpp:17920]   --->   Operation 155 'select' 'select_ln17920_1' <Predicate = (!and_ln17865 & or_ln17865 & !icmp_ln17913)> <Delay = 0.27> <CoreInst = "Sel">   --->   Core 73 'Sel' <Latency = 0> <II = 1> <Delay = 0.30> <FuncUnit> <Opcode : 'select'> <InPorts = 3> <OutPorts = 1>
ST_9 : Operation 156 [1/1] (0.29ns)   --->   "%select_ln890_452 = select i1 %and_ln17919_1, i6 %add_ln691_1250, i6 %select_ln17919"   --->   Operation 156 'select' 'select_ln890_452' <Predicate = (!and_ln17865 & or_ln17865 & !icmp_ln17913)> <Delay = 0.29> <CoreInst = "Sel">   --->   Core 73 'Sel' <Latency = 0> <II = 1> <Delay = 0.30> <FuncUnit> <Opcode : 'select'> <InPorts = 3> <OutPorts = 1>
ST_9 : Operation 157 [1/1] (0.00ns) (grouped into LUT with out node select_ln17920_2)   --->   "%tmp_453 = partselect i4 @_ssdm_op_PartSelect.i4.i6.i32.i32, i6 %add_ln691_1250, i32 1, i32 4"   --->   Operation 157 'partselect' 'tmp_453' <Predicate = (!and_ln17865 & or_ln17865 & !icmp_ln17913)> <Delay = 0.00>
ST_9 : Operation 158 [1/1] (0.00ns) (grouped into LUT with out node select_ln17920_2)   --->   "%tmp_454 = partselect i4 @_ssdm_op_PartSelect.i4.i6.i32.i32, i6 %c6_V_144, i32 1, i32 4"   --->   Operation 158 'partselect' 'tmp_454' <Predicate = (!and_ln17865 & or_ln17865 & !icmp_ln17913)> <Delay = 0.00>
ST_9 : Operation 159 [1/1] (0.00ns) (grouped into LUT with out node select_ln17920_2)   --->   "%select_ln17919_1 = select i1 %or_ln17919, i4 0, i4 %tmp_454" [./dut.cpp:17919]   --->   Operation 159 'select' 'select_ln17919_1' <Predicate = (!and_ln17865 & or_ln17865 & !icmp_ln17913)> <Delay = 0.00> <CoreInst = "Sel">   --->   Core 73 'Sel' <Latency = 0> <II = 1> <Delay = 0.30> <FuncUnit> <Opcode : 'select'> <InPorts = 3> <OutPorts = 1>
ST_9 : Operation 160 [1/1] (0.35ns) (out node of the LUT)   --->   "%select_ln17920_2 = select i1 %and_ln17919_1, i4 %tmp_453, i4 %select_ln17919_1" [./dut.cpp:17920]   --->   Operation 160 'select' 'select_ln17920_2' <Predicate = (!and_ln17865 & or_ln17865 & !icmp_ln17913)> <Delay = 0.35> <CoreInst = "Sel">   --->   Core 73 'Sel' <Latency = 0> <II = 1> <Delay = 0.30> <FuncUnit> <Opcode : 'select'> <InPorts = 3> <OutPorts = 1>
ST_9 : Operation 161 [1/1] (0.00ns)   --->   "%br_ln0 = br void %.loopexit1220"   --->   Operation 161 'br' 'br_ln0' <Predicate = (!and_ln17865 & or_ln17865 & icmp_ln17913)> <Delay = 0.00>
ST_9 : Operation 162 [1/1] (0.00ns)   --->   "%indvar_flatten143 = phi i17 %add_ln17987, void, i17 0, void %.preheader.preheader.preheader" [./dut.cpp:17987]   --->   Operation 162 'phi' 'indvar_flatten143' <Predicate = (and_ln17865 & or_ln17865)> <Delay = 0.00>
ST_9 : Operation 163 [1/1] (0.00ns)   --->   "%indvar_flatten109 = phi i11 %select_ln890_454, void, i11 0, void %.preheader.preheader.preheader"   --->   Operation 163 'phi' 'indvar_flatten109' <Predicate = (and_ln17865 & or_ln17865)> <Delay = 0.00>
ST_9 : Operation 164 [1/1] (0.00ns)   --->   "%indvar_flatten85 = phi i10 %select_ln890_453, void, i10 0, void %.preheader.preheader.preheader"   --->   Operation 164 'phi' 'indvar_flatten85' <Predicate = (and_ln17865 & or_ln17865)> <Delay = 0.00>
ST_9 : Operation 165 [1/1] (0.00ns)   --->   "%c6_V_143 = phi i6 %select_ln890_451, void, i6 0, void %.preheader.preheader.preheader"   --->   Operation 165 'phi' 'c6_V_143' <Predicate = (and_ln17865 & or_ln17865)> <Delay = 0.00>
ST_9 : Operation 166 [1/1] (0.00ns)   --->   "%c7_V_81 = phi i4 %add_ln691_1252, void, i4 0, void %.preheader.preheader.preheader"   --->   Operation 166 'phi' 'c7_V_81' <Predicate = (and_ln17865 & or_ln17865)> <Delay = 0.00>
ST_9 : Operation 167 [1/1] (0.79ns)   --->   "%add_ln17987 = add i17 %indvar_flatten143, i17 1" [./dut.cpp:17987]   --->   Operation 167 'add' 'add_ln17987' <Predicate = (and_ln17865 & or_ln17865)> <Delay = 0.79> <CoreInst = "Adder">   --->   Core 1 'Adder' <Latency = 0> <II = 1> <Delay = 0.73> <FuncUnit> <Opcode : 'add' 'sub'> <InPorts = 2> <OutPorts = 1>
ST_9 : Operation 168 [1/1] (0.00ns)   --->   "%empty_2478 = trunc i6 %c6_V_143"   --->   Operation 168 'trunc' 'empty_2478' <Predicate = (and_ln17865 & or_ln17865)> <Delay = 0.00>
ST_9 : Operation 169 [1/1] (0.68ns)   --->   "%icmp_ln17987 = icmp_eq  i17 %indvar_flatten143, i17 65536" [./dut.cpp:17987]   --->   Operation 169 'icmp' 'icmp_ln17987' <Predicate = (and_ln17865 & or_ln17865)> <Delay = 0.68> <CoreInst = "Cmp">   --->   Core 9 'Cmp' <Latency = 0> <II = 1> <Delay = 0.60> <FuncUnit> <Opcode : 'icmp'> <InPorts = 2> <OutPorts = 1>
ST_9 : Operation 170 [1/1] (0.00ns)   --->   "%br_ln17987 = br i1 %icmp_ln17987, void %.preheader, void %.loopexit1220.loopexit" [./dut.cpp:17987]   --->   Operation 170 'br' 'br_ln17987' <Predicate = (and_ln17865 & or_ln17865)> <Delay = 0.00>
ST_9 : Operation 171 [1/1] (0.61ns)   --->   "%icmp_ln890_1308 = icmp_eq  i11 %indvar_flatten109, i11 512"   --->   Operation 171 'icmp' 'icmp_ln890_1308' <Predicate = (and_ln17865 & or_ln17865 & !icmp_ln17987)> <Delay = 0.61> <CoreInst = "Cmp">   --->   Core 9 'Cmp' <Latency = 0> <II = 1> <Delay = 0.60> <FuncUnit> <Opcode : 'icmp'> <InPorts = 2> <OutPorts = 1>
ST_9 : Operation 172 [1/1] (0.12ns)   --->   "%xor_ln17987 = xor i1 %icmp_ln890_1308, i1 1" [./dut.cpp:17987]   --->   Operation 172 'xor' 'xor_ln17987' <Predicate = (and_ln17865 & or_ln17865 & !icmp_ln17987)> <Delay = 0.12> <CoreInst = "LogicGate">   --->   Core 74 'LogicGate' <Latency = 0> <II = 1> <Delay = 0.12> <FuncUnit> <Opcode : 'and' 'or' 'xor'> <InPorts = 2> <OutPorts = 1>
ST_9 : Operation 173 [1/1] (0.00ns) (grouped into LUT with out node select_ln17994_1)   --->   "%and_ln17987 = and i1 %empty_2478, i1 %xor_ln17987" [./dut.cpp:17987]   --->   Operation 173 'and' 'and_ln17987' <Predicate = (and_ln17865 & or_ln17865 & !icmp_ln17987)> <Delay = 0.00> <CoreInst = "LogicGate">   --->   Core 74 'LogicGate' <Latency = 0> <II = 1> <Delay = 0.12> <FuncUnit> <Opcode : 'and' 'or' 'xor'> <InPorts = 2> <OutPorts = 1>
ST_9 : Operation 174 [1/1] (0.65ns)   --->   "%icmp_ln890_1309 = icmp_eq  i4 %c7_V_81, i4 8"   --->   Operation 174 'icmp' 'icmp_ln890_1309' <Predicate = (and_ln17865 & or_ln17865 & !icmp_ln17987)> <Delay = 0.65> <CoreInst = "Cmp">   --->   Core 9 'Cmp' <Latency = 0> <II = 1> <Delay = 0.60> <FuncUnit> <Opcode : 'icmp'> <InPorts = 2> <OutPorts = 1>
ST_9 : Operation 175 [1/1] (0.00ns) (grouped into LUT with out node and_ln17993_1)   --->   "%and_ln17987_1 = and i1 %icmp_ln890_1309, i1 %xor_ln17987" [./dut.cpp:17987]   --->   Operation 175 'and' 'and_ln17987_1' <Predicate = (and_ln17865 & or_ln17865 & !icmp_ln17987)> <Delay = 0.00> <CoreInst = "LogicGate">   --->   Core 74 'LogicGate' <Latency = 0> <II = 1> <Delay = 0.12> <FuncUnit> <Opcode : 'and' 'or' 'xor'> <InPorts = 2> <OutPorts = 1>
ST_9 : Operation 176 [1/1] (0.60ns)   --->   "%icmp_ln890_1310 = icmp_eq  i10 %indvar_flatten85, i10 256"   --->   Operation 176 'icmp' 'icmp_ln890_1310' <Predicate = (and_ln17865 & or_ln17865 & !icmp_ln17987)> <Delay = 0.60> <CoreInst = "Cmp">   --->   Core 9 'Cmp' <Latency = 0> <II = 1> <Delay = 0.60> <FuncUnit> <Opcode : 'icmp'> <InPorts = 2> <OutPorts = 1>
ST_9 : Operation 177 [1/1] (0.12ns)   --->   "%and_ln17987_2 = and i1 %icmp_ln890_1310, i1 %xor_ln17987" [./dut.cpp:17987]   --->   Operation 177 'and' 'and_ln17987_2' <Predicate = (and_ln17865 & or_ln17865 & !icmp_ln17987)> <Delay = 0.12> <CoreInst = "LogicGate">   --->   Core 74 'LogicGate' <Latency = 0> <II = 1> <Delay = 0.12> <FuncUnit> <Opcode : 'and' 'or' 'xor'> <InPorts = 2> <OutPorts = 1>
ST_9 : Operation 178 [1/1] (0.12ns)   --->   "%or_ln17993 = or i1 %and_ln17987_2, i1 %icmp_ln890_1308" [./dut.cpp:17993]   --->   Operation 178 'or' 'or_ln17993' <Predicate = (and_ln17865 & or_ln17865 & !icmp_ln17987)> <Delay = 0.12> <CoreInst = "LogicGate">   --->   Core 74 'LogicGate' <Latency = 0> <II = 1> <Delay = 0.12> <FuncUnit> <Opcode : 'and' 'or' 'xor'> <InPorts = 2> <OutPorts = 1>
ST_9 : Operation 179 [1/1] (0.29ns)   --->   "%select_ln17993 = select i1 %or_ln17993, i6 0, i6 %c6_V_143" [./dut.cpp:17993]   --->   Operation 179 'select' 'select_ln17993' <Predicate = (and_ln17865 & or_ln17865 & !icmp_ln17987)> <Delay = 0.29> <CoreInst = "Sel">   --->   Core 73 'Sel' <Latency = 0> <II = 1> <Delay = 0.30> <FuncUnit> <Opcode : 'select'> <InPorts = 3> <OutPorts = 1>
ST_9 : Operation 180 [1/1] (0.00ns) (grouped into LUT with out node or_ln17993_1)   --->   "%xor_ln17993 = xor i1 %icmp_ln890_1310, i1 1" [./dut.cpp:17993]   --->   Operation 180 'xor' 'xor_ln17993' <Predicate = (and_ln17865 & or_ln17865 & !icmp_ln17987)> <Delay = 0.00> <CoreInst = "LogicGate">   --->   Core 74 'LogicGate' <Latency = 0> <II = 1> <Delay = 0.12> <FuncUnit> <Opcode : 'and' 'or' 'xor'> <InPorts = 2> <OutPorts = 1>
ST_9 : Operation 181 [1/1] (0.12ns) (out node of the LUT)   --->   "%or_ln17993_1 = or i1 %icmp_ln890_1308, i1 %xor_ln17993" [./dut.cpp:17993]   --->   Operation 181 'or' 'or_ln17993_1' <Predicate = (and_ln17865 & or_ln17865 & !icmp_ln17987)> <Delay = 0.12> <CoreInst = "LogicGate">   --->   Core 74 'LogicGate' <Latency = 0> <II = 1> <Delay = 0.12> <FuncUnit> <Opcode : 'and' 'or' 'xor'> <InPorts = 2> <OutPorts = 1>
ST_9 : Operation 182 [1/1] (0.00ns) (grouped into LUT with out node select_ln17994_1)   --->   "%and_ln17993 = and i1 %and_ln17987, i1 %or_ln17993_1" [./dut.cpp:17993]   --->   Operation 182 'and' 'and_ln17993' <Predicate = (and_ln17865 & or_ln17865 & !icmp_ln17987)> <Delay = 0.00> <CoreInst = "LogicGate">   --->   Core 74 'LogicGate' <Latency = 0> <II = 1> <Delay = 0.12> <FuncUnit> <Opcode : 'and' 'or' 'xor'> <InPorts = 2> <OutPorts = 1>
ST_9 : Operation 183 [1/1] (0.12ns) (out node of the LUT)   --->   "%and_ln17993_1 = and i1 %and_ln17987_1, i1 %or_ln17993_1" [./dut.cpp:17993]   --->   Operation 183 'and' 'and_ln17993_1' <Predicate = (and_ln17865 & or_ln17865 & !icmp_ln17987)> <Delay = 0.12> <CoreInst = "LogicGate">   --->   Core 74 'LogicGate' <Latency = 0> <II = 1> <Delay = 0.12> <FuncUnit> <Opcode : 'and' 'or' 'xor'> <InPorts = 2> <OutPorts = 1>
ST_9 : Operation 184 [1/1] (0.70ns)   --->   "%add_ln691_1249 = add i6 %select_ln17993, i6 1"   --->   Operation 184 'add' 'add_ln691_1249' <Predicate = (and_ln17865 & or_ln17865 & !icmp_ln17987)> <Delay = 0.70> <CoreInst = "Adder">   --->   Core 1 'Adder' <Latency = 0> <II = 1> <Delay = 0.73> <FuncUnit> <Opcode : 'add' 'sub'> <InPorts = 2> <OutPorts = 1>
ST_9 : Operation 185 [1/1] (0.00ns) (grouped into LUT with out node select_ln17994)   --->   "%or_ln17994 = or i1 %and_ln17993_1, i1 %and_ln17987_2" [./dut.cpp:17994]   --->   Operation 185 'or' 'or_ln17994' <Predicate = (and_ln17865 & or_ln17865 & !icmp_ln17987)> <Delay = 0.00> <CoreInst = "LogicGate">   --->   Core 74 'LogicGate' <Latency = 0> <II = 1> <Delay = 0.12> <FuncUnit> <Opcode : 'and' 'or' 'xor'> <InPorts = 2> <OutPorts = 1>
ST_9 : Operation 186 [1/1] (0.00ns) (grouped into LUT with out node select_ln17994)   --->   "%or_ln17994_1 = or i1 %or_ln17994, i1 %icmp_ln890_1308" [./dut.cpp:17994]   --->   Operation 186 'or' 'or_ln17994_1' <Predicate = (and_ln17865 & or_ln17865 & !icmp_ln17987)> <Delay = 0.00> <CoreInst = "LogicGate">   --->   Core 74 'LogicGate' <Latency = 0> <II = 1> <Delay = 0.12> <FuncUnit> <Opcode : 'and' 'or' 'xor'> <InPorts = 2> <OutPorts = 1>
ST_9 : Operation 187 [1/1] (0.35ns) (out node of the LUT)   --->   "%select_ln17994 = select i1 %or_ln17994_1, i4 0, i4 %c7_V_81" [./dut.cpp:17994]   --->   Operation 187 'select' 'select_ln17994' <Predicate = (and_ln17865 & or_ln17865 & !icmp_ln17987)> <Delay = 0.35> <CoreInst = "Sel">   --->   Core 73 'Sel' <Latency = 0> <II = 1> <Delay = 0.30> <FuncUnit> <Opcode : 'select'> <InPorts = 3> <OutPorts = 1>
ST_9 : Operation 188 [1/1] (0.00ns) (grouped into LUT with out node select_ln17994_1)   --->   "%empty_2479 = trunc i6 %add_ln691_1249"   --->   Operation 188 'trunc' 'empty_2479' <Predicate = (and_ln17865 & or_ln17865 & !icmp_ln17987)> <Delay = 0.00>
ST_9 : Operation 189 [1/1] (0.27ns) (out node of the LUT)   --->   "%select_ln17994_1 = select i1 %and_ln17993_1, i1 %empty_2479, i1 %and_ln17993" [./dut.cpp:17994]   --->   Operation 189 'select' 'select_ln17994_1' <Predicate = (and_ln17865 & or_ln17865 & !icmp_ln17987)> <Delay = 0.27> <CoreInst = "Sel">   --->   Core 73 'Sel' <Latency = 0> <II = 1> <Delay = 0.30> <FuncUnit> <Opcode : 'select'> <InPorts = 3> <OutPorts = 1>
ST_9 : Operation 190 [1/1] (0.29ns)   --->   "%select_ln890_451 = select i1 %and_ln17993_1, i6 %add_ln691_1249, i6 %select_ln17993"   --->   Operation 190 'select' 'select_ln890_451' <Predicate = (and_ln17865 & or_ln17865 & !icmp_ln17987)> <Delay = 0.29> <CoreInst = "Sel">   --->   Core 73 'Sel' <Latency = 0> <II = 1> <Delay = 0.30> <FuncUnit> <Opcode : 'select'> <InPorts = 3> <OutPorts = 1>
ST_9 : Operation 191 [1/1] (0.00ns) (grouped into LUT with out node select_ln17994_2)   --->   "%tmp_451 = partselect i4 @_ssdm_op_PartSelect.i4.i6.i32.i32, i6 %add_ln691_1249, i32 1, i32 4"   --->   Operation 191 'partselect' 'tmp_451' <Predicate = (and_ln17865 & or_ln17865 & !icmp_ln17987)> <Delay = 0.00>
ST_9 : Operation 192 [1/1] (0.00ns) (grouped into LUT with out node select_ln17994_2)   --->   "%tmp_452 = partselect i4 @_ssdm_op_PartSelect.i4.i6.i32.i32, i6 %c6_V_143, i32 1, i32 4"   --->   Operation 192 'partselect' 'tmp_452' <Predicate = (and_ln17865 & or_ln17865 & !icmp_ln17987)> <Delay = 0.00>
ST_9 : Operation 193 [1/1] (0.00ns) (grouped into LUT with out node select_ln17994_2)   --->   "%select_ln17993_1 = select i1 %or_ln17993, i4 0, i4 %tmp_452" [./dut.cpp:17993]   --->   Operation 193 'select' 'select_ln17993_1' <Predicate = (and_ln17865 & or_ln17865 & !icmp_ln17987)> <Delay = 0.00> <CoreInst = "Sel">   --->   Core 73 'Sel' <Latency = 0> <II = 1> <Delay = 0.30> <FuncUnit> <Opcode : 'select'> <InPorts = 3> <OutPorts = 1>
ST_9 : Operation 194 [1/1] (0.35ns) (out node of the LUT)   --->   "%select_ln17994_2 = select i1 %and_ln17993_1, i4 %tmp_451, i4 %select_ln17993_1" [./dut.cpp:17994]   --->   Operation 194 'select' 'select_ln17994_2' <Predicate = (and_ln17865 & or_ln17865 & !icmp_ln17987)> <Delay = 0.35> <CoreInst = "Sel">   --->   Core 73 'Sel' <Latency = 0> <II = 1> <Delay = 0.30> <FuncUnit> <Opcode : 'select'> <InPorts = 3> <OutPorts = 1>
ST_9 : Operation 195 [1/1] (0.00ns)   --->   "%br_ln0 = br void %.loopexit1220"   --->   Operation 195 'br' 'br_ln0' <Predicate = (and_ln17865 & or_ln17865 & icmp_ln17987)> <Delay = 0.00>
ST_9 : Operation 196 [1/1] (0.00ns) (grouped into LUT with out node arb)   --->   "%xor_ln18020 = xor i1 %arb_9, i1 1" [./dut.cpp:18020]   --->   Operation 196 'xor' 'xor_ln18020' <Predicate = (!or_ln17865) | (and_ln17865 & icmp_ln17987) | (!and_ln17865 & icmp_ln17913)> <Delay = 0.00> <CoreInst = "LogicGate">   --->   Core 74 'LogicGate' <Latency = 0> <II = 1> <Delay = 0.12> <FuncUnit> <Opcode : 'and' 'or' 'xor'> <InPorts = 2> <OutPorts = 1>
ST_9 : Operation 197 [1/1] (0.12ns) (out node of the LUT)   --->   "%arb = or i1 %icmp_ln890303, i1 %xor_ln18020" [./dut.cpp:18020]   --->   Operation 197 'or' 'arb' <Predicate = (!or_ln17865) | (and_ln17865 & icmp_ln17987) | (!and_ln17865 & icmp_ln17913)> <Delay = 0.12> <CoreInst = "LogicGate">   --->   Core 74 'LogicGate' <Latency = 0> <II = 1> <Delay = 0.12> <FuncUnit> <Opcode : 'and' 'or' 'xor'> <InPorts = 2> <OutPorts = 1>
ST_9 : Operation 198 [1/1] (0.57ns)   --->   "%add_ln691_1251 = add i3 %select_ln17865, i3 1"   --->   Operation 198 'add' 'add_ln691_1251' <Predicate = (!or_ln17865) | (and_ln17865 & icmp_ln17987) | (!and_ln17865 & icmp_ln17913)> <Delay = 0.57> <CoreInst = "Adder">   --->   Core 1 'Adder' <Latency = 0> <II = 1> <Delay = 0.73> <FuncUnit> <Opcode : 'add' 'sub'> <InPorts = 2> <OutPorts = 1>
ST_9 : Operation 199 [1/1] (0.00ns)   --->   "%br_ln0 = br void"   --->   Operation 199 'br' 'br_ln0' <Predicate = (!or_ln17865) | (and_ln17865 & icmp_ln17987) | (!and_ln17865 & icmp_ln17913)> <Delay = 0.00>

State 10 <SV = 4> <Delay = 1.20>
ST_10 : Operation 200 [1/1] (0.00ns)   --->   "%tmp_24 = bitconcatenate i64 @_ssdm_op_BitConcatenate.i64.i56.i4.i4, i56 0, i4 %select_ln17920, i4 %select_ln17920_2" [./dut.cpp:17920]   --->   Operation 200 'bitconcatenate' 'tmp_24' <Predicate = true> <Delay = 0.00>
ST_10 : Operation 201 [1/1] (0.00ns)   --->   "%local_C_ping_V_addr_18 = getelementptr i512 %local_C_ping_V, i64 0, i64 %tmp_24" [./dut.cpp:17920]   --->   Operation 201 'getelementptr' 'local_C_ping_V_addr_18' <Predicate = true> <Delay = 0.00>
ST_10 : Operation 202 [2/2] (1.20ns)   --->   "%in_data_V_44 = load i7 %local_C_ping_V_addr_18" [./dut.cpp:17920]   --->   Operation 202 'load' 'in_data_V_44' <Predicate = true> <Delay = 1.20> <CoreInst = "RAM_2P_BRAM">   --->   Core 94 'RAM_2P_BRAM' <Latency = 1> <II = 1> <Delay = 1.20> <Storage> <Opcode : 'load' 'store'> <Ports = 2> <Width = 512> <Depth = 128> <RAM>

State 11 <SV = 5> <Delay = 1.20>
ST_11 : Operation 203 [1/1] (0.00ns)   --->   "%specloopname_ln0 = specloopname void @_ssdm_op_SpecLoopName, void @C_IO_L2_in_3_x1_loop_8_C_IO_L2_in_3_x1_loop_10_C_IO_L2_in_3_x1_loop_11_str"   --->   Operation 203 'specloopname' 'specloopname_ln0' <Predicate = true> <Delay = 0.00>
ST_11 : Operation 204 [1/1] (0.00ns)   --->   "%speclooptripcount_ln0 = speclooptripcount void @_ssdm_op_SpecLoopTripCount, i64 65536, i64 65536, i64 65536"   --->   Operation 204 'speclooptripcount' 'speclooptripcount_ln0' <Predicate = true> <Delay = 0.00>
ST_11 : Operation 205 [1/1] (0.00ns)   --->   "%specloopname_ln0 = specloopname void @_ssdm_op_SpecLoopName, void @C_IO_L2_in_3_x1_loop_9_C_IO_L2_in_3_x1_loop_10_C_IO_L2_in_3_x1_loop_11_str"   --->   Operation 205 'specloopname' 'specloopname_ln0' <Predicate = true> <Delay = 0.00>
ST_11 : Operation 206 [1/1] (0.00ns)   --->   "%specloopname_ln0 = specloopname void @_ssdm_op_SpecLoopName, void @C_IO_L2_in_3_x1_loop_10_C_IO_L2_in_3_x1_loop_11_str"   --->   Operation 206 'specloopname' 'specloopname_ln0' <Predicate = true> <Delay = 0.00>
ST_11 : Operation 207 [1/1] (0.00ns)   --->   "%specloopname_ln17922 = specloopname void @_ssdm_op_SpecLoopName, void @empty_1784" [./dut.cpp:17922]   --->   Operation 207 'specloopname' 'specloopname_ln17922' <Predicate = true> <Delay = 0.00>
ST_11 : Operation 208 [1/2] (1.20ns)   --->   "%in_data_V_44 = load i7 %local_C_ping_V_addr_18" [./dut.cpp:17920]   --->   Operation 208 'load' 'in_data_V_44' <Predicate = true> <Delay = 1.20> <CoreInst = "RAM_2P_BRAM">   --->   Core 94 'RAM_2P_BRAM' <Latency = 1> <II = 1> <Delay = 1.20> <Storage> <Opcode : 'load' 'store'> <Ports = 2> <Width = 512> <Depth = 128> <RAM>
ST_11 : Operation 209 [1/1] (0.38ns)   --->   "%br_ln17924 = br void" [./dut.cpp:17924]   --->   Operation 209 'br' 'br_ln17924' <Predicate = true> <Delay = 0.38>

State 12 <SV = 6> <Delay = 1.77>
ST_12 : Operation 210 [1/1] (0.00ns)   --->   "%indvar_flatten = phi i6 0, void %.preheader10, i6 %add_ln890_261, void %ifFalse"   --->   Operation 210 'phi' 'indvar_flatten' <Predicate = true> <Delay = 0.00>
ST_12 : Operation 211 [1/1] (0.00ns)   --->   "%n_V_10 = phi i2 0, void %.preheader10, i2 %add_ln691_1255, void %ifFalse"   --->   Operation 211 'phi' 'n_V_10' <Predicate = true> <Delay = 0.00>
ST_12 : Operation 212 [1/1] (0.00ns)   --->   "%p_Val2_s = phi i512 %in_data_V_44, void %.preheader10, i512 %zext_ln1497_10, void %ifFalse"   --->   Operation 212 'phi' 'p_Val2_s' <Predicate = true> <Delay = 0.00>
ST_12 : Operation 213 [1/1] (0.70ns)   --->   "%add_ln890_261 = add i6 %indvar_flatten, i6 1"   --->   Operation 213 'add' 'add_ln890_261' <Predicate = true> <Delay = 0.70> <CoreInst = "Adder">   --->   Core 1 'Adder' <Latency = 0> <II = 1> <Delay = 0.73> <FuncUnit> <Opcode : 'add' 'sub'> <InPorts = 2> <OutPorts = 1>
ST_12 : Operation 214 [1/1] (0.61ns)   --->   "%icmp_ln890_1317 = icmp_eq  i6 %indvar_flatten, i6 32"   --->   Operation 214 'icmp' 'icmp_ln890_1317' <Predicate = true> <Delay = 0.61> <CoreInst = "Cmp">   --->   Core 9 'Cmp' <Latency = 0> <II = 1> <Delay = 0.60> <FuncUnit> <Opcode : 'icmp'> <InPorts = 2> <OutPorts = 1>
ST_12 : Operation 215 [1/1] (0.00ns)   --->   "%br_ln890 = br i1 %icmp_ln890_1317, void %.split53, void"   --->   Operation 215 'br' 'br_ln890' <Predicate = true> <Delay = 0.00>
ST_12 : Operation 216 [1/1] (0.00ns)   --->   "%data_split_V_1_load = load i256 %data_split_V_1" [./dut.cpp:17932]   --->   Operation 216 'load' 'data_split_V_1_load' <Predicate = (!icmp_ln890_1317)> <Delay = 0.00>
ST_12 : Operation 217 [1/1] (0.00ns)   --->   "%data_split_V_1_70_load = load i256 %data_split_V_1_70" [./dut.cpp:17932]   --->   Operation 217 'load' 'data_split_V_1_70_load' <Predicate = (!icmp_ln890_1317)> <Delay = 0.00>
ST_12 : Operation 218 [1/1] (0.00ns)   --->   "%specloopname_ln0 = specloopname void @_ssdm_op_SpecLoopName, void @C_IO_L2_in_3_x1_loop_12_C_IO_L2_in_3_x1_loop_13_str"   --->   Operation 218 'specloopname' 'specloopname_ln0' <Predicate = (!icmp_ln890_1317)> <Delay = 0.00>
ST_12 : Operation 219 [1/1] (0.00ns)   --->   "%speclooptripcount_ln0 = speclooptripcount void @_ssdm_op_SpecLoopTripCount, i64 32, i64 32, i64 32"   --->   Operation 219 'speclooptripcount' 'speclooptripcount_ln0' <Predicate = (!icmp_ln890_1317)> <Delay = 0.00>
ST_12 : Operation 220 [1/1] (0.34ns)   --->   "%icmp_ln878_19 = icmp_eq  i2 %n_V_10, i2 2"   --->   Operation 220 'icmp' 'icmp_ln878_19' <Predicate = (!icmp_ln890_1317)> <Delay = 0.34> <CoreInst = "Cmp">   --->   Core 9 'Cmp' <Latency = 0> <II = 1> <Delay = 0.60> <FuncUnit> <Opcode : 'icmp'> <InPorts = 2> <OutPorts = 1>
ST_12 : Operation 221 [1/1] (0.27ns)   --->   "%select_ln17924 = select i1 %icmp_ln878_19, i2 0, i2 %n_V_10" [./dut.cpp:17924]   --->   Operation 221 'select' 'select_ln17924' <Predicate = (!icmp_ln890_1317)> <Delay = 0.27> <CoreInst = "Sel">   --->   Core 73 'Sel' <Latency = 0> <II = 1> <Delay = 0.30> <FuncUnit> <Opcode : 'select'> <InPorts = 3> <OutPorts = 1>
ST_12 : Operation 222 [1/1] (0.57ns)   --->   "%select_ln17924_1 = select i1 %icmp_ln878_19, i512 %in_data_V_44, i512 %p_Val2_s" [./dut.cpp:17924]   --->   Operation 222 'select' 'select_ln17924_1' <Predicate = (!icmp_ln890_1317)> <Delay = 0.57> <CoreInst = "Sel">   --->   Core 73 'Sel' <Latency = 0> <II = 1> <Delay = 0.30> <FuncUnit> <Opcode : 'select'> <InPorts = 3> <OutPorts = 1>
ST_12 : Operation 223 [1/1] (0.00ns)   --->   "%specpipeline_ln674 = specpipeline void @_ssdm_op_SpecPipeline, i32 1, i32 0, i32 0, i32 0, void @empty_49"   --->   Operation 223 'specpipeline' 'specpipeline_ln674' <Predicate = (!icmp_ln890_1317)> <Delay = 0.00>
ST_12 : Operation 224 [1/1] (0.00ns)   --->   "%specloopname_ln674 = specloopname void @_ssdm_op_SpecLoopName, void @empty_1513"   --->   Operation 224 'specloopname' 'specloopname_ln674' <Predicate = (!icmp_ln890_1317)> <Delay = 0.00>
ST_12 : Operation 225 [1/1] (0.00ns)   --->   "%data_split_V_0 = trunc i512 %select_ln17924_1"   --->   Operation 225 'trunc' 'data_split_V_0' <Predicate = (!icmp_ln890_1317)> <Delay = 0.00>
ST_12 : Operation 226 [1/1] (0.00ns)   --->   "%trunc_ln17932 = trunc i2 %select_ln17924" [./dut.cpp:17932]   --->   Operation 226 'trunc' 'trunc_ln17932' <Predicate = (!icmp_ln890_1317)> <Delay = 0.00>
ST_12 : Operation 227 [1/1] (0.42ns)   --->   "%data_split_V_1_82 = select i1 %trunc_ln17932, i256 %data_split_V_0, i256 %data_split_V_1_70_load" [./dut.cpp:17932]   --->   Operation 227 'select' 'data_split_V_1_82' <Predicate = (!icmp_ln890_1317)> <Delay = 0.42> <CoreInst = "Sel">   --->   Core 73 'Sel' <Latency = 0> <II = 1> <Delay = 0.30> <FuncUnit> <Opcode : 'select'> <InPorts = 3> <OutPorts = 1>
ST_12 : Operation 228 [1/1] (0.42ns)   --->   "%data_split_V_1_83 = select i1 %trunc_ln17932, i256 %data_split_V_1_load, i256 %data_split_V_0" [./dut.cpp:17932]   --->   Operation 228 'select' 'data_split_V_1_83' <Predicate = (!icmp_ln890_1317)> <Delay = 0.42> <CoreInst = "Sel">   --->   Core 73 'Sel' <Latency = 0> <II = 1> <Delay = 0.30> <FuncUnit> <Opcode : 'select'> <InPorts = 3> <OutPorts = 1>
ST_12 : Operation 229 [1/1] (0.00ns)   --->   "%r = partselect i256 @_ssdm_op_PartSelect.i256.i512.i32.i32, i512 %select_ln17924_1, i32 256, i32 511"   --->   Operation 229 'partselect' 'r' <Predicate = (!icmp_ln890_1317)> <Delay = 0.00>
ST_12 : Operation 230 [1/1] (0.00ns)   --->   "%zext_ln1497_10 = zext i256 %r"   --->   Operation 230 'zext' 'zext_ln1497_10' <Predicate = (!icmp_ln890_1317)> <Delay = 0.00>
ST_12 : Operation 231 [1/1] (0.43ns)   --->   "%add_ln691_1255 = add i2 %select_ln17924, i2 1"   --->   Operation 231 'add' 'add_ln691_1255' <Predicate = (!icmp_ln890_1317)> <Delay = 0.43> <CoreInst = "Adder">   --->   Core 1 'Adder' <Latency = 0> <II = 1> <Delay = 0.73> <FuncUnit> <Opcode : 'add' 'sub'> <InPorts = 2> <OutPorts = 1>
ST_12 : Operation 232 [1/1] (0.34ns)   --->   "%icmp_ln878_18 = icmp_eq  i2 %add_ln691_1255, i2 2"   --->   Operation 232 'icmp' 'icmp_ln878_18' <Predicate = (!icmp_ln890_1317)> <Delay = 0.34> <CoreInst = "Cmp">   --->   Core 9 'Cmp' <Latency = 0> <II = 1> <Delay = 0.60> <FuncUnit> <Opcode : 'icmp'> <InPorts = 2> <OutPorts = 1>
ST_12 : Operation 233 [1/1] (0.00ns)   --->   "%br_ln878 = br i1 %icmp_ln878_18, void %ifFalse, void %ifTrue"   --->   Operation 233 'br' 'br_ln878' <Predicate = (!icmp_ln890_1317)> <Delay = 0.00>
ST_12 : Operation 234 [1/1] (0.42ns)   --->   "%select_ln17936 = select i1 %select_ln17920_1, i256 %data_split_V_1_82, i256 %data_split_V_1_83" [./dut.cpp:17936]   --->   Operation 234 'select' 'select_ln17936' <Predicate = (!icmp_ln890_1317 & icmp_ln878_18)> <Delay = 0.42> <CoreInst = "Sel">   --->   Core 73 'Sel' <Latency = 0> <II = 1> <Delay = 0.30> <FuncUnit> <Opcode : 'select'> <InPorts = 3> <OutPorts = 1>
ST_12 : Operation 235 [1/1] (0.00ns)   --->   "%store_ln17932 = store i256 %data_split_V_1_82, i256 %data_split_V_1_70" [./dut.cpp:17932]   --->   Operation 235 'store' 'store_ln17932' <Predicate = (!icmp_ln890_1317)> <Delay = 0.00>
ST_12 : Operation 236 [1/1] (0.00ns)   --->   "%store_ln17932 = store i256 %data_split_V_1_83, i256 %data_split_V_1" [./dut.cpp:17932]   --->   Operation 236 'store' 'store_ln17932' <Predicate = (!icmp_ln890_1317)> <Delay = 0.00>
ST_12 : Operation 237 [1/1] (0.00ns)   --->   "%br_ln0 = br void"   --->   Operation 237 'br' 'br_ln0' <Predicate = (!icmp_ln890_1317)> <Delay = 0.00>

State 13 <SV = 7> <Delay = 1.21>
ST_13 : Operation 238 [1/1] (1.21ns)   --->   "%write_ln174 = write void @_ssdm_op_Write.ap_fifo.volatile.i256P0A, i256 %fifo_C_PE_0_3_x1116, i256 %select_ln17936" [/home/rcslfpgaserver/Softwares/Xilinx/Vitis_HLS/2020.2/common/technology/autopilot/hls_stream_39.h:174]   --->   Operation 238 'write' 'write_ln174' <Predicate = (icmp_ln878_18)> <Delay = 1.21> <CoreInst = "FIFO_SRL">   --->   Core 81 'FIFO_SRL' <Latency = 0> <II = 1> <Delay = 1.42> <Storage> <Opcode : 'read' 'write' 'nbread' 'nbwrite'> <Ports = 0> <Width = 256> <Depth = 2> <FIFO>
ST_13 : Operation 239 [1/1] (0.00ns)   --->   "%br_ln0 = br void %ifFalse"   --->   Operation 239 'br' 'br_ln0' <Predicate = (icmp_ln878_18)> <Delay = 0.00>

State 14 <SV = 7> <Delay = 1.03>
ST_14 : Operation 240 [1/1] (0.70ns)   --->   "%add_ln691_1254 = add i4 %select_ln17920, i4 1"   --->   Operation 240 'add' 'add_ln691_1254' <Predicate = true> <Delay = 0.70> <CoreInst = "Adder">   --->   Core 1 'Adder' <Latency = 0> <II = 1> <Delay = 0.73> <FuncUnit> <Opcode : 'add' 'sub'> <InPorts = 2> <OutPorts = 1>
ST_14 : Operation 241 [1/1] (0.72ns)   --->   "%add_ln890_258 = add i10 %indvar_flatten7, i10 1"   --->   Operation 241 'add' 'add_ln890_258' <Predicate = (!or_ln17919)> <Delay = 0.72> <CoreInst = "Adder">   --->   Core 1 'Adder' <Latency = 0> <II = 1> <Delay = 0.73> <FuncUnit> <Opcode : 'add' 'sub'> <InPorts = 2> <OutPorts = 1>
ST_14 : Operation 242 [1/1] (0.30ns)   --->   "%select_ln890_455 = select i1 %or_ln17919, i10 1, i10 %add_ln890_258"   --->   Operation 242 'select' 'select_ln890_455' <Predicate = true> <Delay = 0.30> <CoreInst = "Sel">   --->   Core 73 'Sel' <Latency = 0> <II = 1> <Delay = 0.30> <FuncUnit> <Opcode : 'select'> <InPorts = 3> <OutPorts = 1>
ST_14 : Operation 243 [1/1] (0.73ns)   --->   "%add_ln890_259 = add i11 %indvar_flatten31, i11 1"   --->   Operation 243 'add' 'add_ln890_259' <Predicate = (!icmp_ln890_1311)> <Delay = 0.73> <CoreInst = "Adder">   --->   Core 1 'Adder' <Latency = 0> <II = 1> <Delay = 0.73> <FuncUnit> <Opcode : 'add' 'sub'> <InPorts = 2> <OutPorts = 1>
ST_14 : Operation 244 [1/1] (0.30ns)   --->   "%select_ln890_456 = select i1 %icmp_ln890_1311, i11 1, i11 %add_ln890_259"   --->   Operation 244 'select' 'select_ln890_456' <Predicate = true> <Delay = 0.30> <CoreInst = "Sel">   --->   Core 73 'Sel' <Latency = 0> <II = 1> <Delay = 0.30> <FuncUnit> <Opcode : 'select'> <InPorts = 3> <OutPorts = 1>
ST_14 : Operation 245 [1/1] (0.00ns)   --->   "%br_ln0 = br void %.preheader10.preheader"   --->   Operation 245 'br' 'br_ln0' <Predicate = true> <Delay = 0.00>

State 15 <SV = 2> <Delay = 0.74>
ST_15 : Operation 246 [1/1] (0.00ns)   --->   "%c3 = phi i4 %c3_38, void %.loopexit1218, i4 3, void %.preheader9.preheader"   --->   Operation 246 'phi' 'c3' <Predicate = true> <Delay = 0.00>
ST_15 : Operation 247 [1/1] (0.00ns)   --->   "%tmp_449 = bitselect i1 @_ssdm_op_BitSelect.i1.i4.i32, i4 %c3, i32 3" [./dut.cpp:17946]   --->   Operation 247 'bitselect' 'tmp_449' <Predicate = true> <Delay = 0.00>
ST_15 : Operation 248 [1/1] (0.00ns)   --->   "%br_ln17946 = br i1 %tmp_449, void %.split26, void %.loopexit1135" [./dut.cpp:17946]   --->   Operation 248 'br' 'br_ln17946' <Predicate = true> <Delay = 0.00>
ST_15 : Operation 249 [1/1] (0.00ns)   --->   "%speclooptripcount_ln1616 = speclooptripcount void @_ssdm_op_SpecLoopTripCount, i64 1, i64 8, i64 4"   --->   Operation 249 'speclooptripcount' 'speclooptripcount_ln1616' <Predicate = (!tmp_449)> <Delay = 0.00>
ST_15 : Operation 250 [1/1] (0.00ns)   --->   "%specloopname_ln1616 = specloopname void @_ssdm_op_SpecLoopName, void @empty_1736"   --->   Operation 250 'specloopname' 'specloopname_ln1616' <Predicate = (!tmp_449)> <Delay = 0.00>
ST_15 : Operation 251 [1/1] (0.00ns)   --->   "%zext_ln886 = zext i4 %c3"   --->   Operation 251 'zext' 'zext_ln886' <Predicate = (!tmp_449)> <Delay = 0.00>
ST_15 : Operation 252 [1/1] (0.61ns)   --->   "%icmp_ln886 = icmp_ugt  i6 %zext_ln886, i6 %add_i_i780_cast"   --->   Operation 252 'icmp' 'icmp_ln886' <Predicate = (!tmp_449)> <Delay = 0.61> <CoreInst = "Cmp">   --->   Core 9 'Cmp' <Latency = 0> <II = 1> <Delay = 0.60> <FuncUnit> <Opcode : 'icmp'> <InPorts = 2> <OutPorts = 1>
ST_15 : Operation 253 [1/1] (0.00ns)   --->   "%br_ln17948 = br i1 %icmp_ln886, void, void %.loopexit1135" [./dut.cpp:17948]   --->   Operation 253 'br' 'br_ln17948' <Predicate = (!tmp_449)> <Delay = 0.00>
ST_15 : Operation 254 [1/1] (0.65ns)   --->   "%icmp_ln17951 = icmp_eq  i4 %c3, i4 3" [./dut.cpp:17951]   --->   Operation 254 'icmp' 'icmp_ln17951' <Predicate = (!tmp_449 & !icmp_ln886)> <Delay = 0.65> <CoreInst = "Cmp">   --->   Core 9 'Cmp' <Latency = 0> <II = 1> <Delay = 0.60> <FuncUnit> <Opcode : 'icmp'> <InPorts = 2> <OutPorts = 1>
ST_15 : Operation 255 [1/1] (0.00ns)   --->   "%br_ln17951 = br i1 %icmp_ln17951, void %.preheader6.preheader, void %.preheader7.preheader" [./dut.cpp:17951]   --->   Operation 255 'br' 'br_ln17951' <Predicate = (!tmp_449 & !icmp_ln886)> <Delay = 0.00>
ST_15 : Operation 256 [1/1] (0.38ns)   --->   "%br_ln890 = br void %.preheader6"   --->   Operation 256 'br' 'br_ln890' <Predicate = (!tmp_449 & !icmp_ln886 & !icmp_ln17951)> <Delay = 0.38>
ST_15 : Operation 257 [1/1] (0.38ns)   --->   "%br_ln17961 = br void %.preheader7" [./dut.cpp:17961]   --->   Operation 257 'br' 'br_ln17961' <Predicate = (!tmp_449 & !icmp_ln886 & icmp_ln17951)> <Delay = 0.38>
ST_15 : Operation 258 [1/1] (0.00ns)   --->   "%br_ln17986 = br i1 %or_ln17865, void %.loopexit1220, void %.preheader.preheader.preheader" [./dut.cpp:17986]   --->   Operation 258 'br' 'br_ln17986' <Predicate = (icmp_ln886) | (tmp_449)> <Delay = 0.00>
ST_15 : Operation 259 [1/1] (0.38ns)   --->   "%br_ln17994 = br void %.preheader.preheader" [./dut.cpp:17994]   --->   Operation 259 'br' 'br_ln17994' <Predicate = (or_ln17865 & icmp_ln886) | (or_ln17865 & tmp_449)> <Delay = 0.38>

State 16 <SV = 3> <Delay = 0.70>
ST_16 : Operation 260 [1/1] (0.00ns)   --->   "%c4_V_35 = phi i4 %add_ln691_1258, void, i4 0, void %.preheader6.preheader"   --->   Operation 260 'phi' 'c4_V_35' <Predicate = (!icmp_ln17951)> <Delay = 0.00>
ST_16 : Operation 261 [1/1] (0.70ns)   --->   "%add_ln691_1258 = add i4 %c4_V_35, i4 1"   --->   Operation 261 'add' 'add_ln691_1258' <Predicate = (!icmp_ln17951)> <Delay = 0.70> <CoreInst = "Adder">   --->   Core 1 'Adder' <Latency = 0> <II = 1> <Delay = 0.73> <FuncUnit> <Opcode : 'add' 'sub'> <InPorts = 2> <OutPorts = 1>
ST_16 : Operation 262 [1/1] (0.65ns)   --->   "%icmp_ln890_1305 = icmp_eq  i4 %c4_V_35, i4 8"   --->   Operation 262 'icmp' 'icmp_ln890_1305' <Predicate = (!icmp_ln17951)> <Delay = 0.65> <CoreInst = "Cmp">   --->   Core 9 'Cmp' <Latency = 0> <II = 1> <Delay = 0.60> <FuncUnit> <Opcode : 'icmp'> <InPorts = 2> <OutPorts = 1>
ST_16 : Operation 263 [1/1] (0.00ns)   --->   "%speclooptripcount_ln0 = speclooptripcount void @_ssdm_op_SpecLoopTripCount, i64 8, i64 8, i64 8"   --->   Operation 263 'speclooptripcount' 'speclooptripcount_ln0' <Predicate = (!icmp_ln17951)> <Delay = 0.00>
ST_16 : Operation 264 [1/1] (0.00ns)   --->   "%br_ln17966 = br i1 %icmp_ln890_1305, void %.split20, void %.loopexit1218.loopexit" [./dut.cpp:17966]   --->   Operation 264 'br' 'br_ln17966' <Predicate = (!icmp_ln17951)> <Delay = 0.00>
ST_16 : Operation 265 [1/1] (0.00ns)   --->   "%specloopname_ln17966 = specloopname void @_ssdm_op_SpecLoopName, void @empty_1774" [./dut.cpp:17966]   --->   Operation 265 'specloopname' 'specloopname_ln17966' <Predicate = (!icmp_ln17951 & !icmp_ln890_1305)> <Delay = 0.00>
ST_16 : Operation 266 [1/1] (0.38ns)   --->   "%br_ln17968 = br void" [./dut.cpp:17968]   --->   Operation 266 'br' 'br_ln17968' <Predicate = (!icmp_ln17951 & !icmp_ln890_1305)> <Delay = 0.38>
ST_16 : Operation 267 [1/1] (0.00ns)   --->   "%br_ln0 = br void %.loopexit1218"   --->   Operation 267 'br' 'br_ln0' <Predicate = (!icmp_ln17951 & icmp_ln890_1305)> <Delay = 0.00>
ST_16 : Operation 268 [1/1] (0.00ns)   --->   "%c4_V = phi i4 %add_ln691_1256, void, i4 0, void %.preheader7.preheader"   --->   Operation 268 'phi' 'c4_V' <Predicate = (icmp_ln17951)> <Delay = 0.00>
ST_16 : Operation 269 [1/1] (0.70ns)   --->   "%add_ln691_1256 = add i4 %c4_V, i4 1"   --->   Operation 269 'add' 'add_ln691_1256' <Predicate = (icmp_ln17951)> <Delay = 0.70> <CoreInst = "Adder">   --->   Core 1 'Adder' <Latency = 0> <II = 1> <Delay = 0.73> <FuncUnit> <Opcode : 'add' 'sub'> <InPorts = 2> <OutPorts = 1>
ST_16 : Operation 270 [1/1] (0.00ns)   --->   "%trunc_ln17961 = trunc i4 %c4_V" [./dut.cpp:17961]   --->   Operation 270 'trunc' 'trunc_ln17961' <Predicate = (icmp_ln17951)> <Delay = 0.00>
ST_16 : Operation 271 [1/1] (0.00ns)   --->   "%tmp_523_cast = bitconcatenate i7 @_ssdm_op_BitConcatenate.i7.i3.i4, i3 %trunc_ln17961, i4 0"   --->   Operation 271 'bitconcatenate' 'tmp_523_cast' <Predicate = (icmp_ln17951)> <Delay = 0.00>
ST_16 : Operation 272 [1/1] (0.65ns)   --->   "%icmp_ln890_1304 = icmp_eq  i4 %c4_V, i4 8"   --->   Operation 272 'icmp' 'icmp_ln890_1304' <Predicate = (icmp_ln17951)> <Delay = 0.65> <CoreInst = "Cmp">   --->   Core 9 'Cmp' <Latency = 0> <II = 1> <Delay = 0.60> <FuncUnit> <Opcode : 'icmp'> <InPorts = 2> <OutPorts = 1>
ST_16 : Operation 273 [1/1] (0.00ns)   --->   "%speclooptripcount_ln0 = speclooptripcount void @_ssdm_op_SpecLoopTripCount, i64 8, i64 8, i64 8"   --->   Operation 273 'speclooptripcount' 'speclooptripcount_ln0' <Predicate = (icmp_ln17951)> <Delay = 0.00>
ST_16 : Operation 274 [1/1] (0.00ns)   --->   "%br_ln17952 = br i1 %icmp_ln890_1304, void %.split24, void %.loopexit1218.loopexit339" [./dut.cpp:17952]   --->   Operation 274 'br' 'br_ln17952' <Predicate = (icmp_ln17951)> <Delay = 0.00>
ST_16 : Operation 275 [1/1] (0.00ns)   --->   "%specloopname_ln17952 = specloopname void @_ssdm_op_SpecLoopName, void @empty_470" [./dut.cpp:17952]   --->   Operation 275 'specloopname' 'specloopname_ln17952' <Predicate = (icmp_ln17951 & !icmp_ln890_1304)> <Delay = 0.00>
ST_16 : Operation 276 [1/1] (0.38ns)   --->   "%br_ln17954 = br void" [./dut.cpp:17954]   --->   Operation 276 'br' 'br_ln17954' <Predicate = (icmp_ln17951 & !icmp_ln890_1304)> <Delay = 0.38>
ST_16 : Operation 277 [1/1] (0.00ns)   --->   "%br_ln0 = br void %.loopexit1218"   --->   Operation 277 'br' 'br_ln0' <Predicate = (icmp_ln17951 & icmp_ln890_1304)> <Delay = 0.00>
ST_16 : Operation 278 [1/1] (0.70ns)   --->   "%c3_38 = add i4 %c3, i4 1" [./dut.cpp:17946]   --->   Operation 278 'add' 'c3_38' <Predicate = (icmp_ln17951 & icmp_ln890_1304) | (!icmp_ln17951 & icmp_ln890_1305)> <Delay = 0.70> <CoreInst = "Adder">   --->   Core 1 'Adder' <Latency = 0> <II = 1> <Delay = 0.73> <FuncUnit> <Opcode : 'add' 'sub'> <InPorts = 2> <OutPorts = 1>
ST_16 : Operation 279 [1/1] (0.00ns)   --->   "%br_ln0 = br void %.preheader9"   --->   Operation 279 'br' 'br_ln0' <Predicate = (icmp_ln17951 & icmp_ln890_1304) | (!icmp_ln17951 & icmp_ln890_1305)> <Delay = 0.00>

State 17 <SV = 4> <Delay = 0.70>
ST_17 : Operation 280 [1/1] (0.00ns)   --->   "%c5_V_83 = phi i5 %add_ln691_1259, void %.split18, i5 0, void %.split20"   --->   Operation 280 'phi' 'c5_V_83' <Predicate = true> <Delay = 0.00>
ST_17 : Operation 281 [1/1] (0.70ns)   --->   "%add_ln691_1259 = add i5 %c5_V_83, i5 1"   --->   Operation 281 'add' 'add_ln691_1259' <Predicate = true> <Delay = 0.70> <CoreInst = "Adder">   --->   Core 1 'Adder' <Latency = 0> <II = 1> <Delay = 0.73> <FuncUnit> <Opcode : 'add' 'sub'> <InPorts = 2> <OutPorts = 1>
ST_17 : Operation 282 [1/1] (0.63ns)   --->   "%icmp_ln890_1316 = icmp_eq  i5 %c5_V_83, i5 16"   --->   Operation 282 'icmp' 'icmp_ln890_1316' <Predicate = true> <Delay = 0.63> <CoreInst = "Cmp">   --->   Core 9 'Cmp' <Latency = 0> <II = 1> <Delay = 0.60> <FuncUnit> <Opcode : 'icmp'> <InPorts = 2> <OutPorts = 1>
ST_17 : Operation 283 [1/1] (0.00ns)   --->   "%speclooptripcount_ln0 = speclooptripcount void @_ssdm_op_SpecLoopTripCount, i64 16, i64 16, i64 16"   --->   Operation 283 'speclooptripcount' 'speclooptripcount_ln0' <Predicate = true> <Delay = 0.00>
ST_17 : Operation 284 [1/1] (0.00ns)   --->   "%br_ln17968 = br i1 %icmp_ln890_1316, void %.split18, void" [./dut.cpp:17968]   --->   Operation 284 'br' 'br_ln17968' <Predicate = true> <Delay = 0.00>
ST_17 : Operation 285 [1/1] (0.00ns)   --->   "%br_ln0 = br void %.preheader6"   --->   Operation 285 'br' 'br_ln0' <Predicate = (icmp_ln890_1316)> <Delay = 0.00>

State 18 <SV = 5> <Delay = 2.43>
ST_18 : Operation 286 [1/1] (0.00ns)   --->   "%specloopname_ln17968 = specloopname void @_ssdm_op_SpecLoopName, void @empty_1775" [./dut.cpp:17968]   --->   Operation 286 'specloopname' 'specloopname_ln17968' <Predicate = true> <Delay = 0.00>
ST_18 : Operation 287 [1/1] (1.21ns)   --->   "%tmp_462 = read i512 @_ssdm_op_Read.ap_fifo.volatile.i512P0A, i512 %fifo_C_C_IO_L2_in_3_x120" [/home/rcslfpgaserver/Softwares/Xilinx/Vitis_HLS/2020.2/common/technology/autopilot/hls_stream_39.h:145]   --->   Operation 287 'read' 'tmp_462' <Predicate = true> <Delay = 1.21> <CoreInst = "FIFO_SRL">   --->   Core 81 'FIFO_SRL' <Latency = 0> <II = 1> <Delay = 1.41> <Storage> <Opcode : 'read' 'write' 'nbread' 'nbwrite'> <Ports = 0> <Width = 512> <Depth = 2> <FIFO>
ST_18 : Operation 288 [1/1] (1.21ns)   --->   "%write_ln174 = write void @_ssdm_op_Write.ap_fifo.volatile.i512P0A, i512 %fifo_C_C_IO_L2_in_4_x121, i512 %tmp_462" [/home/rcslfpgaserver/Softwares/Xilinx/Vitis_HLS/2020.2/common/technology/autopilot/hls_stream_39.h:174]   --->   Operation 288 'write' 'write_ln174' <Predicate = true> <Delay = 1.21> <CoreInst = "FIFO_SRL">   --->   Core 81 'FIFO_SRL' <Latency = 0> <II = 1> <Delay = 1.41> <Storage> <Opcode : 'read' 'write' 'nbread' 'nbwrite'> <Ports = 0> <Width = 512> <Depth = 2> <FIFO>
ST_18 : Operation 289 [1/1] (0.00ns)   --->   "%br_ln0 = br void"   --->   Operation 289 'br' 'br_ln0' <Predicate = true> <Delay = 0.00>

State 19 <SV = 4> <Delay = 0.70>
ST_19 : Operation 290 [1/1] (0.00ns)   --->   "%c5_V = phi i5 %add_ln691_1257, void %.split22, i5 0, void %.split24"   --->   Operation 290 'phi' 'c5_V' <Predicate = true> <Delay = 0.00>
ST_19 : Operation 291 [1/1] (0.70ns)   --->   "%add_ln691_1257 = add i5 %c5_V, i5 1"   --->   Operation 291 'add' 'add_ln691_1257' <Predicate = true> <Delay = 0.70> <CoreInst = "Adder">   --->   Core 1 'Adder' <Latency = 0> <II = 1> <Delay = 0.73> <FuncUnit> <Opcode : 'add' 'sub'> <InPorts = 2> <OutPorts = 1>
ST_19 : Operation 292 [1/1] (0.00ns)   --->   "%zext_ln17961 = zext i5 %c5_V" [./dut.cpp:17961]   --->   Operation 292 'zext' 'zext_ln17961' <Predicate = true> <Delay = 0.00>
ST_19 : Operation 293 [1/1] (0.70ns)   --->   "%add_ln17961 = add i7 %tmp_523_cast, i7 %zext_ln17961" [./dut.cpp:17961]   --->   Operation 293 'add' 'add_ln17961' <Predicate = true> <Delay = 0.70> <CoreInst = "Adder">   --->   Core 1 'Adder' <Latency = 0> <II = 1> <Delay = 0.73> <FuncUnit> <Opcode : 'add' 'sub'> <InPorts = 2> <OutPorts = 1>
ST_19 : Operation 294 [1/1] (0.00ns)   --->   "%zext_ln17961_1 = zext i7 %add_ln17961" [./dut.cpp:17961]   --->   Operation 294 'zext' 'zext_ln17961_1' <Predicate = true> <Delay = 0.00>
ST_19 : Operation 295 [1/1] (0.00ns)   --->   "%local_C_ping_V_addr_17 = getelementptr i512 %local_C_ping_V, i64 0, i64 %zext_ln17961_1" [./dut.cpp:17961]   --->   Operation 295 'getelementptr' 'local_C_ping_V_addr_17' <Predicate = true> <Delay = 0.00>
ST_19 : Operation 296 [1/1] (0.63ns)   --->   "%icmp_ln890_1315 = icmp_eq  i5 %c5_V, i5 16"   --->   Operation 296 'icmp' 'icmp_ln890_1315' <Predicate = true> <Delay = 0.63> <CoreInst = "Cmp">   --->   Core 9 'Cmp' <Latency = 0> <II = 1> <Delay = 0.60> <FuncUnit> <Opcode : 'icmp'> <InPorts = 2> <OutPorts = 1>
ST_19 : Operation 297 [1/1] (0.00ns)   --->   "%speclooptripcount_ln0 = speclooptripcount void @_ssdm_op_SpecLoopTripCount, i64 16, i64 16, i64 16"   --->   Operation 297 'speclooptripcount' 'speclooptripcount_ln0' <Predicate = true> <Delay = 0.00>
ST_19 : Operation 298 [1/1] (0.00ns)   --->   "%br_ln17954 = br i1 %icmp_ln890_1315, void %.split22, void" [./dut.cpp:17954]   --->   Operation 298 'br' 'br_ln17954' <Predicate = true> <Delay = 0.00>
ST_19 : Operation 299 [1/1] (0.00ns)   --->   "%br_ln0 = br void %.preheader7"   --->   Operation 299 'br' 'br_ln0' <Predicate = (icmp_ln890_1315)> <Delay = 0.00>

State 20 <SV = 5> <Delay = 2.41>
ST_20 : Operation 300 [1/1] (0.00ns)   --->   "%specloopname_ln17954 = specloopname void @_ssdm_op_SpecLoopName, void @empty_1771" [./dut.cpp:17954]   --->   Operation 300 'specloopname' 'specloopname_ln17954' <Predicate = true> <Delay = 0.00>
ST_20 : Operation 301 [1/1] (1.21ns)   --->   "%tmp_461 = read i512 @_ssdm_op_Read.ap_fifo.volatile.i512P0A, i512 %fifo_C_C_IO_L2_in_3_x120" [/home/rcslfpgaserver/Softwares/Xilinx/Vitis_HLS/2020.2/common/technology/autopilot/hls_stream_39.h:145]   --->   Operation 301 'read' 'tmp_461' <Predicate = true> <Delay = 1.21> <CoreInst = "FIFO_SRL">   --->   Core 81 'FIFO_SRL' <Latency = 0> <II = 1> <Delay = 1.41> <Storage> <Opcode : 'read' 'write' 'nbread' 'nbwrite'> <Ports = 0> <Width = 512> <Depth = 2> <FIFO>
ST_20 : Operation 302 [1/1] (1.20ns)   --->   "%store_ln17961 = store i512 %tmp_461, i7 %local_C_ping_V_addr_17" [./dut.cpp:17961]   --->   Operation 302 'store' 'store_ln17961' <Predicate = true> <Delay = 1.20> <CoreInst = "RAM_2P_BRAM">   --->   Core 94 'RAM_2P_BRAM' <Latency = 1> <II = 1> <Delay = 1.20> <Storage> <Opcode : 'load' 'store'> <Ports = 2> <Width = 512> <Depth = 128> <RAM>
ST_20 : Operation 303 [1/1] (0.00ns)   --->   "%br_ln0 = br void"   --->   Operation 303 'br' 'br_ln0' <Predicate = true> <Delay = 0.00>

State 21 <SV = 4> <Delay = 1.20>
ST_21 : Operation 304 [1/1] (0.00ns)   --->   "%tmp_23 = bitconcatenate i64 @_ssdm_op_BitConcatenate.i64.i56.i4.i4, i56 0, i4 %select_ln17994, i4 %select_ln17994_2" [./dut.cpp:17994]   --->   Operation 304 'bitconcatenate' 'tmp_23' <Predicate = true> <Delay = 0.00>
ST_21 : Operation 305 [1/1] (0.00ns)   --->   "%local_C_pong_V_addr_9 = getelementptr i512 %local_C_pong_V, i64 0, i64 %tmp_23" [./dut.cpp:17994]   --->   Operation 305 'getelementptr' 'local_C_pong_V_addr_9' <Predicate = true> <Delay = 0.00>
ST_21 : Operation 306 [2/2] (1.20ns)   --->   "%in_data_V_43 = load i7 %local_C_pong_V_addr_9" [./dut.cpp:17994]   --->   Operation 306 'load' 'in_data_V_43' <Predicate = true> <Delay = 1.20> <CoreInst = "RAM_2P_BRAM">   --->   Core 94 'RAM_2P_BRAM' <Latency = 1> <II = 1> <Delay = 1.20> <Storage> <Opcode : 'load' 'store'> <Ports = 2> <Width = 512> <Depth = 128> <RAM>

State 22 <SV = 5> <Delay = 1.20>
ST_22 : Operation 307 [1/1] (0.00ns)   --->   "%specloopname_ln0 = specloopname void @_ssdm_op_SpecLoopName, void @C_IO_L2_in_3_x1_loop_19_C_IO_L2_in_3_x1_loop_21_C_IO_L2_in_3_x1_loop_22_str"   --->   Operation 307 'specloopname' 'specloopname_ln0' <Predicate = true> <Delay = 0.00>
ST_22 : Operation 308 [1/1] (0.00ns)   --->   "%speclooptripcount_ln0 = speclooptripcount void @_ssdm_op_SpecLoopTripCount, i64 65536, i64 65536, i64 65536"   --->   Operation 308 'speclooptripcount' 'speclooptripcount_ln0' <Predicate = true> <Delay = 0.00>
ST_22 : Operation 309 [1/1] (0.00ns)   --->   "%specloopname_ln0 = specloopname void @_ssdm_op_SpecLoopName, void @C_IO_L2_in_3_x1_loop_20_C_IO_L2_in_3_x1_loop_21_C_IO_L2_in_3_x1_loop_22_str"   --->   Operation 309 'specloopname' 'specloopname_ln0' <Predicate = true> <Delay = 0.00>
ST_22 : Operation 310 [1/1] (0.00ns)   --->   "%specloopname_ln0 = specloopname void @_ssdm_op_SpecLoopName, void @C_IO_L2_in_3_x1_loop_21_C_IO_L2_in_3_x1_loop_22_str"   --->   Operation 310 'specloopname' 'specloopname_ln0' <Predicate = true> <Delay = 0.00>
ST_22 : Operation 311 [1/1] (0.00ns)   --->   "%specloopname_ln17996 = specloopname void @_ssdm_op_SpecLoopName, void @empty_1270" [./dut.cpp:17996]   --->   Operation 311 'specloopname' 'specloopname_ln17996' <Predicate = true> <Delay = 0.00>
ST_22 : Operation 312 [1/2] (1.20ns)   --->   "%in_data_V_43 = load i7 %local_C_pong_V_addr_9" [./dut.cpp:17994]   --->   Operation 312 'load' 'in_data_V_43' <Predicate = true> <Delay = 1.20> <CoreInst = "RAM_2P_BRAM">   --->   Core 94 'RAM_2P_BRAM' <Latency = 1> <II = 1> <Delay = 1.20> <Storage> <Opcode : 'load' 'store'> <Ports = 2> <Width = 512> <Depth = 128> <RAM>
ST_22 : Operation 313 [1/1] (0.38ns)   --->   "%br_ln17998 = br void" [./dut.cpp:17998]   --->   Operation 313 'br' 'br_ln17998' <Predicate = true> <Delay = 0.38>

State 23 <SV = 6> <Delay = 1.77>
ST_23 : Operation 314 [1/1] (0.00ns)   --->   "%indvar_flatten77 = phi i6 0, void %.preheader, i6 %add_ln890_260, void %ifFalse70"   --->   Operation 314 'phi' 'indvar_flatten77' <Predicate = true> <Delay = 0.00>
ST_23 : Operation 315 [1/1] (0.00ns)   --->   "%n_V_9 = phi i2 0, void %.preheader, i2 %add_ln691_1253, void %ifFalse70"   --->   Operation 315 'phi' 'n_V_9' <Predicate = true> <Delay = 0.00>
ST_23 : Operation 316 [1/1] (0.00ns)   --->   "%p_Val2_19 = phi i512 %in_data_V_43, void %.preheader, i512 %zext_ln1497_9, void %ifFalse70"   --->   Operation 316 'phi' 'p_Val2_19' <Predicate = true> <Delay = 0.00>
ST_23 : Operation 317 [1/1] (0.70ns)   --->   "%add_ln890_260 = add i6 %indvar_flatten77, i6 1"   --->   Operation 317 'add' 'add_ln890_260' <Predicate = true> <Delay = 0.70> <CoreInst = "Adder">   --->   Core 1 'Adder' <Latency = 0> <II = 1> <Delay = 0.73> <FuncUnit> <Opcode : 'add' 'sub'> <InPorts = 2> <OutPorts = 1>
ST_23 : Operation 318 [1/1] (0.61ns)   --->   "%icmp_ln890_1314 = icmp_eq  i6 %indvar_flatten77, i6 32"   --->   Operation 318 'icmp' 'icmp_ln890_1314' <Predicate = true> <Delay = 0.61> <CoreInst = "Cmp">   --->   Core 9 'Cmp' <Latency = 0> <II = 1> <Delay = 0.60> <FuncUnit> <Opcode : 'icmp'> <InPorts = 2> <OutPorts = 1>
ST_23 : Operation 319 [1/1] (0.00ns)   --->   "%br_ln890 = br i1 %icmp_ln890_1314, void %.split30, void"   --->   Operation 319 'br' 'br_ln890' <Predicate = true> <Delay = 0.00>
ST_23 : Operation 320 [1/1] (0.00ns)   --->   "%data_split_V_1_71_load = load i256 %data_split_V_1_71" [./dut.cpp:18006]   --->   Operation 320 'load' 'data_split_V_1_71_load' <Predicate = (!icmp_ln890_1314)> <Delay = 0.00>
ST_23 : Operation 321 [1/1] (0.00ns)   --->   "%data_split_V_1_72_load = load i256 %data_split_V_1_72" [./dut.cpp:18006]   --->   Operation 321 'load' 'data_split_V_1_72_load' <Predicate = (!icmp_ln890_1314)> <Delay = 0.00>
ST_23 : Operation 322 [1/1] (0.00ns)   --->   "%specloopname_ln0 = specloopname void @_ssdm_op_SpecLoopName, void @C_IO_L2_in_3_x1_loop_23_C_IO_L2_in_3_x1_loop_24_str"   --->   Operation 322 'specloopname' 'specloopname_ln0' <Predicate = (!icmp_ln890_1314)> <Delay = 0.00>
ST_23 : Operation 323 [1/1] (0.00ns)   --->   "%speclooptripcount_ln0 = speclooptripcount void @_ssdm_op_SpecLoopTripCount, i64 32, i64 32, i64 32"   --->   Operation 323 'speclooptripcount' 'speclooptripcount_ln0' <Predicate = (!icmp_ln890_1314)> <Delay = 0.00>
ST_23 : Operation 324 [1/1] (0.34ns)   --->   "%icmp_ln878 = icmp_eq  i2 %n_V_9, i2 2"   --->   Operation 324 'icmp' 'icmp_ln878' <Predicate = (!icmp_ln890_1314)> <Delay = 0.34> <CoreInst = "Cmp">   --->   Core 9 'Cmp' <Latency = 0> <II = 1> <Delay = 0.60> <FuncUnit> <Opcode : 'icmp'> <InPorts = 2> <OutPorts = 1>
ST_23 : Operation 325 [1/1] (0.27ns)   --->   "%select_ln17998 = select i1 %icmp_ln878, i2 0, i2 %n_V_9" [./dut.cpp:17998]   --->   Operation 325 'select' 'select_ln17998' <Predicate = (!icmp_ln890_1314)> <Delay = 0.27> <CoreInst = "Sel">   --->   Core 73 'Sel' <Latency = 0> <II = 1> <Delay = 0.30> <FuncUnit> <Opcode : 'select'> <InPorts = 3> <OutPorts = 1>
ST_23 : Operation 326 [1/1] (0.57ns)   --->   "%select_ln17998_1 = select i1 %icmp_ln878, i512 %in_data_V_43, i512 %p_Val2_19" [./dut.cpp:17998]   --->   Operation 326 'select' 'select_ln17998_1' <Predicate = (!icmp_ln890_1314)> <Delay = 0.57> <CoreInst = "Sel">   --->   Core 73 'Sel' <Latency = 0> <II = 1> <Delay = 0.30> <FuncUnit> <Opcode : 'select'> <InPorts = 3> <OutPorts = 1>
ST_23 : Operation 327 [1/1] (0.00ns)   --->   "%specpipeline_ln674 = specpipeline void @_ssdm_op_SpecPipeline, i32 1, i32 0, i32 0, i32 0, void @empty_49"   --->   Operation 327 'specpipeline' 'specpipeline_ln674' <Predicate = (!icmp_ln890_1314)> <Delay = 0.00>
ST_23 : Operation 328 [1/1] (0.00ns)   --->   "%specloopname_ln674 = specloopname void @_ssdm_op_SpecLoopName, void @empty_1769"   --->   Operation 328 'specloopname' 'specloopname_ln674' <Predicate = (!icmp_ln890_1314)> <Delay = 0.00>
ST_23 : Operation 329 [1/1] (0.00ns)   --->   "%data_split_V_0_81 = trunc i512 %select_ln17998_1"   --->   Operation 329 'trunc' 'data_split_V_0_81' <Predicate = (!icmp_ln890_1314)> <Delay = 0.00>
ST_23 : Operation 330 [1/1] (0.00ns)   --->   "%trunc_ln18006 = trunc i2 %select_ln17998" [./dut.cpp:18006]   --->   Operation 330 'trunc' 'trunc_ln18006' <Predicate = (!icmp_ln890_1314)> <Delay = 0.00>
ST_23 : Operation 331 [1/1] (0.42ns)   --->   "%data_split_V_1_79 = select i1 %trunc_ln18006, i256 %data_split_V_0_81, i256 %data_split_V_1_72_load" [./dut.cpp:18006]   --->   Operation 331 'select' 'data_split_V_1_79' <Predicate = (!icmp_ln890_1314)> <Delay = 0.42> <CoreInst = "Sel">   --->   Core 73 'Sel' <Latency = 0> <II = 1> <Delay = 0.30> <FuncUnit> <Opcode : 'select'> <InPorts = 3> <OutPorts = 1>
ST_23 : Operation 332 [1/1] (0.42ns)   --->   "%data_split_V_1_80 = select i1 %trunc_ln18006, i256 %data_split_V_1_71_load, i256 %data_split_V_0_81" [./dut.cpp:18006]   --->   Operation 332 'select' 'data_split_V_1_80' <Predicate = (!icmp_ln890_1314)> <Delay = 0.42> <CoreInst = "Sel">   --->   Core 73 'Sel' <Latency = 0> <II = 1> <Delay = 0.30> <FuncUnit> <Opcode : 'select'> <InPorts = 3> <OutPorts = 1>
ST_23 : Operation 333 [1/1] (0.00ns)   --->   "%r_16 = partselect i256 @_ssdm_op_PartSelect.i256.i512.i32.i32, i512 %select_ln17998_1, i32 256, i32 511"   --->   Operation 333 'partselect' 'r_16' <Predicate = (!icmp_ln890_1314)> <Delay = 0.00>
ST_23 : Operation 334 [1/1] (0.00ns)   --->   "%zext_ln1497_9 = zext i256 %r_16"   --->   Operation 334 'zext' 'zext_ln1497_9' <Predicate = (!icmp_ln890_1314)> <Delay = 0.00>
ST_23 : Operation 335 [1/1] (0.43ns)   --->   "%add_ln691_1253 = add i2 %select_ln17998, i2 1"   --->   Operation 335 'add' 'add_ln691_1253' <Predicate = (!icmp_ln890_1314)> <Delay = 0.43> <CoreInst = "Adder">   --->   Core 1 'Adder' <Latency = 0> <II = 1> <Delay = 0.73> <FuncUnit> <Opcode : 'add' 'sub'> <InPorts = 2> <OutPorts = 1>
ST_23 : Operation 336 [1/1] (0.34ns)   --->   "%icmp_ln878_17 = icmp_eq  i2 %add_ln691_1253, i2 2"   --->   Operation 336 'icmp' 'icmp_ln878_17' <Predicate = (!icmp_ln890_1314)> <Delay = 0.34> <CoreInst = "Cmp">   --->   Core 9 'Cmp' <Latency = 0> <II = 1> <Delay = 0.60> <FuncUnit> <Opcode : 'icmp'> <InPorts = 2> <OutPorts = 1>
ST_23 : Operation 337 [1/1] (0.00ns)   --->   "%br_ln878 = br i1 %icmp_ln878_17, void %ifFalse70, void %ifTrue69"   --->   Operation 337 'br' 'br_ln878' <Predicate = (!icmp_ln890_1314)> <Delay = 0.00>
ST_23 : Operation 338 [1/1] (0.42ns)   --->   "%select_ln18010 = select i1 %select_ln17994_1, i256 %data_split_V_1_79, i256 %data_split_V_1_80" [./dut.cpp:18010]   --->   Operation 338 'select' 'select_ln18010' <Predicate = (!icmp_ln890_1314 & icmp_ln878_17)> <Delay = 0.42> <CoreInst = "Sel">   --->   Core 73 'Sel' <Latency = 0> <II = 1> <Delay = 0.30> <FuncUnit> <Opcode : 'select'> <InPorts = 3> <OutPorts = 1>
ST_23 : Operation 339 [1/1] (0.00ns)   --->   "%store_ln18006 = store i256 %data_split_V_1_79, i256 %data_split_V_1_72" [./dut.cpp:18006]   --->   Operation 339 'store' 'store_ln18006' <Predicate = (!icmp_ln890_1314)> <Delay = 0.00>
ST_23 : Operation 340 [1/1] (0.00ns)   --->   "%store_ln18006 = store i256 %data_split_V_1_80, i256 %data_split_V_1_71" [./dut.cpp:18006]   --->   Operation 340 'store' 'store_ln18006' <Predicate = (!icmp_ln890_1314)> <Delay = 0.00>
ST_23 : Operation 341 [1/1] (0.00ns)   --->   "%br_ln0 = br void"   --->   Operation 341 'br' 'br_ln0' <Predicate = (!icmp_ln890_1314)> <Delay = 0.00>

State 24 <SV = 7> <Delay = 1.21>
ST_24 : Operation 342 [1/1] (1.21ns)   --->   "%write_ln174 = write void @_ssdm_op_Write.ap_fifo.volatile.i256P0A, i256 %fifo_C_PE_0_3_x1116, i256 %select_ln18010" [/home/rcslfpgaserver/Softwares/Xilinx/Vitis_HLS/2020.2/common/technology/autopilot/hls_stream_39.h:174]   --->   Operation 342 'write' 'write_ln174' <Predicate = (icmp_ln878_17)> <Delay = 1.21> <CoreInst = "FIFO_SRL">   --->   Core 81 'FIFO_SRL' <Latency = 0> <II = 1> <Delay = 1.42> <Storage> <Opcode : 'read' 'write' 'nbread' 'nbwrite'> <Ports = 0> <Width = 256> <Depth = 2> <FIFO>
ST_24 : Operation 343 [1/1] (0.00ns)   --->   "%br_ln0 = br void %ifFalse70"   --->   Operation 343 'br' 'br_ln0' <Predicate = (icmp_ln878_17)> <Delay = 0.00>

State 25 <SV = 7> <Delay = 1.03>
ST_25 : Operation 344 [1/1] (0.70ns)   --->   "%add_ln691_1252 = add i4 %select_ln17994, i4 1"   --->   Operation 344 'add' 'add_ln691_1252' <Predicate = true> <Delay = 0.70> <CoreInst = "Adder">   --->   Core 1 'Adder' <Latency = 0> <II = 1> <Delay = 0.73> <FuncUnit> <Opcode : 'add' 'sub'> <InPorts = 2> <OutPorts = 1>
ST_25 : Operation 345 [1/1] (0.72ns)   --->   "%add_ln890_256 = add i10 %indvar_flatten85, i10 1"   --->   Operation 345 'add' 'add_ln890_256' <Predicate = (!or_ln17993)> <Delay = 0.72> <CoreInst = "Adder">   --->   Core 1 'Adder' <Latency = 0> <II = 1> <Delay = 0.73> <FuncUnit> <Opcode : 'add' 'sub'> <InPorts = 2> <OutPorts = 1>
ST_25 : Operation 346 [1/1] (0.30ns)   --->   "%select_ln890_453 = select i1 %or_ln17993, i10 1, i10 %add_ln890_256"   --->   Operation 346 'select' 'select_ln890_453' <Predicate = true> <Delay = 0.30> <CoreInst = "Sel">   --->   Core 73 'Sel' <Latency = 0> <II = 1> <Delay = 0.30> <FuncUnit> <Opcode : 'select'> <InPorts = 3> <OutPorts = 1>
ST_25 : Operation 347 [1/1] (0.73ns)   --->   "%add_ln890_257 = add i11 %indvar_flatten109, i11 1"   --->   Operation 347 'add' 'add_ln890_257' <Predicate = (!icmp_ln890_1308)> <Delay = 0.73> <CoreInst = "Adder">   --->   Core 1 'Adder' <Latency = 0> <II = 1> <Delay = 0.73> <FuncUnit> <Opcode : 'add' 'sub'> <InPorts = 2> <OutPorts = 1>
ST_25 : Operation 348 [1/1] (0.30ns)   --->   "%select_ln890_454 = select i1 %icmp_ln890_1308, i11 1, i11 %add_ln890_257"   --->   Operation 348 'select' 'select_ln890_454' <Predicate = true> <Delay = 0.30> <CoreInst = "Sel">   --->   Core 73 'Sel' <Latency = 0> <II = 1> <Delay = 0.30> <FuncUnit> <Opcode : 'select'> <InPorts = 3> <OutPorts = 1>
ST_25 : Operation 349 [1/1] (0.00ns)   --->   "%br_ln0 = br void %.preheader.preheader"   --->   Operation 349 'br' 'br_ln0' <Predicate = true> <Delay = 0.00>

State 26 <SV = 2> <Delay = 2.33>
ST_26 : Operation 350 [1/1] (0.00ns)   --->   "%indvar_flatten229 = phi i17 %add_ln18031, void, i17 0, void %.preheader69.preheader.preheader" [./dut.cpp:18031]   --->   Operation 350 'phi' 'indvar_flatten229' <Predicate = true> <Delay = 0.00>
ST_26 : Operation 351 [1/1] (0.00ns)   --->   "%indvar_flatten195 = phi i11 %select_ln890_450, void, i11 0, void %.preheader69.preheader.preheader"   --->   Operation 351 'phi' 'indvar_flatten195' <Predicate = true> <Delay = 0.00>
ST_26 : Operation 352 [1/1] (0.00ns)   --->   "%indvar_flatten171 = phi i10 %select_ln890_449, void, i10 0, void %.preheader69.preheader.preheader"   --->   Operation 352 'phi' 'indvar_flatten171' <Predicate = true> <Delay = 0.00>
ST_26 : Operation 353 [1/1] (0.00ns)   --->   "%c6_V = phi i6 %select_ln890, void, i6 0, void %.preheader69.preheader.preheader"   --->   Operation 353 'phi' 'c6_V' <Predicate = true> <Delay = 0.00>
ST_26 : Operation 354 [1/1] (0.00ns)   --->   "%c7_V = phi i4 %add_ln691_1247, void, i4 0, void %.preheader69.preheader.preheader"   --->   Operation 354 'phi' 'c7_V' <Predicate = true> <Delay = 0.00>
ST_26 : Operation 355 [1/1] (0.79ns)   --->   "%add_ln18031 = add i17 %indvar_flatten229, i17 1" [./dut.cpp:18031]   --->   Operation 355 'add' 'add_ln18031' <Predicate = true> <Delay = 0.79> <CoreInst = "Adder">   --->   Core 1 'Adder' <Latency = 0> <II = 1> <Delay = 0.73> <FuncUnit> <Opcode : 'add' 'sub'> <InPorts = 2> <OutPorts = 1>
ST_26 : Operation 356 [1/1] (0.00ns)   --->   "%empty_2480 = trunc i6 %c6_V"   --->   Operation 356 'trunc' 'empty_2480' <Predicate = true> <Delay = 0.00>
ST_26 : Operation 357 [1/1] (0.68ns)   --->   "%icmp_ln18031 = icmp_eq  i17 %indvar_flatten229, i17 65536" [./dut.cpp:18031]   --->   Operation 357 'icmp' 'icmp_ln18031' <Predicate = true> <Delay = 0.68> <CoreInst = "Cmp">   --->   Core 9 'Cmp' <Latency = 0> <II = 1> <Delay = 0.60> <FuncUnit> <Opcode : 'icmp'> <InPorts = 2> <OutPorts = 1>
ST_26 : Operation 358 [1/1] (0.00ns)   --->   "%br_ln18031 = br i1 %icmp_ln18031, void %.preheader69, void %.loopexit1214" [./dut.cpp:18031]   --->   Operation 358 'br' 'br_ln18031' <Predicate = true> <Delay = 0.00>
ST_26 : Operation 359 [1/1] (0.61ns)   --->   "%icmp_ln890_1300 = icmp_eq  i11 %indvar_flatten195, i11 512"   --->   Operation 359 'icmp' 'icmp_ln890_1300' <Predicate = (!icmp_ln18031)> <Delay = 0.61> <CoreInst = "Cmp">   --->   Core 9 'Cmp' <Latency = 0> <II = 1> <Delay = 0.60> <FuncUnit> <Opcode : 'icmp'> <InPorts = 2> <OutPorts = 1>
ST_26 : Operation 360 [1/1] (0.12ns)   --->   "%xor_ln18031 = xor i1 %icmp_ln890_1300, i1 1" [./dut.cpp:18031]   --->   Operation 360 'xor' 'xor_ln18031' <Predicate = (!icmp_ln18031)> <Delay = 0.12> <CoreInst = "LogicGate">   --->   Core 74 'LogicGate' <Latency = 0> <II = 1> <Delay = 0.12> <FuncUnit> <Opcode : 'and' 'or' 'xor'> <InPorts = 2> <OutPorts = 1>
ST_26 : Operation 361 [1/1] (0.00ns) (grouped into LUT with out node select_ln18038_1)   --->   "%and_ln18031 = and i1 %empty_2480, i1 %xor_ln18031" [./dut.cpp:18031]   --->   Operation 361 'and' 'and_ln18031' <Predicate = (!icmp_ln18031)> <Delay = 0.00> <CoreInst = "LogicGate">   --->   Core 74 'LogicGate' <Latency = 0> <II = 1> <Delay = 0.12> <FuncUnit> <Opcode : 'and' 'or' 'xor'> <InPorts = 2> <OutPorts = 1>
ST_26 : Operation 362 [1/1] (0.65ns)   --->   "%icmp_ln890_1301 = icmp_eq  i4 %c7_V, i4 8"   --->   Operation 362 'icmp' 'icmp_ln890_1301' <Predicate = (!icmp_ln18031)> <Delay = 0.65> <CoreInst = "Cmp">   --->   Core 9 'Cmp' <Latency = 0> <II = 1> <Delay = 0.60> <FuncUnit> <Opcode : 'icmp'> <InPorts = 2> <OutPorts = 1>
ST_26 : Operation 363 [1/1] (0.00ns) (grouped into LUT with out node and_ln18037_1)   --->   "%and_ln18031_1 = and i1 %icmp_ln890_1301, i1 %xor_ln18031" [./dut.cpp:18031]   --->   Operation 363 'and' 'and_ln18031_1' <Predicate = (!icmp_ln18031)> <Delay = 0.00> <CoreInst = "LogicGate">   --->   Core 74 'LogicGate' <Latency = 0> <II = 1> <Delay = 0.12> <FuncUnit> <Opcode : 'and' 'or' 'xor'> <InPorts = 2> <OutPorts = 1>
ST_26 : Operation 364 [1/1] (0.60ns)   --->   "%icmp_ln890_1302 = icmp_eq  i10 %indvar_flatten171, i10 256"   --->   Operation 364 'icmp' 'icmp_ln890_1302' <Predicate = (!icmp_ln18031)> <Delay = 0.60> <CoreInst = "Cmp">   --->   Core 9 'Cmp' <Latency = 0> <II = 1> <Delay = 0.60> <FuncUnit> <Opcode : 'icmp'> <InPorts = 2> <OutPorts = 1>
ST_26 : Operation 365 [1/1] (0.12ns)   --->   "%and_ln18031_2 = and i1 %icmp_ln890_1302, i1 %xor_ln18031" [./dut.cpp:18031]   --->   Operation 365 'and' 'and_ln18031_2' <Predicate = (!icmp_ln18031)> <Delay = 0.12> <CoreInst = "LogicGate">   --->   Core 74 'LogicGate' <Latency = 0> <II = 1> <Delay = 0.12> <FuncUnit> <Opcode : 'and' 'or' 'xor'> <InPorts = 2> <OutPorts = 1>
ST_26 : Operation 366 [1/1] (0.12ns)   --->   "%or_ln18037 = or i1 %and_ln18031_2, i1 %icmp_ln890_1300" [./dut.cpp:18037]   --->   Operation 366 'or' 'or_ln18037' <Predicate = (!icmp_ln18031)> <Delay = 0.12> <CoreInst = "LogicGate">   --->   Core 74 'LogicGate' <Latency = 0> <II = 1> <Delay = 0.12> <FuncUnit> <Opcode : 'and' 'or' 'xor'> <InPorts = 2> <OutPorts = 1>
ST_26 : Operation 367 [1/1] (0.29ns)   --->   "%select_ln18037 = select i1 %or_ln18037, i6 0, i6 %c6_V" [./dut.cpp:18037]   --->   Operation 367 'select' 'select_ln18037' <Predicate = (!icmp_ln18031)> <Delay = 0.29> <CoreInst = "Sel">   --->   Core 73 'Sel' <Latency = 0> <II = 1> <Delay = 0.30> <FuncUnit> <Opcode : 'select'> <InPorts = 3> <OutPorts = 1>
ST_26 : Operation 368 [1/1] (0.00ns) (grouped into LUT with out node or_ln18037_1)   --->   "%xor_ln18037 = xor i1 %icmp_ln890_1302, i1 1" [./dut.cpp:18037]   --->   Operation 368 'xor' 'xor_ln18037' <Predicate = (!icmp_ln18031)> <Delay = 0.00> <CoreInst = "LogicGate">   --->   Core 74 'LogicGate' <Latency = 0> <II = 1> <Delay = 0.12> <FuncUnit> <Opcode : 'and' 'or' 'xor'> <InPorts = 2> <OutPorts = 1>
ST_26 : Operation 369 [1/1] (0.12ns) (out node of the LUT)   --->   "%or_ln18037_1 = or i1 %icmp_ln890_1300, i1 %xor_ln18037" [./dut.cpp:18037]   --->   Operation 369 'or' 'or_ln18037_1' <Predicate = (!icmp_ln18031)> <Delay = 0.12> <CoreInst = "LogicGate">   --->   Core 74 'LogicGate' <Latency = 0> <II = 1> <Delay = 0.12> <FuncUnit> <Opcode : 'and' 'or' 'xor'> <InPorts = 2> <OutPorts = 1>
ST_26 : Operation 370 [1/1] (0.00ns) (grouped into LUT with out node select_ln18038_1)   --->   "%and_ln18037 = and i1 %and_ln18031, i1 %or_ln18037_1" [./dut.cpp:18037]   --->   Operation 370 'and' 'and_ln18037' <Predicate = (!icmp_ln18031)> <Delay = 0.00> <CoreInst = "LogicGate">   --->   Core 74 'LogicGate' <Latency = 0> <II = 1> <Delay = 0.12> <FuncUnit> <Opcode : 'and' 'or' 'xor'> <InPorts = 2> <OutPorts = 1>
ST_26 : Operation 371 [1/1] (0.12ns) (out node of the LUT)   --->   "%and_ln18037_1 = and i1 %and_ln18031_1, i1 %or_ln18037_1" [./dut.cpp:18037]   --->   Operation 371 'and' 'and_ln18037_1' <Predicate = (!icmp_ln18031)> <Delay = 0.12> <CoreInst = "LogicGate">   --->   Core 74 'LogicGate' <Latency = 0> <II = 1> <Delay = 0.12> <FuncUnit> <Opcode : 'and' 'or' 'xor'> <InPorts = 2> <OutPorts = 1>
ST_26 : Operation 372 [1/1] (0.70ns)   --->   "%add_ln691 = add i6 %select_ln18037, i6 1"   --->   Operation 372 'add' 'add_ln691' <Predicate = (!icmp_ln18031)> <Delay = 0.70> <CoreInst = "Adder">   --->   Core 1 'Adder' <Latency = 0> <II = 1> <Delay = 0.73> <FuncUnit> <Opcode : 'add' 'sub'> <InPorts = 2> <OutPorts = 1>
ST_26 : Operation 373 [1/1] (0.00ns) (grouped into LUT with out node select_ln18038)   --->   "%or_ln18038 = or i1 %and_ln18037_1, i1 %and_ln18031_2" [./dut.cpp:18038]   --->   Operation 373 'or' 'or_ln18038' <Predicate = (!icmp_ln18031)> <Delay = 0.00> <CoreInst = "LogicGate">   --->   Core 74 'LogicGate' <Latency = 0> <II = 1> <Delay = 0.12> <FuncUnit> <Opcode : 'and' 'or' 'xor'> <InPorts = 2> <OutPorts = 1>
ST_26 : Operation 374 [1/1] (0.00ns) (grouped into LUT with out node select_ln18038)   --->   "%or_ln18038_1 = or i1 %or_ln18038, i1 %icmp_ln890_1300" [./dut.cpp:18038]   --->   Operation 374 'or' 'or_ln18038_1' <Predicate = (!icmp_ln18031)> <Delay = 0.00> <CoreInst = "LogicGate">   --->   Core 74 'LogicGate' <Latency = 0> <II = 1> <Delay = 0.12> <FuncUnit> <Opcode : 'and' 'or' 'xor'> <InPorts = 2> <OutPorts = 1>
ST_26 : Operation 375 [1/1] (0.35ns) (out node of the LUT)   --->   "%select_ln18038 = select i1 %or_ln18038_1, i4 0, i4 %c7_V" [./dut.cpp:18038]   --->   Operation 375 'select' 'select_ln18038' <Predicate = (!icmp_ln18031)> <Delay = 0.35> <CoreInst = "Sel">   --->   Core 73 'Sel' <Latency = 0> <II = 1> <Delay = 0.30> <FuncUnit> <Opcode : 'select'> <InPorts = 3> <OutPorts = 1>
ST_26 : Operation 376 [1/1] (0.00ns) (grouped into LUT with out node select_ln18038_1)   --->   "%empty_2481 = trunc i6 %add_ln691"   --->   Operation 376 'trunc' 'empty_2481' <Predicate = (!icmp_ln18031)> <Delay = 0.00>
ST_26 : Operation 377 [1/1] (0.27ns) (out node of the LUT)   --->   "%select_ln18038_1 = select i1 %and_ln18037_1, i1 %empty_2481, i1 %and_ln18037" [./dut.cpp:18038]   --->   Operation 377 'select' 'select_ln18038_1' <Predicate = (!icmp_ln18031)> <Delay = 0.27> <CoreInst = "Sel">   --->   Core 73 'Sel' <Latency = 0> <II = 1> <Delay = 0.30> <FuncUnit> <Opcode : 'select'> <InPorts = 3> <OutPorts = 1>
ST_26 : Operation 378 [1/1] (0.29ns)   --->   "%select_ln890 = select i1 %and_ln18037_1, i6 %add_ln691, i6 %select_ln18037"   --->   Operation 378 'select' 'select_ln890' <Predicate = (!icmp_ln18031)> <Delay = 0.29> <CoreInst = "Sel">   --->   Core 73 'Sel' <Latency = 0> <II = 1> <Delay = 0.30> <FuncUnit> <Opcode : 'select'> <InPorts = 3> <OutPorts = 1>
ST_26 : Operation 379 [1/1] (0.00ns) (grouped into LUT with out node select_ln18038_2)   --->   "%tmp = partselect i4 @_ssdm_op_PartSelect.i4.i6.i32.i32, i6 %add_ln691, i32 1, i32 4"   --->   Operation 379 'partselect' 'tmp' <Predicate = (!icmp_ln18031)> <Delay = 0.00>
ST_26 : Operation 380 [1/1] (0.00ns) (grouped into LUT with out node select_ln18038_2)   --->   "%tmp_448 = partselect i4 @_ssdm_op_PartSelect.i4.i6.i32.i32, i6 %c6_V, i32 1, i32 4"   --->   Operation 380 'partselect' 'tmp_448' <Predicate = (!icmp_ln18031)> <Delay = 0.00>
ST_26 : Operation 381 [1/1] (0.00ns) (grouped into LUT with out node select_ln18038_2)   --->   "%select_ln18037_1 = select i1 %or_ln18037, i4 0, i4 %tmp_448" [./dut.cpp:18037]   --->   Operation 381 'select' 'select_ln18037_1' <Predicate = (!icmp_ln18031)> <Delay = 0.00> <CoreInst = "Sel">   --->   Core 73 'Sel' <Latency = 0> <II = 1> <Delay = 0.30> <FuncUnit> <Opcode : 'select'> <InPorts = 3> <OutPorts = 1>
ST_26 : Operation 382 [1/1] (0.35ns) (out node of the LUT)   --->   "%select_ln18038_2 = select i1 %and_ln18037_1, i4 %tmp, i4 %select_ln18037_1" [./dut.cpp:18038]   --->   Operation 382 'select' 'select_ln18038_2' <Predicate = (!icmp_ln18031)> <Delay = 0.35> <CoreInst = "Sel">   --->   Core 73 'Sel' <Latency = 0> <II = 1> <Delay = 0.30> <FuncUnit> <Opcode : 'select'> <InPorts = 3> <OutPorts = 1>
ST_26 : Operation 383 [1/1] (0.00ns)   --->   "%ret_ln18101 = ret" [./dut.cpp:18101]   --->   Operation 383 'ret' 'ret_ln18101' <Predicate = (icmp_ln18031)> <Delay = 0.00>

State 27 <SV = 3> <Delay = 1.20>
ST_27 : Operation 384 [1/1] (0.00ns)   --->   "%tmp_s = bitconcatenate i64 @_ssdm_op_BitConcatenate.i64.i56.i4.i4, i56 0, i4 %select_ln18038, i4 %select_ln18038_2" [./dut.cpp:18038]   --->   Operation 384 'bitconcatenate' 'tmp_s' <Predicate = true> <Delay = 0.00>
ST_27 : Operation 385 [1/1] (0.00ns)   --->   "%local_C_ping_V_addr = getelementptr i512 %local_C_ping_V, i64 0, i64 %tmp_s" [./dut.cpp:18038]   --->   Operation 385 'getelementptr' 'local_C_ping_V_addr' <Predicate = true> <Delay = 0.00>
ST_27 : Operation 386 [2/2] (1.20ns)   --->   "%in_data_V = load i7 %local_C_ping_V_addr" [./dut.cpp:18038]   --->   Operation 386 'load' 'in_data_V' <Predicate = true> <Delay = 1.20> <CoreInst = "RAM_2P_BRAM">   --->   Core 94 'RAM_2P_BRAM' <Latency = 1> <II = 1> <Delay = 1.20> <Storage> <Opcode : 'load' 'store'> <Ports = 2> <Width = 512> <Depth = 128> <RAM>

State 28 <SV = 4> <Delay = 1.20>
ST_28 : Operation 387 [1/1] (0.00ns)   --->   "%specloopname_ln0 = specloopname void @_ssdm_op_SpecLoopName, void @C_IO_L2_in_3_x1_loop_25_C_IO_L2_in_3_x1_loop_27_C_IO_L2_in_3_x1_loop_28_str"   --->   Operation 387 'specloopname' 'specloopname_ln0' <Predicate = true> <Delay = 0.00>
ST_28 : Operation 388 [1/1] (0.00ns)   --->   "%speclooptripcount_ln0 = speclooptripcount void @_ssdm_op_SpecLoopTripCount, i64 65536, i64 65536, i64 65536"   --->   Operation 388 'speclooptripcount' 'speclooptripcount_ln0' <Predicate = true> <Delay = 0.00>
ST_28 : Operation 389 [1/1] (0.00ns)   --->   "%specloopname_ln0 = specloopname void @_ssdm_op_SpecLoopName, void @C_IO_L2_in_3_x1_loop_26_C_IO_L2_in_3_x1_loop_27_C_IO_L2_in_3_x1_loop_28_str"   --->   Operation 389 'specloopname' 'specloopname_ln0' <Predicate = true> <Delay = 0.00>
ST_28 : Operation 390 [1/1] (0.00ns)   --->   "%specloopname_ln0 = specloopname void @_ssdm_op_SpecLoopName, void @C_IO_L2_in_3_x1_loop_27_C_IO_L2_in_3_x1_loop_28_str"   --->   Operation 390 'specloopname' 'specloopname_ln0' <Predicate = true> <Delay = 0.00>
ST_28 : Operation 391 [1/1] (0.00ns)   --->   "%specloopname_ln18040 = specloopname void @_ssdm_op_SpecLoopName, void @empty_1770" [./dut.cpp:18040]   --->   Operation 391 'specloopname' 'specloopname_ln18040' <Predicate = true> <Delay = 0.00>
ST_28 : Operation 392 [1/2] (1.20ns)   --->   "%in_data_V = load i7 %local_C_ping_V_addr" [./dut.cpp:18038]   --->   Operation 392 'load' 'in_data_V' <Predicate = true> <Delay = 1.20> <CoreInst = "RAM_2P_BRAM">   --->   Core 94 'RAM_2P_BRAM' <Latency = 1> <II = 1> <Delay = 1.20> <Storage> <Opcode : 'load' 'store'> <Ports = 2> <Width = 512> <Depth = 128> <RAM>
ST_28 : Operation 393 [1/1] (0.38ns)   --->   "%br_ln18042 = br void" [./dut.cpp:18042]   --->   Operation 393 'br' 'br_ln18042' <Predicate = true> <Delay = 0.38>

State 29 <SV = 5> <Delay = 1.77>
ST_29 : Operation 394 [1/1] (0.00ns)   --->   "%indvar_flatten163 = phi i6 0, void %.preheader69, i6 %add_ln890_254, void %ifFalse156"   --->   Operation 394 'phi' 'indvar_flatten163' <Predicate = true> <Delay = 0.00>
ST_29 : Operation 395 [1/1] (0.00ns)   --->   "%n_V = phi i2 0, void %.preheader69, i2 %add_ln691_1248, void %ifFalse156"   --->   Operation 395 'phi' 'n_V' <Predicate = true> <Delay = 0.00>
ST_29 : Operation 396 [1/1] (0.00ns)   --->   "%p_Val2_20 = phi i512 %in_data_V, void %.preheader69, i512 %zext_ln1497, void %ifFalse156"   --->   Operation 396 'phi' 'p_Val2_20' <Predicate = true> <Delay = 0.00>
ST_29 : Operation 397 [1/1] (0.70ns)   --->   "%add_ln890_254 = add i6 %indvar_flatten163, i6 1"   --->   Operation 397 'add' 'add_ln890_254' <Predicate = true> <Delay = 0.70> <CoreInst = "Adder">   --->   Core 1 'Adder' <Latency = 0> <II = 1> <Delay = 0.73> <FuncUnit> <Opcode : 'add' 'sub'> <InPorts = 2> <OutPorts = 1>
ST_29 : Operation 398 [1/1] (0.61ns)   --->   "%icmp_ln890_1303 = icmp_eq  i6 %indvar_flatten163, i6 32"   --->   Operation 398 'icmp' 'icmp_ln890_1303' <Predicate = true> <Delay = 0.61> <CoreInst = "Cmp">   --->   Core 9 'Cmp' <Latency = 0> <II = 1> <Delay = 0.60> <FuncUnit> <Opcode : 'icmp'> <InPorts = 2> <OutPorts = 1>
ST_29 : Operation 399 [1/1] (0.00ns)   --->   "%br_ln890 = br i1 %icmp_ln890_1303, void %.split7, void"   --->   Operation 399 'br' 'br_ln890' <Predicate = true> <Delay = 0.00>
ST_29 : Operation 400 [1/1] (0.00ns)   --->   "%data_split_V_1_73_load = load i256 %data_split_V_1_73" [./dut.cpp:18050]   --->   Operation 400 'load' 'data_split_V_1_73_load' <Predicate = (!icmp_ln890_1303)> <Delay = 0.00>
ST_29 : Operation 401 [1/1] (0.00ns)   --->   "%data_split_V_1_74_load = load i256 %data_split_V_1_74" [./dut.cpp:18050]   --->   Operation 401 'load' 'data_split_V_1_74_load' <Predicate = (!icmp_ln890_1303)> <Delay = 0.00>
ST_29 : Operation 402 [1/1] (0.00ns)   --->   "%specloopname_ln0 = specloopname void @_ssdm_op_SpecLoopName, void @C_IO_L2_in_3_x1_loop_29_C_IO_L2_in_3_x1_loop_30_str"   --->   Operation 402 'specloopname' 'specloopname_ln0' <Predicate = (!icmp_ln890_1303)> <Delay = 0.00>
ST_29 : Operation 403 [1/1] (0.00ns)   --->   "%speclooptripcount_ln0 = speclooptripcount void @_ssdm_op_SpecLoopTripCount, i64 32, i64 32, i64 32"   --->   Operation 403 'speclooptripcount' 'speclooptripcount_ln0' <Predicate = (!icmp_ln890_1303)> <Delay = 0.00>
ST_29 : Operation 404 [1/1] (0.34ns)   --->   "%icmp_ln878305 = icmp_eq  i2 %n_V, i2 2"   --->   Operation 404 'icmp' 'icmp_ln878305' <Predicate = (!icmp_ln890_1303)> <Delay = 0.34> <CoreInst = "Cmp">   --->   Core 9 'Cmp' <Latency = 0> <II = 1> <Delay = 0.60> <FuncUnit> <Opcode : 'icmp'> <InPorts = 2> <OutPorts = 1>
ST_29 : Operation 405 [1/1] (0.27ns)   --->   "%select_ln18042 = select i1 %icmp_ln878305, i2 0, i2 %n_V" [./dut.cpp:18042]   --->   Operation 405 'select' 'select_ln18042' <Predicate = (!icmp_ln890_1303)> <Delay = 0.27> <CoreInst = "Sel">   --->   Core 73 'Sel' <Latency = 0> <II = 1> <Delay = 0.30> <FuncUnit> <Opcode : 'select'> <InPorts = 3> <OutPorts = 1>
ST_29 : Operation 406 [1/1] (0.57ns)   --->   "%select_ln18042_1 = select i1 %icmp_ln878305, i512 %in_data_V, i512 %p_Val2_20" [./dut.cpp:18042]   --->   Operation 406 'select' 'select_ln18042_1' <Predicate = (!icmp_ln890_1303)> <Delay = 0.57> <CoreInst = "Sel">   --->   Core 73 'Sel' <Latency = 0> <II = 1> <Delay = 0.30> <FuncUnit> <Opcode : 'select'> <InPorts = 3> <OutPorts = 1>
ST_29 : Operation 407 [1/1] (0.00ns)   --->   "%specpipeline_ln674 = specpipeline void @_ssdm_op_SpecPipeline, i32 1, i32 0, i32 0, i32 0, void @empty_49"   --->   Operation 407 'specpipeline' 'specpipeline_ln674' <Predicate = (!icmp_ln890_1303)> <Delay = 0.00>
ST_29 : Operation 408 [1/1] (0.00ns)   --->   "%specloopname_ln674 = specloopname void @_ssdm_op_SpecLoopName, void @empty_1772"   --->   Operation 408 'specloopname' 'specloopname_ln674' <Predicate = (!icmp_ln890_1303)> <Delay = 0.00>
ST_29 : Operation 409 [1/1] (0.00ns)   --->   "%data_split_V_0_82 = trunc i512 %select_ln18042_1"   --->   Operation 409 'trunc' 'data_split_V_0_82' <Predicate = (!icmp_ln890_1303)> <Delay = 0.00>
ST_29 : Operation 410 [1/1] (0.00ns)   --->   "%trunc_ln18050 = trunc i2 %select_ln18042" [./dut.cpp:18050]   --->   Operation 410 'trunc' 'trunc_ln18050' <Predicate = (!icmp_ln890_1303)> <Delay = 0.00>
ST_29 : Operation 411 [1/1] (0.42ns)   --->   "%data_split_V_1_76 = select i1 %trunc_ln18050, i256 %data_split_V_0_82, i256 %data_split_V_1_74_load" [./dut.cpp:18050]   --->   Operation 411 'select' 'data_split_V_1_76' <Predicate = (!icmp_ln890_1303)> <Delay = 0.42> <CoreInst = "Sel">   --->   Core 73 'Sel' <Latency = 0> <II = 1> <Delay = 0.30> <FuncUnit> <Opcode : 'select'> <InPorts = 3> <OutPorts = 1>
ST_29 : Operation 412 [1/1] (0.42ns)   --->   "%data_split_V_1_77 = select i1 %trunc_ln18050, i256 %data_split_V_1_73_load, i256 %data_split_V_0_82" [./dut.cpp:18050]   --->   Operation 412 'select' 'data_split_V_1_77' <Predicate = (!icmp_ln890_1303)> <Delay = 0.42> <CoreInst = "Sel">   --->   Core 73 'Sel' <Latency = 0> <II = 1> <Delay = 0.30> <FuncUnit> <Opcode : 'select'> <InPorts = 3> <OutPorts = 1>
ST_29 : Operation 413 [1/1] (0.00ns)   --->   "%r_17 = partselect i256 @_ssdm_op_PartSelect.i256.i512.i32.i32, i512 %select_ln18042_1, i32 256, i32 511"   --->   Operation 413 'partselect' 'r_17' <Predicate = (!icmp_ln890_1303)> <Delay = 0.00>
ST_29 : Operation 414 [1/1] (0.00ns)   --->   "%zext_ln1497 = zext i256 %r_17"   --->   Operation 414 'zext' 'zext_ln1497' <Predicate = (!icmp_ln890_1303)> <Delay = 0.00>
ST_29 : Operation 415 [1/1] (0.43ns)   --->   "%add_ln691_1248 = add i2 %select_ln18042, i2 1"   --->   Operation 415 'add' 'add_ln691_1248' <Predicate = (!icmp_ln890_1303)> <Delay = 0.43> <CoreInst = "Adder">   --->   Core 1 'Adder' <Latency = 0> <II = 1> <Delay = 0.73> <FuncUnit> <Opcode : 'add' 'sub'> <InPorts = 2> <OutPorts = 1>
ST_29 : Operation 416 [1/1] (0.34ns)   --->   "%icmp_ln878_16 = icmp_eq  i2 %add_ln691_1248, i2 2"   --->   Operation 416 'icmp' 'icmp_ln878_16' <Predicate = (!icmp_ln890_1303)> <Delay = 0.34> <CoreInst = "Cmp">   --->   Core 9 'Cmp' <Latency = 0> <II = 1> <Delay = 0.60> <FuncUnit> <Opcode : 'icmp'> <InPorts = 2> <OutPorts = 1>
ST_29 : Operation 417 [1/1] (0.00ns)   --->   "%br_ln878 = br i1 %icmp_ln878_16, void %ifFalse156, void %ifTrue155"   --->   Operation 417 'br' 'br_ln878' <Predicate = (!icmp_ln890_1303)> <Delay = 0.00>
ST_29 : Operation 418 [1/1] (0.42ns)   --->   "%select_ln18054 = select i1 %select_ln18038_1, i256 %data_split_V_1_76, i256 %data_split_V_1_77" [./dut.cpp:18054]   --->   Operation 418 'select' 'select_ln18054' <Predicate = (!icmp_ln890_1303 & icmp_ln878_16)> <Delay = 0.42> <CoreInst = "Sel">   --->   Core 73 'Sel' <Latency = 0> <II = 1> <Delay = 0.30> <FuncUnit> <Opcode : 'select'> <InPorts = 3> <OutPorts = 1>
ST_29 : Operation 419 [1/1] (0.00ns)   --->   "%store_ln18050 = store i256 %data_split_V_1_76, i256 %data_split_V_1_74" [./dut.cpp:18050]   --->   Operation 419 'store' 'store_ln18050' <Predicate = (!icmp_ln890_1303)> <Delay = 0.00>
ST_29 : Operation 420 [1/1] (0.00ns)   --->   "%store_ln18050 = store i256 %data_split_V_1_77, i256 %data_split_V_1_73" [./dut.cpp:18050]   --->   Operation 420 'store' 'store_ln18050' <Predicate = (!icmp_ln890_1303)> <Delay = 0.00>
ST_29 : Operation 421 [1/1] (0.00ns)   --->   "%br_ln0 = br void"   --->   Operation 421 'br' 'br_ln0' <Predicate = (!icmp_ln890_1303)> <Delay = 0.00>

State 30 <SV = 6> <Delay = 1.21>
ST_30 : Operation 422 [1/1] (1.21ns)   --->   "%write_ln174 = write void @_ssdm_op_Write.ap_fifo.volatile.i256P0A, i256 %fifo_C_PE_0_3_x1116, i256 %select_ln18054" [/home/rcslfpgaserver/Softwares/Xilinx/Vitis_HLS/2020.2/common/technology/autopilot/hls_stream_39.h:174]   --->   Operation 422 'write' 'write_ln174' <Predicate = (icmp_ln878_16)> <Delay = 1.21> <CoreInst = "FIFO_SRL">   --->   Core 81 'FIFO_SRL' <Latency = 0> <II = 1> <Delay = 1.42> <Storage> <Opcode : 'read' 'write' 'nbread' 'nbwrite'> <Ports = 0> <Width = 256> <Depth = 2> <FIFO>
ST_30 : Operation 423 [1/1] (0.00ns)   --->   "%br_ln0 = br void %ifFalse156"   --->   Operation 423 'br' 'br_ln0' <Predicate = (icmp_ln878_16)> <Delay = 0.00>

State 31 <SV = 6> <Delay = 1.03>
ST_31 : Operation 424 [1/1] (0.70ns)   --->   "%add_ln691_1247 = add i4 %select_ln18038, i4 1"   --->   Operation 424 'add' 'add_ln691_1247' <Predicate = true> <Delay = 0.70> <CoreInst = "Adder">   --->   Core 1 'Adder' <Latency = 0> <II = 1> <Delay = 0.73> <FuncUnit> <Opcode : 'add' 'sub'> <InPorts = 2> <OutPorts = 1>
ST_31 : Operation 425 [1/1] (0.72ns)   --->   "%add_ln890 = add i10 %indvar_flatten171, i10 1"   --->   Operation 425 'add' 'add_ln890' <Predicate = (!or_ln18037)> <Delay = 0.72> <CoreInst = "Adder">   --->   Core 1 'Adder' <Latency = 0> <II = 1> <Delay = 0.73> <FuncUnit> <Opcode : 'add' 'sub'> <InPorts = 2> <OutPorts = 1>
ST_31 : Operation 426 [1/1] (0.30ns)   --->   "%select_ln890_449 = select i1 %or_ln18037, i10 1, i10 %add_ln890"   --->   Operation 426 'select' 'select_ln890_449' <Predicate = true> <Delay = 0.30> <CoreInst = "Sel">   --->   Core 73 'Sel' <Latency = 0> <II = 1> <Delay = 0.30> <FuncUnit> <Opcode : 'select'> <InPorts = 3> <OutPorts = 1>
ST_31 : Operation 427 [1/1] (0.73ns)   --->   "%add_ln890_253 = add i11 %indvar_flatten195, i11 1"   --->   Operation 427 'add' 'add_ln890_253' <Predicate = (!icmp_ln890_1300)> <Delay = 0.73> <CoreInst = "Adder">   --->   Core 1 'Adder' <Latency = 0> <II = 1> <Delay = 0.73> <FuncUnit> <Opcode : 'add' 'sub'> <InPorts = 2> <OutPorts = 1>
ST_31 : Operation 428 [1/1] (0.30ns)   --->   "%select_ln890_450 = select i1 %icmp_ln890_1300, i11 1, i11 %add_ln890_253"   --->   Operation 428 'select' 'select_ln890_450' <Predicate = true> <Delay = 0.30> <CoreInst = "Sel">   --->   Core 73 'Sel' <Latency = 0> <II = 1> <Delay = 0.30> <FuncUnit> <Opcode : 'select'> <InPorts = 3> <OutPorts = 1>
ST_31 : Operation 429 [1/1] (0.00ns)   --->   "%br_ln0 = br void %.preheader69.preheader"   --->   Operation 429 'br' 'br_ln0' <Predicate = true> <Delay = 0.00>


============================================================
+ Verbose Summary: Timing violations
============================================================
Target clock period: 3.33ns, clock uncertainty: 0.9ns.

 <State 1>: 0.387ns
The critical path consists of the following:
	multiplexor before 'phi' operation ('indvar_flatten151') with incoming values : ('add_ln890_255') [20]  (0.387 ns)

 <State 2>: 1.48ns
The critical path consists of the following:
	'phi' operation ('c1.V') with incoming values : ('add_ln691_1251') [21]  (0 ns)
	'icmp' operation ('icmp_ln890303') [30]  (0.5 ns)
	'select' operation ('select_ln17865', ./dut.cpp:17865) [31]  (0.278 ns)
	'sub' operation ('add_i_i780_cast', ./dut.cpp:17865) [37]  (0.706 ns)

 <State 3>: 0.741ns
The critical path consists of the following:
	'phi' operation ('c3') with incoming values : ('c3', ./dut.cpp:17872) [42]  (0 ns)
	'icmp' operation ('icmp_ln17877', ./dut.cpp:17877) [52]  (0.656 ns)
	blocking operation 0.0845 ns on control path)

 <State 4>: 0.708ns
The critical path consists of the following:
	'add' operation ('c3', ./dut.cpp:17872) [113]  (0.708 ns)

 <State 5>: 0.707ns
The critical path consists of the following:
	'phi' operation ('c5.V') with incoming values : ('add_ln691_1263') [66]  (0 ns)
	'add' operation ('add_ln691_1263') [67]  (0.707 ns)

 <State 6>: 2.43ns
The critical path consists of the following:
	fifo read on port 'fifo_C_C_IO_L2_in_3_x120' (/home/rcslfpgaserver/Softwares/Xilinx/Vitis_HLS/2020.2/common/technology/autopilot/hls_stream_39.h:145) [73]  (1.22 ns)
	fifo write on port 'fifo_C_C_IO_L2_in_4_x121' (/home/rcslfpgaserver/Softwares/Xilinx/Vitis_HLS/2020.2/common/technology/autopilot/hls_stream_39.h:174) [74]  (1.22 ns)

 <State 7>: 0.707ns
The critical path consists of the following:
	'phi' operation ('c5.V') with incoming values : ('add_ln691_1261') [94]  (0 ns)
	'add' operation ('add_ln691_1261') [95]  (0.707 ns)

 <State 8>: 2.42ns
The critical path consists of the following:
	fifo read on port 'fifo_C_C_IO_L2_in_3_x120' (/home/rcslfpgaserver/Softwares/Xilinx/Vitis_HLS/2020.2/common/technology/autopilot/hls_stream_39.h:145) [105]  (1.22 ns)
	'store' operation ('store_ln17887', ./dut.cpp:17887) of variable 'tmp', /home/rcslfpgaserver/Softwares/Xilinx/Vitis_HLS/2020.2/common/technology/autopilot/hls_stream_39.h:145 on array 'local_C_pong.V', ./dut.cpp:17856 [106]  (1.2 ns)

 <State 9>: 2.33ns
The critical path consists of the following:
	'phi' operation ('indvar_flatten109') with incoming values : ('select_ln890_454') [288]  (0 ns)
	'icmp' operation ('icmp_ln890_1308') [299]  (0.617 ns)
	'xor' operation ('xor_ln17987', ./dut.cpp:17987) [300]  (0.122 ns)
	'and' operation ('and_ln17987_2', ./dut.cpp:17987) [305]  (0.122 ns)
	'or' operation ('or_ln17993', ./dut.cpp:17993) [307]  (0.122 ns)
	'select' operation ('select_ln17993', ./dut.cpp:17993) [308]  (0.293 ns)
	'add' operation ('add_ln691_1249') [313]  (0.706 ns)
	'select' operation ('select_ln17994_2', ./dut.cpp:17994) [324]  (0.351 ns)

 <State 10>: 1.2ns
The critical path consists of the following:
	'getelementptr' operation ('local_C_ping_V_addr_18', ./dut.cpp:17920) [159]  (0 ns)
	'load' operation ('in_data.V', ./dut.cpp:17920) on array 'local_C_ping.V', ./dut.cpp:17855 [161]  (1.2 ns)

 <State 11>: 1.2ns
The critical path consists of the following:
	'load' operation ('in_data.V', ./dut.cpp:17920) on array 'local_C_ping.V', ./dut.cpp:17855 [161]  (1.2 ns)

 <State 12>: 1.77ns
The critical path consists of the following:
	'phi' operation ('n.V') with incoming values : ('add_ln691_1255') [165]  (0 ns)
	'icmp' operation ('icmp_ln878_19') [175]  (0.343 ns)
	'select' operation ('select_ln17924_1', ./dut.cpp:17924) [177]  (0.578 ns)
	'select' operation ('data_split.V[1]', ./dut.cpp:17932) [183]  (0.426 ns)
	'select' operation ('select_ln17936', ./dut.cpp:17936) [190]  (0.426 ns)

 <State 13>: 1.22ns
The critical path consists of the following:
	fifo write on port 'fifo_C_PE_0_3_x1116' (/home/rcslfpgaserver/Softwares/Xilinx/Vitis_HLS/2020.2/common/technology/autopilot/hls_stream_39.h:174) [191]  (1.22 ns)

 <State 14>: 1.04ns
The critical path consists of the following:
	'add' operation ('add_ln890_259') [201]  (0.735 ns)
	'select' operation ('select_ln890_456') [202]  (0.301 ns)

 <State 15>: 0.741ns
The critical path consists of the following:
	'phi' operation ('c3') with incoming values : ('c3', ./dut.cpp:17946) [209]  (0 ns)
	'icmp' operation ('icmp_ln17951', ./dut.cpp:17951) [219]  (0.656 ns)
	blocking operation 0.0845 ns on control path)

 <State 16>: 0.708ns
The critical path consists of the following:
	'add' operation ('c3', ./dut.cpp:17946) [280]  (0.708 ns)

 <State 17>: 0.707ns
The critical path consists of the following:
	'phi' operation ('c5.V') with incoming values : ('add_ln691_1259') [233]  (0 ns)
	'add' operation ('add_ln691_1259') [234]  (0.707 ns)

 <State 18>: 2.43ns
The critical path consists of the following:
	fifo read on port 'fifo_C_C_IO_L2_in_3_x120' (/home/rcslfpgaserver/Softwares/Xilinx/Vitis_HLS/2020.2/common/technology/autopilot/hls_stream_39.h:145) [240]  (1.22 ns)
	fifo write on port 'fifo_C_C_IO_L2_in_4_x121' (/home/rcslfpgaserver/Softwares/Xilinx/Vitis_HLS/2020.2/common/technology/autopilot/hls_stream_39.h:174) [241]  (1.22 ns)

 <State 19>: 0.707ns
The critical path consists of the following:
	'phi' operation ('c5.V') with incoming values : ('add_ln691_1257') [261]  (0 ns)
	'add' operation ('add_ln691_1257') [262]  (0.707 ns)

 <State 20>: 2.42ns
The critical path consists of the following:
	fifo read on port 'fifo_C_C_IO_L2_in_3_x120' (/home/rcslfpgaserver/Softwares/Xilinx/Vitis_HLS/2020.2/common/technology/autopilot/hls_stream_39.h:145) [272]  (1.22 ns)
	'store' operation ('store_ln17961', ./dut.cpp:17961) of variable 'tmp', /home/rcslfpgaserver/Softwares/Xilinx/Vitis_HLS/2020.2/common/technology/autopilot/hls_stream_39.h:145 on array 'local_C_ping.V', ./dut.cpp:17855 [273]  (1.2 ns)

 <State 21>: 1.2ns
The critical path consists of the following:
	'getelementptr' operation ('local_C_pong_V_addr_9', ./dut.cpp:17994) [326]  (0 ns)
	'load' operation ('in_data.V', ./dut.cpp:17994) on array 'local_C_pong.V', ./dut.cpp:17856 [328]  (1.2 ns)

 <State 22>: 1.2ns
The critical path consists of the following:
	'load' operation ('in_data.V', ./dut.cpp:17994) on array 'local_C_pong.V', ./dut.cpp:17856 [328]  (1.2 ns)

 <State 23>: 1.77ns
The critical path consists of the following:
	'phi' operation ('n.V') with incoming values : ('add_ln691_1253') [332]  (0 ns)
	'icmp' operation ('icmp_ln878') [342]  (0.343 ns)
	'select' operation ('select_ln17998_1', ./dut.cpp:17998) [344]  (0.578 ns)
	'select' operation ('data_split.V[1]', ./dut.cpp:18006) [350]  (0.426 ns)
	'select' operation ('select_ln18010', ./dut.cpp:18010) [357]  (0.426 ns)

 <State 24>: 1.22ns
The critical path consists of the following:
	fifo write on port 'fifo_C_PE_0_3_x1116' (/home/rcslfpgaserver/Softwares/Xilinx/Vitis_HLS/2020.2/common/technology/autopilot/hls_stream_39.h:174) [358]  (1.22 ns)

 <State 25>: 1.04ns
The critical path consists of the following:
	'add' operation ('add_ln890_257') [368]  (0.735 ns)
	'select' operation ('select_ln890_454') [369]  (0.301 ns)

 <State 26>: 2.33ns
The critical path consists of the following:
	'phi' operation ('indvar_flatten195') with incoming values : ('select_ln890_450') [384]  (0 ns)
	'icmp' operation ('icmp_ln890_1300') [395]  (0.617 ns)
	'xor' operation ('xor_ln18031', ./dut.cpp:18031) [396]  (0.122 ns)
	'and' operation ('and_ln18031_2', ./dut.cpp:18031) [401]  (0.122 ns)
	'or' operation ('or_ln18037', ./dut.cpp:18037) [403]  (0.122 ns)
	'select' operation ('select_ln18037', ./dut.cpp:18037) [404]  (0.293 ns)
	'add' operation ('add_ln691') [409]  (0.706 ns)
	'select' operation ('select_ln18038_2', ./dut.cpp:18038) [420]  (0.351 ns)

 <State 27>: 1.2ns
The critical path consists of the following:
	'getelementptr' operation ('local_C_ping_V_addr', ./dut.cpp:18038) [422]  (0 ns)
	'load' operation ('in_data.V', ./dut.cpp:18038) on array 'local_C_ping.V', ./dut.cpp:17855 [424]  (1.2 ns)

 <State 28>: 1.2ns
The critical path consists of the following:
	'load' operation ('in_data.V', ./dut.cpp:18038) on array 'local_C_ping.V', ./dut.cpp:17855 [424]  (1.2 ns)

 <State 29>: 1.77ns
The critical path consists of the following:
	'phi' operation ('n.V') with incoming values : ('add_ln691_1248') [428]  (0 ns)
	'icmp' operation ('icmp_ln878305') [438]  (0.343 ns)
	'select' operation ('select_ln18042_1', ./dut.cpp:18042) [440]  (0.578 ns)
	'select' operation ('data_split.V[1]', ./dut.cpp:18050) [446]  (0.426 ns)
	'select' operation ('select_ln18054', ./dut.cpp:18054) [453]  (0.426 ns)

 <State 30>: 1.22ns
The critical path consists of the following:
	fifo write on port 'fifo_C_PE_0_3_x1116' (/home/rcslfpgaserver/Softwares/Xilinx/Vitis_HLS/2020.2/common/technology/autopilot/hls_stream_39.h:174) [454]  (1.22 ns)

 <State 31>: 1.04ns
The critical path consists of the following:
	'add' operation ('add_ln890_253') [464]  (0.735 ns)
	'select' operation ('select_ln890_450') [465]  (0.301 ns)


============================================================
+ Verbose Summary: Binding
============================================================
N/A
* FSMD analyzer results:
  - Output states:
 - Input state : 
  - Chain level:
	State 1
	State 2
	State 3
	State 4
	State 5
	State 6
	State 7
	State 8
	State 9
	State 10
	State 11
	State 12
	State 13
	State 14
	State 15
	State 16
	State 17
	State 18
	State 19
	State 20
	State 21
	State 22
	State 23
	State 24
	State 25
	State 26
	State 27
	State 28
	State 29
	State 30
	State 31


============================================================
+ Verbose Summary: Datapath Resource usage 
============================================================
N/A
