

================================================================
== Vitis HLS Report for 'B_IO_L2_in_2_x1'
================================================================
* Date:           Fri Sep 16 02:33:43 2022

* Version:        2020.2 (Build 3064766 on Wed Nov 18 09:12:47 MST 2020)
* Project:        top
* Solution:       solution (Vitis Kernel Flow Target)
* Product family: virtexuplus
* Target device:  xcu250-figd2104-2L-e


================================================================
== Performance Estimates
================================================================
+ Timing: 
    * Summary: 
    +--------+---------+----------+------------+
    |  Clock |  Target | Estimated| Uncertainty|
    +--------+---------+----------+------------+
    |ap_clk  |  3.33 ns|  2.433 ns|     0.90 ns|
    +--------+---------+----------+------------+

+ Latency: 
    * Summary: 
    +---------+---------+----------+----------+--------+---------+---------+
    |  Latency (cycles) |  Latency (absolute) |     Interval     | Pipeline|
    |   min   |   max   |    min   |    max   |   min  |   max   |   Type  |
    +---------+---------+----------+----------+--------+---------+---------+
    |   959098|  1679994|  3.197 ms|  5.599 ms|  959098|  1679994|     none|
    +---------+---------+----------+----------+--------+---------+---------+

    + Detail: 
        * Instance: 
        N/A

        * Loop: 
        +----------------------------------+---------+---------+----------------+-----------+-----------+------+----------+
        |                                  |  Latency (cycles) |    Iteration   |  Initiation Interval  | Trip |          |
        |             Loop Name            |   min   |   max   |     Latency    |  achieved |   target  | Count| Pipelined|
        +----------------------------------+---------+---------+----------------+-----------+-----------+------+----------+
        |- B_IO_L2_in_2_x1_loop_1          |   959008|  1679904|  59938 ~ 104994|          -|          -|    16|        no|
        | + B_IO_L2_in_2_x1_loop_2         |    59936|   104992|     3746 ~ 6562|          -|          -|    16|        no|
        |  ++ B_IO_L2_in_2_x1_loop_3       |     3744|     6560|       117 ~ 205|          -|          -|    32|        no|
        |   +++ B_IO_L2_in_2_x1_loop_4     |      114|      114|              19|          -|          -|     6|        no|
        |    ++++ B_IO_L2_in_2_x1_loop_5   |       17|       17|               2|          -|          -|     8|        no|
        |    ++++ B_IO_L2_in_2_x1_loop_6   |       16|       16|               2|          -|          -|     8|        no|
        |   +++ B_IO_L2_in_2_x1_loop_7     |       88|       88|              11|          -|          -|     8|        no|
        |    ++++ B_IO_L2_in_2_x1_loop_8   |        8|        8|               1|          -|          -|     8|        no|
        |   +++ B_IO_L2_in_2_x1_loop_9     |      114|      114|              19|          -|          -|     6|        no|
        |    ++++ B_IO_L2_in_2_x1_loop_10  |       17|       17|               2|          -|          -|     8|        no|
        |    ++++ B_IO_L2_in_2_x1_loop_11  |       16|       16|               2|          -|          -|     8|        no|
        |   +++ B_IO_L2_in_2_x1_loop_12    |       88|       88|              11|          -|          -|     8|        no|
        |    ++++ B_IO_L2_in_2_x1_loop_13  |        8|        8|               1|          -|          -|     8|        no|
        |- B_IO_L2_in_2_x1_loop_14         |       88|       88|              11|          -|          -|     8|        no|
        | + B_IO_L2_in_2_x1_loop_15        |        8|        8|               1|          -|          -|     8|        no|
        +----------------------------------+---------+---------+----------------+-----------+-----------+------+----------+

============================================================
+ Verbose Summary: Synthesis Manager
============================================================
InlineROM: 1
ExposeGlobal: 0
============================================================
+ Verbose Summary: CDFG Model
============================================================
IsTopModel: 0
ResetActiveHigh: 1
IsCombinational: 2
IsDatapathOnly: 0
HasWiredReturn: 1
HasMFsm: 0
HasVarLatency: 1
IsPipeline: 0
IsRtlPipelined: 0
IsInstanceOverlapped: 0
IsDontTouch: 0
HasImplIP: 0
IsGatedGlobalClock: 0


============================================================
+ Verbose Summary: Schedule
============================================================
* Number of FSM states : 22
* Pipeline : 0
* Dataflow Pipeline: 0

* FSM state transitions: 
1 --> 2 
2 --> 3 20 
3 --> 4 2 
4 --> 5 13 3 
5 --> 6 8 10 
6 --> 7 9 
7 --> 6 
8 --> 9 
9 --> 8 5 
10 --> 11 18 4 
11 --> 12 
12 --> 12 10 
13 --> 14 16 10 
14 --> 15 17 
15 --> 14 
16 --> 17 
17 --> 16 13 
18 --> 19 
19 --> 19 10 
20 --> 21 
21 --> 22 
22 --> 22 20 

* FSM state operations: 

State 1 <SV = 0> <Delay = 0.74>
ST_1 : Operation 23 [1/1] (0.00ns)   --->   "%specmemcore_ln0 = specmemcore void @_ssdm_op_SpecMemCore, i512 %fifo_B_PE_0_2_x1110, i64 666, i64 10, i64 18446744073709551615"   --->   Operation 23 'specmemcore' 'specmemcore_ln0' <Predicate = true> <Delay = 0.00>
ST_1 : Operation 24 [1/1] (0.00ns)   --->   "%specmemcore_ln0 = specmemcore void @_ssdm_op_SpecMemCore, i512 %fifo_B_B_IO_L2_in_3_x115, i64 666, i64 10, i64 18446744073709551615"   --->   Operation 24 'specmemcore' 'specmemcore_ln0' <Predicate = true> <Delay = 0.00>
ST_1 : Operation 25 [1/1] (0.00ns)   --->   "%specmemcore_ln0 = specmemcore void @_ssdm_op_SpecMemCore, i512 %fifo_B_B_IO_L2_in_2_x114, i64 666, i64 10, i64 18446744073709551615"   --->   Operation 25 'specmemcore' 'specmemcore_ln0' <Predicate = true> <Delay = 0.00>
ST_1 : Operation 26 [1/1] (0.00ns)   --->   "%specinterface_ln0 = specinterface void @_ssdm_op_SpecInterface, i512 %fifo_B_PE_0_2_x1110, void @empty_161, i32 0, i32 0, void @empty_2404, i32 0, i32 0, void @empty_2404, void @empty_2404, void @empty_2404, i32 0, i32 0, i32 0, i32 0, void @empty_2404, void @empty_2404"   --->   Operation 26 'specinterface' 'specinterface_ln0' <Predicate = true> <Delay = 0.00>
ST_1 : Operation 27 [1/1] (0.00ns)   --->   "%specinterface_ln0 = specinterface void @_ssdm_op_SpecInterface, i512 %fifo_B_B_IO_L2_in_3_x115, void @empty_161, i32 0, i32 0, void @empty_2404, i32 0, i32 0, void @empty_2404, void @empty_2404, void @empty_2404, i32 0, i32 0, i32 0, i32 0, void @empty_2404, void @empty_2404"   --->   Operation 27 'specinterface' 'specinterface_ln0' <Predicate = true> <Delay = 0.00>
ST_1 : Operation 28 [1/1] (0.00ns)   --->   "%specinterface_ln0 = specinterface void @_ssdm_op_SpecInterface, i512 %fifo_B_B_IO_L2_in_2_x114, void @empty_161, i32 0, i32 0, void @empty_2404, i32 0, i32 0, void @empty_2404, void @empty_2404, void @empty_2404, i32 0, i32 0, i32 0, i32 0, void @empty_2404, void @empty_2404"   --->   Operation 28 'specinterface' 'specinterface_ln0' <Predicate = true> <Delay = 0.00>
ST_1 : Operation 29 [1/1] (0.74ns)   --->   "%local_B_ping_V_0 = alloca i64 1" [./dut.cpp:21951]   --->   Operation 29 'alloca' 'local_B_ping_V_0' <Predicate = true> <Delay = 0.74> <CoreInst = "RAM">   --->   Core 83 'RAM' <Latency = 1> <II = 1> <Delay = 0.74> <Storage> <Opcode : 'load' 'store'> <Ports = 2> <Width = 512> <Depth = 8> <RAM>
ST_1 : Operation 30 [1/1] (0.74ns)   --->   "%local_B_pong_V_0 = alloca i64 1" [./dut.cpp:21953]   --->   Operation 30 'alloca' 'local_B_pong_V_0' <Predicate = true> <Delay = 0.74> <CoreInst = "RAM">   --->   Core 83 'RAM' <Latency = 1> <II = 1> <Delay = 0.74> <Storage> <Opcode : 'load' 'store'> <Ports = 2> <Width = 512> <Depth = 8> <RAM>
ST_1 : Operation 31 [1/1] (0.38ns)   --->   "%br_ln21964 = br void" [./dut.cpp:21964]   --->   Operation 31 'br' 'br_ln21964' <Predicate = true> <Delay = 0.38>

State 2 <SV = 1> <Delay = 0.70>
ST_2 : Operation 32 [1/1] (0.00ns)   --->   "%c0_V = phi i5 %add_ln691, void, i5 0, void"   --->   Operation 32 'phi' 'c0_V' <Predicate = true> <Delay = 0.00>
ST_2 : Operation 33 [1/1] (0.00ns)   --->   "%intra_trans_en = phi i1 1, void, i1 0, void"   --->   Operation 33 'phi' 'intra_trans_en' <Predicate = true> <Delay = 0.00>
ST_2 : Operation 34 [1/1] (0.70ns)   --->   "%add_ln691 = add i5 %c0_V, i5 1"   --->   Operation 34 'add' 'add_ln691' <Predicate = true> <Delay = 0.70> <CoreInst = "Adder">   --->   Core 1 'Adder' <Latency = 0> <II = 1> <Delay = 0.70> <FuncUnit> <Opcode : 'add' 'sub'> <InPorts = 2> <OutPorts = 1>
ST_2 : Operation 35 [1/1] (0.63ns)   --->   "%icmp_ln890 = icmp_eq  i5 %c0_V, i5 16"   --->   Operation 35 'icmp' 'icmp_ln890' <Predicate = true> <Delay = 0.63> <CoreInst = "Cmp">   --->   Core 9 'Cmp' <Latency = 0> <II = 1> <Delay = 0.65> <FuncUnit> <Opcode : 'icmp'> <InPorts = 2> <OutPorts = 1>
ST_2 : Operation 36 [1/1] (0.00ns)   --->   "%speclooptripcount_ln0 = speclooptripcount void @_ssdm_op_SpecLoopTripCount, i64 16, i64 16, i64 16"   --->   Operation 36 'speclooptripcount' 'speclooptripcount_ln0' <Predicate = true> <Delay = 0.00>
ST_2 : Operation 37 [1/1] (0.00ns)   --->   "%br_ln21964 = br i1 %icmp_ln890, void %.split36, void %.preheader.preheader" [./dut.cpp:21964]   --->   Operation 37 'br' 'br_ln21964' <Predicate = true> <Delay = 0.00>
ST_2 : Operation 38 [1/1] (0.00ns)   --->   "%specloopname_ln21964 = specloopname void @_ssdm_op_SpecLoopName, void @empty_1636" [./dut.cpp:21964]   --->   Operation 38 'specloopname' 'specloopname_ln21964' <Predicate = (!icmp_ln890)> <Delay = 0.00>
ST_2 : Operation 39 [1/1] (0.38ns)   --->   "%br_ln21965 = br void" [./dut.cpp:21965]   --->   Operation 39 'br' 'br_ln21965' <Predicate = (!icmp_ln890)> <Delay = 0.38>
ST_2 : Operation 40 [1/1] (0.38ns)   --->   "%br_ln890 = br void %.preheader"   --->   Operation 40 'br' 'br_ln890' <Predicate = (icmp_ln890)> <Delay = 0.38>

State 3 <SV = 2> <Delay = 0.70>
ST_3 : Operation 41 [1/1] (0.00ns)   --->   "%c1_V = phi i5 %add_ln691_2065, void, i5 0, void %.split36"   --->   Operation 41 'phi' 'c1_V' <Predicate = true> <Delay = 0.00>
ST_3 : Operation 42 [1/1] (0.00ns)   --->   "%intra_trans_en_21 = phi i1 1, void, i1 %intra_trans_en, void %.split36"   --->   Operation 42 'phi' 'intra_trans_en_21' <Predicate = true> <Delay = 0.00>
ST_3 : Operation 43 [1/1] (0.70ns)   --->   "%add_ln691_2065 = add i5 %c1_V, i5 1"   --->   Operation 43 'add' 'add_ln691_2065' <Predicate = true> <Delay = 0.70> <CoreInst = "Adder">   --->   Core 1 'Adder' <Latency = 0> <II = 1> <Delay = 0.70> <FuncUnit> <Opcode : 'add' 'sub'> <InPorts = 2> <OutPorts = 1>
ST_3 : Operation 44 [1/1] (0.63ns)   --->   "%icmp_ln890_1680 = icmp_eq  i5 %c1_V, i5 16"   --->   Operation 44 'icmp' 'icmp_ln890_1680' <Predicate = true> <Delay = 0.63> <CoreInst = "Cmp">   --->   Core 9 'Cmp' <Latency = 0> <II = 1> <Delay = 0.65> <FuncUnit> <Opcode : 'icmp'> <InPorts = 2> <OutPorts = 1>
ST_3 : Operation 45 [1/1] (0.00ns)   --->   "%speclooptripcount_ln0 = speclooptripcount void @_ssdm_op_SpecLoopTripCount, i64 16, i64 16, i64 16"   --->   Operation 45 'speclooptripcount' 'speclooptripcount_ln0' <Predicate = true> <Delay = 0.00>
ST_3 : Operation 46 [1/1] (0.00ns)   --->   "%br_ln21965 = br i1 %icmp_ln890_1680, void %.split34, void" [./dut.cpp:21965]   --->   Operation 46 'br' 'br_ln21965' <Predicate = true> <Delay = 0.00>
ST_3 : Operation 47 [1/1] (0.00ns)   --->   "%specloopname_ln21965 = specloopname void @_ssdm_op_SpecLoopName, void @empty_1635" [./dut.cpp:21965]   --->   Operation 47 'specloopname' 'specloopname_ln21965' <Predicate = (!icmp_ln890_1680)> <Delay = 0.00>
ST_3 : Operation 48 [1/1] (0.38ns)   --->   "%br_ln21966 = br void" [./dut.cpp:21966]   --->   Operation 48 'br' 'br_ln21966' <Predicate = (!icmp_ln890_1680)> <Delay = 0.38>
ST_3 : Operation 49 [1/1] (0.00ns)   --->   "%br_ln0 = br void"   --->   Operation 49 'br' 'br_ln0' <Predicate = (icmp_ln890_1680)> <Delay = 0.00>

State 4 <SV = 3> <Delay = 0.70>
ST_4 : Operation 50 [1/1] (0.00ns)   --->   "%c2_V = phi i6 0, void %.split34, i6 %add_ln691_2070, void %.loopexit436"   --->   Operation 50 'phi' 'c2_V' <Predicate = true> <Delay = 0.00>
ST_4 : Operation 51 [1/1] (0.00ns)   --->   "%intra_trans_en_22 = phi i1 %intra_trans_en_21, void %.split34, i1 1, void %.loopexit436"   --->   Operation 51 'phi' 'intra_trans_en_22' <Predicate = true> <Delay = 0.00>
ST_4 : Operation 52 [1/1] (0.00ns)   --->   "%arb_11 = phi i1 0, void %.split34, i1 %arb, void %.loopexit436"   --->   Operation 52 'phi' 'arb_11' <Predicate = true> <Delay = 0.00>
ST_4 : Operation 53 [1/1] (0.70ns)   --->   "%add_ln691_2070 = add i6 %c2_V, i6 1"   --->   Operation 53 'add' 'add_ln691_2070' <Predicate = true> <Delay = 0.70> <CoreInst = "Adder">   --->   Core 1 'Adder' <Latency = 0> <II = 1> <Delay = 0.70> <FuncUnit> <Opcode : 'add' 'sub'> <InPorts = 2> <OutPorts = 1>
ST_4 : Operation 54 [1/1] (0.61ns)   --->   "%icmp_ln890_1682 = icmp_eq  i6 %c2_V, i6 32"   --->   Operation 54 'icmp' 'icmp_ln890_1682' <Predicate = true> <Delay = 0.61> <CoreInst = "Cmp">   --->   Core 9 'Cmp' <Latency = 0> <II = 1> <Delay = 0.65> <FuncUnit> <Opcode : 'icmp'> <InPorts = 2> <OutPorts = 1>
ST_4 : Operation 55 [1/1] (0.00ns)   --->   "%speclooptripcount_ln0 = speclooptripcount void @_ssdm_op_SpecLoopTripCount, i64 32, i64 32, i64 32"   --->   Operation 55 'speclooptripcount' 'speclooptripcount_ln0' <Predicate = true> <Delay = 0.00>
ST_4 : Operation 56 [1/1] (0.00ns)   --->   "%br_ln21966 = br i1 %icmp_ln890_1682, void %.split32, void" [./dut.cpp:21966]   --->   Operation 56 'br' 'br_ln21966' <Predicate = true> <Delay = 0.00>
ST_4 : Operation 57 [1/1] (0.00ns)   --->   "%specloopname_ln21966 = specloopname void @_ssdm_op_SpecLoopName, void @empty_1567" [./dut.cpp:21966]   --->   Operation 57 'specloopname' 'specloopname_ln21966' <Predicate = (!icmp_ln890_1682)> <Delay = 0.00>
ST_4 : Operation 58 [1/1] (0.00ns)   --->   "%br_ln21970 = br i1 %arb_11, void %.preheader11.preheader, void %.preheader5.preheader" [./dut.cpp:21970]   --->   Operation 58 'br' 'br_ln21970' <Predicate = (!icmp_ln890_1682)> <Delay = 0.00>
ST_4 : Operation 59 [1/1] (0.38ns)   --->   "%br_ln890 = br void %.preheader11"   --->   Operation 59 'br' 'br_ln890' <Predicate = (!icmp_ln890_1682 & !arb_11)> <Delay = 0.38>
ST_4 : Operation 60 [1/1] (0.38ns)   --->   "%br_ln890 = br void %.preheader5"   --->   Operation 60 'br' 'br_ln890' <Predicate = (!icmp_ln890_1682 & arb_11)> <Delay = 0.38>
ST_4 : Operation 61 [1/1] (0.00ns)   --->   "%br_ln0 = br void"   --->   Operation 61 'br' 'br_ln0' <Predicate = (icmp_ln890_1682)> <Delay = 0.00>

State 5 <SV = 4> <Delay = 0.77>
ST_5 : Operation 62 [1/1] (0.00ns)   --->   "%c3_V_9 = phi i4 %add_ln691_2072, void %.loopexit432, i4 2, void %.preheader11.preheader"   --->   Operation 62 'phi' 'c3_V_9' <Predicate = true> <Delay = 0.00>
ST_5 : Operation 63 [1/1] (0.65ns)   --->   "%icmp_ln890_1684 = icmp_eq  i4 %c3_V_9, i4 8"   --->   Operation 63 'icmp' 'icmp_ln890_1684' <Predicate = true> <Delay = 0.65> <CoreInst = "Cmp">   --->   Core 9 'Cmp' <Latency = 0> <II = 1> <Delay = 0.65> <FuncUnit> <Opcode : 'icmp'> <InPorts = 2> <OutPorts = 1>
ST_5 : Operation 64 [1/1] (0.00ns)   --->   "%speclooptripcount_ln0 = speclooptripcount void @_ssdm_op_SpecLoopTripCount, i64 6, i64 6, i64 6"   --->   Operation 64 'speclooptripcount' 'speclooptripcount_ln0' <Predicate = true> <Delay = 0.00>
ST_5 : Operation 65 [1/1] (0.00ns)   --->   "%br_ln21971 = br i1 %icmp_ln890_1684, void %.split26, void" [./dut.cpp:21971]   --->   Operation 65 'br' 'br_ln21971' <Predicate = true> <Delay = 0.00>
ST_5 : Operation 66 [1/1] (0.00ns)   --->   "%specloopname_ln1616 = specloopname void @_ssdm_op_SpecLoopName, void @empty_1877"   --->   Operation 66 'specloopname' 'specloopname_ln1616' <Predicate = (!icmp_ln890_1684)> <Delay = 0.00>
ST_5 : Operation 67 [1/1] (0.65ns)   --->   "%icmp_ln870_9 = icmp_eq  i4 %c3_V_9, i4 2"   --->   Operation 67 'icmp' 'icmp_ln870_9' <Predicate = (!icmp_ln890_1684)> <Delay = 0.65> <CoreInst = "Cmp">   --->   Core 9 'Cmp' <Latency = 0> <II = 1> <Delay = 0.65> <FuncUnit> <Opcode : 'icmp'> <InPorts = 2> <OutPorts = 1>
ST_5 : Operation 68 [1/1] (0.00ns)   --->   "%br_ln21974 = br i1 %icmp_ln870_9, void %.preheader8.preheader, void %.preheader9.preheader" [./dut.cpp:21974]   --->   Operation 68 'br' 'br_ln21974' <Predicate = (!icmp_ln890_1684)> <Delay = 0.00>
ST_5 : Operation 69 [1/1] (0.38ns)   --->   "%br_ln890 = br void %.preheader8"   --->   Operation 69 'br' 'br_ln890' <Predicate = (!icmp_ln890_1684 & !icmp_ln870_9)> <Delay = 0.38>
ST_5 : Operation 70 [1/1] (0.38ns)   --->   "%br_ln890 = br void %.preheader9"   --->   Operation 70 'br' 'br_ln890' <Predicate = (!icmp_ln890_1684 & icmp_ln870_9)> <Delay = 0.38>
ST_5 : Operation 71 [1/1] (0.00ns)   --->   "%br_ln21998 = br i1 %intra_trans_en_22, void %.loopexit436, void %.preheader6.preheader" [./dut.cpp:21998]   --->   Operation 71 'br' 'br_ln21998' <Predicate = (icmp_ln890_1684)> <Delay = 0.00>
ST_5 : Operation 72 [1/1] (0.38ns)   --->   "%br_ln890 = br void %.preheader6"   --->   Operation 72 'br' 'br_ln890' <Predicate = (icmp_ln890_1684 & intra_trans_en_22)> <Delay = 0.38>

State 6 <SV = 5> <Delay = 0.70>
ST_6 : Operation 73 [1/1] (0.00ns)   --->   "%c4_V_43 = phi i4 %add_ln691_2069, void %.split22, i4 0, void %.preheader8.preheader"   --->   Operation 73 'phi' 'c4_V_43' <Predicate = true> <Delay = 0.00>
ST_6 : Operation 74 [1/1] (0.70ns)   --->   "%add_ln691_2069 = add i4 %c4_V_43, i4 1"   --->   Operation 74 'add' 'add_ln691_2069' <Predicate = true> <Delay = 0.70> <CoreInst = "Adder">   --->   Core 1 'Adder' <Latency = 0> <II = 1> <Delay = 0.70> <FuncUnit> <Opcode : 'add' 'sub'> <InPorts = 2> <OutPorts = 1>
ST_6 : Operation 75 [1/1] (0.65ns)   --->   "%icmp_ln890_1690 = icmp_eq  i4 %c4_V_43, i4 8"   --->   Operation 75 'icmp' 'icmp_ln890_1690' <Predicate = true> <Delay = 0.65> <CoreInst = "Cmp">   --->   Core 9 'Cmp' <Latency = 0> <II = 1> <Delay = 0.65> <FuncUnit> <Opcode : 'icmp'> <InPorts = 2> <OutPorts = 1>
ST_6 : Operation 76 [1/1] (0.00ns)   --->   "%speclooptripcount_ln0 = speclooptripcount void @_ssdm_op_SpecLoopTripCount, i64 8, i64 8, i64 8"   --->   Operation 76 'speclooptripcount' 'speclooptripcount_ln0' <Predicate = true> <Delay = 0.00>
ST_6 : Operation 77 [1/1] (0.00ns)   --->   "%br_ln21986 = br i1 %icmp_ln890_1690, void %.split22, void %.loopexit432.loopexit" [./dut.cpp:21986]   --->   Operation 77 'br' 'br_ln21986' <Predicate = true> <Delay = 0.00>
ST_6 : Operation 78 [1/1] (0.00ns)   --->   "%br_ln0 = br void %.loopexit432"   --->   Operation 78 'br' 'br_ln0' <Predicate = (icmp_ln890_1690)> <Delay = 0.00>

State 7 <SV = 6> <Delay = 2.43>
ST_7 : Operation 79 [1/1] (0.00ns)   --->   "%specloopname_ln21986 = specloopname void @_ssdm_op_SpecLoopName, void @empty_1584" [./dut.cpp:21986]   --->   Operation 79 'specloopname' 'specloopname_ln21986' <Predicate = true> <Delay = 0.00>
ST_7 : Operation 80 [1/1] (1.21ns)   --->   "%tmp_285 = read i512 @_ssdm_op_Read.ap_fifo.volatile.i512P0A, i512 %fifo_B_B_IO_L2_in_2_x114" [/home/rcslfpgaserver/Softwares/Xilinx/Vitis_HLS/2020.2/common/technology/autopilot/hls_stream_39.h:145]   --->   Operation 80 'read' 'tmp_285' <Predicate = true> <Delay = 1.21> <CoreInst = "FIFO_SRL">   --->   Core 81 'FIFO_SRL' <Latency = 0> <II = 1> <Delay = 1.41> <Storage> <Opcode : 'read' 'write' 'nbread' 'nbwrite'> <Ports = 0> <Width = 512> <Depth = 2> <FIFO>
ST_7 : Operation 81 [1/1] (1.21ns)   --->   "%write_ln174 = write void @_ssdm_op_Write.ap_fifo.volatile.i512P0A, i512 %fifo_B_B_IO_L2_in_3_x115, i512 %tmp_285" [/home/rcslfpgaserver/Softwares/Xilinx/Vitis_HLS/2020.2/common/technology/autopilot/hls_stream_39.h:174]   --->   Operation 81 'write' 'write_ln174' <Predicate = true> <Delay = 1.21> <CoreInst = "FIFO_SRL">   --->   Core 81 'FIFO_SRL' <Latency = 0> <II = 1> <Delay = 1.41> <Storage> <Opcode : 'read' 'write' 'nbread' 'nbwrite'> <Ports = 0> <Width = 512> <Depth = 2> <FIFO>
ST_7 : Operation 82 [1/1] (0.00ns)   --->   "%br_ln0 = br void %.preheader8"   --->   Operation 82 'br' 'br_ln0' <Predicate = true> <Delay = 0.00>

State 8 <SV = 5> <Delay = 0.70>
ST_8 : Operation 83 [1/1] (0.00ns)   --->   "%c4_V_42 = phi i4 %add_ln691_2068, void %.split24, i4 0, void %.preheader9.preheader"   --->   Operation 83 'phi' 'c4_V_42' <Predicate = true> <Delay = 0.00>
ST_8 : Operation 84 [1/1] (0.70ns)   --->   "%add_ln691_2068 = add i4 %c4_V_42, i4 1"   --->   Operation 84 'add' 'add_ln691_2068' <Predicate = true> <Delay = 0.70> <CoreInst = "Adder">   --->   Core 1 'Adder' <Latency = 0> <II = 1> <Delay = 0.70> <FuncUnit> <Opcode : 'add' 'sub'> <InPorts = 2> <OutPorts = 1>
ST_8 : Operation 85 [1/1] (0.65ns)   --->   "%icmp_ln890_1689 = icmp_eq  i4 %c4_V_42, i4 8"   --->   Operation 85 'icmp' 'icmp_ln890_1689' <Predicate = true> <Delay = 0.65> <CoreInst = "Cmp">   --->   Core 9 'Cmp' <Latency = 0> <II = 1> <Delay = 0.65> <FuncUnit> <Opcode : 'icmp'> <InPorts = 2> <OutPorts = 1>

State 9 <SV = 6> <Delay = 1.96>
ST_9 : Operation 86 [1/1] (0.00ns)   --->   "%zext_ln890_300 = zext i4 %c4_V_42"   --->   Operation 86 'zext' 'zext_ln890_300' <Predicate = (icmp_ln870_9)> <Delay = 0.00>
ST_9 : Operation 87 [1/1] (0.00ns)   --->   "%speclooptripcount_ln0 = speclooptripcount void @_ssdm_op_SpecLoopTripCount, i64 8, i64 8, i64 8"   --->   Operation 87 'speclooptripcount' 'speclooptripcount_ln0' <Predicate = (icmp_ln870_9)> <Delay = 0.00>
ST_9 : Operation 88 [1/1] (0.00ns)   --->   "%br_ln21975 = br i1 %icmp_ln890_1689, void %.split24, void %.loopexit432.loopexit45" [./dut.cpp:21975]   --->   Operation 88 'br' 'br_ln21975' <Predicate = (icmp_ln870_9)> <Delay = 0.00>
ST_9 : Operation 89 [1/1] (0.00ns)   --->   "%specloopname_ln21975 = specloopname void @_ssdm_op_SpecLoopName, void @empty_1726" [./dut.cpp:21975]   --->   Operation 89 'specloopname' 'specloopname_ln21975' <Predicate = (icmp_ln870_9 & !icmp_ln890_1689)> <Delay = 0.00>
ST_9 : Operation 90 [1/1] (1.21ns)   --->   "%tmp = read i512 @_ssdm_op_Read.ap_fifo.volatile.i512P0A, i512 %fifo_B_B_IO_L2_in_2_x114" [/home/rcslfpgaserver/Softwares/Xilinx/Vitis_HLS/2020.2/common/technology/autopilot/hls_stream_39.h:145]   --->   Operation 90 'read' 'tmp' <Predicate = (icmp_ln870_9 & !icmp_ln890_1689)> <Delay = 1.21> <CoreInst = "FIFO_SRL">   --->   Core 81 'FIFO_SRL' <Latency = 0> <II = 1> <Delay = 1.41> <Storage> <Opcode : 'read' 'write' 'nbread' 'nbwrite'> <Ports = 0> <Width = 512> <Depth = 2> <FIFO>
ST_9 : Operation 91 [1/1] (0.00ns)   --->   "%local_B_pong_V_0_addr_11 = getelementptr i512 %local_B_pong_V_0, i64 0, i64 %zext_ln890_300" [./dut.cpp:21982]   --->   Operation 91 'getelementptr' 'local_B_pong_V_0_addr_11' <Predicate = (icmp_ln870_9 & !icmp_ln890_1689)> <Delay = 0.00>
ST_9 : Operation 92 [1/1] (0.74ns)   --->   "%store_ln21982 = store i512 %tmp, i3 %local_B_pong_V_0_addr_11" [./dut.cpp:21982]   --->   Operation 92 'store' 'store_ln21982' <Predicate = (icmp_ln870_9 & !icmp_ln890_1689)> <Delay = 0.74> <CoreInst = "RAM">   --->   Core 83 'RAM' <Latency = 1> <II = 1> <Delay = 0.74> <Storage> <Opcode : 'load' 'store'> <Ports = 2> <Width = 512> <Depth = 8> <RAM>
ST_9 : Operation 93 [1/1] (0.00ns)   --->   "%br_ln0 = br void %.preheader9"   --->   Operation 93 'br' 'br_ln0' <Predicate = (icmp_ln870_9 & !icmp_ln890_1689)> <Delay = 0.00>
ST_9 : Operation 94 [1/1] (0.00ns)   --->   "%br_ln0 = br void %.loopexit432"   --->   Operation 94 'br' 'br_ln0' <Predicate = (icmp_ln870_9 & icmp_ln890_1689)> <Delay = 0.00>
ST_9 : Operation 95 [1/1] (0.70ns)   --->   "%add_ln691_2072 = add i4 %c3_V_9, i4 1"   --->   Operation 95 'add' 'add_ln691_2072' <Predicate = (icmp_ln890_1689) | (!icmp_ln870_9)> <Delay = 0.70> <CoreInst = "Adder">   --->   Core 1 'Adder' <Latency = 0> <II = 1> <Delay = 0.70> <FuncUnit> <Opcode : 'add' 'sub'> <InPorts = 2> <OutPorts = 1>
ST_9 : Operation 96 [1/1] (0.00ns)   --->   "%br_ln0 = br void %.preheader11"   --->   Operation 96 'br' 'br_ln0' <Predicate = (icmp_ln890_1689) | (!icmp_ln870_9)> <Delay = 0.00>

State 10 <SV = 5> <Delay = 0.74>
ST_10 : Operation 97 [1/1] (0.00ns)   --->   "%c6_V_22 = phi i4 %add_ln691_2075, void, i4 0, void %.preheader6.preheader"   --->   Operation 97 'phi' 'c6_V_22' <Predicate = (!arb_11 & intra_trans_en_22)> <Delay = 0.00>
ST_10 : Operation 98 [1/1] (0.70ns)   --->   "%add_ln691_2075 = add i4 %c6_V_22, i4 1"   --->   Operation 98 'add' 'add_ln691_2075' <Predicate = (!arb_11 & intra_trans_en_22)> <Delay = 0.70> <CoreInst = "Adder">   --->   Core 1 'Adder' <Latency = 0> <II = 1> <Delay = 0.70> <FuncUnit> <Opcode : 'add' 'sub'> <InPorts = 2> <OutPorts = 1>
ST_10 : Operation 99 [1/1] (0.00ns)   --->   "%zext_ln890_299 = zext i4 %c6_V_22"   --->   Operation 99 'zext' 'zext_ln890_299' <Predicate = (!arb_11 & intra_trans_en_22)> <Delay = 0.00>
ST_10 : Operation 100 [1/1] (0.65ns)   --->   "%icmp_ln890_1688 = icmp_eq  i4 %c6_V_22, i4 8"   --->   Operation 100 'icmp' 'icmp_ln890_1688' <Predicate = (!arb_11 & intra_trans_en_22)> <Delay = 0.65> <CoreInst = "Cmp">   --->   Core 9 'Cmp' <Latency = 0> <II = 1> <Delay = 0.65> <FuncUnit> <Opcode : 'icmp'> <InPorts = 2> <OutPorts = 1>
ST_10 : Operation 101 [1/1] (0.00ns)   --->   "%speclooptripcount_ln0 = speclooptripcount void @_ssdm_op_SpecLoopTripCount, i64 8, i64 8, i64 8"   --->   Operation 101 'speclooptripcount' 'speclooptripcount_ln0' <Predicate = (!arb_11 & intra_trans_en_22)> <Delay = 0.00>
ST_10 : Operation 102 [1/1] (0.00ns)   --->   "%br_ln21999 = br i1 %icmp_ln890_1688, void %.split30, void %.loopexit436.loopexit44" [./dut.cpp:21999]   --->   Operation 102 'br' 'br_ln21999' <Predicate = (!arb_11 & intra_trans_en_22)> <Delay = 0.00>
ST_10 : Operation 103 [1/1] (0.00ns)   --->   "%local_B_ping_V_0_addr_22 = getelementptr i512 %local_B_ping_V_0, i64 0, i64 %zext_ln890_299"   --->   Operation 103 'getelementptr' 'local_B_ping_V_0_addr_22' <Predicate = (!arb_11 & intra_trans_en_22 & !icmp_ln890_1688)> <Delay = 0.00>
ST_10 : Operation 104 [2/2] (0.74ns)   --->   "%local_B_ping_V_0_load_11 = load i3 %local_B_ping_V_0_addr_22"   --->   Operation 104 'load' 'local_B_ping_V_0_load_11' <Predicate = (!arb_11 & intra_trans_en_22 & !icmp_ln890_1688)> <Delay = 0.74> <CoreInst = "RAM">   --->   Core 83 'RAM' <Latency = 1> <II = 1> <Delay = 0.74> <Storage> <Opcode : 'load' 'store'> <Ports = 2> <Width = 512> <Depth = 8> <RAM>
ST_10 : Operation 105 [1/1] (0.00ns)   --->   "%br_ln0 = br void %.loopexit436"   --->   Operation 105 'br' 'br_ln0' <Predicate = (!arb_11 & intra_trans_en_22 & icmp_ln890_1688)> <Delay = 0.00>
ST_10 : Operation 106 [1/1] (0.00ns)   --->   "%c6_V_21 = phi i4 %add_ln691_2073, void, i4 0, void %.preheader1.preheader"   --->   Operation 106 'phi' 'c6_V_21' <Predicate = (arb_11 & intra_trans_en_22)> <Delay = 0.00>
ST_10 : Operation 107 [1/1] (0.70ns)   --->   "%add_ln691_2073 = add i4 %c6_V_21, i4 1"   --->   Operation 107 'add' 'add_ln691_2073' <Predicate = (arb_11 & intra_trans_en_22)> <Delay = 0.70> <CoreInst = "Adder">   --->   Core 1 'Adder' <Latency = 0> <II = 1> <Delay = 0.70> <FuncUnit> <Opcode : 'add' 'sub'> <InPorts = 2> <OutPorts = 1>
ST_10 : Operation 108 [1/1] (0.00ns)   --->   "%zext_ln890_297 = zext i4 %c6_V_21"   --->   Operation 108 'zext' 'zext_ln890_297' <Predicate = (arb_11 & intra_trans_en_22)> <Delay = 0.00>
ST_10 : Operation 109 [1/1] (0.65ns)   --->   "%icmp_ln890_1685 = icmp_eq  i4 %c6_V_21, i4 8"   --->   Operation 109 'icmp' 'icmp_ln890_1685' <Predicate = (arb_11 & intra_trans_en_22)> <Delay = 0.65> <CoreInst = "Cmp">   --->   Core 9 'Cmp' <Latency = 0> <II = 1> <Delay = 0.65> <FuncUnit> <Opcode : 'icmp'> <InPorts = 2> <OutPorts = 1>
ST_10 : Operation 110 [1/1] (0.00ns)   --->   "%speclooptripcount_ln0 = speclooptripcount void @_ssdm_op_SpecLoopTripCount, i64 8, i64 8, i64 8"   --->   Operation 110 'speclooptripcount' 'speclooptripcount_ln0' <Predicate = (arb_11 & intra_trans_en_22)> <Delay = 0.00>
ST_10 : Operation 111 [1/1] (0.00ns)   --->   "%br_ln22042 = br i1 %icmp_ln890_1685, void %.split20, void %.loopexit436.loopexit" [./dut.cpp:22042]   --->   Operation 111 'br' 'br_ln22042' <Predicate = (arb_11 & intra_trans_en_22)> <Delay = 0.00>
ST_10 : Operation 112 [1/1] (0.00ns)   --->   "%local_B_pong_V_0_addr = getelementptr i512 %local_B_pong_V_0, i64 0, i64 %zext_ln890_297"   --->   Operation 112 'getelementptr' 'local_B_pong_V_0_addr' <Predicate = (arb_11 & intra_trans_en_22 & !icmp_ln890_1685)> <Delay = 0.00>
ST_10 : Operation 113 [2/2] (0.74ns)   --->   "%local_B_pong_V_0_load = load i3 %local_B_pong_V_0_addr"   --->   Operation 113 'load' 'local_B_pong_V_0_load' <Predicate = (arb_11 & intra_trans_en_22 & !icmp_ln890_1685)> <Delay = 0.74> <CoreInst = "RAM">   --->   Core 83 'RAM' <Latency = 1> <II = 1> <Delay = 0.74> <Storage> <Opcode : 'load' 'store'> <Ports = 2> <Width = 512> <Depth = 8> <RAM>
ST_10 : Operation 114 [1/1] (0.00ns)   --->   "%br_ln0 = br void %.loopexit436"   --->   Operation 114 'br' 'br_ln0' <Predicate = (arb_11 & intra_trans_en_22 & icmp_ln890_1685)> <Delay = 0.00>
ST_10 : Operation 115 [1/1] (0.12ns)   --->   "%arb = xor i1 %arb_11, i1 1" [./dut.cpp:22058]   --->   Operation 115 'xor' 'arb' <Predicate = (!intra_trans_en_22) | (arb_11 & icmp_ln890_1685) | (!arb_11 & icmp_ln890_1688)> <Delay = 0.12> <CoreInst = "LogicGate">   --->   Core 74 'LogicGate' <Latency = 0> <II = 1> <Delay = 0.12> <FuncUnit> <Opcode : 'and' 'or' 'xor'> <InPorts = 2> <OutPorts = 1>
ST_10 : Operation 116 [1/1] (0.00ns)   --->   "%br_ln0 = br void"   --->   Operation 116 'br' 'br_ln0' <Predicate = (!intra_trans_en_22) | (arb_11 & icmp_ln890_1685) | (!arb_11 & icmp_ln890_1688)> <Delay = 0.00>

State 11 <SV = 6> <Delay = 0.74>
ST_11 : Operation 117 [1/1] (0.00ns)   --->   "%specloopname_ln21999 = specloopname void @_ssdm_op_SpecLoopName, void @empty_1566" [./dut.cpp:21999]   --->   Operation 117 'specloopname' 'specloopname_ln21999' <Predicate = true> <Delay = 0.00>
ST_11 : Operation 118 [1/2] (0.74ns)   --->   "%local_B_ping_V_0_load_11 = load i3 %local_B_ping_V_0_addr_22"   --->   Operation 118 'load' 'local_B_ping_V_0_load_11' <Predicate = true> <Delay = 0.74> <CoreInst = "RAM">   --->   Core 83 'RAM' <Latency = 1> <II = 1> <Delay = 0.74> <Storage> <Opcode : 'load' 'store'> <Ports = 2> <Width = 512> <Depth = 8> <RAM>
ST_11 : Operation 119 [1/1] (0.38ns)   --->   "%br_ln22001 = br void" [./dut.cpp:22001]   --->   Operation 119 'br' 'br_ln22001' <Predicate = true> <Delay = 0.38>

State 12 <SV = 7> <Delay = 1.87>
ST_12 : Operation 120 [1/1] (0.00ns)   --->   "%c7_V_22 = phi i4 %add_ln691_2076, void %.split28, i4 0, void %.split30"   --->   Operation 120 'phi' 'c7_V_22' <Predicate = true> <Delay = 0.00>
ST_12 : Operation 121 [1/1] (0.70ns)   --->   "%add_ln691_2076 = add i4 %c7_V_22, i4 1"   --->   Operation 121 'add' 'add_ln691_2076' <Predicate = true> <Delay = 0.70> <CoreInst = "Adder">   --->   Core 1 'Adder' <Latency = 0> <II = 1> <Delay = 0.70> <FuncUnit> <Opcode : 'add' 'sub'> <InPorts = 2> <OutPorts = 1>
ST_12 : Operation 122 [1/1] (0.65ns)   --->   "%icmp_ln890_1692 = icmp_eq  i4 %c7_V_22, i4 8"   --->   Operation 122 'icmp' 'icmp_ln890_1692' <Predicate = true> <Delay = 0.65> <CoreInst = "Cmp">   --->   Core 9 'Cmp' <Latency = 0> <II = 1> <Delay = 0.65> <FuncUnit> <Opcode : 'icmp'> <InPorts = 2> <OutPorts = 1>
ST_12 : Operation 123 [1/1] (0.00ns)   --->   "%speclooptripcount_ln0 = speclooptripcount void @_ssdm_op_SpecLoopTripCount, i64 8, i64 8, i64 8"   --->   Operation 123 'speclooptripcount' 'speclooptripcount_ln0' <Predicate = true> <Delay = 0.00>
ST_12 : Operation 124 [1/1] (0.00ns)   --->   "%br_ln22001 = br i1 %icmp_ln890_1692, void %.split28, void" [./dut.cpp:22001]   --->   Operation 124 'br' 'br_ln22001' <Predicate = true> <Delay = 0.00>
ST_12 : Operation 125 [1/1] (0.00ns)   --->   "%specloopname_ln22001 = specloopname void @_ssdm_op_SpecLoopName, void @empty_2790" [./dut.cpp:22001]   --->   Operation 125 'specloopname' 'specloopname_ln22001' <Predicate = (!icmp_ln890_1692)> <Delay = 0.00>
ST_12 : Operation 126 [1/1] (1.21ns)   --->   "%write_ln174 = write void @_ssdm_op_Write.ap_fifo.volatile.i512P0A, i512 %fifo_B_PE_0_2_x1110, i512 %local_B_ping_V_0_load_11" [/home/rcslfpgaserver/Softwares/Xilinx/Vitis_HLS/2020.2/common/technology/autopilot/hls_stream_39.h:174]   --->   Operation 126 'write' 'write_ln174' <Predicate = (!icmp_ln890_1692)> <Delay = 1.21> <CoreInst = "FIFO_SRL">   --->   Core 81 'FIFO_SRL' <Latency = 0> <II = 1> <Delay = 1.41> <Storage> <Opcode : 'read' 'write' 'nbread' 'nbwrite'> <Ports = 0> <Width = 512> <Depth = 2> <FIFO>
ST_12 : Operation 127 [1/1] (0.00ns)   --->   "%br_ln0 = br void"   --->   Operation 127 'br' 'br_ln0' <Predicate = (!icmp_ln890_1692)> <Delay = 0.00>
ST_12 : Operation 128 [1/1] (0.00ns)   --->   "%br_ln0 = br void %.preheader6"   --->   Operation 128 'br' 'br_ln0' <Predicate = (icmp_ln890_1692)> <Delay = 0.00>

State 13 <SV = 4> <Delay = 0.77>
ST_13 : Operation 129 [1/1] (0.00ns)   --->   "%c3_V = phi i4 %add_ln691_2071, void %.loopexit434, i4 2, void %.preheader5.preheader"   --->   Operation 129 'phi' 'c3_V' <Predicate = true> <Delay = 0.00>
ST_13 : Operation 130 [1/1] (0.65ns)   --->   "%icmp_ln890_1683 = icmp_eq  i4 %c3_V, i4 8"   --->   Operation 130 'icmp' 'icmp_ln890_1683' <Predicate = true> <Delay = 0.65> <CoreInst = "Cmp">   --->   Core 9 'Cmp' <Latency = 0> <II = 1> <Delay = 0.65> <FuncUnit> <Opcode : 'icmp'> <InPorts = 2> <OutPorts = 1>
ST_13 : Operation 131 [1/1] (0.00ns)   --->   "%speclooptripcount_ln0 = speclooptripcount void @_ssdm_op_SpecLoopTripCount, i64 6, i64 6, i64 6"   --->   Operation 131 'speclooptripcount' 'speclooptripcount_ln0' <Predicate = true> <Delay = 0.00>
ST_13 : Operation 132 [1/1] (0.00ns)   --->   "%br_ln22014 = br i1 %icmp_ln890_1683, void %.split16, void" [./dut.cpp:22014]   --->   Operation 132 'br' 'br_ln22014' <Predicate = true> <Delay = 0.00>
ST_13 : Operation 133 [1/1] (0.00ns)   --->   "%specloopname_ln1616 = specloopname void @_ssdm_op_SpecLoopName, void @empty_2702"   --->   Operation 133 'specloopname' 'specloopname_ln1616' <Predicate = (!icmp_ln890_1683)> <Delay = 0.00>
ST_13 : Operation 134 [1/1] (0.65ns)   --->   "%icmp_ln870 = icmp_eq  i4 %c3_V, i4 2"   --->   Operation 134 'icmp' 'icmp_ln870' <Predicate = (!icmp_ln890_1683)> <Delay = 0.65> <CoreInst = "Cmp">   --->   Core 9 'Cmp' <Latency = 0> <II = 1> <Delay = 0.65> <FuncUnit> <Opcode : 'icmp'> <InPorts = 2> <OutPorts = 1>
ST_13 : Operation 135 [1/1] (0.00ns)   --->   "%br_ln22017 = br i1 %icmp_ln870, void %.preheader2.preheader, void %.preheader3.preheader" [./dut.cpp:22017]   --->   Operation 135 'br' 'br_ln22017' <Predicate = (!icmp_ln890_1683)> <Delay = 0.00>
ST_13 : Operation 136 [1/1] (0.38ns)   --->   "%br_ln890 = br void %.preheader2"   --->   Operation 136 'br' 'br_ln890' <Predicate = (!icmp_ln890_1683 & !icmp_ln870)> <Delay = 0.38>
ST_13 : Operation 137 [1/1] (0.38ns)   --->   "%br_ln890 = br void %.preheader3"   --->   Operation 137 'br' 'br_ln890' <Predicate = (!icmp_ln890_1683 & icmp_ln870)> <Delay = 0.38>
ST_13 : Operation 138 [1/1] (0.00ns)   --->   "%br_ln22041 = br i1 %intra_trans_en_22, void %.loopexit436, void %.preheader1.preheader" [./dut.cpp:22041]   --->   Operation 138 'br' 'br_ln22041' <Predicate = (icmp_ln890_1683)> <Delay = 0.00>
ST_13 : Operation 139 [1/1] (0.38ns)   --->   "%br_ln890 = br void %.preheader1"   --->   Operation 139 'br' 'br_ln890' <Predicate = (intra_trans_en_22 & icmp_ln890_1683)> <Delay = 0.38>

State 14 <SV = 5> <Delay = 0.70>
ST_14 : Operation 140 [1/1] (0.00ns)   --->   "%c4_V_41 = phi i4 %add_ln691_2067, void %.split12, i4 0, void %.preheader2.preheader"   --->   Operation 140 'phi' 'c4_V_41' <Predicate = true> <Delay = 0.00>
ST_14 : Operation 141 [1/1] (0.70ns)   --->   "%add_ln691_2067 = add i4 %c4_V_41, i4 1"   --->   Operation 141 'add' 'add_ln691_2067' <Predicate = true> <Delay = 0.70> <CoreInst = "Adder">   --->   Core 1 'Adder' <Latency = 0> <II = 1> <Delay = 0.70> <FuncUnit> <Opcode : 'add' 'sub'> <InPorts = 2> <OutPorts = 1>
ST_14 : Operation 142 [1/1] (0.65ns)   --->   "%icmp_ln890_1687 = icmp_eq  i4 %c4_V_41, i4 8"   --->   Operation 142 'icmp' 'icmp_ln890_1687' <Predicate = true> <Delay = 0.65> <CoreInst = "Cmp">   --->   Core 9 'Cmp' <Latency = 0> <II = 1> <Delay = 0.65> <FuncUnit> <Opcode : 'icmp'> <InPorts = 2> <OutPorts = 1>
ST_14 : Operation 143 [1/1] (0.00ns)   --->   "%speclooptripcount_ln0 = speclooptripcount void @_ssdm_op_SpecLoopTripCount, i64 8, i64 8, i64 8"   --->   Operation 143 'speclooptripcount' 'speclooptripcount_ln0' <Predicate = true> <Delay = 0.00>
ST_14 : Operation 144 [1/1] (0.00ns)   --->   "%br_ln22029 = br i1 %icmp_ln890_1687, void %.split12, void %.loopexit434.loopexit" [./dut.cpp:22029]   --->   Operation 144 'br' 'br_ln22029' <Predicate = true> <Delay = 0.00>
ST_14 : Operation 145 [1/1] (0.00ns)   --->   "%br_ln0 = br void %.loopexit434"   --->   Operation 145 'br' 'br_ln0' <Predicate = (icmp_ln890_1687)> <Delay = 0.00>

State 15 <SV = 6> <Delay = 2.43>
ST_15 : Operation 146 [1/1] (0.00ns)   --->   "%specloopname_ln22029 = specloopname void @_ssdm_op_SpecLoopName, void @empty_2115" [./dut.cpp:22029]   --->   Operation 146 'specloopname' 'specloopname_ln22029' <Predicate = true> <Delay = 0.00>
ST_15 : Operation 147 [1/1] (1.21ns)   --->   "%tmp_287 = read i512 @_ssdm_op_Read.ap_fifo.volatile.i512P0A, i512 %fifo_B_B_IO_L2_in_2_x114" [/home/rcslfpgaserver/Softwares/Xilinx/Vitis_HLS/2020.2/common/technology/autopilot/hls_stream_39.h:145]   --->   Operation 147 'read' 'tmp_287' <Predicate = true> <Delay = 1.21> <CoreInst = "FIFO_SRL">   --->   Core 81 'FIFO_SRL' <Latency = 0> <II = 1> <Delay = 1.41> <Storage> <Opcode : 'read' 'write' 'nbread' 'nbwrite'> <Ports = 0> <Width = 512> <Depth = 2> <FIFO>
ST_15 : Operation 148 [1/1] (1.21ns)   --->   "%write_ln174 = write void @_ssdm_op_Write.ap_fifo.volatile.i512P0A, i512 %fifo_B_B_IO_L2_in_3_x115, i512 %tmp_287" [/home/rcslfpgaserver/Softwares/Xilinx/Vitis_HLS/2020.2/common/technology/autopilot/hls_stream_39.h:174]   --->   Operation 148 'write' 'write_ln174' <Predicate = true> <Delay = 1.21> <CoreInst = "FIFO_SRL">   --->   Core 81 'FIFO_SRL' <Latency = 0> <II = 1> <Delay = 1.41> <Storage> <Opcode : 'read' 'write' 'nbread' 'nbwrite'> <Ports = 0> <Width = 512> <Depth = 2> <FIFO>
ST_15 : Operation 149 [1/1] (0.00ns)   --->   "%br_ln0 = br void %.preheader2"   --->   Operation 149 'br' 'br_ln0' <Predicate = true> <Delay = 0.00>

State 16 <SV = 5> <Delay = 0.70>
ST_16 : Operation 150 [1/1] (0.00ns)   --->   "%c4_V = phi i4 %add_ln691_2066, void %.split14, i4 0, void %.preheader3.preheader"   --->   Operation 150 'phi' 'c4_V' <Predicate = true> <Delay = 0.00>
ST_16 : Operation 151 [1/1] (0.70ns)   --->   "%add_ln691_2066 = add i4 %c4_V, i4 1"   --->   Operation 151 'add' 'add_ln691_2066' <Predicate = true> <Delay = 0.70> <CoreInst = "Adder">   --->   Core 1 'Adder' <Latency = 0> <II = 1> <Delay = 0.70> <FuncUnit> <Opcode : 'add' 'sub'> <InPorts = 2> <OutPorts = 1>
ST_16 : Operation 152 [1/1] (0.65ns)   --->   "%icmp_ln890_1686 = icmp_eq  i4 %c4_V, i4 8"   --->   Operation 152 'icmp' 'icmp_ln890_1686' <Predicate = true> <Delay = 0.65> <CoreInst = "Cmp">   --->   Core 9 'Cmp' <Latency = 0> <II = 1> <Delay = 0.65> <FuncUnit> <Opcode : 'icmp'> <InPorts = 2> <OutPorts = 1>

State 17 <SV = 6> <Delay = 1.96>
ST_17 : Operation 153 [1/1] (0.00ns)   --->   "%zext_ln890_298 = zext i4 %c4_V"   --->   Operation 153 'zext' 'zext_ln890_298' <Predicate = (icmp_ln870)> <Delay = 0.00>
ST_17 : Operation 154 [1/1] (0.00ns)   --->   "%speclooptripcount_ln0 = speclooptripcount void @_ssdm_op_SpecLoopTripCount, i64 8, i64 8, i64 8"   --->   Operation 154 'speclooptripcount' 'speclooptripcount_ln0' <Predicate = (icmp_ln870)> <Delay = 0.00>
ST_17 : Operation 155 [1/1] (0.00ns)   --->   "%br_ln22018 = br i1 %icmp_ln890_1686, void %.split14, void %.loopexit434.loopexit43" [./dut.cpp:22018]   --->   Operation 155 'br' 'br_ln22018' <Predicate = (icmp_ln870)> <Delay = 0.00>
ST_17 : Operation 156 [1/1] (0.00ns)   --->   "%specloopname_ln22018 = specloopname void @_ssdm_op_SpecLoopName, void @empty_2128" [./dut.cpp:22018]   --->   Operation 156 'specloopname' 'specloopname_ln22018' <Predicate = (icmp_ln870 & !icmp_ln890_1686)> <Delay = 0.00>
ST_17 : Operation 157 [1/1] (1.21ns)   --->   "%tmp_286 = read i512 @_ssdm_op_Read.ap_fifo.volatile.i512P0A, i512 %fifo_B_B_IO_L2_in_2_x114" [/home/rcslfpgaserver/Softwares/Xilinx/Vitis_HLS/2020.2/common/technology/autopilot/hls_stream_39.h:145]   --->   Operation 157 'read' 'tmp_286' <Predicate = (icmp_ln870 & !icmp_ln890_1686)> <Delay = 1.21> <CoreInst = "FIFO_SRL">   --->   Core 81 'FIFO_SRL' <Latency = 0> <II = 1> <Delay = 1.41> <Storage> <Opcode : 'read' 'write' 'nbread' 'nbwrite'> <Ports = 0> <Width = 512> <Depth = 2> <FIFO>
ST_17 : Operation 158 [1/1] (0.00ns)   --->   "%local_B_ping_V_0_addr_21 = getelementptr i512 %local_B_ping_V_0, i64 0, i64 %zext_ln890_298" [./dut.cpp:22025]   --->   Operation 158 'getelementptr' 'local_B_ping_V_0_addr_21' <Predicate = (icmp_ln870 & !icmp_ln890_1686)> <Delay = 0.00>
ST_17 : Operation 159 [1/1] (0.74ns)   --->   "%store_ln22025 = store i512 %tmp_286, i3 %local_B_ping_V_0_addr_21" [./dut.cpp:22025]   --->   Operation 159 'store' 'store_ln22025' <Predicate = (icmp_ln870 & !icmp_ln890_1686)> <Delay = 0.74> <CoreInst = "RAM">   --->   Core 83 'RAM' <Latency = 1> <II = 1> <Delay = 0.74> <Storage> <Opcode : 'load' 'store'> <Ports = 2> <Width = 512> <Depth = 8> <RAM>
ST_17 : Operation 160 [1/1] (0.00ns)   --->   "%br_ln0 = br void %.preheader3"   --->   Operation 160 'br' 'br_ln0' <Predicate = (icmp_ln870 & !icmp_ln890_1686)> <Delay = 0.00>
ST_17 : Operation 161 [1/1] (0.00ns)   --->   "%br_ln0 = br void %.loopexit434"   --->   Operation 161 'br' 'br_ln0' <Predicate = (icmp_ln870 & icmp_ln890_1686)> <Delay = 0.00>
ST_17 : Operation 162 [1/1] (0.70ns)   --->   "%add_ln691_2071 = add i4 %c3_V, i4 1"   --->   Operation 162 'add' 'add_ln691_2071' <Predicate = (icmp_ln890_1686) | (!icmp_ln870)> <Delay = 0.70> <CoreInst = "Adder">   --->   Core 1 'Adder' <Latency = 0> <II = 1> <Delay = 0.70> <FuncUnit> <Opcode : 'add' 'sub'> <InPorts = 2> <OutPorts = 1>
ST_17 : Operation 163 [1/1] (0.00ns)   --->   "%br_ln0 = br void %.preheader5"   --->   Operation 163 'br' 'br_ln0' <Predicate = (icmp_ln890_1686) | (!icmp_ln870)> <Delay = 0.00>

State 18 <SV = 6> <Delay = 0.74>
ST_18 : Operation 164 [1/1] (0.00ns)   --->   "%specloopname_ln22042 = specloopname void @_ssdm_op_SpecLoopName, void @empty_1745" [./dut.cpp:22042]   --->   Operation 164 'specloopname' 'specloopname_ln22042' <Predicate = true> <Delay = 0.00>
ST_18 : Operation 165 [1/2] (0.74ns)   --->   "%local_B_pong_V_0_load = load i3 %local_B_pong_V_0_addr"   --->   Operation 165 'load' 'local_B_pong_V_0_load' <Predicate = true> <Delay = 0.74> <CoreInst = "RAM">   --->   Core 83 'RAM' <Latency = 1> <II = 1> <Delay = 0.74> <Storage> <Opcode : 'load' 'store'> <Ports = 2> <Width = 512> <Depth = 8> <RAM>
ST_18 : Operation 166 [1/1] (0.38ns)   --->   "%br_ln22044 = br void" [./dut.cpp:22044]   --->   Operation 166 'br' 'br_ln22044' <Predicate = true> <Delay = 0.38>

State 19 <SV = 7> <Delay = 1.87>
ST_19 : Operation 167 [1/1] (0.00ns)   --->   "%c7_V_21 = phi i4 %add_ln691_2074, void %.split18, i4 0, void %.split20"   --->   Operation 167 'phi' 'c7_V_21' <Predicate = true> <Delay = 0.00>
ST_19 : Operation 168 [1/1] (0.70ns)   --->   "%add_ln691_2074 = add i4 %c7_V_21, i4 1"   --->   Operation 168 'add' 'add_ln691_2074' <Predicate = true> <Delay = 0.70> <CoreInst = "Adder">   --->   Core 1 'Adder' <Latency = 0> <II = 1> <Delay = 0.70> <FuncUnit> <Opcode : 'add' 'sub'> <InPorts = 2> <OutPorts = 1>
ST_19 : Operation 169 [1/1] (0.65ns)   --->   "%icmp_ln890_1691 = icmp_eq  i4 %c7_V_21, i4 8"   --->   Operation 169 'icmp' 'icmp_ln890_1691' <Predicate = true> <Delay = 0.65> <CoreInst = "Cmp">   --->   Core 9 'Cmp' <Latency = 0> <II = 1> <Delay = 0.65> <FuncUnit> <Opcode : 'icmp'> <InPorts = 2> <OutPorts = 1>
ST_19 : Operation 170 [1/1] (0.00ns)   --->   "%speclooptripcount_ln0 = speclooptripcount void @_ssdm_op_SpecLoopTripCount, i64 8, i64 8, i64 8"   --->   Operation 170 'speclooptripcount' 'speclooptripcount_ln0' <Predicate = true> <Delay = 0.00>
ST_19 : Operation 171 [1/1] (0.00ns)   --->   "%br_ln22044 = br i1 %icmp_ln890_1691, void %.split18, void" [./dut.cpp:22044]   --->   Operation 171 'br' 'br_ln22044' <Predicate = true> <Delay = 0.00>
ST_19 : Operation 172 [1/1] (0.00ns)   --->   "%specloopname_ln22044 = specloopname void @_ssdm_op_SpecLoopName, void @empty_2692" [./dut.cpp:22044]   --->   Operation 172 'specloopname' 'specloopname_ln22044' <Predicate = (!icmp_ln890_1691)> <Delay = 0.00>
ST_19 : Operation 173 [1/1] (1.21ns)   --->   "%write_ln174 = write void @_ssdm_op_Write.ap_fifo.volatile.i512P0A, i512 %fifo_B_PE_0_2_x1110, i512 %local_B_pong_V_0_load" [/home/rcslfpgaserver/Softwares/Xilinx/Vitis_HLS/2020.2/common/technology/autopilot/hls_stream_39.h:174]   --->   Operation 173 'write' 'write_ln174' <Predicate = (!icmp_ln890_1691)> <Delay = 1.21> <CoreInst = "FIFO_SRL">   --->   Core 81 'FIFO_SRL' <Latency = 0> <II = 1> <Delay = 1.41> <Storage> <Opcode : 'read' 'write' 'nbread' 'nbwrite'> <Ports = 0> <Width = 512> <Depth = 2> <FIFO>
ST_19 : Operation 174 [1/1] (0.00ns)   --->   "%br_ln0 = br void"   --->   Operation 174 'br' 'br_ln0' <Predicate = (!icmp_ln890_1691)> <Delay = 0.00>
ST_19 : Operation 175 [1/1] (0.00ns)   --->   "%br_ln0 = br void %.preheader1"   --->   Operation 175 'br' 'br_ln0' <Predicate = (icmp_ln890_1691)> <Delay = 0.00>

State 20 <SV = 2> <Delay = 0.74>
ST_20 : Operation 176 [1/1] (0.00ns)   --->   "%c6_V = phi i4 %add_ln691_2063, void, i4 0, void %.preheader.preheader"   --->   Operation 176 'phi' 'c6_V' <Predicate = true> <Delay = 0.00>
ST_20 : Operation 177 [1/1] (0.70ns)   --->   "%add_ln691_2063 = add i4 %c6_V, i4 1"   --->   Operation 177 'add' 'add_ln691_2063' <Predicate = true> <Delay = 0.70> <CoreInst = "Adder">   --->   Core 1 'Adder' <Latency = 0> <II = 1> <Delay = 0.70> <FuncUnit> <Opcode : 'add' 'sub'> <InPorts = 2> <OutPorts = 1>
ST_20 : Operation 178 [1/1] (0.00ns)   --->   "%zext_ln890 = zext i4 %c6_V"   --->   Operation 178 'zext' 'zext_ln890' <Predicate = true> <Delay = 0.00>
ST_20 : Operation 179 [1/1] (0.65ns)   --->   "%icmp_ln890_1679 = icmp_eq  i4 %c6_V, i4 8"   --->   Operation 179 'icmp' 'icmp_ln890_1679' <Predicate = true> <Delay = 0.65> <CoreInst = "Cmp">   --->   Core 9 'Cmp' <Latency = 0> <II = 1> <Delay = 0.65> <FuncUnit> <Opcode : 'icmp'> <InPorts = 2> <OutPorts = 1>
ST_20 : Operation 180 [1/1] (0.00ns)   --->   "%speclooptripcount_ln0 = speclooptripcount void @_ssdm_op_SpecLoopTripCount, i64 8, i64 8, i64 8"   --->   Operation 180 'speclooptripcount' 'speclooptripcount_ln0' <Predicate = true> <Delay = 0.00>
ST_20 : Operation 181 [1/1] (0.00ns)   --->   "%br_ln22066 = br i1 %icmp_ln890_1679, void %.split6, void %.loopexit" [./dut.cpp:22066]   --->   Operation 181 'br' 'br_ln22066' <Predicate = true> <Delay = 0.00>
ST_20 : Operation 182 [1/1] (0.00ns)   --->   "%local_B_ping_V_0_addr = getelementptr i512 %local_B_ping_V_0, i64 0, i64 %zext_ln890"   --->   Operation 182 'getelementptr' 'local_B_ping_V_0_addr' <Predicate = (!icmp_ln890_1679)> <Delay = 0.00>
ST_20 : Operation 183 [2/2] (0.74ns)   --->   "%local_B_ping_V_0_load = load i3 %local_B_ping_V_0_addr"   --->   Operation 183 'load' 'local_B_ping_V_0_load' <Predicate = (!icmp_ln890_1679)> <Delay = 0.74> <CoreInst = "RAM">   --->   Core 83 'RAM' <Latency = 1> <II = 1> <Delay = 0.74> <Storage> <Opcode : 'load' 'store'> <Ports = 2> <Width = 512> <Depth = 8> <RAM>
ST_20 : Operation 184 [1/1] (0.00ns)   --->   "%ret_ln22098 = ret" [./dut.cpp:22098]   --->   Operation 184 'ret' 'ret_ln22098' <Predicate = (icmp_ln890_1679)> <Delay = 0.00>

State 21 <SV = 3> <Delay = 0.74>
ST_21 : Operation 185 [1/1] (0.00ns)   --->   "%specloopname_ln22066 = specloopname void @_ssdm_op_SpecLoopName, void @empty_1657" [./dut.cpp:22066]   --->   Operation 185 'specloopname' 'specloopname_ln22066' <Predicate = true> <Delay = 0.00>
ST_21 : Operation 186 [1/2] (0.74ns)   --->   "%local_B_ping_V_0_load = load i3 %local_B_ping_V_0_addr"   --->   Operation 186 'load' 'local_B_ping_V_0_load' <Predicate = true> <Delay = 0.74> <CoreInst = "RAM">   --->   Core 83 'RAM' <Latency = 1> <II = 1> <Delay = 0.74> <Storage> <Opcode : 'load' 'store'> <Ports = 2> <Width = 512> <Depth = 8> <RAM>
ST_21 : Operation 187 [1/1] (0.38ns)   --->   "%br_ln22068 = br void" [./dut.cpp:22068]   --->   Operation 187 'br' 'br_ln22068' <Predicate = true> <Delay = 0.38>

State 22 <SV = 4> <Delay = 1.87>
ST_22 : Operation 188 [1/1] (0.00ns)   --->   "%c7_V = phi i4 %add_ln691_2064, void %.split, i4 0, void %.split6"   --->   Operation 188 'phi' 'c7_V' <Predicate = true> <Delay = 0.00>
ST_22 : Operation 189 [1/1] (0.70ns)   --->   "%add_ln691_2064 = add i4 %c7_V, i4 1"   --->   Operation 189 'add' 'add_ln691_2064' <Predicate = true> <Delay = 0.70> <CoreInst = "Adder">   --->   Core 1 'Adder' <Latency = 0> <II = 1> <Delay = 0.70> <FuncUnit> <Opcode : 'add' 'sub'> <InPorts = 2> <OutPorts = 1>
ST_22 : Operation 190 [1/1] (0.65ns)   --->   "%icmp_ln890_1681 = icmp_eq  i4 %c7_V, i4 8"   --->   Operation 190 'icmp' 'icmp_ln890_1681' <Predicate = true> <Delay = 0.65> <CoreInst = "Cmp">   --->   Core 9 'Cmp' <Latency = 0> <II = 1> <Delay = 0.65> <FuncUnit> <Opcode : 'icmp'> <InPorts = 2> <OutPorts = 1>
ST_22 : Operation 191 [1/1] (0.00ns)   --->   "%speclooptripcount_ln0 = speclooptripcount void @_ssdm_op_SpecLoopTripCount, i64 8, i64 8, i64 8"   --->   Operation 191 'speclooptripcount' 'speclooptripcount_ln0' <Predicate = true> <Delay = 0.00>
ST_22 : Operation 192 [1/1] (0.00ns)   --->   "%br_ln22068 = br i1 %icmp_ln890_1681, void %.split, void" [./dut.cpp:22068]   --->   Operation 192 'br' 'br_ln22068' <Predicate = true> <Delay = 0.00>
ST_22 : Operation 193 [1/1] (0.00ns)   --->   "%specloopname_ln22068 = specloopname void @_ssdm_op_SpecLoopName, void @empty_1658" [./dut.cpp:22068]   --->   Operation 193 'specloopname' 'specloopname_ln22068' <Predicate = (!icmp_ln890_1681)> <Delay = 0.00>
ST_22 : Operation 194 [1/1] (1.21ns)   --->   "%write_ln174 = write void @_ssdm_op_Write.ap_fifo.volatile.i512P0A, i512 %fifo_B_PE_0_2_x1110, i512 %local_B_ping_V_0_load" [/home/rcslfpgaserver/Softwares/Xilinx/Vitis_HLS/2020.2/common/technology/autopilot/hls_stream_39.h:174]   --->   Operation 194 'write' 'write_ln174' <Predicate = (!icmp_ln890_1681)> <Delay = 1.21> <CoreInst = "FIFO_SRL">   --->   Core 81 'FIFO_SRL' <Latency = 0> <II = 1> <Delay = 1.41> <Storage> <Opcode : 'read' 'write' 'nbread' 'nbwrite'> <Ports = 0> <Width = 512> <Depth = 2> <FIFO>
ST_22 : Operation 195 [1/1] (0.00ns)   --->   "%br_ln0 = br void"   --->   Operation 195 'br' 'br_ln0' <Predicate = (!icmp_ln890_1681)> <Delay = 0.00>
ST_22 : Operation 196 [1/1] (0.00ns)   --->   "%br_ln0 = br void %.preheader"   --->   Operation 196 'br' 'br_ln0' <Predicate = (icmp_ln890_1681)> <Delay = 0.00>


============================================================
+ Verbose Summary: Binding
============================================================
STG Binding: 
---------------- STG Properties BEGIN ----------------
- Is combinational: 0
- Is one-state seq: 0
- Is datapath-only: 0
- Is pipelined: 0
- Is top level: 0
Port [ Return ] is wired: 1; IO mode=ap_ctrl_hs:ce=0
Port [ fifo_B_B_IO_L2_in_2_x114]:  wired=1; compound=1; hidden=0; nouse=0; global=0; static=0; extern=0; dir=0; type=3; pingpong=0; private_global=0; IO mode=ap_fifo:ce=0
Port [ fifo_B_B_IO_L2_in_3_x115]:  wired=1; compound=1; hidden=0; nouse=0; global=0; static=0; extern=0; dir=1; type=3; pingpong=0; private_global=0; IO mode=ap_fifo:ce=0
Port [ fifo_B_PE_0_2_x1110]:  wired=1; compound=1; hidden=0; nouse=0; global=0; static=0; extern=0; dir=1; type=3; pingpong=0; private_global=0; IO mode=ap_fifo:ce=0
---------------- STG Properties END ------------------

---------------- Datapath Model BEGIN ----------------

<LifeTime>
<method=bitvector/>
specmemcore_ln0          (specmemcore      ) [ 00000000000000000000000]
specmemcore_ln0          (specmemcore      ) [ 00000000000000000000000]
specmemcore_ln0          (specmemcore      ) [ 00000000000000000000000]
specinterface_ln0        (specinterface    ) [ 00000000000000000000000]
specinterface_ln0        (specinterface    ) [ 00000000000000000000000]
specinterface_ln0        (specinterface    ) [ 00000000000000000000000]
local_B_ping_V_0         (alloca           ) [ 00111111111111111111111]
local_B_pong_V_0         (alloca           ) [ 00111111111111111111000]
br_ln21964               (br               ) [ 01111111111111111111000]
c0_V                     (phi              ) [ 00100000000000000000000]
intra_trans_en           (phi              ) [ 00111111111111111111000]
add_ln691                (add              ) [ 01111111111111111111000]
icmp_ln890               (icmp             ) [ 00111111111111111111000]
speclooptripcount_ln0    (speclooptripcount) [ 00000000000000000000000]
br_ln21964               (br               ) [ 00000000000000000000000]
specloopname_ln21964     (specloopname     ) [ 00000000000000000000000]
br_ln21965               (br               ) [ 00111111111111111111000]
br_ln890                 (br               ) [ 00111111111111111111111]
c1_V                     (phi              ) [ 00010000000000000000000]
intra_trans_en_21        (phi              ) [ 00011111111111111111000]
add_ln691_2065           (add              ) [ 00111111111111111111000]
icmp_ln890_1680          (icmp             ) [ 00111111111111111111000]
speclooptripcount_ln0    (speclooptripcount) [ 00000000000000000000000]
br_ln21965               (br               ) [ 00000000000000000000000]
specloopname_ln21965     (specloopname     ) [ 00000000000000000000000]
br_ln21966               (br               ) [ 00111111111111111111000]
br_ln0                   (br               ) [ 01111111111111111111000]
c2_V                     (phi              ) [ 00001000000000000000000]
intra_trans_en_22        (phi              ) [ 00001111111111111111000]
arb_11                   (phi              ) [ 00001111111111111111000]
add_ln691_2070           (add              ) [ 00111111111111111111000]
icmp_ln890_1682          (icmp             ) [ 00111111111111111111000]
speclooptripcount_ln0    (speclooptripcount) [ 00000000000000000000000]
br_ln21966               (br               ) [ 00000000000000000000000]
specloopname_ln21966     (specloopname     ) [ 00000000000000000000000]
br_ln21970               (br               ) [ 00000000000000000000000]
br_ln890                 (br               ) [ 00111111111111111111000]
br_ln890                 (br               ) [ 00111111111111111111000]
br_ln0                   (br               ) [ 00111111111111111111000]
c3_V_9                   (phi              ) [ 00000111110000000000000]
icmp_ln890_1684          (icmp             ) [ 00111111111111111111000]
speclooptripcount_ln0    (speclooptripcount) [ 00000000000000000000000]
br_ln21971               (br               ) [ 00000000000000000000000]
specloopname_ln1616      (specloopname     ) [ 00000000000000000000000]
icmp_ln870_9             (icmp             ) [ 00111111111111111111000]
br_ln21974               (br               ) [ 00000000000000000000000]
br_ln890                 (br               ) [ 00111111111111111111000]
br_ln890                 (br               ) [ 00111111111111111111000]
br_ln21998               (br               ) [ 00000000000000000000000]
br_ln890                 (br               ) [ 00111111111111111111000]
c4_V_43                  (phi              ) [ 00000010000000000000000]
add_ln691_2069           (add              ) [ 00111111111111111111000]
icmp_ln890_1690          (icmp             ) [ 00111111111111111111000]
speclooptripcount_ln0    (speclooptripcount) [ 00000000000000000000000]
br_ln21986               (br               ) [ 00000000000000000000000]
br_ln0                   (br               ) [ 00000000000000000000000]
specloopname_ln21986     (specloopname     ) [ 00000000000000000000000]
tmp_285                  (read             ) [ 00000000000000000000000]
write_ln174              (write            ) [ 00000000000000000000000]
br_ln0                   (br               ) [ 00111111111111111111000]
c4_V_42                  (phi              ) [ 00000011110000000000000]
add_ln691_2068           (add              ) [ 00111111111111111111000]
icmp_ln890_1689          (icmp             ) [ 00111111011111111111000]
zext_ln890_300           (zext             ) [ 00000000000000000000000]
speclooptripcount_ln0    (speclooptripcount) [ 00000000000000000000000]
br_ln21975               (br               ) [ 00000000000000000000000]
specloopname_ln21975     (specloopname     ) [ 00000000000000000000000]
tmp                      (read             ) [ 00000000000000000000000]
local_B_pong_V_0_addr_11 (getelementptr    ) [ 00000000000000000000000]
store_ln21982            (store            ) [ 00000000000000000000000]
br_ln0                   (br               ) [ 00111111111111111111000]
br_ln0                   (br               ) [ 00000000000000000000000]
add_ln691_2072           (add              ) [ 00111111111111111111000]
br_ln0                   (br               ) [ 00111111111111111111000]
c6_V_22                  (phi              ) [ 00000000001000000000000]
add_ln691_2075           (add              ) [ 00111111111111111111000]
zext_ln890_299           (zext             ) [ 00000000000000000000000]
icmp_ln890_1688          (icmp             ) [ 00111111111111111111000]
speclooptripcount_ln0    (speclooptripcount) [ 00000000000000000000000]
br_ln21999               (br               ) [ 00000000000000000000000]
local_B_ping_V_0_addr_22 (getelementptr    ) [ 00000000000100000000000]
br_ln0                   (br               ) [ 00000000000000000000000]
c6_V_21                  (phi              ) [ 00000000001000000000000]
add_ln691_2073           (add              ) [ 00111111111111111111000]
zext_ln890_297           (zext             ) [ 00000000000000000000000]
icmp_ln890_1685          (icmp             ) [ 00111111111111111111000]
speclooptripcount_ln0    (speclooptripcount) [ 00000000000000000000000]
br_ln22042               (br               ) [ 00000000000000000000000]
local_B_pong_V_0_addr    (getelementptr    ) [ 00000000000000000010000]
br_ln0                   (br               ) [ 00000000000000000000000]
arb                      (xor              ) [ 00111111111111111111000]
br_ln0                   (br               ) [ 00111111111111111111000]
specloopname_ln21999     (specloopname     ) [ 00000000000000000000000]
local_B_ping_V_0_load_11 (load             ) [ 00000000000010000000000]
br_ln22001               (br               ) [ 00111111111111111111000]
c7_V_22                  (phi              ) [ 00000000000010000000000]
add_ln691_2076           (add              ) [ 00111111111111111111000]
icmp_ln890_1692          (icmp             ) [ 00111111111111111111000]
speclooptripcount_ln0    (speclooptripcount) [ 00000000000000000000000]
br_ln22001               (br               ) [ 00000000000000000000000]
specloopname_ln22001     (specloopname     ) [ 00000000000000000000000]
write_ln174              (write            ) [ 00000000000000000000000]
br_ln0                   (br               ) [ 00111111111111111111000]
br_ln0                   (br               ) [ 00111111111111111111000]
c3_V                     (phi              ) [ 00000000000001111100000]
icmp_ln890_1683          (icmp             ) [ 00111111111111111111000]
speclooptripcount_ln0    (speclooptripcount) [ 00000000000000000000000]
br_ln22014               (br               ) [ 00000000000000000000000]
specloopname_ln1616      (specloopname     ) [ 00000000000000000000000]
icmp_ln870               (icmp             ) [ 00111111111111111111000]
br_ln22017               (br               ) [ 00000000000000000000000]
br_ln890                 (br               ) [ 00111111111111111111000]
br_ln890                 (br               ) [ 00111111111111111111000]
br_ln22041               (br               ) [ 00000000000000000000000]
br_ln890                 (br               ) [ 00111111111111111111000]
c4_V_41                  (phi              ) [ 00000000000000100000000]
add_ln691_2067           (add              ) [ 00111111111111111111000]
icmp_ln890_1687          (icmp             ) [ 00111111111111111111000]
speclooptripcount_ln0    (speclooptripcount) [ 00000000000000000000000]
br_ln22029               (br               ) [ 00000000000000000000000]
br_ln0                   (br               ) [ 00000000000000000000000]
specloopname_ln22029     (specloopname     ) [ 00000000000000000000000]
tmp_287                  (read             ) [ 00000000000000000000000]
write_ln174              (write            ) [ 00000000000000000000000]
br_ln0                   (br               ) [ 00111111111111111111000]
c4_V                     (phi              ) [ 00000000000000111100000]
add_ln691_2066           (add              ) [ 00111111111111111111000]
icmp_ln890_1686          (icmp             ) [ 00111111111111110111000]
zext_ln890_298           (zext             ) [ 00000000000000000000000]
speclooptripcount_ln0    (speclooptripcount) [ 00000000000000000000000]
br_ln22018               (br               ) [ 00000000000000000000000]
specloopname_ln22018     (specloopname     ) [ 00000000000000000000000]
tmp_286                  (read             ) [ 00000000000000000000000]
local_B_ping_V_0_addr_21 (getelementptr    ) [ 00000000000000000000000]
store_ln22025            (store            ) [ 00000000000000000000000]
br_ln0                   (br               ) [ 00111111111111111111000]
br_ln0                   (br               ) [ 00000000000000000000000]
add_ln691_2071           (add              ) [ 00111111111111111111000]
br_ln0                   (br               ) [ 00111111111111111111000]
specloopname_ln22042     (specloopname     ) [ 00000000000000000000000]
local_B_pong_V_0_load    (load             ) [ 00000000000000000001000]
br_ln22044               (br               ) [ 00111111111111111111000]
c7_V_21                  (phi              ) [ 00000000000000000001000]
add_ln691_2074           (add              ) [ 00111111111111111111000]
icmp_ln890_1691          (icmp             ) [ 00111111111111111111000]
speclooptripcount_ln0    (speclooptripcount) [ 00000000000000000000000]
br_ln22044               (br               ) [ 00000000000000000000000]
specloopname_ln22044     (specloopname     ) [ 00000000000000000000000]
write_ln174              (write            ) [ 00000000000000000000000]
br_ln0                   (br               ) [ 00111111111111111111000]
br_ln0                   (br               ) [ 00111111111111111111000]
c6_V                     (phi              ) [ 00000000000000000000100]
add_ln691_2063           (add              ) [ 00100000000000000000111]
zext_ln890               (zext             ) [ 00000000000000000000000]
icmp_ln890_1679          (icmp             ) [ 00000000000000000000111]
speclooptripcount_ln0    (speclooptripcount) [ 00000000000000000000000]
br_ln22066               (br               ) [ 00000000000000000000000]
local_B_ping_V_0_addr    (getelementptr    ) [ 00000000000000000000010]
ret_ln22098              (ret              ) [ 00000000000000000000000]
specloopname_ln22066     (specloopname     ) [ 00000000000000000000000]
local_B_ping_V_0_load    (load             ) [ 00000000000000000000001]
br_ln22068               (br               ) [ 00000000000000000000111]
c7_V                     (phi              ) [ 00000000000000000000001]
add_ln691_2064           (add              ) [ 00000000000000000000111]
icmp_ln890_1681          (icmp             ) [ 00000000000000000000111]
speclooptripcount_ln0    (speclooptripcount) [ 00000000000000000000000]
br_ln22068               (br               ) [ 00000000000000000000000]
specloopname_ln22068     (specloopname     ) [ 00000000000000000000000]
write_ln174              (write            ) [ 00000000000000000000000]
br_ln0                   (br               ) [ 00000000000000000000111]
br_ln0                   (br               ) [ 00100000000000000000111]
</LifeTime>

<model>

<comp_list>
<comp id="0" class="1000" name="fifo_B_B_IO_L2_in_2_x114">
<pin_list>
<pin id="1" dir="1" index="0" bw="1" slack="0"/>
</pin_list>
<bind>
<StgValue><ssdm name="fifo_B_B_IO_L2_in_2_x114"/></StgValue>
</bind>
</comp>

<comp id="2" class="1000" name="fifo_B_B_IO_L2_in_3_x115">
<pin_list>
<pin id="3" dir="1" index="0" bw="1" slack="0"/>
</pin_list>
<bind>
<StgValue><ssdm name="fifo_B_B_IO_L2_in_3_x115"/></StgValue>
</bind>
</comp>

<comp id="4" class="1000" name="fifo_B_PE_0_2_x1110">
<pin_list>
<pin id="5" dir="1" index="0" bw="1" slack="0"/>
</pin_list>
<bind>
<StgValue><ssdm name="fifo_B_PE_0_2_x1110"/></StgValue>
</bind>
</comp>

<comp id="6" class="1001" name="const_6">
<pin_list>
<pin id="7" dir="1" index="0" bw="1" slack="2147483647"/>
</pin_list>
<bind>
<StgValue><ssdm name="_ssdm_op_SpecMemCore"/></StgValue>
</bind>
</comp>

<comp id="8" class="1001" name="const_8">
<pin_list>
<pin id="9" dir="1" index="0" bw="1" slack="2147483647"/>
</pin_list>
<bind>
<StgValue><ssdm name=""/></StgValue>
</bind>
</comp>

<comp id="10" class="1001" name="const_10">
<pin_list>
<pin id="11" dir="1" index="0" bw="1" slack="2147483647"/>
</pin_list>
<bind>
<StgValue><ssdm name=""/></StgValue>
</bind>
</comp>

<comp id="12" class="1001" name="const_12">
<pin_list>
<pin id="13" dir="1" index="0" bw="1" slack="2147483647"/>
</pin_list>
<bind>
<StgValue><ssdm name=""/></StgValue>
</bind>
</comp>

<comp id="14" class="1001" name="const_14">
<pin_list>
<pin id="15" dir="1" index="0" bw="1" slack="2147483647"/>
</pin_list>
<bind>
<StgValue><ssdm name="_ssdm_op_SpecInterface"/></StgValue>
</bind>
</comp>

<comp id="16" class="1001" name="const_16">
<pin_list>
<pin id="17" dir="1" index="0" bw="1" slack="2147483647"/>
</pin_list>
<bind>
<StgValue><ssdm name="empty_161"/></StgValue>
</bind>
</comp>

<comp id="18" class="1001" name="const_18">
<pin_list>
<pin id="19" dir="1" index="0" bw="1" slack="2147483647"/>
</pin_list>
<bind>
<StgValue><ssdm name=""/></StgValue>
</bind>
</comp>

<comp id="20" class="1001" name="const_20">
<pin_list>
<pin id="21" dir="1" index="0" bw="1" slack="2147483647"/>
</pin_list>
<bind>
<StgValue><ssdm name="empty_2404"/></StgValue>
</bind>
</comp>

<comp id="22" class="1001" name="const_22">
<pin_list>
<pin id="23" dir="1" index="0" bw="1" slack="0"/>
</pin_list>
<bind>
<StgValue><ssdm name=""/></StgValue>
</bind>
</comp>

<comp id="24" class="1001" name="const_24">
<pin_list>
<pin id="25" dir="1" index="0" bw="1" slack="1"/>
</pin_list>
<bind>
<StgValue><ssdm name=""/></StgValue>
</bind>
</comp>

<comp id="26" class="1001" name="const_26">
<pin_list>
<pin id="27" dir="1" index="0" bw="1" slack="0"/>
</pin_list>
<bind>
<StgValue><ssdm name=""/></StgValue>
</bind>
</comp>

<comp id="28" class="1001" name="const_28">
<pin_list>
<pin id="29" dir="1" index="0" bw="1" slack="1"/>
</pin_list>
<bind>
<StgValue><ssdm name=""/></StgValue>
</bind>
</comp>

<comp id="30" class="1001" name="const_30">
<pin_list>
<pin id="31" dir="1" index="0" bw="1" slack="0"/>
</pin_list>
<bind>
<StgValue><ssdm name=""/></StgValue>
</bind>
</comp>

<comp id="32" class="1001" name="const_32">
<pin_list>
<pin id="33" dir="1" index="0" bw="1" slack="0"/>
</pin_list>
<bind>
<StgValue><ssdm name=""/></StgValue>
</bind>
</comp>

<comp id="34" class="1001" name="const_34">
<pin_list>
<pin id="35" dir="1" index="0" bw="1" slack="2147483647"/>
</pin_list>
<bind>
<StgValue><ssdm name="_ssdm_op_SpecLoopTripCount"/></StgValue>
</bind>
</comp>

<comp id="36" class="1001" name="const_36">
<pin_list>
<pin id="37" dir="1" index="0" bw="1" slack="2147483647"/>
</pin_list>
<bind>
<StgValue><ssdm name=""/></StgValue>
</bind>
</comp>

<comp id="38" class="1001" name="const_38">
<pin_list>
<pin id="39" dir="1" index="0" bw="1" slack="2147483647"/>
</pin_list>
<bind>
<StgValue><ssdm name="_ssdm_op_SpecLoopName"/></StgValue>
</bind>
</comp>

<comp id="40" class="1001" name="const_40">
<pin_list>
<pin id="41" dir="1" index="0" bw="1" slack="2147483647"/>
</pin_list>
<bind>
<StgValue><ssdm name="empty_1636"/></StgValue>
</bind>
</comp>

<comp id="42" class="1001" name="const_42">
<pin_list>
<pin id="43" dir="1" index="0" bw="1" slack="2147483647"/>
</pin_list>
<bind>
<StgValue><ssdm name="empty_1635"/></StgValue>
</bind>
</comp>

<comp id="44" class="1001" name="const_44">
<pin_list>
<pin id="45" dir="1" index="0" bw="1" slack="1"/>
</pin_list>
<bind>
<StgValue><ssdm name=""/></StgValue>
</bind>
</comp>

<comp id="46" class="1001" name="const_46">
<pin_list>
<pin id="47" dir="1" index="0" bw="1" slack="0"/>
</pin_list>
<bind>
<StgValue><ssdm name=""/></StgValue>
</bind>
</comp>

<comp id="48" class="1001" name="const_48">
<pin_list>
<pin id="49" dir="1" index="0" bw="1" slack="0"/>
</pin_list>
<bind>
<StgValue><ssdm name=""/></StgValue>
</bind>
</comp>

<comp id="50" class="1001" name="const_50">
<pin_list>
<pin id="51" dir="1" index="0" bw="1" slack="2147483647"/>
</pin_list>
<bind>
<StgValue><ssdm name=""/></StgValue>
</bind>
</comp>

<comp id="52" class="1001" name="const_52">
<pin_list>
<pin id="53" dir="1" index="0" bw="1" slack="2147483647"/>
</pin_list>
<bind>
<StgValue><ssdm name="empty_1567"/></StgValue>
</bind>
</comp>

<comp id="54" class="1001" name="const_54">
<pin_list>
<pin id="55" dir="1" index="0" bw="1" slack="0"/>
</pin_list>
<bind>
<StgValue><ssdm name=""/></StgValue>
</bind>
</comp>

<comp id="56" class="1001" name="const_56">
<pin_list>
<pin id="57" dir="1" index="0" bw="1" slack="0"/>
</pin_list>
<bind>
<StgValue><ssdm name=""/></StgValue>
</bind>
</comp>

<comp id="58" class="1001" name="const_58">
<pin_list>
<pin id="59" dir="1" index="0" bw="1" slack="2147483647"/>
</pin_list>
<bind>
<StgValue><ssdm name=""/></StgValue>
</bind>
</comp>

<comp id="60" class="1001" name="const_60">
<pin_list>
<pin id="61" dir="1" index="0" bw="1" slack="2147483647"/>
</pin_list>
<bind>
<StgValue><ssdm name="empty_1877"/></StgValue>
</bind>
</comp>

<comp id="62" class="1001" name="const_62">
<pin_list>
<pin id="63" dir="1" index="0" bw="1" slack="1"/>
</pin_list>
<bind>
<StgValue><ssdm name=""/></StgValue>
</bind>
</comp>

<comp id="64" class="1001" name="const_64">
<pin_list>
<pin id="65" dir="1" index="0" bw="1" slack="0"/>
</pin_list>
<bind>
<StgValue><ssdm name=""/></StgValue>
</bind>
</comp>

<comp id="66" class="1001" name="const_66">
<pin_list>
<pin id="67" dir="1" index="0" bw="1" slack="2147483647"/>
</pin_list>
<bind>
<StgValue><ssdm name=""/></StgValue>
</bind>
</comp>

<comp id="68" class="1001" name="const_68">
<pin_list>
<pin id="69" dir="1" index="0" bw="1" slack="2147483647"/>
</pin_list>
<bind>
<StgValue><ssdm name="empty_1584"/></StgValue>
</bind>
</comp>

<comp id="70" class="1001" name="const_70">
<pin_list>
<pin id="71" dir="1" index="0" bw="1" slack="0"/>
</pin_list>
<bind>
<StgValue><ssdm name="_ssdm_op_Read.ap_fifo.volatile.i512P0A"/></StgValue>
</bind>
</comp>

<comp id="72" class="1001" name="const_72">
<pin_list>
<pin id="73" dir="1" index="0" bw="1" slack="0"/>
</pin_list>
<bind>
<StgValue><ssdm name="_ssdm_op_Write.ap_fifo.volatile.i512P0A"/></StgValue>
</bind>
</comp>

<comp id="74" class="1001" name="const_74">
<pin_list>
<pin id="75" dir="1" index="0" bw="1" slack="2147483647"/>
</pin_list>
<bind>
<StgValue><ssdm name="empty_1726"/></StgValue>
</bind>
</comp>

<comp id="76" class="1001" name="const_76">
<pin_list>
<pin id="77" dir="1" index="0" bw="1" slack="0"/>
</pin_list>
<bind>
<StgValue><ssdm name=""/></StgValue>
</bind>
</comp>

<comp id="78" class="1001" name="const_78">
<pin_list>
<pin id="79" dir="1" index="0" bw="1" slack="2147483647"/>
</pin_list>
<bind>
<StgValue><ssdm name="empty_1566"/></StgValue>
</bind>
</comp>

<comp id="80" class="1001" name="const_80">
<pin_list>
<pin id="81" dir="1" index="0" bw="1" slack="2147483647"/>
</pin_list>
<bind>
<StgValue><ssdm name="empty_2790"/></StgValue>
</bind>
</comp>

<comp id="82" class="1001" name="const_82">
<pin_list>
<pin id="83" dir="1" index="0" bw="1" slack="2147483647"/>
</pin_list>
<bind>
<StgValue><ssdm name="empty_2702"/></StgValue>
</bind>
</comp>

<comp id="84" class="1001" name="const_84">
<pin_list>
<pin id="85" dir="1" index="0" bw="1" slack="2147483647"/>
</pin_list>
<bind>
<StgValue><ssdm name="empty_2115"/></StgValue>
</bind>
</comp>

<comp id="86" class="1001" name="const_86">
<pin_list>
<pin id="87" dir="1" index="0" bw="1" slack="2147483647"/>
</pin_list>
<bind>
<StgValue><ssdm name="empty_2128"/></StgValue>
</bind>
</comp>

<comp id="88" class="1001" name="const_88">
<pin_list>
<pin id="89" dir="1" index="0" bw="1" slack="2147483647"/>
</pin_list>
<bind>
<StgValue><ssdm name="empty_1745"/></StgValue>
</bind>
</comp>

<comp id="90" class="1001" name="const_90">
<pin_list>
<pin id="91" dir="1" index="0" bw="1" slack="2147483647"/>
</pin_list>
<bind>
<StgValue><ssdm name="empty_2692"/></StgValue>
</bind>
</comp>

<comp id="92" class="1001" name="const_92">
<pin_list>
<pin id="93" dir="1" index="0" bw="1" slack="2147483647"/>
</pin_list>
<bind>
<StgValue><ssdm name="empty_1657"/></StgValue>
</bind>
</comp>

<comp id="94" class="1001" name="const_94">
<pin_list>
<pin id="95" dir="1" index="0" bw="1" slack="2147483647"/>
</pin_list>
<bind>
<StgValue><ssdm name="empty_1658"/></StgValue>
</bind>
</comp>

<comp id="96" class="1004" name="local_B_ping_V_0_alloca_fu_96">
<pin_list>
<pin id="97" dir="0" index="0" bw="1" slack="0"/>
<pin id="98" dir="1" index="1" bw="512" slack="2147483647"/>
</pin_list>
<bind>
<opcode="alloca(26) " fcode="alloca"/>
<opset="local_B_ping_V_0/1 "/>
</bind>
</comp>

<comp id="100" class="1004" name="local_B_pong_V_0_alloca_fu_100">
<pin_list>
<pin id="101" dir="0" index="0" bw="1" slack="0"/>
<pin id="102" dir="1" index="1" bw="512" slack="2147483647"/>
</pin_list>
<bind>
<opcode="alloca(26) " fcode="alloca"/>
<opset="local_B_pong_V_0/1 "/>
</bind>
</comp>

<comp id="104" class="1004" name="grp_read_fu_104">
<pin_list>
<pin id="105" dir="0" index="0" bw="512" slack="0"/>
<pin id="106" dir="0" index="1" bw="512" slack="0"/>
<pin id="107" dir="1" index="2" bw="512" slack="0"/>
</pin_list>
<bind>
<opcode="read(1150) " fcode="read"/>
<opset="tmp_285/7 tmp/9 tmp_287/15 tmp_286/17 "/>
</bind>
</comp>

<comp id="110" class="1004" name="grp_write_fu_110">
<pin_list>
<pin id="111" dir="0" index="0" bw="0" slack="0"/>
<pin id="112" dir="0" index="1" bw="512" slack="0"/>
<pin id="113" dir="0" index="2" bw="512" slack="0"/>
<pin id="114" dir="1" index="3" bw="0" slack="2147483647"/>
</pin_list>
<bind>
<opcode="write(1151) " fcode="write"/>
<opset="write_ln174/7 write_ln174/15 "/>
</bind>
</comp>

<comp id="118" class="1004" name="grp_write_fu_118">
<pin_list>
<pin id="119" dir="0" index="0" bw="0" slack="0"/>
<pin id="120" dir="0" index="1" bw="512" slack="0"/>
<pin id="121" dir="0" index="2" bw="512" slack="1"/>
<pin id="122" dir="1" index="3" bw="0" slack="2147483647"/>
</pin_list>
<bind>
<opcode="write(1151) " fcode="write"/>
<opset="write_ln174/12 write_ln174/19 write_ln174/22 "/>
</bind>
</comp>

<comp id="125" class="1004" name="local_B_pong_V_0_addr_11_gep_fu_125">
<pin_list>
<pin id="126" dir="0" index="0" bw="512" slack="2147483647"/>
<pin id="127" dir="0" index="1" bw="1" slack="0"/>
<pin id="128" dir="0" index="2" bw="4" slack="0"/>
<pin id="129" dir="1" index="3" bw="3" slack="0"/>
</pin_list>
<bind>
<opcode="getelementptr(29) " fcode="getelementptr"/>
<opset="local_B_pong_V_0_addr_11/9 "/>
</bind>
</comp>

<comp id="131" class="1004" name="grp_access_fu_131">
<pin_list>
<pin id="132" dir="0" index="0" bw="3" slack="0"/>
<pin id="133" dir="0" index="1" bw="512" slack="0"/>
<pin id="134" dir="0" index="2" bw="0" slack="2147483647"/>
<pin id="135" dir="1" index="3" bw="512" slack="1"/>
</pin_list>
<bind>
<opcode="load(27) store(28) " fcode="load"/>
<opset="store_ln21982/9 local_B_pong_V_0_load/10 "/>
</bind>
</comp>

<comp id="138" class="1004" name="local_B_ping_V_0_addr_22_gep_fu_138">
<pin_list>
<pin id="139" dir="0" index="0" bw="512" slack="2147483647"/>
<pin id="140" dir="0" index="1" bw="1" slack="0"/>
<pin id="141" dir="0" index="2" bw="4" slack="0"/>
<pin id="142" dir="1" index="3" bw="3" slack="0"/>
</pin_list>
<bind>
<opcode="getelementptr(29) " fcode="getelementptr"/>
<opset="local_B_ping_V_0_addr_22/10 "/>
</bind>
</comp>

<comp id="144" class="1004" name="grp_access_fu_144">
<pin_list>
<pin id="145" dir="0" index="0" bw="3" slack="0"/>
<pin id="146" dir="0" index="1" bw="512" slack="0"/>
<pin id="147" dir="0" index="2" bw="0" slack="2147483647"/>
<pin id="148" dir="1" index="3" bw="512" slack="1"/>
</pin_list>
<bind>
<opcode="load(27) store(28) " fcode="load"/>
<opset="local_B_ping_V_0_load_11/10 store_ln22025/17 local_B_ping_V_0_load/20 "/>
</bind>
</comp>

<comp id="150" class="1004" name="local_B_pong_V_0_addr_gep_fu_150">
<pin_list>
<pin id="151" dir="0" index="0" bw="512" slack="2147483647"/>
<pin id="152" dir="0" index="1" bw="1" slack="0"/>
<pin id="153" dir="0" index="2" bw="4" slack="0"/>
<pin id="154" dir="1" index="3" bw="3" slack="0"/>
</pin_list>
<bind>
<opcode="getelementptr(29) " fcode="getelementptr"/>
<opset="local_B_pong_V_0_addr/10 "/>
</bind>
</comp>

<comp id="157" class="1004" name="local_B_ping_V_0_addr_21_gep_fu_157">
<pin_list>
<pin id="158" dir="0" index="0" bw="512" slack="2147483647"/>
<pin id="159" dir="0" index="1" bw="1" slack="0"/>
<pin id="160" dir="0" index="2" bw="4" slack="0"/>
<pin id="161" dir="1" index="3" bw="3" slack="0"/>
</pin_list>
<bind>
<opcode="getelementptr(29) " fcode="getelementptr"/>
<opset="local_B_ping_V_0_addr_21/17 "/>
</bind>
</comp>

<comp id="165" class="1004" name="local_B_ping_V_0_addr_gep_fu_165">
<pin_list>
<pin id="166" dir="0" index="0" bw="512" slack="2147483647"/>
<pin id="167" dir="0" index="1" bw="1" slack="0"/>
<pin id="168" dir="0" index="2" bw="4" slack="0"/>
<pin id="169" dir="1" index="3" bw="3" slack="0"/>
</pin_list>
<bind>
<opcode="getelementptr(29) " fcode="getelementptr"/>
<opset="local_B_ping_V_0_addr/20 "/>
</bind>
</comp>

<comp id="172" class="1005" name="c0_V_reg_172">
<pin_list>
<pin id="173" dir="0" index="0" bw="5" slack="1"/>
<pin id="174" dir="1" index="1" bw="5" slack="1"/>
</pin_list>
<bind>
<opset="c0_V (phireg) "/>
</bind>
</comp>

<comp id="176" class="1004" name="c0_V_phi_fu_176">
<pin_list>
<pin id="177" dir="0" index="0" bw="5" slack="0"/>
<pin id="178" dir="0" index="1" bw="0" slack="2147483647"/>
<pin id="179" dir="0" index="2" bw="1" slack="1"/>
<pin id="180" dir="0" index="3" bw="0" slack="2147483647"/>
<pin id="181" dir="1" index="4" bw="5" slack="0"/>
</pin_list>
<bind>
<opcode="phi(47) " fcode="phi"/>
<opset="c0_V/2 "/>
</bind>
</comp>

<comp id="183" class="1005" name="intra_trans_en_reg_183">
<pin_list>
<pin id="184" dir="0" index="0" bw="1" slack="1"/>
<pin id="185" dir="1" index="1" bw="1" slack="1"/>
</pin_list>
<bind>
<opset="intra_trans_en (phireg) "/>
</bind>
</comp>

<comp id="188" class="1004" name="intra_trans_en_phi_fu_188">
<pin_list>
<pin id="189" dir="0" index="0" bw="1" slack="1"/>
<pin id="190" dir="0" index="1" bw="0" slack="2147483647"/>
<pin id="191" dir="0" index="2" bw="1" slack="1"/>
<pin id="192" dir="0" index="3" bw="0" slack="2147483647"/>
<pin id="193" dir="1" index="4" bw="1" slack="1"/>
</pin_list>
<bind>
<opcode="phi(47) " fcode="phi"/>
<opset="intra_trans_en/2 "/>
</bind>
</comp>

<comp id="197" class="1005" name="c1_V_reg_197">
<pin_list>
<pin id="198" dir="0" index="0" bw="5" slack="1"/>
<pin id="199" dir="1" index="1" bw="5" slack="1"/>
</pin_list>
<bind>
<opset="c1_V (phireg) "/>
</bind>
</comp>

<comp id="201" class="1004" name="c1_V_phi_fu_201">
<pin_list>
<pin id="202" dir="0" index="0" bw="5" slack="0"/>
<pin id="203" dir="0" index="1" bw="0" slack="2147483647"/>
<pin id="204" dir="0" index="2" bw="1" slack="1"/>
<pin id="205" dir="0" index="3" bw="0" slack="2147483647"/>
<pin id="206" dir="1" index="4" bw="5" slack="0"/>
</pin_list>
<bind>
<opcode="phi(47) " fcode="phi"/>
<opset="c1_V/3 "/>
</bind>
</comp>

<comp id="208" class="1005" name="intra_trans_en_21_reg_208">
<pin_list>
<pin id="209" dir="0" index="0" bw="1" slack="1"/>
<pin id="210" dir="1" index="1" bw="1" slack="1"/>
</pin_list>
<bind>
<opset="intra_trans_en_21 (phireg) "/>
</bind>
</comp>

<comp id="212" class="1004" name="intra_trans_en_21_phi_fu_212">
<pin_list>
<pin id="213" dir="0" index="0" bw="1" slack="1"/>
<pin id="214" dir="0" index="1" bw="0" slack="2147483647"/>
<pin id="215" dir="0" index="2" bw="1" slack="1"/>
<pin id="216" dir="0" index="3" bw="0" slack="2147483647"/>
<pin id="217" dir="1" index="4" bw="1" slack="1"/>
</pin_list>
<bind>
<opcode="phi(47) " fcode="phi"/>
<opset="intra_trans_en_21/3 "/>
</bind>
</comp>

<comp id="221" class="1005" name="c2_V_reg_221">
<pin_list>
<pin id="222" dir="0" index="0" bw="6" slack="1"/>
<pin id="223" dir="1" index="1" bw="6" slack="1"/>
</pin_list>
<bind>
<opset="c2_V (phireg) "/>
</bind>
</comp>

<comp id="225" class="1004" name="c2_V_phi_fu_225">
<pin_list>
<pin id="226" dir="0" index="0" bw="1" slack="1"/>
<pin id="227" dir="0" index="1" bw="0" slack="2147483647"/>
<pin id="228" dir="0" index="2" bw="6" slack="0"/>
<pin id="229" dir="0" index="3" bw="0" slack="2147483647"/>
<pin id="230" dir="1" index="4" bw="6" slack="0"/>
</pin_list>
<bind>
<opcode="phi(47) " fcode="phi"/>
<opset="c2_V/4 "/>
</bind>
</comp>

<comp id="232" class="1005" name="intra_trans_en_22_reg_232">
<pin_list>
<pin id="233" dir="0" index="0" bw="1" slack="1"/>
<pin id="234" dir="1" index="1" bw="1" slack="1"/>
</pin_list>
<bind>
<opset="intra_trans_en_22 (phireg) "/>
</bind>
</comp>

<comp id="236" class="1004" name="intra_trans_en_22_phi_fu_236">
<pin_list>
<pin id="237" dir="0" index="0" bw="1" slack="1"/>
<pin id="238" dir="0" index="1" bw="0" slack="2147483647"/>
<pin id="239" dir="0" index="2" bw="1" slack="1"/>
<pin id="240" dir="0" index="3" bw="0" slack="2147483647"/>
<pin id="241" dir="1" index="4" bw="1" slack="1"/>
</pin_list>
<bind>
<opcode="phi(47) " fcode="phi"/>
<opset="intra_trans_en_22/4 "/>
</bind>
</comp>

<comp id="245" class="1005" name="arb_11_reg_245">
<pin_list>
<pin id="246" dir="0" index="0" bw="1" slack="1"/>
<pin id="247" dir="1" index="1" bw="1" slack="1"/>
</pin_list>
<bind>
<opset="arb_11 (phireg) "/>
</bind>
</comp>

<comp id="249" class="1004" name="arb_11_phi_fu_249">
<pin_list>
<pin id="250" dir="0" index="0" bw="1" slack="1"/>
<pin id="251" dir="0" index="1" bw="0" slack="2147483647"/>
<pin id="252" dir="0" index="2" bw="1" slack="1"/>
<pin id="253" dir="0" index="3" bw="0" slack="2147483647"/>
<pin id="254" dir="1" index="4" bw="1" slack="2"/>
</pin_list>
<bind>
<opcode="phi(47) " fcode="phi"/>
<opset="arb_11/4 "/>
</bind>
</comp>

<comp id="257" class="1005" name="c3_V_9_reg_257">
<pin_list>
<pin id="258" dir="0" index="0" bw="4" slack="1"/>
<pin id="259" dir="1" index="1" bw="4" slack="1"/>
</pin_list>
<bind>
<opset="c3_V_9 (phireg) "/>
</bind>
</comp>

<comp id="261" class="1004" name="c3_V_9_phi_fu_261">
<pin_list>
<pin id="262" dir="0" index="0" bw="4" slack="1"/>
<pin id="263" dir="0" index="1" bw="0" slack="2147483647"/>
<pin id="264" dir="0" index="2" bw="3" slack="1"/>
<pin id="265" dir="0" index="3" bw="0" slack="2147483647"/>
<pin id="266" dir="1" index="4" bw="4" slack="0"/>
</pin_list>
<bind>
<opcode="phi(47) " fcode="phi"/>
<opset="c3_V_9/5 "/>
</bind>
</comp>

<comp id="269" class="1005" name="c4_V_43_reg_269">
<pin_list>
<pin id="270" dir="0" index="0" bw="4" slack="1"/>
<pin id="271" dir="1" index="1" bw="4" slack="1"/>
</pin_list>
<bind>
<opset="c4_V_43 (phireg) "/>
</bind>
</comp>

<comp id="273" class="1004" name="c4_V_43_phi_fu_273">
<pin_list>
<pin id="274" dir="0" index="0" bw="4" slack="0"/>
<pin id="275" dir="0" index="1" bw="0" slack="2147483647"/>
<pin id="276" dir="0" index="2" bw="1" slack="1"/>
<pin id="277" dir="0" index="3" bw="0" slack="2147483647"/>
<pin id="278" dir="1" index="4" bw="4" slack="0"/>
</pin_list>
<bind>
<opcode="phi(47) " fcode="phi"/>
<opset="c4_V_43/6 "/>
</bind>
</comp>

<comp id="280" class="1005" name="c4_V_42_reg_280">
<pin_list>
<pin id="281" dir="0" index="0" bw="4" slack="1"/>
<pin id="282" dir="1" index="1" bw="4" slack="1"/>
</pin_list>
<bind>
<opset="c4_V_42 (phireg) "/>
</bind>
</comp>

<comp id="284" class="1004" name="c4_V_42_phi_fu_284">
<pin_list>
<pin id="285" dir="0" index="0" bw="4" slack="0"/>
<pin id="286" dir="0" index="1" bw="0" slack="2147483647"/>
<pin id="287" dir="0" index="2" bw="1" slack="1"/>
<pin id="288" dir="0" index="3" bw="0" slack="2147483647"/>
<pin id="289" dir="1" index="4" bw="4" slack="0"/>
</pin_list>
<bind>
<opcode="phi(47) " fcode="phi"/>
<opset="c4_V_42/8 "/>
</bind>
</comp>

<comp id="292" class="1005" name="c6_V_22_reg_292">
<pin_list>
<pin id="293" dir="0" index="0" bw="4" slack="1"/>
<pin id="294" dir="1" index="1" bw="4" slack="1"/>
</pin_list>
<bind>
<opset="c6_V_22 (phireg) "/>
</bind>
</comp>

<comp id="296" class="1004" name="c6_V_22_phi_fu_296">
<pin_list>
<pin id="297" dir="0" index="0" bw="4" slack="0"/>
<pin id="298" dir="0" index="1" bw="0" slack="2147483647"/>
<pin id="299" dir="0" index="2" bw="1" slack="1"/>
<pin id="300" dir="0" index="3" bw="0" slack="2147483647"/>
<pin id="301" dir="1" index="4" bw="4" slack="0"/>
</pin_list>
<bind>
<opcode="phi(47) " fcode="phi"/>
<opset="c6_V_22/10 "/>
</bind>
</comp>

<comp id="303" class="1005" name="c6_V_21_reg_303">
<pin_list>
<pin id="304" dir="0" index="0" bw="4" slack="1"/>
<pin id="305" dir="1" index="1" bw="4" slack="1"/>
</pin_list>
<bind>
<opset="c6_V_21 (phireg) "/>
</bind>
</comp>

<comp id="307" class="1004" name="c6_V_21_phi_fu_307">
<pin_list>
<pin id="308" dir="0" index="0" bw="4" slack="0"/>
<pin id="309" dir="0" index="1" bw="0" slack="2147483647"/>
<pin id="310" dir="0" index="2" bw="1" slack="1"/>
<pin id="311" dir="0" index="3" bw="0" slack="2147483647"/>
<pin id="312" dir="1" index="4" bw="4" slack="0"/>
</pin_list>
<bind>
<opcode="phi(47) " fcode="phi"/>
<opset="c6_V_21/10 "/>
</bind>
</comp>

<comp id="314" class="1005" name="c7_V_22_reg_314">
<pin_list>
<pin id="315" dir="0" index="0" bw="4" slack="1"/>
<pin id="316" dir="1" index="1" bw="4" slack="1"/>
</pin_list>
<bind>
<opset="c7_V_22 (phireg) "/>
</bind>
</comp>

<comp id="318" class="1004" name="c7_V_22_phi_fu_318">
<pin_list>
<pin id="319" dir="0" index="0" bw="4" slack="0"/>
<pin id="320" dir="0" index="1" bw="0" slack="2147483647"/>
<pin id="321" dir="0" index="2" bw="1" slack="1"/>
<pin id="322" dir="0" index="3" bw="0" slack="2147483647"/>
<pin id="323" dir="1" index="4" bw="4" slack="0"/>
</pin_list>
<bind>
<opcode="phi(47) " fcode="phi"/>
<opset="c7_V_22/12 "/>
</bind>
</comp>

<comp id="325" class="1005" name="c3_V_reg_325">
<pin_list>
<pin id="326" dir="0" index="0" bw="4" slack="1"/>
<pin id="327" dir="1" index="1" bw="4" slack="1"/>
</pin_list>
<bind>
<opset="c3_V (phireg) "/>
</bind>
</comp>

<comp id="329" class="1004" name="c3_V_phi_fu_329">
<pin_list>
<pin id="330" dir="0" index="0" bw="4" slack="1"/>
<pin id="331" dir="0" index="1" bw="0" slack="2147483647"/>
<pin id="332" dir="0" index="2" bw="3" slack="1"/>
<pin id="333" dir="0" index="3" bw="0" slack="2147483647"/>
<pin id="334" dir="1" index="4" bw="4" slack="0"/>
</pin_list>
<bind>
<opcode="phi(47) " fcode="phi"/>
<opset="c3_V/13 "/>
</bind>
</comp>

<comp id="337" class="1005" name="c4_V_41_reg_337">
<pin_list>
<pin id="338" dir="0" index="0" bw="4" slack="1"/>
<pin id="339" dir="1" index="1" bw="4" slack="1"/>
</pin_list>
<bind>
<opset="c4_V_41 (phireg) "/>
</bind>
</comp>

<comp id="341" class="1004" name="c4_V_41_phi_fu_341">
<pin_list>
<pin id="342" dir="0" index="0" bw="4" slack="0"/>
<pin id="343" dir="0" index="1" bw="0" slack="2147483647"/>
<pin id="344" dir="0" index="2" bw="1" slack="1"/>
<pin id="345" dir="0" index="3" bw="0" slack="2147483647"/>
<pin id="346" dir="1" index="4" bw="4" slack="0"/>
</pin_list>
<bind>
<opcode="phi(47) " fcode="phi"/>
<opset="c4_V_41/14 "/>
</bind>
</comp>

<comp id="348" class="1005" name="c4_V_reg_348">
<pin_list>
<pin id="349" dir="0" index="0" bw="4" slack="1"/>
<pin id="350" dir="1" index="1" bw="4" slack="1"/>
</pin_list>
<bind>
<opset="c4_V (phireg) "/>
</bind>
</comp>

<comp id="352" class="1004" name="c4_V_phi_fu_352">
<pin_list>
<pin id="353" dir="0" index="0" bw="4" slack="0"/>
<pin id="354" dir="0" index="1" bw="0" slack="2147483647"/>
<pin id="355" dir="0" index="2" bw="1" slack="1"/>
<pin id="356" dir="0" index="3" bw="0" slack="2147483647"/>
<pin id="357" dir="1" index="4" bw="4" slack="0"/>
</pin_list>
<bind>
<opcode="phi(47) " fcode="phi"/>
<opset="c4_V/16 "/>
</bind>
</comp>

<comp id="360" class="1005" name="c7_V_21_reg_360">
<pin_list>
<pin id="361" dir="0" index="0" bw="4" slack="1"/>
<pin id="362" dir="1" index="1" bw="4" slack="1"/>
</pin_list>
<bind>
<opset="c7_V_21 (phireg) "/>
</bind>
</comp>

<comp id="364" class="1004" name="c7_V_21_phi_fu_364">
<pin_list>
<pin id="365" dir="0" index="0" bw="4" slack="0"/>
<pin id="366" dir="0" index="1" bw="0" slack="2147483647"/>
<pin id="367" dir="0" index="2" bw="1" slack="1"/>
<pin id="368" dir="0" index="3" bw="0" slack="2147483647"/>
<pin id="369" dir="1" index="4" bw="4" slack="0"/>
</pin_list>
<bind>
<opcode="phi(47) " fcode="phi"/>
<opset="c7_V_21/19 "/>
</bind>
</comp>

<comp id="371" class="1005" name="c6_V_reg_371">
<pin_list>
<pin id="372" dir="0" index="0" bw="4" slack="1"/>
<pin id="373" dir="1" index="1" bw="4" slack="1"/>
</pin_list>
<bind>
<opset="c6_V (phireg) "/>
</bind>
</comp>

<comp id="375" class="1004" name="c6_V_phi_fu_375">
<pin_list>
<pin id="376" dir="0" index="0" bw="4" slack="0"/>
<pin id="377" dir="0" index="1" bw="0" slack="2147483647"/>
<pin id="378" dir="0" index="2" bw="1" slack="1"/>
<pin id="379" dir="0" index="3" bw="0" slack="2147483647"/>
<pin id="380" dir="1" index="4" bw="4" slack="0"/>
</pin_list>
<bind>
<opcode="phi(47) " fcode="phi"/>
<opset="c6_V/20 "/>
</bind>
</comp>

<comp id="382" class="1005" name="c7_V_reg_382">
<pin_list>
<pin id="383" dir="0" index="0" bw="4" slack="1"/>
<pin id="384" dir="1" index="1" bw="4" slack="1"/>
</pin_list>
<bind>
<opset="c7_V (phireg) "/>
</bind>
</comp>

<comp id="386" class="1004" name="c7_V_phi_fu_386">
<pin_list>
<pin id="387" dir="0" index="0" bw="4" slack="0"/>
<pin id="388" dir="0" index="1" bw="0" slack="2147483647"/>
<pin id="389" dir="0" index="2" bw="1" slack="1"/>
<pin id="390" dir="0" index="3" bw="0" slack="2147483647"/>
<pin id="391" dir="1" index="4" bw="4" slack="0"/>
</pin_list>
<bind>
<opcode="phi(47) " fcode="phi"/>
<opset="c7_V/22 "/>
</bind>
</comp>

<comp id="393" class="1005" name="reg_393">
<pin_list>
<pin id="394" dir="0" index="0" bw="512" slack="1"/>
<pin id="395" dir="1" index="1" bw="512" slack="1"/>
</pin_list>
<bind>
<opset="local_B_ping_V_0_load_11 local_B_ping_V_0_load "/>
</bind>
</comp>

<comp id="398" class="1004" name="add_ln691_fu_398">
<pin_list>
<pin id="399" dir="0" index="0" bw="5" slack="0"/>
<pin id="400" dir="0" index="1" bw="1" slack="0"/>
<pin id="401" dir="1" index="2" bw="5" slack="0"/>
</pin_list>
<bind>
<opcode="add(8) " fcode="add"/>
<opset="add_ln691/2 "/>
</bind>
</comp>

<comp id="404" class="1004" name="icmp_ln890_fu_404">
<pin_list>
<pin id="405" dir="0" index="0" bw="5" slack="0"/>
<pin id="406" dir="0" index="1" bw="5" slack="0"/>
<pin id="407" dir="1" index="2" bw="1" slack="2147483647"/>
</pin_list>
<bind>
<opcode="icmp(45) " fcode="icmp"/>
<opset="icmp_ln890/2 "/>
</bind>
</comp>

<comp id="410" class="1004" name="add_ln691_2065_fu_410">
<pin_list>
<pin id="411" dir="0" index="0" bw="5" slack="0"/>
<pin id="412" dir="0" index="1" bw="1" slack="0"/>
<pin id="413" dir="1" index="2" bw="5" slack="0"/>
</pin_list>
<bind>
<opcode="add(8) " fcode="add"/>
<opset="add_ln691_2065/3 "/>
</bind>
</comp>

<comp id="416" class="1004" name="icmp_ln890_1680_fu_416">
<pin_list>
<pin id="417" dir="0" index="0" bw="5" slack="0"/>
<pin id="418" dir="0" index="1" bw="5" slack="0"/>
<pin id="419" dir="1" index="2" bw="1" slack="2147483647"/>
</pin_list>
<bind>
<opcode="icmp(45) " fcode="icmp"/>
<opset="icmp_ln890_1680/3 "/>
</bind>
</comp>

<comp id="422" class="1004" name="add_ln691_2070_fu_422">
<pin_list>
<pin id="423" dir="0" index="0" bw="6" slack="0"/>
<pin id="424" dir="0" index="1" bw="1" slack="0"/>
<pin id="425" dir="1" index="2" bw="6" slack="0"/>
</pin_list>
<bind>
<opcode="add(8) " fcode="add"/>
<opset="add_ln691_2070/4 "/>
</bind>
</comp>

<comp id="428" class="1004" name="icmp_ln890_1682_fu_428">
<pin_list>
<pin id="429" dir="0" index="0" bw="6" slack="0"/>
<pin id="430" dir="0" index="1" bw="6" slack="0"/>
<pin id="431" dir="1" index="2" bw="1" slack="2147483647"/>
</pin_list>
<bind>
<opcode="icmp(45) " fcode="icmp"/>
<opset="icmp_ln890_1682/4 "/>
</bind>
</comp>

<comp id="434" class="1004" name="icmp_ln890_1684_fu_434">
<pin_list>
<pin id="435" dir="0" index="0" bw="4" slack="0"/>
<pin id="436" dir="0" index="1" bw="4" slack="0"/>
<pin id="437" dir="1" index="2" bw="1" slack="2147483647"/>
</pin_list>
<bind>
<opcode="icmp(45) " fcode="icmp"/>
<opset="icmp_ln890_1684/5 "/>
</bind>
</comp>

<comp id="440" class="1004" name="icmp_ln870_9_fu_440">
<pin_list>
<pin id="441" dir="0" index="0" bw="4" slack="0"/>
<pin id="442" dir="0" index="1" bw="3" slack="0"/>
<pin id="443" dir="1" index="2" bw="1" slack="2"/>
</pin_list>
<bind>
<opcode="icmp(45) " fcode="icmp"/>
<opset="icmp_ln870_9/5 "/>
</bind>
</comp>

<comp id="446" class="1004" name="add_ln691_2069_fu_446">
<pin_list>
<pin id="447" dir="0" index="0" bw="4" slack="0"/>
<pin id="448" dir="0" index="1" bw="1" slack="0"/>
<pin id="449" dir="1" index="2" bw="4" slack="0"/>
</pin_list>
<bind>
<opcode="add(8) " fcode="add"/>
<opset="add_ln691_2069/6 "/>
</bind>
</comp>

<comp id="452" class="1004" name="icmp_ln890_1690_fu_452">
<pin_list>
<pin id="453" dir="0" index="0" bw="4" slack="0"/>
<pin id="454" dir="0" index="1" bw="4" slack="0"/>
<pin id="455" dir="1" index="2" bw="1" slack="2147483647"/>
</pin_list>
<bind>
<opcode="icmp(45) " fcode="icmp"/>
<opset="icmp_ln890_1690/6 "/>
</bind>
</comp>

<comp id="458" class="1004" name="add_ln691_2068_fu_458">
<pin_list>
<pin id="459" dir="0" index="0" bw="4" slack="0"/>
<pin id="460" dir="0" index="1" bw="1" slack="0"/>
<pin id="461" dir="1" index="2" bw="4" slack="0"/>
</pin_list>
<bind>
<opcode="add(8) " fcode="add"/>
<opset="add_ln691_2068/8 "/>
</bind>
</comp>

<comp id="464" class="1004" name="icmp_ln890_1689_fu_464">
<pin_list>
<pin id="465" dir="0" index="0" bw="4" slack="0"/>
<pin id="466" dir="0" index="1" bw="4" slack="0"/>
<pin id="467" dir="1" index="2" bw="1" slack="1"/>
</pin_list>
<bind>
<opcode="icmp(45) " fcode="icmp"/>
<opset="icmp_ln890_1689/8 "/>
</bind>
</comp>

<comp id="470" class="1004" name="zext_ln890_300_fu_470">
<pin_list>
<pin id="471" dir="0" index="0" bw="4" slack="1"/>
<pin id="472" dir="1" index="1" bw="64" slack="0"/>
</pin_list>
<bind>
<opcode="zext(34) " fcode="zext"/>
<opset="zext_ln890_300/9 "/>
</bind>
</comp>

<comp id="475" class="1004" name="add_ln691_2072_fu_475">
<pin_list>
<pin id="476" dir="0" index="0" bw="4" slack="2"/>
<pin id="477" dir="0" index="1" bw="1" slack="0"/>
<pin id="478" dir="1" index="2" bw="4" slack="1"/>
</pin_list>
<bind>
<opcode="add(8) " fcode="add"/>
<opset="add_ln691_2072/9 "/>
</bind>
</comp>

<comp id="481" class="1004" name="add_ln691_2075_fu_481">
<pin_list>
<pin id="482" dir="0" index="0" bw="4" slack="0"/>
<pin id="483" dir="0" index="1" bw="1" slack="0"/>
<pin id="484" dir="1" index="2" bw="4" slack="0"/>
</pin_list>
<bind>
<opcode="add(8) " fcode="add"/>
<opset="add_ln691_2075/10 "/>
</bind>
</comp>

<comp id="487" class="1004" name="zext_ln890_299_fu_487">
<pin_list>
<pin id="488" dir="0" index="0" bw="4" slack="0"/>
<pin id="489" dir="1" index="1" bw="64" slack="0"/>
</pin_list>
<bind>
<opcode="zext(34) " fcode="zext"/>
<opset="zext_ln890_299/10 "/>
</bind>
</comp>

<comp id="492" class="1004" name="icmp_ln890_1688_fu_492">
<pin_list>
<pin id="493" dir="0" index="0" bw="4" slack="0"/>
<pin id="494" dir="0" index="1" bw="4" slack="0"/>
<pin id="495" dir="1" index="2" bw="1" slack="2147483647"/>
</pin_list>
<bind>
<opcode="icmp(45) " fcode="icmp"/>
<opset="icmp_ln890_1688/10 "/>
</bind>
</comp>

<comp id="498" class="1004" name="add_ln691_2073_fu_498">
<pin_list>
<pin id="499" dir="0" index="0" bw="4" slack="0"/>
<pin id="500" dir="0" index="1" bw="1" slack="0"/>
<pin id="501" dir="1" index="2" bw="4" slack="0"/>
</pin_list>
<bind>
<opcode="add(8) " fcode="add"/>
<opset="add_ln691_2073/10 "/>
</bind>
</comp>

<comp id="504" class="1004" name="zext_ln890_297_fu_504">
<pin_list>
<pin id="505" dir="0" index="0" bw="4" slack="0"/>
<pin id="506" dir="1" index="1" bw="64" slack="0"/>
</pin_list>
<bind>
<opcode="zext(34) " fcode="zext"/>
<opset="zext_ln890_297/10 "/>
</bind>
</comp>

<comp id="509" class="1004" name="icmp_ln890_1685_fu_509">
<pin_list>
<pin id="510" dir="0" index="0" bw="4" slack="0"/>
<pin id="511" dir="0" index="1" bw="4" slack="0"/>
<pin id="512" dir="1" index="2" bw="1" slack="2147483647"/>
</pin_list>
<bind>
<opcode="icmp(45) " fcode="icmp"/>
<opset="icmp_ln890_1685/10 "/>
</bind>
</comp>

<comp id="515" class="1004" name="arb_fu_515">
<pin_list>
<pin id="516" dir="0" index="0" bw="1" slack="2"/>
<pin id="517" dir="0" index="1" bw="1" slack="0"/>
<pin id="518" dir="1" index="2" bw="1" slack="1"/>
</pin_list>
<bind>
<opcode="xor(25) " fcode="xor"/>
<opset="arb/10 "/>
</bind>
</comp>

<comp id="521" class="1004" name="add_ln691_2076_fu_521">
<pin_list>
<pin id="522" dir="0" index="0" bw="4" slack="0"/>
<pin id="523" dir="0" index="1" bw="1" slack="0"/>
<pin id="524" dir="1" index="2" bw="4" slack="0"/>
</pin_list>
<bind>
<opcode="add(8) " fcode="add"/>
<opset="add_ln691_2076/12 "/>
</bind>
</comp>

<comp id="527" class="1004" name="icmp_ln890_1692_fu_527">
<pin_list>
<pin id="528" dir="0" index="0" bw="4" slack="0"/>
<pin id="529" dir="0" index="1" bw="4" slack="0"/>
<pin id="530" dir="1" index="2" bw="1" slack="2147483647"/>
</pin_list>
<bind>
<opcode="icmp(45) " fcode="icmp"/>
<opset="icmp_ln890_1692/12 "/>
</bind>
</comp>

<comp id="533" class="1004" name="icmp_ln890_1683_fu_533">
<pin_list>
<pin id="534" dir="0" index="0" bw="4" slack="0"/>
<pin id="535" dir="0" index="1" bw="4" slack="0"/>
<pin id="536" dir="1" index="2" bw="1" slack="2147483647"/>
</pin_list>
<bind>
<opcode="icmp(45) " fcode="icmp"/>
<opset="icmp_ln890_1683/13 "/>
</bind>
</comp>

<comp id="539" class="1004" name="icmp_ln870_fu_539">
<pin_list>
<pin id="540" dir="0" index="0" bw="4" slack="0"/>
<pin id="541" dir="0" index="1" bw="3" slack="0"/>
<pin id="542" dir="1" index="2" bw="1" slack="2"/>
</pin_list>
<bind>
<opcode="icmp(45) " fcode="icmp"/>
<opset="icmp_ln870/13 "/>
</bind>
</comp>

<comp id="545" class="1004" name="add_ln691_2067_fu_545">
<pin_list>
<pin id="546" dir="0" index="0" bw="4" slack="0"/>
<pin id="547" dir="0" index="1" bw="1" slack="0"/>
<pin id="548" dir="1" index="2" bw="4" slack="0"/>
</pin_list>
<bind>
<opcode="add(8) " fcode="add"/>
<opset="add_ln691_2067/14 "/>
</bind>
</comp>

<comp id="551" class="1004" name="icmp_ln890_1687_fu_551">
<pin_list>
<pin id="552" dir="0" index="0" bw="4" slack="0"/>
<pin id="553" dir="0" index="1" bw="4" slack="0"/>
<pin id="554" dir="1" index="2" bw="1" slack="2147483647"/>
</pin_list>
<bind>
<opcode="icmp(45) " fcode="icmp"/>
<opset="icmp_ln890_1687/14 "/>
</bind>
</comp>

<comp id="557" class="1004" name="add_ln691_2066_fu_557">
<pin_list>
<pin id="558" dir="0" index="0" bw="4" slack="0"/>
<pin id="559" dir="0" index="1" bw="1" slack="0"/>
<pin id="560" dir="1" index="2" bw="4" slack="0"/>
</pin_list>
<bind>
<opcode="add(8) " fcode="add"/>
<opset="add_ln691_2066/16 "/>
</bind>
</comp>

<comp id="563" class="1004" name="icmp_ln890_1686_fu_563">
<pin_list>
<pin id="564" dir="0" index="0" bw="4" slack="0"/>
<pin id="565" dir="0" index="1" bw="4" slack="0"/>
<pin id="566" dir="1" index="2" bw="1" slack="1"/>
</pin_list>
<bind>
<opcode="icmp(45) " fcode="icmp"/>
<opset="icmp_ln890_1686/16 "/>
</bind>
</comp>

<comp id="569" class="1004" name="zext_ln890_298_fu_569">
<pin_list>
<pin id="570" dir="0" index="0" bw="4" slack="1"/>
<pin id="571" dir="1" index="1" bw="64" slack="0"/>
</pin_list>
<bind>
<opcode="zext(34) " fcode="zext"/>
<opset="zext_ln890_298/17 "/>
</bind>
</comp>

<comp id="574" class="1004" name="add_ln691_2071_fu_574">
<pin_list>
<pin id="575" dir="0" index="0" bw="4" slack="2"/>
<pin id="576" dir="0" index="1" bw="1" slack="0"/>
<pin id="577" dir="1" index="2" bw="4" slack="1"/>
</pin_list>
<bind>
<opcode="add(8) " fcode="add"/>
<opset="add_ln691_2071/17 "/>
</bind>
</comp>

<comp id="580" class="1004" name="add_ln691_2074_fu_580">
<pin_list>
<pin id="581" dir="0" index="0" bw="4" slack="0"/>
<pin id="582" dir="0" index="1" bw="1" slack="0"/>
<pin id="583" dir="1" index="2" bw="4" slack="0"/>
</pin_list>
<bind>
<opcode="add(8) " fcode="add"/>
<opset="add_ln691_2074/19 "/>
</bind>
</comp>

<comp id="586" class="1004" name="icmp_ln890_1691_fu_586">
<pin_list>
<pin id="587" dir="0" index="0" bw="4" slack="0"/>
<pin id="588" dir="0" index="1" bw="4" slack="0"/>
<pin id="589" dir="1" index="2" bw="1" slack="2147483647"/>
</pin_list>
<bind>
<opcode="icmp(45) " fcode="icmp"/>
<opset="icmp_ln890_1691/19 "/>
</bind>
</comp>

<comp id="592" class="1004" name="add_ln691_2063_fu_592">
<pin_list>
<pin id="593" dir="0" index="0" bw="4" slack="0"/>
<pin id="594" dir="0" index="1" bw="1" slack="0"/>
<pin id="595" dir="1" index="2" bw="4" slack="0"/>
</pin_list>
<bind>
<opcode="add(8) " fcode="add"/>
<opset="add_ln691_2063/20 "/>
</bind>
</comp>

<comp id="598" class="1004" name="zext_ln890_fu_598">
<pin_list>
<pin id="599" dir="0" index="0" bw="4" slack="0"/>
<pin id="600" dir="1" index="1" bw="64" slack="0"/>
</pin_list>
<bind>
<opcode="zext(34) " fcode="zext"/>
<opset="zext_ln890/20 "/>
</bind>
</comp>

<comp id="603" class="1004" name="icmp_ln890_1679_fu_603">
<pin_list>
<pin id="604" dir="0" index="0" bw="4" slack="0"/>
<pin id="605" dir="0" index="1" bw="4" slack="0"/>
<pin id="606" dir="1" index="2" bw="1" slack="2147483647"/>
</pin_list>
<bind>
<opcode="icmp(45) " fcode="icmp"/>
<opset="icmp_ln890_1679/20 "/>
</bind>
</comp>

<comp id="609" class="1004" name="add_ln691_2064_fu_609">
<pin_list>
<pin id="610" dir="0" index="0" bw="4" slack="0"/>
<pin id="611" dir="0" index="1" bw="1" slack="0"/>
<pin id="612" dir="1" index="2" bw="4" slack="0"/>
</pin_list>
<bind>
<opcode="add(8) " fcode="add"/>
<opset="add_ln691_2064/22 "/>
</bind>
</comp>

<comp id="615" class="1004" name="icmp_ln890_1681_fu_615">
<pin_list>
<pin id="616" dir="0" index="0" bw="4" slack="0"/>
<pin id="617" dir="0" index="1" bw="4" slack="0"/>
<pin id="618" dir="1" index="2" bw="1" slack="2147483647"/>
</pin_list>
<bind>
<opcode="icmp(45) " fcode="icmp"/>
<opset="icmp_ln890_1681/22 "/>
</bind>
</comp>

<comp id="621" class="1005" name="add_ln691_reg_621">
<pin_list>
<pin id="622" dir="0" index="0" bw="5" slack="0"/>
<pin id="623" dir="1" index="1" bw="5" slack="0"/>
</pin_list>
<bind>
<opset="add_ln691 "/>
</bind>
</comp>

<comp id="629" class="1005" name="add_ln691_2065_reg_629">
<pin_list>
<pin id="630" dir="0" index="0" bw="5" slack="0"/>
<pin id="631" dir="1" index="1" bw="5" slack="0"/>
</pin_list>
<bind>
<opset="add_ln691_2065 "/>
</bind>
</comp>

<comp id="637" class="1005" name="add_ln691_2070_reg_637">
<pin_list>
<pin id="638" dir="0" index="0" bw="6" slack="0"/>
<pin id="639" dir="1" index="1" bw="6" slack="0"/>
</pin_list>
<bind>
<opset="add_ln691_2070 "/>
</bind>
</comp>

<comp id="648" class="1005" name="icmp_ln870_9_reg_648">
<pin_list>
<pin id="649" dir="0" index="0" bw="1" slack="2"/>
<pin id="650" dir="1" index="1" bw="1" slack="2147483647"/>
</pin_list>
<bind>
<opset="icmp_ln870_9 "/>
</bind>
</comp>

<comp id="652" class="1005" name="add_ln691_2069_reg_652">
<pin_list>
<pin id="653" dir="0" index="0" bw="4" slack="0"/>
<pin id="654" dir="1" index="1" bw="4" slack="0"/>
</pin_list>
<bind>
<opset="add_ln691_2069 "/>
</bind>
</comp>

<comp id="660" class="1005" name="add_ln691_2068_reg_660">
<pin_list>
<pin id="661" dir="0" index="0" bw="4" slack="0"/>
<pin id="662" dir="1" index="1" bw="4" slack="0"/>
</pin_list>
<bind>
<opset="add_ln691_2068 "/>
</bind>
</comp>

<comp id="665" class="1005" name="icmp_ln890_1689_reg_665">
<pin_list>
<pin id="666" dir="0" index="0" bw="1" slack="1"/>
<pin id="667" dir="1" index="1" bw="1" slack="2147483647"/>
</pin_list>
<bind>
<opset="icmp_ln890_1689 "/>
</bind>
</comp>

<comp id="669" class="1005" name="add_ln691_2072_reg_669">
<pin_list>
<pin id="670" dir="0" index="0" bw="4" slack="1"/>
<pin id="671" dir="1" index="1" bw="4" slack="1"/>
</pin_list>
<bind>
<opset="add_ln691_2072 "/>
</bind>
</comp>

<comp id="674" class="1005" name="add_ln691_2075_reg_674">
<pin_list>
<pin id="675" dir="0" index="0" bw="4" slack="0"/>
<pin id="676" dir="1" index="1" bw="4" slack="0"/>
</pin_list>
<bind>
<opset="add_ln691_2075 "/>
</bind>
</comp>

<comp id="682" class="1005" name="local_B_ping_V_0_addr_22_reg_682">
<pin_list>
<pin id="683" dir="0" index="0" bw="3" slack="1"/>
<pin id="684" dir="1" index="1" bw="3" slack="1"/>
</pin_list>
<bind>
<opset="local_B_ping_V_0_addr_22 "/>
</bind>
</comp>

<comp id="687" class="1005" name="add_ln691_2073_reg_687">
<pin_list>
<pin id="688" dir="0" index="0" bw="4" slack="0"/>
<pin id="689" dir="1" index="1" bw="4" slack="0"/>
</pin_list>
<bind>
<opset="add_ln691_2073 "/>
</bind>
</comp>

<comp id="695" class="1005" name="local_B_pong_V_0_addr_reg_695">
<pin_list>
<pin id="696" dir="0" index="0" bw="3" slack="1"/>
<pin id="697" dir="1" index="1" bw="3" slack="1"/>
</pin_list>
<bind>
<opset="local_B_pong_V_0_addr "/>
</bind>
</comp>

<comp id="700" class="1005" name="arb_reg_700">
<pin_list>
<pin id="701" dir="0" index="0" bw="1" slack="1"/>
<pin id="702" dir="1" index="1" bw="1" slack="1"/>
</pin_list>
<bind>
<opset="arb "/>
</bind>
</comp>

<comp id="705" class="1005" name="add_ln691_2076_reg_705">
<pin_list>
<pin id="706" dir="0" index="0" bw="4" slack="0"/>
<pin id="707" dir="1" index="1" bw="4" slack="0"/>
</pin_list>
<bind>
<opset="add_ln691_2076 "/>
</bind>
</comp>

<comp id="716" class="1005" name="icmp_ln870_reg_716">
<pin_list>
<pin id="717" dir="0" index="0" bw="1" slack="2"/>
<pin id="718" dir="1" index="1" bw="1" slack="2147483647"/>
</pin_list>
<bind>
<opset="icmp_ln870 "/>
</bind>
</comp>

<comp id="720" class="1005" name="add_ln691_2067_reg_720">
<pin_list>
<pin id="721" dir="0" index="0" bw="4" slack="0"/>
<pin id="722" dir="1" index="1" bw="4" slack="0"/>
</pin_list>
<bind>
<opset="add_ln691_2067 "/>
</bind>
</comp>

<comp id="728" class="1005" name="add_ln691_2066_reg_728">
<pin_list>
<pin id="729" dir="0" index="0" bw="4" slack="0"/>
<pin id="730" dir="1" index="1" bw="4" slack="0"/>
</pin_list>
<bind>
<opset="add_ln691_2066 "/>
</bind>
</comp>

<comp id="733" class="1005" name="icmp_ln890_1686_reg_733">
<pin_list>
<pin id="734" dir="0" index="0" bw="1" slack="1"/>
<pin id="735" dir="1" index="1" bw="1" slack="2147483647"/>
</pin_list>
<bind>
<opset="icmp_ln890_1686 "/>
</bind>
</comp>

<comp id="737" class="1005" name="add_ln691_2071_reg_737">
<pin_list>
<pin id="738" dir="0" index="0" bw="4" slack="1"/>
<pin id="739" dir="1" index="1" bw="4" slack="1"/>
</pin_list>
<bind>
<opset="add_ln691_2071 "/>
</bind>
</comp>

<comp id="742" class="1005" name="local_B_pong_V_0_load_reg_742">
<pin_list>
<pin id="743" dir="0" index="0" bw="512" slack="1"/>
<pin id="744" dir="1" index="1" bw="512" slack="1"/>
</pin_list>
<bind>
<opset="local_B_pong_V_0_load "/>
</bind>
</comp>

<comp id="747" class="1005" name="add_ln691_2074_reg_747">
<pin_list>
<pin id="748" dir="0" index="0" bw="4" slack="0"/>
<pin id="749" dir="1" index="1" bw="4" slack="0"/>
</pin_list>
<bind>
<opset="add_ln691_2074 "/>
</bind>
</comp>

<comp id="755" class="1005" name="add_ln691_2063_reg_755">
<pin_list>
<pin id="756" dir="0" index="0" bw="4" slack="0"/>
<pin id="757" dir="1" index="1" bw="4" slack="0"/>
</pin_list>
<bind>
<opset="add_ln691_2063 "/>
</bind>
</comp>

<comp id="763" class="1005" name="local_B_ping_V_0_addr_reg_763">
<pin_list>
<pin id="764" dir="0" index="0" bw="3" slack="1"/>
<pin id="765" dir="1" index="1" bw="3" slack="1"/>
</pin_list>
<bind>
<opset="local_B_ping_V_0_addr "/>
</bind>
</comp>

<comp id="768" class="1005" name="add_ln691_2064_reg_768">
<pin_list>
<pin id="769" dir="0" index="0" bw="4" slack="0"/>
<pin id="770" dir="1" index="1" bw="4" slack="0"/>
</pin_list>
<bind>
<opset="add_ln691_2064 "/>
</bind>
</comp>

</comp_list>

<net_list>
<net id="99"><net_src comp="22" pin="0"/><net_sink comp="96" pin=0"/></net>

<net id="103"><net_src comp="22" pin="0"/><net_sink comp="100" pin=0"/></net>

<net id="108"><net_src comp="70" pin="0"/><net_sink comp="104" pin=0"/></net>

<net id="109"><net_src comp="0" pin="0"/><net_sink comp="104" pin=1"/></net>

<net id="115"><net_src comp="72" pin="0"/><net_sink comp="110" pin=0"/></net>

<net id="116"><net_src comp="2" pin="0"/><net_sink comp="110" pin=1"/></net>

<net id="117"><net_src comp="104" pin="2"/><net_sink comp="110" pin=2"/></net>

<net id="123"><net_src comp="72" pin="0"/><net_sink comp="118" pin=0"/></net>

<net id="124"><net_src comp="4" pin="0"/><net_sink comp="118" pin=1"/></net>

<net id="130"><net_src comp="76" pin="0"/><net_sink comp="125" pin=1"/></net>

<net id="136"><net_src comp="104" pin="2"/><net_sink comp="131" pin=1"/></net>

<net id="137"><net_src comp="125" pin="3"/><net_sink comp="131" pin=0"/></net>

<net id="143"><net_src comp="76" pin="0"/><net_sink comp="138" pin=1"/></net>

<net id="149"><net_src comp="138" pin="3"/><net_sink comp="144" pin=0"/></net>

<net id="155"><net_src comp="76" pin="0"/><net_sink comp="150" pin=1"/></net>

<net id="156"><net_src comp="150" pin="3"/><net_sink comp="131" pin=0"/></net>

<net id="162"><net_src comp="76" pin="0"/><net_sink comp="157" pin=1"/></net>

<net id="163"><net_src comp="104" pin="2"/><net_sink comp="144" pin=1"/></net>

<net id="164"><net_src comp="157" pin="3"/><net_sink comp="144" pin=0"/></net>

<net id="170"><net_src comp="76" pin="0"/><net_sink comp="165" pin=1"/></net>

<net id="171"><net_src comp="165" pin="3"/><net_sink comp="144" pin=0"/></net>

<net id="175"><net_src comp="24" pin="0"/><net_sink comp="172" pin=0"/></net>

<net id="182"><net_src comp="172" pin="1"/><net_sink comp="176" pin=2"/></net>

<net id="186"><net_src comp="26" pin="0"/><net_sink comp="183" pin=0"/></net>

<net id="187"><net_src comp="28" pin="0"/><net_sink comp="183" pin=0"/></net>

<net id="194"><net_src comp="183" pin="1"/><net_sink comp="188" pin=0"/></net>

<net id="195"><net_src comp="183" pin="1"/><net_sink comp="188" pin=2"/></net>

<net id="196"><net_src comp="188" pin="4"/><net_sink comp="183" pin=0"/></net>

<net id="200"><net_src comp="24" pin="0"/><net_sink comp="197" pin=0"/></net>

<net id="207"><net_src comp="197" pin="1"/><net_sink comp="201" pin=2"/></net>

<net id="211"><net_src comp="26" pin="0"/><net_sink comp="208" pin=0"/></net>

<net id="218"><net_src comp="208" pin="1"/><net_sink comp="212" pin=0"/></net>

<net id="219"><net_src comp="183" pin="1"/><net_sink comp="212" pin=2"/></net>

<net id="220"><net_src comp="212" pin="4"/><net_sink comp="208" pin=0"/></net>

<net id="224"><net_src comp="44" pin="0"/><net_sink comp="221" pin=0"/></net>

<net id="231"><net_src comp="221" pin="1"/><net_sink comp="225" pin=0"/></net>

<net id="235"><net_src comp="26" pin="0"/><net_sink comp="232" pin=0"/></net>

<net id="242"><net_src comp="208" pin="1"/><net_sink comp="236" pin=0"/></net>

<net id="243"><net_src comp="232" pin="1"/><net_sink comp="236" pin=2"/></net>

<net id="244"><net_src comp="236" pin="4"/><net_sink comp="232" pin=0"/></net>

<net id="248"><net_src comp="28" pin="0"/><net_sink comp="245" pin=0"/></net>

<net id="255"><net_src comp="245" pin="1"/><net_sink comp="249" pin=0"/></net>

<net id="256"><net_src comp="249" pin="4"/><net_sink comp="245" pin=0"/></net>

<net id="260"><net_src comp="54" pin="0"/><net_sink comp="257" pin=0"/></net>

<net id="267"><net_src comp="257" pin="1"/><net_sink comp="261" pin=2"/></net>

<net id="268"><net_src comp="261" pin="4"/><net_sink comp="257" pin=0"/></net>

<net id="272"><net_src comp="62" pin="0"/><net_sink comp="269" pin=0"/></net>

<net id="279"><net_src comp="269" pin="1"/><net_sink comp="273" pin=2"/></net>

<net id="283"><net_src comp="62" pin="0"/><net_sink comp="280" pin=0"/></net>

<net id="290"><net_src comp="280" pin="1"/><net_sink comp="284" pin=2"/></net>

<net id="291"><net_src comp="284" pin="4"/><net_sink comp="280" pin=0"/></net>

<net id="295"><net_src comp="62" pin="0"/><net_sink comp="292" pin=0"/></net>

<net id="302"><net_src comp="292" pin="1"/><net_sink comp="296" pin=2"/></net>

<net id="306"><net_src comp="62" pin="0"/><net_sink comp="303" pin=0"/></net>

<net id="313"><net_src comp="303" pin="1"/><net_sink comp="307" pin=2"/></net>

<net id="317"><net_src comp="62" pin="0"/><net_sink comp="314" pin=0"/></net>

<net id="324"><net_src comp="314" pin="1"/><net_sink comp="318" pin=2"/></net>

<net id="328"><net_src comp="54" pin="0"/><net_sink comp="325" pin=0"/></net>

<net id="335"><net_src comp="325" pin="1"/><net_sink comp="329" pin=2"/></net>

<net id="336"><net_src comp="329" pin="4"/><net_sink comp="325" pin=0"/></net>

<net id="340"><net_src comp="62" pin="0"/><net_sink comp="337" pin=0"/></net>

<net id="347"><net_src comp="337" pin="1"/><net_sink comp="341" pin=2"/></net>

<net id="351"><net_src comp="62" pin="0"/><net_sink comp="348" pin=0"/></net>

<net id="358"><net_src comp="348" pin="1"/><net_sink comp="352" pin=2"/></net>

<net id="359"><net_src comp="352" pin="4"/><net_sink comp="348" pin=0"/></net>

<net id="363"><net_src comp="62" pin="0"/><net_sink comp="360" pin=0"/></net>

<net id="370"><net_src comp="360" pin="1"/><net_sink comp="364" pin=2"/></net>

<net id="374"><net_src comp="62" pin="0"/><net_sink comp="371" pin=0"/></net>

<net id="381"><net_src comp="371" pin="1"/><net_sink comp="375" pin=2"/></net>

<net id="385"><net_src comp="62" pin="0"/><net_sink comp="382" pin=0"/></net>

<net id="392"><net_src comp="382" pin="1"/><net_sink comp="386" pin=2"/></net>

<net id="396"><net_src comp="144" pin="3"/><net_sink comp="393" pin=0"/></net>

<net id="397"><net_src comp="393" pin="1"/><net_sink comp="118" pin=2"/></net>

<net id="402"><net_src comp="176" pin="4"/><net_sink comp="398" pin=0"/></net>

<net id="403"><net_src comp="30" pin="0"/><net_sink comp="398" pin=1"/></net>

<net id="408"><net_src comp="176" pin="4"/><net_sink comp="404" pin=0"/></net>

<net id="409"><net_src comp="32" pin="0"/><net_sink comp="404" pin=1"/></net>

<net id="414"><net_src comp="201" pin="4"/><net_sink comp="410" pin=0"/></net>

<net id="415"><net_src comp="30" pin="0"/><net_sink comp="410" pin=1"/></net>

<net id="420"><net_src comp="201" pin="4"/><net_sink comp="416" pin=0"/></net>

<net id="421"><net_src comp="32" pin="0"/><net_sink comp="416" pin=1"/></net>

<net id="426"><net_src comp="225" pin="4"/><net_sink comp="422" pin=0"/></net>

<net id="427"><net_src comp="46" pin="0"/><net_sink comp="422" pin=1"/></net>

<net id="432"><net_src comp="225" pin="4"/><net_sink comp="428" pin=0"/></net>

<net id="433"><net_src comp="48" pin="0"/><net_sink comp="428" pin=1"/></net>

<net id="438"><net_src comp="261" pin="4"/><net_sink comp="434" pin=0"/></net>

<net id="439"><net_src comp="56" pin="0"/><net_sink comp="434" pin=1"/></net>

<net id="444"><net_src comp="261" pin="4"/><net_sink comp="440" pin=0"/></net>

<net id="445"><net_src comp="54" pin="0"/><net_sink comp="440" pin=1"/></net>

<net id="450"><net_src comp="273" pin="4"/><net_sink comp="446" pin=0"/></net>

<net id="451"><net_src comp="64" pin="0"/><net_sink comp="446" pin=1"/></net>

<net id="456"><net_src comp="273" pin="4"/><net_sink comp="452" pin=0"/></net>

<net id="457"><net_src comp="56" pin="0"/><net_sink comp="452" pin=1"/></net>

<net id="462"><net_src comp="284" pin="4"/><net_sink comp="458" pin=0"/></net>

<net id="463"><net_src comp="64" pin="0"/><net_sink comp="458" pin=1"/></net>

<net id="468"><net_src comp="284" pin="4"/><net_sink comp="464" pin=0"/></net>

<net id="469"><net_src comp="56" pin="0"/><net_sink comp="464" pin=1"/></net>

<net id="473"><net_src comp="280" pin="1"/><net_sink comp="470" pin=0"/></net>

<net id="474"><net_src comp="470" pin="1"/><net_sink comp="125" pin=2"/></net>

<net id="479"><net_src comp="257" pin="1"/><net_sink comp="475" pin=0"/></net>

<net id="480"><net_src comp="64" pin="0"/><net_sink comp="475" pin=1"/></net>

<net id="485"><net_src comp="296" pin="4"/><net_sink comp="481" pin=0"/></net>

<net id="486"><net_src comp="64" pin="0"/><net_sink comp="481" pin=1"/></net>

<net id="490"><net_src comp="296" pin="4"/><net_sink comp="487" pin=0"/></net>

<net id="491"><net_src comp="487" pin="1"/><net_sink comp="138" pin=2"/></net>

<net id="496"><net_src comp="296" pin="4"/><net_sink comp="492" pin=0"/></net>

<net id="497"><net_src comp="56" pin="0"/><net_sink comp="492" pin=1"/></net>

<net id="502"><net_src comp="307" pin="4"/><net_sink comp="498" pin=0"/></net>

<net id="503"><net_src comp="64" pin="0"/><net_sink comp="498" pin=1"/></net>

<net id="507"><net_src comp="307" pin="4"/><net_sink comp="504" pin=0"/></net>

<net id="508"><net_src comp="504" pin="1"/><net_sink comp="150" pin=2"/></net>

<net id="513"><net_src comp="307" pin="4"/><net_sink comp="509" pin=0"/></net>

<net id="514"><net_src comp="56" pin="0"/><net_sink comp="509" pin=1"/></net>

<net id="519"><net_src comp="245" pin="1"/><net_sink comp="515" pin=0"/></net>

<net id="520"><net_src comp="26" pin="0"/><net_sink comp="515" pin=1"/></net>

<net id="525"><net_src comp="318" pin="4"/><net_sink comp="521" pin=0"/></net>

<net id="526"><net_src comp="64" pin="0"/><net_sink comp="521" pin=1"/></net>

<net id="531"><net_src comp="318" pin="4"/><net_sink comp="527" pin=0"/></net>

<net id="532"><net_src comp="56" pin="0"/><net_sink comp="527" pin=1"/></net>

<net id="537"><net_src comp="329" pin="4"/><net_sink comp="533" pin=0"/></net>

<net id="538"><net_src comp="56" pin="0"/><net_sink comp="533" pin=1"/></net>

<net id="543"><net_src comp="329" pin="4"/><net_sink comp="539" pin=0"/></net>

<net id="544"><net_src comp="54" pin="0"/><net_sink comp="539" pin=1"/></net>

<net id="549"><net_src comp="341" pin="4"/><net_sink comp="545" pin=0"/></net>

<net id="550"><net_src comp="64" pin="0"/><net_sink comp="545" pin=1"/></net>

<net id="555"><net_src comp="341" pin="4"/><net_sink comp="551" pin=0"/></net>

<net id="556"><net_src comp="56" pin="0"/><net_sink comp="551" pin=1"/></net>

<net id="561"><net_src comp="352" pin="4"/><net_sink comp="557" pin=0"/></net>

<net id="562"><net_src comp="64" pin="0"/><net_sink comp="557" pin=1"/></net>

<net id="567"><net_src comp="352" pin="4"/><net_sink comp="563" pin=0"/></net>

<net id="568"><net_src comp="56" pin="0"/><net_sink comp="563" pin=1"/></net>

<net id="572"><net_src comp="348" pin="1"/><net_sink comp="569" pin=0"/></net>

<net id="573"><net_src comp="569" pin="1"/><net_sink comp="157" pin=2"/></net>

<net id="578"><net_src comp="325" pin="1"/><net_sink comp="574" pin=0"/></net>

<net id="579"><net_src comp="64" pin="0"/><net_sink comp="574" pin=1"/></net>

<net id="584"><net_src comp="364" pin="4"/><net_sink comp="580" pin=0"/></net>

<net id="585"><net_src comp="64" pin="0"/><net_sink comp="580" pin=1"/></net>

<net id="590"><net_src comp="364" pin="4"/><net_sink comp="586" pin=0"/></net>

<net id="591"><net_src comp="56" pin="0"/><net_sink comp="586" pin=1"/></net>

<net id="596"><net_src comp="375" pin="4"/><net_sink comp="592" pin=0"/></net>

<net id="597"><net_src comp="64" pin="0"/><net_sink comp="592" pin=1"/></net>

<net id="601"><net_src comp="375" pin="4"/><net_sink comp="598" pin=0"/></net>

<net id="602"><net_src comp="598" pin="1"/><net_sink comp="165" pin=2"/></net>

<net id="607"><net_src comp="375" pin="4"/><net_sink comp="603" pin=0"/></net>

<net id="608"><net_src comp="56" pin="0"/><net_sink comp="603" pin=1"/></net>

<net id="613"><net_src comp="386" pin="4"/><net_sink comp="609" pin=0"/></net>

<net id="614"><net_src comp="64" pin="0"/><net_sink comp="609" pin=1"/></net>

<net id="619"><net_src comp="386" pin="4"/><net_sink comp="615" pin=0"/></net>

<net id="620"><net_src comp="56" pin="0"/><net_sink comp="615" pin=1"/></net>

<net id="624"><net_src comp="398" pin="2"/><net_sink comp="621" pin=0"/></net>

<net id="625"><net_src comp="621" pin="1"/><net_sink comp="176" pin=0"/></net>

<net id="632"><net_src comp="410" pin="2"/><net_sink comp="629" pin=0"/></net>

<net id="633"><net_src comp="629" pin="1"/><net_sink comp="201" pin=0"/></net>

<net id="640"><net_src comp="422" pin="2"/><net_sink comp="637" pin=0"/></net>

<net id="641"><net_src comp="637" pin="1"/><net_sink comp="225" pin=2"/></net>

<net id="651"><net_src comp="440" pin="2"/><net_sink comp="648" pin=0"/></net>

<net id="655"><net_src comp="446" pin="2"/><net_sink comp="652" pin=0"/></net>

<net id="656"><net_src comp="652" pin="1"/><net_sink comp="273" pin=0"/></net>

<net id="663"><net_src comp="458" pin="2"/><net_sink comp="660" pin=0"/></net>

<net id="664"><net_src comp="660" pin="1"/><net_sink comp="284" pin=0"/></net>

<net id="668"><net_src comp="464" pin="2"/><net_sink comp="665" pin=0"/></net>

<net id="672"><net_src comp="475" pin="2"/><net_sink comp="669" pin=0"/></net>

<net id="673"><net_src comp="669" pin="1"/><net_sink comp="261" pin=0"/></net>

<net id="677"><net_src comp="481" pin="2"/><net_sink comp="674" pin=0"/></net>

<net id="678"><net_src comp="674" pin="1"/><net_sink comp="296" pin=0"/></net>

<net id="685"><net_src comp="138" pin="3"/><net_sink comp="682" pin=0"/></net>

<net id="686"><net_src comp="682" pin="1"/><net_sink comp="144" pin=0"/></net>

<net id="690"><net_src comp="498" pin="2"/><net_sink comp="687" pin=0"/></net>

<net id="691"><net_src comp="687" pin="1"/><net_sink comp="307" pin=0"/></net>

<net id="698"><net_src comp="150" pin="3"/><net_sink comp="695" pin=0"/></net>

<net id="699"><net_src comp="695" pin="1"/><net_sink comp="131" pin=0"/></net>

<net id="703"><net_src comp="515" pin="2"/><net_sink comp="700" pin=0"/></net>

<net id="704"><net_src comp="700" pin="1"/><net_sink comp="249" pin=2"/></net>

<net id="708"><net_src comp="521" pin="2"/><net_sink comp="705" pin=0"/></net>

<net id="709"><net_src comp="705" pin="1"/><net_sink comp="318" pin=0"/></net>

<net id="719"><net_src comp="539" pin="2"/><net_sink comp="716" pin=0"/></net>

<net id="723"><net_src comp="545" pin="2"/><net_sink comp="720" pin=0"/></net>

<net id="724"><net_src comp="720" pin="1"/><net_sink comp="341" pin=0"/></net>

<net id="731"><net_src comp="557" pin="2"/><net_sink comp="728" pin=0"/></net>

<net id="732"><net_src comp="728" pin="1"/><net_sink comp="352" pin=0"/></net>

<net id="736"><net_src comp="563" pin="2"/><net_sink comp="733" pin=0"/></net>

<net id="740"><net_src comp="574" pin="2"/><net_sink comp="737" pin=0"/></net>

<net id="741"><net_src comp="737" pin="1"/><net_sink comp="329" pin=0"/></net>

<net id="745"><net_src comp="131" pin="3"/><net_sink comp="742" pin=0"/></net>

<net id="746"><net_src comp="742" pin="1"/><net_sink comp="118" pin=2"/></net>

<net id="750"><net_src comp="580" pin="2"/><net_sink comp="747" pin=0"/></net>

<net id="751"><net_src comp="747" pin="1"/><net_sink comp="364" pin=0"/></net>

<net id="758"><net_src comp="592" pin="2"/><net_sink comp="755" pin=0"/></net>

<net id="759"><net_src comp="755" pin="1"/><net_sink comp="375" pin=0"/></net>

<net id="766"><net_src comp="165" pin="3"/><net_sink comp="763" pin=0"/></net>

<net id="767"><net_src comp="763" pin="1"/><net_sink comp="144" pin=0"/></net>

<net id="771"><net_src comp="609" pin="2"/><net_sink comp="768" pin=0"/></net>

<net id="772"><net_src comp="768" pin="1"/><net_sink comp="386" pin=0"/></net>

</net_list>

</model> 
---------------- Datapath Model END ------------------

* FSMD analyzer results:
  - Output states:
	Port: fifo_B_B_IO_L2_in_3_x115 | {7 15 }
	Port: fifo_B_PE_0_2_x1110 | {12 19 22 }
 - Input state : 
	Port: B_IO_L2_in_2_x1 : fifo_B_B_IO_L2_in_2_x114 | {7 9 15 17 }
  - Chain level:
	State 1
	State 2
		add_ln691 : 1
		icmp_ln890 : 1
		br_ln21964 : 2
	State 3
		add_ln691_2065 : 1
		icmp_ln890_1680 : 1
		br_ln21965 : 2
	State 4
		add_ln691_2070 : 1
		icmp_ln890_1682 : 1
		br_ln21966 : 2
		br_ln21970 : 1
	State 5
		icmp_ln890_1684 : 1
		br_ln21971 : 2
		icmp_ln870_9 : 1
		br_ln21974 : 2
	State 6
		add_ln691_2069 : 1
		icmp_ln890_1690 : 1
		br_ln21986 : 2
	State 7
	State 8
		add_ln691_2068 : 1
		icmp_ln890_1689 : 1
	State 9
		local_B_pong_V_0_addr_11 : 1
		store_ln21982 : 2
	State 10
		add_ln691_2075 : 1
		zext_ln890_299 : 1
		icmp_ln890_1688 : 1
		br_ln21999 : 2
		local_B_ping_V_0_addr_22 : 2
		local_B_ping_V_0_load_11 : 3
		add_ln691_2073 : 1
		zext_ln890_297 : 1
		icmp_ln890_1685 : 1
		br_ln22042 : 2
		local_B_pong_V_0_addr : 2
		local_B_pong_V_0_load : 3
	State 11
	State 12
		add_ln691_2076 : 1
		icmp_ln890_1692 : 1
		br_ln22001 : 2
	State 13
		icmp_ln890_1683 : 1
		br_ln22014 : 2
		icmp_ln870 : 1
		br_ln22017 : 2
	State 14
		add_ln691_2067 : 1
		icmp_ln890_1687 : 1
		br_ln22029 : 2
	State 15
	State 16
		add_ln691_2066 : 1
		icmp_ln890_1686 : 1
	State 17
		local_B_ping_V_0_addr_21 : 1
		store_ln22025 : 2
	State 18
	State 19
		add_ln691_2074 : 1
		icmp_ln890_1691 : 1
		br_ln22044 : 2
	State 20
		add_ln691_2063 : 1
		zext_ln890 : 1
		icmp_ln890_1679 : 1
		br_ln22066 : 2
		local_B_ping_V_0_addr : 2
		local_B_ping_V_0_load : 3
	State 21
	State 22
		add_ln691_2064 : 1
		icmp_ln890_1681 : 1
		br_ln22068 : 2


============================================================
+ Verbose Summary: Datapath Resource usage 
============================================================

* Functional unit list:
|----------|------------------------|---------|---------|
| Operation|     Functional Unit    |    FF   |   LUT   |
|----------|------------------------|---------|---------|
|          |    add_ln691_fu_398    |    0    |    12   |
|          |  add_ln691_2065_fu_410 |    0    |    12   |
|          |  add_ln691_2070_fu_422 |    0    |    13   |
|          |  add_ln691_2069_fu_446 |    0    |    12   |
|          |  add_ln691_2068_fu_458 |    0    |    12   |
|          |  add_ln691_2072_fu_475 |    0    |    12   |
|          |  add_ln691_2075_fu_481 |    0    |    12   |
|    add   |  add_ln691_2073_fu_498 |    0    |    12   |
|          |  add_ln691_2076_fu_521 |    0    |    12   |
|          |  add_ln691_2067_fu_545 |    0    |    12   |
|          |  add_ln691_2066_fu_557 |    0    |    12   |
|          |  add_ln691_2071_fu_574 |    0    |    12   |
|          |  add_ln691_2074_fu_580 |    0    |    12   |
|          |  add_ln691_2063_fu_592 |    0    |    12   |
|          |  add_ln691_2064_fu_609 |    0    |    12   |
|----------|------------------------|---------|---------|
|          |    icmp_ln890_fu_404   |    0    |    9    |
|          | icmp_ln890_1680_fu_416 |    0    |    9    |
|          | icmp_ln890_1682_fu_428 |    0    |    10   |
|          | icmp_ln890_1684_fu_434 |    0    |    9    |
|          |   icmp_ln870_9_fu_440  |    0    |    9    |
|          | icmp_ln890_1690_fu_452 |    0    |    9    |
|          | icmp_ln890_1689_fu_464 |    0    |    9    |
|          | icmp_ln890_1688_fu_492 |    0    |    9    |
|   icmp   | icmp_ln890_1685_fu_509 |    0    |    9    |
|          | icmp_ln890_1692_fu_527 |    0    |    9    |
|          | icmp_ln890_1683_fu_533 |    0    |    9    |
|          |    icmp_ln870_fu_539   |    0    |    9    |
|          | icmp_ln890_1687_fu_551 |    0    |    9    |
|          | icmp_ln890_1686_fu_563 |    0    |    9    |
|          | icmp_ln890_1691_fu_586 |    0    |    9    |
|          | icmp_ln890_1679_fu_603 |    0    |    9    |
|          | icmp_ln890_1681_fu_615 |    0    |    9    |
|----------|------------------------|---------|---------|
|    xor   |       arb_fu_515       |    0    |    2    |
|----------|------------------------|---------|---------|
|   read   |     grp_read_fu_104    |    0    |    0    |
|----------|------------------------|---------|---------|
|   write  |    grp_write_fu_110    |    0    |    0    |
|          |    grp_write_fu_118    |    0    |    0    |
|----------|------------------------|---------|---------|
|          |  zext_ln890_300_fu_470 |    0    |    0    |
|          |  zext_ln890_299_fu_487 |    0    |    0    |
|   zext   |  zext_ln890_297_fu_504 |    0    |    0    |
|          |  zext_ln890_298_fu_569 |    0    |    0    |
|          |    zext_ln890_fu_598   |    0    |    0    |
|----------|------------------------|---------|---------|
|   Total  |                        |    0    |   337   |
|----------|------------------------|---------|---------|

Memories:
+----------------+--------+--------+--------+
|                |  BRAM  |   FF   |   LUT  |
+----------------+--------+--------+--------+
|local_B_ping_V_0|    0   |   256  |   257  |
|local_B_pong_V_0|    0   |   256  |   257  |
+----------------+--------+--------+--------+
|      Total     |    0   |   512  |   514  |
+----------------+--------+--------+--------+

* Register list:
+--------------------------------+--------+
|                                |   FF   |
+--------------------------------+--------+
|     add_ln691_2063_reg_755     |    4   |
|     add_ln691_2064_reg_768     |    4   |
|     add_ln691_2065_reg_629     |    5   |
|     add_ln691_2066_reg_728     |    4   |
|     add_ln691_2067_reg_720     |    4   |
|     add_ln691_2068_reg_660     |    4   |
|     add_ln691_2069_reg_652     |    4   |
|     add_ln691_2070_reg_637     |    6   |
|     add_ln691_2071_reg_737     |    4   |
|     add_ln691_2072_reg_669     |    4   |
|     add_ln691_2073_reg_687     |    4   |
|     add_ln691_2074_reg_747     |    4   |
|     add_ln691_2075_reg_674     |    4   |
|     add_ln691_2076_reg_705     |    4   |
|        add_ln691_reg_621       |    5   |
|         arb_11_reg_245         |    1   |
|           arb_reg_700          |    1   |
|          c0_V_reg_172          |    5   |
|          c1_V_reg_197          |    5   |
|          c2_V_reg_221          |    6   |
|         c3_V_9_reg_257         |    4   |
|          c3_V_reg_325          |    4   |
|         c4_V_41_reg_337        |    4   |
|         c4_V_42_reg_280        |    4   |
|         c4_V_43_reg_269        |    4   |
|          c4_V_reg_348          |    4   |
|         c6_V_21_reg_303        |    4   |
|         c6_V_22_reg_292        |    4   |
|          c6_V_reg_371          |    4   |
|         c7_V_21_reg_360        |    4   |
|         c7_V_22_reg_314        |    4   |
|          c7_V_reg_382          |    4   |
|      icmp_ln870_9_reg_648      |    1   |
|       icmp_ln870_reg_716       |    1   |
|     icmp_ln890_1686_reg_733    |    1   |
|     icmp_ln890_1689_reg_665    |    1   |
|    intra_trans_en_21_reg_208   |    1   |
|    intra_trans_en_22_reg_232   |    1   |
|     intra_trans_en_reg_183     |    1   |
|local_B_ping_V_0_addr_22_reg_682|    3   |
|  local_B_ping_V_0_addr_reg_763 |    3   |
|  local_B_pong_V_0_addr_reg_695 |    3   |
|  local_B_pong_V_0_load_reg_742 |   512  |
|             reg_393            |   512  |
+--------------------------------+--------+
|              Total             |  1170  |
+--------------------------------+--------+

* Multiplexer (MUX) list: 
|---------------------------|------|------|------|--------||---------||---------|
|            Comp           |  Pin | Size |  BW  | S x BW ||  Delay  ||   LUT   |
|---------------------------|------|------|------|--------||---------||---------|
|      grp_write_fu_118     |  p2  |   2  |  512 |  1024  ||    9    |
|     grp_access_fu_131     |  p0  |   3  |   3  |    9   ||    14   |
|     grp_access_fu_144     |  p0  |   5  |   3  |   15   ||    26   |
|   intra_trans_en_reg_183  |  p0  |   3  |   1  |    3   ||    9    |
| intra_trans_en_21_reg_208 |  p0  |   2  |   1  |    2   ||    9    |
| intra_trans_en_22_reg_232 |  p0  |   2  |   1  |    2   ||    9    |
|       arb_11_reg_245      |  p0  |   2  |   1  |    2   ||    9    |
|       c3_V_9_reg_257      |  p0  |   2  |   4  |    8   ||    9    |
|      c4_V_42_reg_280      |  p0  |   2  |   4  |    8   ||    9    |
|        c3_V_reg_325       |  p0  |   2  |   4  |    8   ||    9    |
|        c4_V_reg_348       |  p0  |   2  |   4  |    8   ||    9    |
|---------------------------|------|------|------|--------||---------||---------|
|           Total           |      |      |      |  1089  || 4.42129 ||   121   |
|---------------------------|------|------|------|--------||---------||---------|



* Summary:
+-----------+--------+--------+--------+--------+
|           |  BRAM  |  Delay |   FF   |   LUT  |
+-----------+--------+--------+--------+--------+
|  Function |    -   |    -   |    0   |   337  |
|   Memory  |    0   |    -   |   512  |   514  |
|Multiplexer|    -   |    4   |    -   |   121  |
|  Register |    -   |    -   |  1170  |    -   |
+-----------+--------+--------+--------+--------+
|   Total   |    0   |    4   |  1682  |   972  |
+-----------+--------+--------+--------+--------+
