

================================================================
== Synthesis Summary Report of 'top'
================================================================
+ General Information: 
    * Date:           Fri Sep 16 02:43:08 2022
    * Version:        2020.2 (Build 3064766 on Wed Nov 18 09:12:47 MST 2020)
    * Project:        top
    * Solution:       solution (Vitis Kernel Flow Target)
    * Product family: virtexuplus
    * Target device:  xcu250-figd2104-2L-e
    

+ Performance & Resource Estimates: 
    
    PS: '+' for module; 'o' for loop; '*' for dataflow
    +---------------------------------------------------------+--------+-------+-----------+-----------+----------+-----------+--------+----------+----------+----------+--------------+--------------+-----+
    |                         Modules                         |  Issue |       |  Latency  |  Latency  | Iteration|           |  Trip  |          |          |          |              |              |     |
    |                         & Loops                         |  Type  | Slack |  (cycles) |    (ns)   |  Latency |  Interval |  Count | Pipelined|   BRAM   |    DSP   |      FF      |      LUT     | URAM|
    +---------------------------------------------------------+--------+-------+-----------+-----------+----------+-----------+--------+----------+----------+----------+--------------+--------------+-----+
    |+ top                                                    |  Timing|   0.00|  259183966|  8.639e+08|         -|  259183967|       -|        no|  185 (3%)|  618 (5%)|  767693 (22%)|  455013 (26%)|    -|
    | + grp_kernel0_x0_fu_96*                                 |  Timing|   0.00|  129123223|  4.304e+08|         -|  129122850|       -|  dataflow|         -|  64 (~0%)|  377951 (10%)|  223486 (12%)|    -|
    |  + grp_PE_wrapper_0_0_x0_fu_2216                        |       -|  -0.53|  129122849|  4.304e+08|         -|  129122849|       -|        no|         -|   1 (~0%)|    2164 (~0%)|     951 (~0%)|    -|
    |   o PE_wrapper_0_0_x0_loop_1                            |       -|  -2.43|  129122848|  4.304e+08|   8070178|          -|      16|        no|         -|         -|             -|             -|    -|
    |    o PE_wrapper_0_0_x0_loop_2                           |       -|  -2.43|    8070176|  2.690e+07|    504386|          -|      16|        no|         -|         -|             -|             -|    -|
    |     o PE_wrapper_0_0_x0_loop_3                          |       -|  -2.43|     504384|  1.681e+06|     15762|          -|      32|        no|         -|         -|             -|             -|    -|
    |      o PE_wrapper_0_0_x0_loop_4                         |       -|  -2.43|      15760|  5.253e+04|      1970|          -|       8|        no|         -|         -|             -|             -|    -|
    |       o PE_wrapper_0_0_x0_loop_5                        |       -|  -2.43|       1968|  6.559e+03|       246|          -|       8|        no|         -|         -|             -|             -|    -|
    |        o PE_wrapper_0_0_x0_loop_6                       |       -|  -2.43|         32|    106.656|         1|          -|      32|        no|         -|         -|             -|             -|    -|
    |        o PE_wrapper_0_0_x0_loop_7                       |       -|  -2.43|         32|    106.656|         1|          -|      32|        no|         -|         -|             -|             -|    -|
    |        o PE_wrapper_0_0_x0_loop_8                       |       -|  -2.43|        160|    533.280|         5|          -|      32|        no|         -|         -|             -|             -|    -|
    |  + grp_PE_wrapper_0_1_x0_fu_2225                        |       -|  -0.53|  129122849|  4.304e+08|         -|  129122849|       -|        no|         -|   1 (~0%)|    2164 (~0%)|     951 (~0%)|    -|
    |   o PE_wrapper_0_1_x0_loop_1                            |       -|  -2.43|  129122848|  4.304e+08|   8070178|          -|      16|        no|         -|         -|             -|             -|    -|
    |    o PE_wrapper_0_1_x0_loop_2                           |       -|  -2.43|    8070176|  2.690e+07|    504386|          -|      16|        no|         -|         -|             -|             -|    -|
    |     o PE_wrapper_0_1_x0_loop_3                          |       -|  -2.43|     504384|  1.681e+06|     15762|          -|      32|        no|         -|         -|             -|             -|    -|
    |      o PE_wrapper_0_1_x0_loop_4                         |       -|  -2.43|      15760|  5.253e+04|      1970|          -|       8|        no|         -|         -|             -|             -|    -|
    |       o PE_wrapper_0_1_x0_loop_5                        |       -|  -2.43|       1968|  6.559e+03|       246|          -|       8|        no|         -|         -|             -|             -|    -|
    |        o PE_wrapper_0_1_x0_loop_6                       |       -|  -2.43|         32|    106.656|         1|          -|      32|        no|         -|         -|             -|             -|    -|
    |        o PE_wrapper_0_1_x0_loop_7                       |       -|  -2.43|         32|    106.656|         1|          -|      32|        no|         -|         -|             -|             -|    -|
    |        o PE_wrapper_0_1_x0_loop_8                       |       -|  -2.43|        160|    533.280|         5|          -|      32|        no|         -|         -|             -|             -|    -|
    |  + grp_PE_wrapper_1_0_x0_fu_2234                        |       -|  -0.53|  129122849|  4.304e+08|         -|  129122849|       -|        no|         -|   1 (~0%)|    2164 (~0%)|     951 (~0%)|    -|
    |   o PE_wrapper_1_0_x0_loop_1                            |       -|  -2.43|  129122848|  4.304e+08|   8070178|          -|      16|        no|         -|         -|             -|             -|    -|
    |    o PE_wrapper_1_0_x0_loop_2                           |       -|  -2.43|    8070176|  2.690e+07|    504386|          -|      16|        no|         -|         -|             -|             -|    -|
    |     o PE_wrapper_1_0_x0_loop_3                          |       -|  -2.43|     504384|  1.681e+06|     15762|          -|      32|        no|         -|         -|             -|             -|    -|
    |      o PE_wrapper_1_0_x0_loop_4                         |       -|  -2.43|      15760|  5.253e+04|      1970|          -|       8|        no|         -|         -|             -|             -|    -|
    |       o PE_wrapper_1_0_x0_loop_5                        |       -|  -2.43|       1968|  6.559e+03|       246|          -|       8|        no|         -|         -|             -|             -|    -|
    |        o PE_wrapper_1_0_x0_loop_6                       |       -|  -2.43|         32|    106.656|         1|          -|      32|        no|         -|         -|             -|             -|    -|
    |        o PE_wrapper_1_0_x0_loop_7                       |       -|  -2.43|         32|    106.656|         1|          -|      32|        no|         -|         -|             -|             -|    -|
    |        o PE_wrapper_1_0_x0_loop_8                       |       -|  -2.43|        160|    533.280|         5|          -|      32|        no|         -|         -|             -|             -|    -|
    |  + grp_PE_wrapper_0_2_x0_fu_2243                        |       -|  -0.53|  129122849|  4.304e+08|         -|  129122849|       -|        no|         -|   1 (~0%)|    2164 (~0%)|     951 (~0%)|    -|
    |   o PE_wrapper_0_2_x0_loop_1                            |       -|  -2.43|  129122848|  4.304e+08|   8070178|          -|      16|        no|         -|         -|             -|             -|    -|
    |    o PE_wrapper_0_2_x0_loop_2                           |       -|  -2.43|    8070176|  2.690e+07|    504386|          -|      16|        no|         -|         -|             -|             -|    -|
    |     o PE_wrapper_0_2_x0_loop_3                          |       -|  -2.43|     504384|  1.681e+06|     15762|          -|      32|        no|         -|         -|             -|             -|    -|
    |      o PE_wrapper_0_2_x0_loop_4                         |       -|  -2.43|      15760|  5.253e+04|      1970|          -|       8|        no|         -|         -|             -|             -|    -|
    |       o PE_wrapper_0_2_x0_loop_5                        |       -|  -2.43|       1968|  6.559e+03|       246|          -|       8|        no|         -|         -|             -|             -|    -|
    |        o PE_wrapper_0_2_x0_loop_6                       |       -|  -2.43|         32|    106.656|         1|          -|      32|        no|         -|         -|             -|             -|    -|
    |        o PE_wrapper_0_2_x0_loop_7                       |       -|  -2.43|         32|    106.656|         1|          -|      32|        no|         -|         -|             -|             -|    -|
    |        o PE_wrapper_0_2_x0_loop_8                       |       -|  -2.43|        160|    533.280|         5|          -|      32|        no|         -|         -|             -|             -|    -|
    |  + grp_PE_wrapper_1_1_x0_fu_2252                        |       -|  -0.53|  129122849|  4.304e+08|         -|  129122849|       -|        no|         -|   1 (~0%)|    2164 (~0%)|     951 (~0%)|    -|
    |   o PE_wrapper_1_1_x0_loop_1                            |       -|  -2.43|  129122848|  4.304e+08|   8070178|          -|      16|        no|         -|         -|             -|             -|    -|
    |    o PE_wrapper_1_1_x0_loop_2                           |       -|  -2.43|    8070176|  2.690e+07|    504386|          -|      16|        no|         -|         -|             -|             -|    -|
    |     o PE_wrapper_1_1_x0_loop_3                          |       -|  -2.43|     504384|  1.681e+06|     15762|          -|      32|        no|         -|         -|             -|             -|    -|
    |      o PE_wrapper_1_1_x0_loop_4                         |       -|  -2.43|      15760|  5.253e+04|      1970|          -|       8|        no|         -|         -|             -|             -|    -|
    |       o PE_wrapper_1_1_x0_loop_5                        |       -|  -2.43|       1968|  6.559e+03|       246|          -|       8|        no|         -|         -|             -|             -|    -|
    |        o PE_wrapper_1_1_x0_loop_6                       |       -|  -2.43|         32|    106.656|         1|          -|      32|        no|         -|         -|             -|             -|    -|
    |        o PE_wrapper_1_1_x0_loop_7                       |       -|  -2.43|         32|    106.656|         1|          -|      32|        no|         -|         -|             -|             -|    -|
    |        o PE_wrapper_1_1_x0_loop_8                       |       -|  -2.43|        160|    533.280|         5|          -|      32|        no|         -|         -|             -|             -|    -|
    |  + grp_PE_wrapper_2_0_x0_fu_2261                        |       -|  -0.53|  129122849|  4.304e+08|         -|  129122849|       -|        no|         -|   1 (~0%)|    2164 (~0%)|     951 (~0%)|    -|
    |   o PE_wrapper_2_0_x0_loop_1                            |       -|  -2.43|  129122848|  4.304e+08|   8070178|          -|      16|        no|         -|         -|             -|             -|    -|
    |    o PE_wrapper_2_0_x0_loop_2                           |       -|  -2.43|    8070176|  2.690e+07|    504386|          -|      16|        no|         -|         -|             -|             -|    -|
    |     o PE_wrapper_2_0_x0_loop_3                          |       -|  -2.43|     504384|  1.681e+06|     15762|          -|      32|        no|         -|         -|             -|             -|    -|
    |      o PE_wrapper_2_0_x0_loop_4                         |       -|  -2.43|      15760|  5.253e+04|      1970|          -|       8|        no|         -|         -|             -|             -|    -|
    |       o PE_wrapper_2_0_x0_loop_5                        |       -|  -2.43|       1968|  6.559e+03|       246|          -|       8|        no|         -|         -|             -|             -|    -|
    |        o PE_wrapper_2_0_x0_loop_6                       |       -|  -2.43|         32|    106.656|         1|          -|      32|        no|         -|         -|             -|             -|    -|
    |        o PE_wrapper_2_0_x0_loop_7                       |       -|  -2.43|         32|    106.656|         1|          -|      32|        no|         -|         -|             -|             -|    -|
    |        o PE_wrapper_2_0_x0_loop_8                       |       -|  -2.43|        160|    533.280|         5|          -|      32|        no|         -|         -|             -|             -|    -|
    |  + grp_PE_wrapper_0_3_x0_fu_2270                        |       -|  -0.53|  129122849|  4.304e+08|         -|  129122849|       -|        no|         -|   1 (~0%)|    2164 (~0%)|     951 (~0%)|    -|
    |   o PE_wrapper_0_3_x0_loop_1                            |       -|  -2.43|  129122848|  4.304e+08|   8070178|          -|      16|        no|         -|         -|             -|             -|    -|
    |    o PE_wrapper_0_3_x0_loop_2                           |       -|  -2.43|    8070176|  2.690e+07|    504386|          -|      16|        no|         -|         -|             -|             -|    -|
    |     o PE_wrapper_0_3_x0_loop_3                          |       -|  -2.43|     504384|  1.681e+06|     15762|          -|      32|        no|         -|         -|             -|             -|    -|
    |      o PE_wrapper_0_3_x0_loop_4                         |       -|  -2.43|      15760|  5.253e+04|      1970|          -|       8|        no|         -|         -|             -|             -|    -|
    |       o PE_wrapper_0_3_x0_loop_5                        |       -|  -2.43|       1968|  6.559e+03|       246|          -|       8|        no|         -|         -|             -|             -|    -|
    |        o PE_wrapper_0_3_x0_loop_6                       |       -|  -2.43|         32|    106.656|         1|          -|      32|        no|         -|         -|             -|             -|    -|
    |        o PE_wrapper_0_3_x0_loop_7                       |       -|  -2.43|         32|    106.656|         1|          -|      32|        no|         -|         -|             -|             -|    -|
    |        o PE_wrapper_0_3_x0_loop_8                       |       -|  -2.43|        160|    533.280|         5|          -|      32|        no|         -|         -|             -|             -|    -|
    |  + grp_PE_wrapper_1_2_x0_fu_2279                        |       -|  -0.53|  129122849|  4.304e+08|         -|  129122849|       -|        no|         -|   1 (~0%)|    2164 (~0%)|     951 (~0%)|    -|
    |   o PE_wrapper_1_2_x0_loop_1                            |       -|  -2.43|  129122848|  4.304e+08|   8070178|          -|      16|        no|         -|         -|             -|             -|    -|
    |    o PE_wrapper_1_2_x0_loop_2                           |       -|  -2.43|    8070176|  2.690e+07|    504386|          -|      16|        no|         -|         -|             -|             -|    -|
    |     o PE_wrapper_1_2_x0_loop_3                          |       -|  -2.43|     504384|  1.681e+06|     15762|          -|      32|        no|         -|         -|             -|             -|    -|
    |      o PE_wrapper_1_2_x0_loop_4                         |       -|  -2.43|      15760|  5.253e+04|      1970|          -|       8|        no|         -|         -|             -|             -|    -|
    |       o PE_wrapper_1_2_x0_loop_5                        |       -|  -2.43|       1968|  6.559e+03|       246|          -|       8|        no|         -|         -|             -|             -|    -|
    |        o PE_wrapper_1_2_x0_loop_6                       |       -|  -2.43|         32|    106.656|         1|          -|      32|        no|         -|         -|             -|             -|    -|
    |        o PE_wrapper_1_2_x0_loop_7                       |       -|  -2.43|         32|    106.656|         1|          -|      32|        no|         -|         -|             -|             -|    -|
    |        o PE_wrapper_1_2_x0_loop_8                       |       -|  -2.43|        160|    533.280|         5|          -|      32|        no|         -|         -|             -|             -|    -|
    |  + grp_PE_wrapper_2_1_x0_fu_2288                        |       -|  -0.53|  129122849|  4.304e+08|         -|  129122849|       -|        no|         -|   1 (~0%)|    2164 (~0%)|     951 (~0%)|    -|
    |   o PE_wrapper_2_1_x0_loop_1                            |       -|  -2.43|  129122848|  4.304e+08|   8070178|          -|      16|        no|         -|         -|             -|             -|    -|
    |    o PE_wrapper_2_1_x0_loop_2                           |       -|  -2.43|    8070176|  2.690e+07|    504386|          -|      16|        no|         -|         -|             -|             -|    -|
    |     o PE_wrapper_2_1_x0_loop_3                          |       -|  -2.43|     504384|  1.681e+06|     15762|          -|      32|        no|         -|         -|             -|             -|    -|
    |      o PE_wrapper_2_1_x0_loop_4                         |       -|  -2.43|      15760|  5.253e+04|      1970|          -|       8|        no|         -|         -|             -|             -|    -|
    |       o PE_wrapper_2_1_x0_loop_5                        |       -|  -2.43|       1968|  6.559e+03|       246|          -|       8|        no|         -|         -|             -|             -|    -|
    |        o PE_wrapper_2_1_x0_loop_6                       |       -|  -2.43|         32|    106.656|         1|          -|      32|        no|         -|         -|             -|             -|    -|
    |        o PE_wrapper_2_1_x0_loop_7                       |       -|  -2.43|         32|    106.656|         1|          -|      32|        no|         -|         -|             -|             -|    -|
    |        o PE_wrapper_2_1_x0_loop_8                       |       -|  -2.43|        160|    533.280|         5|          -|      32|        no|         -|         -|             -|             -|    -|
    |  + grp_PE_wrapper_3_0_x0_fu_2297                        |       -|  -0.53|  129122849|  4.304e+08|         -|  129122849|       -|        no|         -|   1 (~0%)|    2164 (~0%)|     951 (~0%)|    -|
    |   o PE_wrapper_3_0_x0_loop_1                            |       -|  -2.43|  129122848|  4.304e+08|   8070178|          -|      16|        no|         -|         -|             -|             -|    -|
    |    o PE_wrapper_3_0_x0_loop_2                           |       -|  -2.43|    8070176|  2.690e+07|    504386|          -|      16|        no|         -|         -|             -|             -|    -|
    |     o PE_wrapper_3_0_x0_loop_3                          |       -|  -2.43|     504384|  1.681e+06|     15762|          -|      32|        no|         -|         -|             -|             -|    -|
    |      o PE_wrapper_3_0_x0_loop_4                         |       -|  -2.43|      15760|  5.253e+04|      1970|          -|       8|        no|         -|         -|             -|             -|    -|
    |       o PE_wrapper_3_0_x0_loop_5                        |       -|  -2.43|       1968|  6.559e+03|       246|          -|       8|        no|         -|         -|             -|             -|    -|
    |        o PE_wrapper_3_0_x0_loop_6                       |       -|  -2.43|         32|    106.656|         1|          -|      32|        no|         -|         -|             -|             -|    -|
    |        o PE_wrapper_3_0_x0_loop_7                       |       -|  -2.43|         32|    106.656|         1|          -|      32|        no|         -|         -|             -|             -|    -|
    |        o PE_wrapper_3_0_x0_loop_8                       |       -|  -2.43|        160|    533.280|         5|          -|      32|        no|         -|         -|             -|             -|    -|
    |  + grp_PE_wrapper_0_4_x0_fu_2306                        |       -|  -0.53|  129122849|  4.304e+08|         -|  129122849|       -|        no|         -|   1 (~0%)|    2164 (~0%)|     951 (~0%)|    -|
    |   o PE_wrapper_0_4_x0_loop_1                            |       -|  -2.43|  129122848|  4.304e+08|   8070178|          -|      16|        no|         -|         -|             -|             -|    -|
    |    o PE_wrapper_0_4_x0_loop_2                           |       -|  -2.43|    8070176|  2.690e+07|    504386|          -|      16|        no|         -|         -|             -|             -|    -|
    |     o PE_wrapper_0_4_x0_loop_3                          |       -|  -2.43|     504384|  1.681e+06|     15762|          -|      32|        no|         -|         -|             -|             -|    -|
    |      o PE_wrapper_0_4_x0_loop_4                         |       -|  -2.43|      15760|  5.253e+04|      1970|          -|       8|        no|         -|         -|             -|             -|    -|
    |       o PE_wrapper_0_4_x0_loop_5                        |       -|  -2.43|       1968|  6.559e+03|       246|          -|       8|        no|         -|         -|             -|             -|    -|
    |        o PE_wrapper_0_4_x0_loop_6                       |       -|  -2.43|         32|    106.656|         1|          -|      32|        no|         -|         -|             -|             -|    -|
    |        o PE_wrapper_0_4_x0_loop_7                       |       -|  -2.43|         32|    106.656|         1|          -|      32|        no|         -|         -|             -|             -|    -|
    |        o PE_wrapper_0_4_x0_loop_8                       |       -|  -2.43|        160|    533.280|         5|          -|      32|        no|         -|         -|             -|             -|    -|
    |  + grp_PE_wrapper_1_3_x0_fu_2315                        |       -|  -0.53|  129122849|  4.304e+08|         -|  129122849|       -|        no|         -|   1 (~0%)|    2164 (~0%)|     951 (~0%)|    -|
    |   o PE_wrapper_1_3_x0_loop_1                            |       -|  -2.43|  129122848|  4.304e+08|   8070178|          -|      16|        no|         -|         -|             -|             -|    -|
    |    o PE_wrapper_1_3_x0_loop_2                           |       -|  -2.43|    8070176|  2.690e+07|    504386|          -|      16|        no|         -|         -|             -|             -|    -|
    |     o PE_wrapper_1_3_x0_loop_3                          |       -|  -2.43|     504384|  1.681e+06|     15762|          -|      32|        no|         -|         -|             -|             -|    -|
    |      o PE_wrapper_1_3_x0_loop_4                         |       -|  -2.43|      15760|  5.253e+04|      1970|          -|       8|        no|         -|         -|             -|             -|    -|
    |       o PE_wrapper_1_3_x0_loop_5                        |       -|  -2.43|       1968|  6.559e+03|       246|          -|       8|        no|         -|         -|             -|             -|    -|
    |        o PE_wrapper_1_3_x0_loop_6                       |       -|  -2.43|         32|    106.656|         1|          -|      32|        no|         -|         -|             -|             -|    -|
    |        o PE_wrapper_1_3_x0_loop_7                       |       -|  -2.43|         32|    106.656|         1|          -|      32|        no|         -|         -|             -|             -|    -|
    |        o PE_wrapper_1_3_x0_loop_8                       |       -|  -2.43|        160|    533.280|         5|          -|      32|        no|         -|         -|             -|             -|    -|
    |  + grp_PE_wrapper_2_2_x0_fu_2324                        |       -|  -0.53|  129122849|  4.304e+08|         -|  129122849|       -|        no|         -|   1 (~0%)|    2164 (~0%)|     951 (~0%)|    -|
    |   o PE_wrapper_2_2_x0_loop_1                            |       -|  -2.43|  129122848|  4.304e+08|   8070178|          -|      16|        no|         -|         -|             -|             -|    -|
    |    o PE_wrapper_2_2_x0_loop_2                           |       -|  -2.43|    8070176|  2.690e+07|    504386|          -|      16|        no|         -|         -|             -|             -|    -|
    |     o PE_wrapper_2_2_x0_loop_3                          |       -|  -2.43|     504384|  1.681e+06|     15762|          -|      32|        no|         -|         -|             -|             -|    -|
    |      o PE_wrapper_2_2_x0_loop_4                         |       -|  -2.43|      15760|  5.253e+04|      1970|          -|       8|        no|         -|         -|             -|             -|    -|
    |       o PE_wrapper_2_2_x0_loop_5                        |       -|  -2.43|       1968|  6.559e+03|       246|          -|       8|        no|         -|         -|             -|             -|    -|
    |        o PE_wrapper_2_2_x0_loop_6                       |       -|  -2.43|         32|    106.656|         1|          -|      32|        no|         -|         -|             -|             -|    -|
    |        o PE_wrapper_2_2_x0_loop_7                       |       -|  -2.43|         32|    106.656|         1|          -|      32|        no|         -|         -|             -|             -|    -|
    |        o PE_wrapper_2_2_x0_loop_8                       |       -|  -2.43|        160|    533.280|         5|          -|      32|        no|         -|         -|             -|             -|    -|
    |  + grp_PE_wrapper_3_1_x0_fu_2333                        |       -|  -0.53|  129122849|  4.304e+08|         -|  129122849|       -|        no|         -|   1 (~0%)|    2164 (~0%)|     951 (~0%)|    -|
    |   o PE_wrapper_3_1_x0_loop_1                            |       -|  -2.43|  129122848|  4.304e+08|   8070178|          -|      16|        no|         -|         -|             -|             -|    -|
    |    o PE_wrapper_3_1_x0_loop_2                           |       -|  -2.43|    8070176|  2.690e+07|    504386|          -|      16|        no|         -|         -|             -|             -|    -|
    |     o PE_wrapper_3_1_x0_loop_3                          |       -|  -2.43|     504384|  1.681e+06|     15762|          -|      32|        no|         -|         -|             -|             -|    -|
    |      o PE_wrapper_3_1_x0_loop_4                         |       -|  -2.43|      15760|  5.253e+04|      1970|          -|       8|        no|         -|         -|             -|             -|    -|
    |       o PE_wrapper_3_1_x0_loop_5                        |       -|  -2.43|       1968|  6.559e+03|       246|          -|       8|        no|         -|         -|             -|             -|    -|
    |        o PE_wrapper_3_1_x0_loop_6                       |       -|  -2.43|         32|    106.656|         1|          -|      32|        no|         -|         -|             -|             -|    -|
    |        o PE_wrapper_3_1_x0_loop_7                       |       -|  -2.43|         32|    106.656|         1|          -|      32|        no|         -|         -|             -|             -|    -|
    |        o PE_wrapper_3_1_x0_loop_8                       |       -|  -2.43|        160|    533.280|         5|          -|      32|        no|         -|         -|             -|             -|    -|
    |  + grp_PE_wrapper_4_0_x0_fu_2342                        |       -|  -0.53|  129122849|  4.304e+08|         -|  129122849|       -|        no|         -|   1 (~0%)|    2164 (~0%)|     951 (~0%)|    -|
    |   o PE_wrapper_4_0_x0_loop_1                            |       -|  -2.43|  129122848|  4.304e+08|   8070178|          -|      16|        no|         -|         -|             -|             -|    -|
    |    o PE_wrapper_4_0_x0_loop_2                           |       -|  -2.43|    8070176|  2.690e+07|    504386|          -|      16|        no|         -|         -|             -|             -|    -|
    |     o PE_wrapper_4_0_x0_loop_3                          |       -|  -2.43|     504384|  1.681e+06|     15762|          -|      32|        no|         -|         -|             -|             -|    -|
    |      o PE_wrapper_4_0_x0_loop_4                         |       -|  -2.43|      15760|  5.253e+04|      1970|          -|       8|        no|         -|         -|             -|             -|    -|
    |       o PE_wrapper_4_0_x0_loop_5                        |       -|  -2.43|       1968|  6.559e+03|       246|          -|       8|        no|         -|         -|             -|             -|    -|
    |        o PE_wrapper_4_0_x0_loop_6                       |       -|  -2.43|         32|    106.656|         1|          -|      32|        no|         -|         -|             -|             -|    -|
    |        o PE_wrapper_4_0_x0_loop_7                       |       -|  -2.43|         32|    106.656|         1|          -|      32|        no|         -|         -|             -|             -|    -|
    |        o PE_wrapper_4_0_x0_loop_8                       |       -|  -2.43|        160|    533.280|         5|          -|      32|        no|         -|         -|             -|             -|    -|
    |  + grp_PE_wrapper_0_5_x0_fu_2351                        |       -|  -0.53|  129122849|  4.304e+08|         -|  129122849|       -|        no|         -|   1 (~0%)|    2164 (~0%)|     951 (~0%)|    -|
    |   o PE_wrapper_0_5_x0_loop_1                            |       -|  -2.43|  129122848|  4.304e+08|   8070178|          -|      16|        no|         -|         -|             -|             -|    -|
    |    o PE_wrapper_0_5_x0_loop_2                           |       -|  -2.43|    8070176|  2.690e+07|    504386|          -|      16|        no|         -|         -|             -|             -|    -|
    |     o PE_wrapper_0_5_x0_loop_3                          |       -|  -2.43|     504384|  1.681e+06|     15762|          -|      32|        no|         -|         -|             -|             -|    -|
    |      o PE_wrapper_0_5_x0_loop_4                         |       -|  -2.43|      15760|  5.253e+04|      1970|          -|       8|        no|         -|         -|             -|             -|    -|
    |       o PE_wrapper_0_5_x0_loop_5                        |       -|  -2.43|       1968|  6.559e+03|       246|          -|       8|        no|         -|         -|             -|             -|    -|
    |        o PE_wrapper_0_5_x0_loop_6                       |       -|  -2.43|         32|    106.656|         1|          -|      32|        no|         -|         -|             -|             -|    -|
    |        o PE_wrapper_0_5_x0_loop_7                       |       -|  -2.43|         32|    106.656|         1|          -|      32|        no|         -|         -|             -|             -|    -|
    |        o PE_wrapper_0_5_x0_loop_8                       |       -|  -2.43|        160|    533.280|         5|          -|      32|        no|         -|         -|             -|             -|    -|
    |  + grp_PE_wrapper_1_4_x0_fu_2360                        |       -|  -0.53|  129122849|  4.304e+08|         -|  129122849|       -|        no|         -|   1 (~0%)|    2164 (~0%)|     951 (~0%)|    -|
    |   o PE_wrapper_1_4_x0_loop_1                            |       -|  -2.43|  129122848|  4.304e+08|   8070178|          -|      16|        no|         -|         -|             -|             -|    -|
    |    o PE_wrapper_1_4_x0_loop_2                           |       -|  -2.43|    8070176|  2.690e+07|    504386|          -|      16|        no|         -|         -|             -|             -|    -|
    |     o PE_wrapper_1_4_x0_loop_3                          |       -|  -2.43|     504384|  1.681e+06|     15762|          -|      32|        no|         -|         -|             -|             -|    -|
    |      o PE_wrapper_1_4_x0_loop_4                         |       -|  -2.43|      15760|  5.253e+04|      1970|          -|       8|        no|         -|         -|             -|             -|    -|
    |       o PE_wrapper_1_4_x0_loop_5                        |       -|  -2.43|       1968|  6.559e+03|       246|          -|       8|        no|         -|         -|             -|             -|    -|
    |        o PE_wrapper_1_4_x0_loop_6                       |       -|  -2.43|         32|    106.656|         1|          -|      32|        no|         -|         -|             -|             -|    -|
    |        o PE_wrapper_1_4_x0_loop_7                       |       -|  -2.43|         32|    106.656|         1|          -|      32|        no|         -|         -|             -|             -|    -|
    |        o PE_wrapper_1_4_x0_loop_8                       |       -|  -2.43|        160|    533.280|         5|          -|      32|        no|         -|         -|             -|             -|    -|
    |  + grp_PE_wrapper_2_3_x0_fu_2369                        |       -|  -0.53|  129122849|  4.304e+08|         -|  129122849|       -|        no|         -|   1 (~0%)|    2164 (~0%)|     951 (~0%)|    -|
    |   o PE_wrapper_2_3_x0_loop_1                            |       -|  -2.43|  129122848|  4.304e+08|   8070178|          -|      16|        no|         -|         -|             -|             -|    -|
    |    o PE_wrapper_2_3_x0_loop_2                           |       -|  -2.43|    8070176|  2.690e+07|    504386|          -|      16|        no|         -|         -|             -|             -|    -|
    |     o PE_wrapper_2_3_x0_loop_3                          |       -|  -2.43|     504384|  1.681e+06|     15762|          -|      32|        no|         -|         -|             -|             -|    -|
    |      o PE_wrapper_2_3_x0_loop_4                         |       -|  -2.43|      15760|  5.253e+04|      1970|          -|       8|        no|         -|         -|             -|             -|    -|
    |       o PE_wrapper_2_3_x0_loop_5                        |       -|  -2.43|       1968|  6.559e+03|       246|          -|       8|        no|         -|         -|             -|             -|    -|
    |        o PE_wrapper_2_3_x0_loop_6                       |       -|  -2.43|         32|    106.656|         1|          -|      32|        no|         -|         -|             -|             -|    -|
    |        o PE_wrapper_2_3_x0_loop_7                       |       -|  -2.43|         32|    106.656|         1|          -|      32|        no|         -|         -|             -|             -|    -|
    |        o PE_wrapper_2_3_x0_loop_8                       |       -|  -2.43|        160|    533.280|         5|          -|      32|        no|         -|         -|             -|             -|    -|
    |  + grp_PE_wrapper_3_2_x0_fu_2378                        |       -|  -0.53|  129122849|  4.304e+08|         -|  129122849|       -|        no|         -|   1 (~0%)|    2164 (~0%)|     951 (~0%)|    -|
    |   o PE_wrapper_3_2_x0_loop_1                            |       -|  -2.43|  129122848|  4.304e+08|   8070178|          -|      16|        no|         -|         -|             -|             -|    -|
    |    o PE_wrapper_3_2_x0_loop_2                           |       -|  -2.43|    8070176|  2.690e+07|    504386|          -|      16|        no|         -|         -|             -|             -|    -|
    |     o PE_wrapper_3_2_x0_loop_3                          |       -|  -2.43|     504384|  1.681e+06|     15762|          -|      32|        no|         -|         -|             -|             -|    -|
    |      o PE_wrapper_3_2_x0_loop_4                         |       -|  -2.43|      15760|  5.253e+04|      1970|          -|       8|        no|         -|         -|             -|             -|    -|
    |       o PE_wrapper_3_2_x0_loop_5                        |       -|  -2.43|       1968|  6.559e+03|       246|          -|       8|        no|         -|         -|             -|             -|    -|
    |        o PE_wrapper_3_2_x0_loop_6                       |       -|  -2.43|         32|    106.656|         1|          -|      32|        no|         -|         -|             -|             -|    -|
    |        o PE_wrapper_3_2_x0_loop_7                       |       -|  -2.43|         32|    106.656|         1|          -|      32|        no|         -|         -|             -|             -|    -|
    |        o PE_wrapper_3_2_x0_loop_8                       |       -|  -2.43|        160|    533.280|         5|          -|      32|        no|         -|         -|             -|             -|    -|
    |  + grp_PE_wrapper_4_1_x0_fu_2387                        |       -|  -0.53|  129122849|  4.304e+08|         -|  129122849|       -|        no|         -|   1 (~0%)|    2164 (~0%)|     951 (~0%)|    -|
    |   o PE_wrapper_4_1_x0_loop_1                            |       -|  -2.43|  129122848|  4.304e+08|   8070178|          -|      16|        no|         -|         -|             -|             -|    -|
    |    o PE_wrapper_4_1_x0_loop_2                           |       -|  -2.43|    8070176|  2.690e+07|    504386|          -|      16|        no|         -|         -|             -|             -|    -|
    |     o PE_wrapper_4_1_x0_loop_3                          |       -|  -2.43|     504384|  1.681e+06|     15762|          -|      32|        no|         -|         -|             -|             -|    -|
    |      o PE_wrapper_4_1_x0_loop_4                         |       -|  -2.43|      15760|  5.253e+04|      1970|          -|       8|        no|         -|         -|             -|             -|    -|
    |       o PE_wrapper_4_1_x0_loop_5                        |       -|  -2.43|       1968|  6.559e+03|       246|          -|       8|        no|         -|         -|             -|             -|    -|
    |        o PE_wrapper_4_1_x0_loop_6                       |       -|  -2.43|         32|    106.656|         1|          -|      32|        no|         -|         -|             -|             -|    -|
    |        o PE_wrapper_4_1_x0_loop_7                       |       -|  -2.43|         32|    106.656|         1|          -|      32|        no|         -|         -|             -|             -|    -|
    |        o PE_wrapper_4_1_x0_loop_8                       |       -|  -2.43|        160|    533.280|         5|          -|      32|        no|         -|         -|             -|             -|    -|
    |  + grp_PE_wrapper_5_0_x0_fu_2396                        |       -|  -0.53|  129122849|  4.304e+08|         -|  129122849|       -|        no|         -|   1 (~0%)|    2164 (~0%)|     951 (~0%)|    -|
    |   o PE_wrapper_5_0_x0_loop_1                            |       -|  -2.43|  129122848|  4.304e+08|   8070178|          -|      16|        no|         -|         -|             -|             -|    -|
    |    o PE_wrapper_5_0_x0_loop_2                           |       -|  -2.43|    8070176|  2.690e+07|    504386|          -|      16|        no|         -|         -|             -|             -|    -|
    |     o PE_wrapper_5_0_x0_loop_3                          |       -|  -2.43|     504384|  1.681e+06|     15762|          -|      32|        no|         -|         -|             -|             -|    -|
    |      o PE_wrapper_5_0_x0_loop_4                         |       -|  -2.43|      15760|  5.253e+04|      1970|          -|       8|        no|         -|         -|             -|             -|    -|
    |       o PE_wrapper_5_0_x0_loop_5                        |       -|  -2.43|       1968|  6.559e+03|       246|          -|       8|        no|         -|         -|             -|             -|    -|
    |        o PE_wrapper_5_0_x0_loop_6                       |       -|  -2.43|         32|    106.656|         1|          -|      32|        no|         -|         -|             -|             -|    -|
    |        o PE_wrapper_5_0_x0_loop_7                       |       -|  -2.43|         32|    106.656|         1|          -|      32|        no|         -|         -|             -|             -|    -|
    |        o PE_wrapper_5_0_x0_loop_8                       |       -|  -2.43|        160|    533.280|         5|          -|      32|        no|         -|         -|             -|             -|    -|
    |  + grp_PE_wrapper_0_6_x0_fu_2405                        |       -|  -0.53|  129122849|  4.304e+08|         -|  129122849|       -|        no|         -|   1 (~0%)|    2164 (~0%)|     951 (~0%)|    -|
    |   o PE_wrapper_0_6_x0_loop_1                            |       -|  -2.43|  129122848|  4.304e+08|   8070178|          -|      16|        no|         -|         -|             -|             -|    -|
    |    o PE_wrapper_0_6_x0_loop_2                           |       -|  -2.43|    8070176|  2.690e+07|    504386|          -|      16|        no|         -|         -|             -|             -|    -|
    |     o PE_wrapper_0_6_x0_loop_3                          |       -|  -2.43|     504384|  1.681e+06|     15762|          -|      32|        no|         -|         -|             -|             -|    -|
    |      o PE_wrapper_0_6_x0_loop_4                         |       -|  -2.43|      15760|  5.253e+04|      1970|          -|       8|        no|         -|         -|             -|             -|    -|
    |       o PE_wrapper_0_6_x0_loop_5                        |       -|  -2.43|       1968|  6.559e+03|       246|          -|       8|        no|         -|         -|             -|             -|    -|
    |        o PE_wrapper_0_6_x0_loop_6                       |       -|  -2.43|         32|    106.656|         1|          -|      32|        no|         -|         -|             -|             -|    -|
    |        o PE_wrapper_0_6_x0_loop_7                       |       -|  -2.43|         32|    106.656|         1|          -|      32|        no|         -|         -|             -|             -|    -|
    |        o PE_wrapper_0_6_x0_loop_8                       |       -|  -2.43|        160|    533.280|         5|          -|      32|        no|         -|         -|             -|             -|    -|
    |  + grp_PE_wrapper_1_5_x0_fu_2414                        |       -|  -0.53|  129122849|  4.304e+08|         -|  129122849|       -|        no|         -|   1 (~0%)|    2164 (~0%)|     951 (~0%)|    -|
    |   o PE_wrapper_1_5_x0_loop_1                            |       -|  -2.43|  129122848|  4.304e+08|   8070178|          -|      16|        no|         -|         -|             -|             -|    -|
    |    o PE_wrapper_1_5_x0_loop_2                           |       -|  -2.43|    8070176|  2.690e+07|    504386|          -|      16|        no|         -|         -|             -|             -|    -|
    |     o PE_wrapper_1_5_x0_loop_3                          |       -|  -2.43|     504384|  1.681e+06|     15762|          -|      32|        no|         -|         -|             -|             -|    -|
    |      o PE_wrapper_1_5_x0_loop_4                         |       -|  -2.43|      15760|  5.253e+04|      1970|          -|       8|        no|         -|         -|             -|             -|    -|
    |       o PE_wrapper_1_5_x0_loop_5                        |       -|  -2.43|       1968|  6.559e+03|       246|          -|       8|        no|         -|         -|             -|             -|    -|
    |        o PE_wrapper_1_5_x0_loop_6                       |       -|  -2.43|         32|    106.656|         1|          -|      32|        no|         -|         -|             -|             -|    -|
    |        o PE_wrapper_1_5_x0_loop_7                       |       -|  -2.43|         32|    106.656|         1|          -|      32|        no|         -|         -|             -|             -|    -|
    |        o PE_wrapper_1_5_x0_loop_8                       |       -|  -2.43|        160|    533.280|         5|          -|      32|        no|         -|         -|             -|             -|    -|
    |  + grp_PE_wrapper_2_4_x0_fu_2423                        |       -|  -0.53|  129122849|  4.304e+08|         -|  129122849|       -|        no|         -|   1 (~0%)|    2164 (~0%)|     951 (~0%)|    -|
    |   o PE_wrapper_2_4_x0_loop_1                            |       -|  -2.43|  129122848|  4.304e+08|   8070178|          -|      16|        no|         -|         -|             -|             -|    -|
    |    o PE_wrapper_2_4_x0_loop_2                           |       -|  -2.43|    8070176|  2.690e+07|    504386|          -|      16|        no|         -|         -|             -|             -|    -|
    |     o PE_wrapper_2_4_x0_loop_3                          |       -|  -2.43|     504384|  1.681e+06|     15762|          -|      32|        no|         -|         -|             -|             -|    -|
    |      o PE_wrapper_2_4_x0_loop_4                         |       -|  -2.43|      15760|  5.253e+04|      1970|          -|       8|        no|         -|         -|             -|             -|    -|
    |       o PE_wrapper_2_4_x0_loop_5                        |       -|  -2.43|       1968|  6.559e+03|       246|          -|       8|        no|         -|         -|             -|             -|    -|
    |        o PE_wrapper_2_4_x0_loop_6                       |       -|  -2.43|         32|    106.656|         1|          -|      32|        no|         -|         -|             -|             -|    -|
    |        o PE_wrapper_2_4_x0_loop_7                       |       -|  -2.43|         32|    106.656|         1|          -|      32|        no|         -|         -|             -|             -|    -|
    |        o PE_wrapper_2_4_x0_loop_8                       |       -|  -2.43|        160|    533.280|         5|          -|      32|        no|         -|         -|             -|             -|    -|
    |  + grp_PE_wrapper_3_3_x0_fu_2432                        |       -|  -0.53|  129122849|  4.304e+08|         -|  129122849|       -|        no|         -|   1 (~0%)|    2164 (~0%)|     951 (~0%)|    -|
    |   o PE_wrapper_3_3_x0_loop_1                            |       -|  -2.43|  129122848|  4.304e+08|   8070178|          -|      16|        no|         -|         -|             -|             -|    -|
    |    o PE_wrapper_3_3_x0_loop_2                           |       -|  -2.43|    8070176|  2.690e+07|    504386|          -|      16|        no|         -|         -|             -|             -|    -|
    |     o PE_wrapper_3_3_x0_loop_3                          |       -|  -2.43|     504384|  1.681e+06|     15762|          -|      32|        no|         -|         -|             -|             -|    -|
    |      o PE_wrapper_3_3_x0_loop_4                         |       -|  -2.43|      15760|  5.253e+04|      1970|          -|       8|        no|         -|         -|             -|             -|    -|
    |       o PE_wrapper_3_3_x0_loop_5                        |       -|  -2.43|       1968|  6.559e+03|       246|          -|       8|        no|         -|         -|             -|             -|    -|
    |        o PE_wrapper_3_3_x0_loop_6                       |       -|  -2.43|         32|    106.656|         1|          -|      32|        no|         -|         -|             -|             -|    -|
    |        o PE_wrapper_3_3_x0_loop_7                       |       -|  -2.43|         32|    106.656|         1|          -|      32|        no|         -|         -|             -|             -|    -|
    |        o PE_wrapper_3_3_x0_loop_8                       |       -|  -2.43|        160|    533.280|         5|          -|      32|        no|         -|         -|             -|             -|    -|
    |  + grp_PE_wrapper_4_2_x0_fu_2441                        |       -|  -0.53|  129122849|  4.304e+08|         -|  129122849|       -|        no|         -|   1 (~0%)|    2164 (~0%)|     951 (~0%)|    -|
    |   o PE_wrapper_4_2_x0_loop_1                            |       -|  -2.43|  129122848|  4.304e+08|   8070178|          -|      16|        no|         -|         -|             -|             -|    -|
    |    o PE_wrapper_4_2_x0_loop_2                           |       -|  -2.43|    8070176|  2.690e+07|    504386|          -|      16|        no|         -|         -|             -|             -|    -|
    |     o PE_wrapper_4_2_x0_loop_3                          |       -|  -2.43|     504384|  1.681e+06|     15762|          -|      32|        no|         -|         -|             -|             -|    -|
    |      o PE_wrapper_4_2_x0_loop_4                         |       -|  -2.43|      15760|  5.253e+04|      1970|          -|       8|        no|         -|         -|             -|             -|    -|
    |       o PE_wrapper_4_2_x0_loop_5                        |       -|  -2.43|       1968|  6.559e+03|       246|          -|       8|        no|         -|         -|             -|             -|    -|
    |        o PE_wrapper_4_2_x0_loop_6                       |       -|  -2.43|         32|    106.656|         1|          -|      32|        no|         -|         -|             -|             -|    -|
    |        o PE_wrapper_4_2_x0_loop_7                       |       -|  -2.43|         32|    106.656|         1|          -|      32|        no|         -|         -|             -|             -|    -|
    |        o PE_wrapper_4_2_x0_loop_8                       |       -|  -2.43|        160|    533.280|         5|          -|      32|        no|         -|         -|             -|             -|    -|
    |  + grp_PE_wrapper_5_1_x0_fu_2450                        |       -|  -0.53|  129122849|  4.304e+08|         -|  129122849|       -|        no|         -|   1 (~0%)|    2164 (~0%)|     951 (~0%)|    -|
    |   o PE_wrapper_5_1_x0_loop_1                            |       -|  -2.43|  129122848|  4.304e+08|   8070178|          -|      16|        no|         -|         -|             -|             -|    -|
    |    o PE_wrapper_5_1_x0_loop_2                           |       -|  -2.43|    8070176|  2.690e+07|    504386|          -|      16|        no|         -|         -|             -|             -|    -|
    |     o PE_wrapper_5_1_x0_loop_3                          |       -|  -2.43|     504384|  1.681e+06|     15762|          -|      32|        no|         -|         -|             -|             -|    -|
    |      o PE_wrapper_5_1_x0_loop_4                         |       -|  -2.43|      15760|  5.253e+04|      1970|          -|       8|        no|         -|         -|             -|             -|    -|
    |       o PE_wrapper_5_1_x0_loop_5                        |       -|  -2.43|       1968|  6.559e+03|       246|          -|       8|        no|         -|         -|             -|             -|    -|
    |        o PE_wrapper_5_1_x0_loop_6                       |       -|  -2.43|         32|    106.656|         1|          -|      32|        no|         -|         -|             -|             -|    -|
    |        o PE_wrapper_5_1_x0_loop_7                       |       -|  -2.43|         32|    106.656|         1|          -|      32|        no|         -|         -|             -|             -|    -|
    |        o PE_wrapper_5_1_x0_loop_8                       |       -|  -2.43|        160|    533.280|         5|          -|      32|        no|         -|         -|             -|             -|    -|
    |  + grp_PE_wrapper_6_0_x0_fu_2459                        |       -|  -0.53|  129122849|  4.304e+08|         -|  129122849|       -|        no|         -|   1 (~0%)|    2164 (~0%)|     951 (~0%)|    -|
    |   o PE_wrapper_6_0_x0_loop_1                            |       -|  -2.43|  129122848|  4.304e+08|   8070178|          -|      16|        no|         -|         -|             -|             -|    -|
    |    o PE_wrapper_6_0_x0_loop_2                           |       -|  -2.43|    8070176|  2.690e+07|    504386|          -|      16|        no|         -|         -|             -|             -|    -|
    |     o PE_wrapper_6_0_x0_loop_3                          |       -|  -2.43|     504384|  1.681e+06|     15762|          -|      32|        no|         -|         -|             -|             -|    -|
    |      o PE_wrapper_6_0_x0_loop_4                         |       -|  -2.43|      15760|  5.253e+04|      1970|          -|       8|        no|         -|         -|             -|             -|    -|
    |       o PE_wrapper_6_0_x0_loop_5                        |       -|  -2.43|       1968|  6.559e+03|       246|          -|       8|        no|         -|         -|             -|             -|    -|
    |        o PE_wrapper_6_0_x0_loop_6                       |       -|  -2.43|         32|    106.656|         1|          -|      32|        no|         -|         -|             -|             -|    -|
    |        o PE_wrapper_6_0_x0_loop_7                       |       -|  -2.43|         32|    106.656|         1|          -|      32|        no|         -|         -|             -|             -|    -|
    |        o PE_wrapper_6_0_x0_loop_8                       |       -|  -2.43|        160|    533.280|         5|          -|      32|        no|         -|         -|             -|             -|    -|
    |  + grp_PE_wrapper_0_7_x0_fu_2468                        |       -|  -0.53|  129122849|  4.304e+08|         -|  129122849|       -|        no|         -|   1 (~0%)|    2164 (~0%)|     951 (~0%)|    -|
    |   o PE_wrapper_0_7_x0_loop_1                            |       -|  -2.43|  129122848|  4.304e+08|   8070178|          -|      16|        no|         -|         -|             -|             -|    -|
    |    o PE_wrapper_0_7_x0_loop_2                           |       -|  -2.43|    8070176|  2.690e+07|    504386|          -|      16|        no|         -|         -|             -|             -|    -|
    |     o PE_wrapper_0_7_x0_loop_3                          |       -|  -2.43|     504384|  1.681e+06|     15762|          -|      32|        no|         -|         -|             -|             -|    -|
    |      o PE_wrapper_0_7_x0_loop_4                         |       -|  -2.43|      15760|  5.253e+04|      1970|          -|       8|        no|         -|         -|             -|             -|    -|
    |       o PE_wrapper_0_7_x0_loop_5                        |       -|  -2.43|       1968|  6.559e+03|       246|          -|       8|        no|         -|         -|             -|             -|    -|
    |        o PE_wrapper_0_7_x0_loop_6                       |       -|  -2.43|         32|    106.656|         1|          -|      32|        no|         -|         -|             -|             -|    -|
    |        o PE_wrapper_0_7_x0_loop_7                       |       -|  -2.43|         32|    106.656|         1|          -|      32|        no|         -|         -|             -|             -|    -|
    |        o PE_wrapper_0_7_x0_loop_8                       |       -|  -2.43|        160|    533.280|         5|          -|      32|        no|         -|         -|             -|             -|    -|
    |  + grp_PE_wrapper_1_6_x0_fu_2477                        |       -|  -0.53|  129122849|  4.304e+08|         -|  129122849|       -|        no|         -|   1 (~0%)|    2164 (~0%)|     951 (~0%)|    -|
    |   o PE_wrapper_1_6_x0_loop_1                            |       -|  -2.43|  129122848|  4.304e+08|   8070178|          -|      16|        no|         -|         -|             -|             -|    -|
    |    o PE_wrapper_1_6_x0_loop_2                           |       -|  -2.43|    8070176|  2.690e+07|    504386|          -|      16|        no|         -|         -|             -|             -|    -|
    |     o PE_wrapper_1_6_x0_loop_3                          |       -|  -2.43|     504384|  1.681e+06|     15762|          -|      32|        no|         -|         -|             -|             -|    -|
    |      o PE_wrapper_1_6_x0_loop_4                         |       -|  -2.43|      15760|  5.253e+04|      1970|          -|       8|        no|         -|         -|             -|             -|    -|
    |       o PE_wrapper_1_6_x0_loop_5                        |       -|  -2.43|       1968|  6.559e+03|       246|          -|       8|        no|         -|         -|             -|             -|    -|
    |        o PE_wrapper_1_6_x0_loop_6                       |       -|  -2.43|         32|    106.656|         1|          -|      32|        no|         -|         -|             -|             -|    -|
    |        o PE_wrapper_1_6_x0_loop_7                       |       -|  -2.43|         32|    106.656|         1|          -|      32|        no|         -|         -|             -|             -|    -|
    |        o PE_wrapper_1_6_x0_loop_8                       |       -|  -2.43|        160|    533.280|         5|          -|      32|        no|         -|         -|             -|             -|    -|
    |  + grp_PE_wrapper_2_5_x0_fu_2486                        |       -|  -0.53|  129122849|  4.304e+08|         -|  129122849|       -|        no|         -|   1 (~0%)|    2164 (~0%)|     951 (~0%)|    -|
    |   o PE_wrapper_2_5_x0_loop_1                            |       -|  -2.43|  129122848|  4.304e+08|   8070178|          -|      16|        no|         -|         -|             -|             -|    -|
    |    o PE_wrapper_2_5_x0_loop_2                           |       -|  -2.43|    8070176|  2.690e+07|    504386|          -|      16|        no|         -|         -|             -|             -|    -|
    |     o PE_wrapper_2_5_x0_loop_3                          |       -|  -2.43|     504384|  1.681e+06|     15762|          -|      32|        no|         -|         -|             -|             -|    -|
    |      o PE_wrapper_2_5_x0_loop_4                         |       -|  -2.43|      15760|  5.253e+04|      1970|          -|       8|        no|         -|         -|             -|             -|    -|
    |       o PE_wrapper_2_5_x0_loop_5                        |       -|  -2.43|       1968|  6.559e+03|       246|          -|       8|        no|         -|         -|             -|             -|    -|
    |        o PE_wrapper_2_5_x0_loop_6                       |       -|  -2.43|         32|    106.656|         1|          -|      32|        no|         -|         -|             -|             -|    -|
    |        o PE_wrapper_2_5_x0_loop_7                       |       -|  -2.43|         32|    106.656|         1|          -|      32|        no|         -|         -|             -|             -|    -|
    |        o PE_wrapper_2_5_x0_loop_8                       |       -|  -2.43|        160|    533.280|         5|          -|      32|        no|         -|         -|             -|             -|    -|
    |  + grp_PE_wrapper_3_4_x0_fu_2495                        |       -|  -0.53|  129122849|  4.304e+08|         -|  129122849|       -|        no|         -|   1 (~0%)|    2164 (~0%)|     951 (~0%)|    -|
    |   o PE_wrapper_3_4_x0_loop_1                            |       -|  -2.43|  129122848|  4.304e+08|   8070178|          -|      16|        no|         -|         -|             -|             -|    -|
    |    o PE_wrapper_3_4_x0_loop_2                           |       -|  -2.43|    8070176|  2.690e+07|    504386|          -|      16|        no|         -|         -|             -|             -|    -|
    |     o PE_wrapper_3_4_x0_loop_3                          |       -|  -2.43|     504384|  1.681e+06|     15762|          -|      32|        no|         -|         -|             -|             -|    -|
    |      o PE_wrapper_3_4_x0_loop_4                         |       -|  -2.43|      15760|  5.253e+04|      1970|          -|       8|        no|         -|         -|             -|             -|    -|
    |       o PE_wrapper_3_4_x0_loop_5                        |       -|  -2.43|       1968|  6.559e+03|       246|          -|       8|        no|         -|         -|             -|             -|    -|
    |        o PE_wrapper_3_4_x0_loop_6                       |       -|  -2.43|         32|    106.656|         1|          -|      32|        no|         -|         -|             -|             -|    -|
    |        o PE_wrapper_3_4_x0_loop_7                       |       -|  -2.43|         32|    106.656|         1|          -|      32|        no|         -|         -|             -|             -|    -|
    |        o PE_wrapper_3_4_x0_loop_8                       |       -|  -2.43|        160|    533.280|         5|          -|      32|        no|         -|         -|             -|             -|    -|
    |  + grp_PE_wrapper_4_3_x0_fu_2504                        |       -|  -0.53|  129122849|  4.304e+08|         -|  129122849|       -|        no|         -|   1 (~0%)|    2164 (~0%)|     951 (~0%)|    -|
    |   o PE_wrapper_4_3_x0_loop_1                            |       -|  -2.43|  129122848|  4.304e+08|   8070178|          -|      16|        no|         -|         -|             -|             -|    -|
    |    o PE_wrapper_4_3_x0_loop_2                           |       -|  -2.43|    8070176|  2.690e+07|    504386|          -|      16|        no|         -|         -|             -|             -|    -|
    |     o PE_wrapper_4_3_x0_loop_3                          |       -|  -2.43|     504384|  1.681e+06|     15762|          -|      32|        no|         -|         -|             -|             -|    -|
    |      o PE_wrapper_4_3_x0_loop_4                         |       -|  -2.43|      15760|  5.253e+04|      1970|          -|       8|        no|         -|         -|             -|             -|    -|
    |       o PE_wrapper_4_3_x0_loop_5                        |       -|  -2.43|       1968|  6.559e+03|       246|          -|       8|        no|         -|         -|             -|             -|    -|
    |        o PE_wrapper_4_3_x0_loop_6                       |       -|  -2.43|         32|    106.656|         1|          -|      32|        no|         -|         -|             -|             -|    -|
    |        o PE_wrapper_4_3_x0_loop_7                       |       -|  -2.43|         32|    106.656|         1|          -|      32|        no|         -|         -|             -|             -|    -|
    |        o PE_wrapper_4_3_x0_loop_8                       |       -|  -2.43|        160|    533.280|         5|          -|      32|        no|         -|         -|             -|             -|    -|
    |  + grp_PE_wrapper_5_2_x0_fu_2513                        |       -|  -0.53|  129122849|  4.304e+08|         -|  129122849|       -|        no|         -|   1 (~0%)|    2164 (~0%)|     951 (~0%)|    -|
    |   o PE_wrapper_5_2_x0_loop_1                            |       -|  -2.43|  129122848|  4.304e+08|   8070178|          -|      16|        no|         -|         -|             -|             -|    -|
    |    o PE_wrapper_5_2_x0_loop_2                           |       -|  -2.43|    8070176|  2.690e+07|    504386|          -|      16|        no|         -|         -|             -|             -|    -|
    |     o PE_wrapper_5_2_x0_loop_3                          |       -|  -2.43|     504384|  1.681e+06|     15762|          -|      32|        no|         -|         -|             -|             -|    -|
    |      o PE_wrapper_5_2_x0_loop_4                         |       -|  -2.43|      15760|  5.253e+04|      1970|          -|       8|        no|         -|         -|             -|             -|    -|
    |       o PE_wrapper_5_2_x0_loop_5                        |       -|  -2.43|       1968|  6.559e+03|       246|          -|       8|        no|         -|         -|             -|             -|    -|
    |        o PE_wrapper_5_2_x0_loop_6                       |       -|  -2.43|         32|    106.656|         1|          -|      32|        no|         -|         -|             -|             -|    -|
    |        o PE_wrapper_5_2_x0_loop_7                       |       -|  -2.43|         32|    106.656|         1|          -|      32|        no|         -|         -|             -|             -|    -|
    |        o PE_wrapper_5_2_x0_loop_8                       |       -|  -2.43|        160|    533.280|         5|          -|      32|        no|         -|         -|             -|             -|    -|
    |  + grp_PE_wrapper_6_1_x0_fu_2522                        |       -|  -0.53|  129122849|  4.304e+08|         -|  129122849|       -|        no|         -|   1 (~0%)|    2164 (~0%)|     951 (~0%)|    -|
    |   o PE_wrapper_6_1_x0_loop_1                            |       -|  -2.43|  129122848|  4.304e+08|   8070178|          -|      16|        no|         -|         -|             -|             -|    -|
    |    o PE_wrapper_6_1_x0_loop_2                           |       -|  -2.43|    8070176|  2.690e+07|    504386|          -|      16|        no|         -|         -|             -|             -|    -|
    |     o PE_wrapper_6_1_x0_loop_3                          |       -|  -2.43|     504384|  1.681e+06|     15762|          -|      32|        no|         -|         -|             -|             -|    -|
    |      o PE_wrapper_6_1_x0_loop_4                         |       -|  -2.43|      15760|  5.253e+04|      1970|          -|       8|        no|         -|         -|             -|             -|    -|
    |       o PE_wrapper_6_1_x0_loop_5                        |       -|  -2.43|       1968|  6.559e+03|       246|          -|       8|        no|         -|         -|             -|             -|    -|
    |        o PE_wrapper_6_1_x0_loop_6                       |       -|  -2.43|         32|    106.656|         1|          -|      32|        no|         -|         -|             -|             -|    -|
    |        o PE_wrapper_6_1_x0_loop_7                       |       -|  -2.43|         32|    106.656|         1|          -|      32|        no|         -|         -|             -|             -|    -|
    |        o PE_wrapper_6_1_x0_loop_8                       |       -|  -2.43|        160|    533.280|         5|          -|      32|        no|         -|         -|             -|             -|    -|
    |  + grp_PE_wrapper_7_0_x0_fu_2531                        |       -|  -0.53|  129122849|  4.304e+08|         -|  129122849|       -|        no|         -|   1 (~0%)|    2164 (~0%)|     951 (~0%)|    -|
    |   o PE_wrapper_7_0_x0_loop_1                            |       -|  -2.43|  129122848|  4.304e+08|   8070178|          -|      16|        no|         -|         -|             -|             -|    -|
    |    o PE_wrapper_7_0_x0_loop_2                           |       -|  -2.43|    8070176|  2.690e+07|    504386|          -|      16|        no|         -|         -|             -|             -|    -|
    |     o PE_wrapper_7_0_x0_loop_3                          |       -|  -2.43|     504384|  1.681e+06|     15762|          -|      32|        no|         -|         -|             -|             -|    -|
    |      o PE_wrapper_7_0_x0_loop_4                         |       -|  -2.43|      15760|  5.253e+04|      1970|          -|       8|        no|         -|         -|             -|             -|    -|
    |       o PE_wrapper_7_0_x0_loop_5                        |       -|  -2.43|       1968|  6.559e+03|       246|          -|       8|        no|         -|         -|             -|             -|    -|
    |        o PE_wrapper_7_0_x0_loop_6                       |       -|  -2.43|         32|    106.656|         1|          -|      32|        no|         -|         -|             -|             -|    -|
    |        o PE_wrapper_7_0_x0_loop_7                       |       -|  -2.43|         32|    106.656|         1|          -|      32|        no|         -|         -|             -|             -|    -|
    |        o PE_wrapper_7_0_x0_loop_8                       |       -|  -2.43|        160|    533.280|         5|          -|      32|        no|         -|         -|             -|             -|    -|
    |  + grp_PE_wrapper_1_7_x0_fu_2540                        |       -|  -0.53|  129122849|  4.304e+08|         -|  129122849|       -|        no|         -|   1 (~0%)|    2164 (~0%)|     951 (~0%)|    -|
    |   o PE_wrapper_1_7_x0_loop_1                            |       -|  -2.43|  129122848|  4.304e+08|   8070178|          -|      16|        no|         -|         -|             -|             -|    -|
    |    o PE_wrapper_1_7_x0_loop_2                           |       -|  -2.43|    8070176|  2.690e+07|    504386|          -|      16|        no|         -|         -|             -|             -|    -|
    |     o PE_wrapper_1_7_x0_loop_3                          |       -|  -2.43|     504384|  1.681e+06|     15762|          -|      32|        no|         -|         -|             -|             -|    -|
    |      o PE_wrapper_1_7_x0_loop_4                         |       -|  -2.43|      15760|  5.253e+04|      1970|          -|       8|        no|         -|         -|             -|             -|    -|
    |       o PE_wrapper_1_7_x0_loop_5                        |       -|  -2.43|       1968|  6.559e+03|       246|          -|       8|        no|         -|         -|             -|             -|    -|
    |        o PE_wrapper_1_7_x0_loop_6                       |       -|  -2.43|         32|    106.656|         1|          -|      32|        no|         -|         -|             -|             -|    -|
    |        o PE_wrapper_1_7_x0_loop_7                       |       -|  -2.43|         32|    106.656|         1|          -|      32|        no|         -|         -|             -|             -|    -|
    |        o PE_wrapper_1_7_x0_loop_8                       |       -|  -2.43|        160|    533.280|         5|          -|      32|        no|         -|         -|             -|             -|    -|
    |  + grp_PE_wrapper_2_6_x0_fu_2549                        |       -|  -0.53|  129122849|  4.304e+08|         -|  129122849|       -|        no|         -|   1 (~0%)|    2164 (~0%)|     951 (~0%)|    -|
    |   o PE_wrapper_2_6_x0_loop_1                            |       -|  -2.43|  129122848|  4.304e+08|   8070178|          -|      16|        no|         -|         -|             -|             -|    -|
    |    o PE_wrapper_2_6_x0_loop_2                           |       -|  -2.43|    8070176|  2.690e+07|    504386|          -|      16|        no|         -|         -|             -|             -|    -|
    |     o PE_wrapper_2_6_x0_loop_3                          |       -|  -2.43|     504384|  1.681e+06|     15762|          -|      32|        no|         -|         -|             -|             -|    -|
    |      o PE_wrapper_2_6_x0_loop_4                         |       -|  -2.43|      15760|  5.253e+04|      1970|          -|       8|        no|         -|         -|             -|             -|    -|
    |       o PE_wrapper_2_6_x0_loop_5                        |       -|  -2.43|       1968|  6.559e+03|       246|          -|       8|        no|         -|         -|             -|             -|    -|
    |        o PE_wrapper_2_6_x0_loop_6                       |       -|  -2.43|         32|    106.656|         1|          -|      32|        no|         -|         -|             -|             -|    -|
    |        o PE_wrapper_2_6_x0_loop_7                       |       -|  -2.43|         32|    106.656|         1|          -|      32|        no|         -|         -|             -|             -|    -|
    |        o PE_wrapper_2_6_x0_loop_8                       |       -|  -2.43|        160|    533.280|         5|          -|      32|        no|         -|         -|             -|             -|    -|
    |  + grp_PE_wrapper_3_5_x0_fu_2558                        |       -|  -0.53|  129122849|  4.304e+08|         -|  129122849|       -|        no|         -|   1 (~0%)|    2164 (~0%)|     951 (~0%)|    -|
    |   o PE_wrapper_3_5_x0_loop_1                            |       -|  -2.43|  129122848|  4.304e+08|   8070178|          -|      16|        no|         -|         -|             -|             -|    -|
    |    o PE_wrapper_3_5_x0_loop_2                           |       -|  -2.43|    8070176|  2.690e+07|    504386|          -|      16|        no|         -|         -|             -|             -|    -|
    |     o PE_wrapper_3_5_x0_loop_3                          |       -|  -2.43|     504384|  1.681e+06|     15762|          -|      32|        no|         -|         -|             -|             -|    -|
    |      o PE_wrapper_3_5_x0_loop_4                         |       -|  -2.43|      15760|  5.253e+04|      1970|          -|       8|        no|         -|         -|             -|             -|    -|
    |       o PE_wrapper_3_5_x0_loop_5                        |       -|  -2.43|       1968|  6.559e+03|       246|          -|       8|        no|         -|         -|             -|             -|    -|
    |        o PE_wrapper_3_5_x0_loop_6                       |       -|  -2.43|         32|    106.656|         1|          -|      32|        no|         -|         -|             -|             -|    -|
    |        o PE_wrapper_3_5_x0_loop_7                       |       -|  -2.43|         32|    106.656|         1|          -|      32|        no|         -|         -|             -|             -|    -|
    |        o PE_wrapper_3_5_x0_loop_8                       |       -|  -2.43|        160|    533.280|         5|          -|      32|        no|         -|         -|             -|             -|    -|
    |  + grp_PE_wrapper_4_4_x0_fu_2567                        |       -|  -0.53|  129122849|  4.304e+08|         -|  129122849|       -|        no|         -|   1 (~0%)|    2164 (~0%)|     951 (~0%)|    -|
    |   o PE_wrapper_4_4_x0_loop_1                            |       -|  -2.43|  129122848|  4.304e+08|   8070178|          -|      16|        no|         -|         -|             -|             -|    -|
    |    o PE_wrapper_4_4_x0_loop_2                           |       -|  -2.43|    8070176|  2.690e+07|    504386|          -|      16|        no|         -|         -|             -|             -|    -|
    |     o PE_wrapper_4_4_x0_loop_3                          |       -|  -2.43|     504384|  1.681e+06|     15762|          -|      32|        no|         -|         -|             -|             -|    -|
    |      o PE_wrapper_4_4_x0_loop_4                         |       -|  -2.43|      15760|  5.253e+04|      1970|          -|       8|        no|         -|         -|             -|             -|    -|
    |       o PE_wrapper_4_4_x0_loop_5                        |       -|  -2.43|       1968|  6.559e+03|       246|          -|       8|        no|         -|         -|             -|             -|    -|
    |        o PE_wrapper_4_4_x0_loop_6                       |       -|  -2.43|         32|    106.656|         1|          -|      32|        no|         -|         -|             -|             -|    -|
    |        o PE_wrapper_4_4_x0_loop_7                       |       -|  -2.43|         32|    106.656|         1|          -|      32|        no|         -|         -|             -|             -|    -|
    |        o PE_wrapper_4_4_x0_loop_8                       |       -|  -2.43|        160|    533.280|         5|          -|      32|        no|         -|         -|             -|             -|    -|
    |  + grp_PE_wrapper_5_3_x0_fu_2576                        |       -|  -0.53|  129122849|  4.304e+08|         -|  129122849|       -|        no|         -|   1 (~0%)|    2164 (~0%)|     951 (~0%)|    -|
    |   o PE_wrapper_5_3_x0_loop_1                            |       -|  -2.43|  129122848|  4.304e+08|   8070178|          -|      16|        no|         -|         -|             -|             -|    -|
    |    o PE_wrapper_5_3_x0_loop_2                           |       -|  -2.43|    8070176|  2.690e+07|    504386|          -|      16|        no|         -|         -|             -|             -|    -|
    |     o PE_wrapper_5_3_x0_loop_3                          |       -|  -2.43|     504384|  1.681e+06|     15762|          -|      32|        no|         -|         -|             -|             -|    -|
    |      o PE_wrapper_5_3_x0_loop_4                         |       -|  -2.43|      15760|  5.253e+04|      1970|          -|       8|        no|         -|         -|             -|             -|    -|
    |       o PE_wrapper_5_3_x0_loop_5                        |       -|  -2.43|       1968|  6.559e+03|       246|          -|       8|        no|         -|         -|             -|             -|    -|
    |        o PE_wrapper_5_3_x0_loop_6                       |       -|  -2.43|         32|    106.656|         1|          -|      32|        no|         -|         -|             -|             -|    -|
    |        o PE_wrapper_5_3_x0_loop_7                       |       -|  -2.43|         32|    106.656|         1|          -|      32|        no|         -|         -|             -|             -|    -|
    |        o PE_wrapper_5_3_x0_loop_8                       |       -|  -2.43|        160|    533.280|         5|          -|      32|        no|         -|         -|             -|             -|    -|
    |  + grp_PE_wrapper_6_2_x0_fu_2585                        |       -|  -0.53|  129122849|  4.304e+08|         -|  129122849|       -|        no|         -|   1 (~0%)|    2164 (~0%)|     951 (~0%)|    -|
    |   o PE_wrapper_6_2_x0_loop_1                            |       -|  -2.43|  129122848|  4.304e+08|   8070178|          -|      16|        no|         -|         -|             -|             -|    -|
    |    o PE_wrapper_6_2_x0_loop_2                           |       -|  -2.43|    8070176|  2.690e+07|    504386|          -|      16|        no|         -|         -|             -|             -|    -|
    |     o PE_wrapper_6_2_x0_loop_3                          |       -|  -2.43|     504384|  1.681e+06|     15762|          -|      32|        no|         -|         -|             -|             -|    -|
    |      o PE_wrapper_6_2_x0_loop_4                         |       -|  -2.43|      15760|  5.253e+04|      1970|          -|       8|        no|         -|         -|             -|             -|    -|
    |       o PE_wrapper_6_2_x0_loop_5                        |       -|  -2.43|       1968|  6.559e+03|       246|          -|       8|        no|         -|         -|             -|             -|    -|
    |        o PE_wrapper_6_2_x0_loop_6                       |       -|  -2.43|         32|    106.656|         1|          -|      32|        no|         -|         -|             -|             -|    -|
    |        o PE_wrapper_6_2_x0_loop_7                       |       -|  -2.43|         32|    106.656|         1|          -|      32|        no|         -|         -|             -|             -|    -|
    |        o PE_wrapper_6_2_x0_loop_8                       |       -|  -2.43|        160|    533.280|         5|          -|      32|        no|         -|         -|             -|             -|    -|
    |  + grp_PE_wrapper_7_1_x0_fu_2594                        |       -|  -0.53|  129122849|  4.304e+08|         -|  129122849|       -|        no|         -|   1 (~0%)|    2164 (~0%)|     951 (~0%)|    -|
    |   o PE_wrapper_7_1_x0_loop_1                            |       -|  -2.43|  129122848|  4.304e+08|   8070178|          -|      16|        no|         -|         -|             -|             -|    -|
    |    o PE_wrapper_7_1_x0_loop_2                           |       -|  -2.43|    8070176|  2.690e+07|    504386|          -|      16|        no|         -|         -|             -|             -|    -|
    |     o PE_wrapper_7_1_x0_loop_3                          |       -|  -2.43|     504384|  1.681e+06|     15762|          -|      32|        no|         -|         -|             -|             -|    -|
    |      o PE_wrapper_7_1_x0_loop_4                         |       -|  -2.43|      15760|  5.253e+04|      1970|          -|       8|        no|         -|         -|             -|             -|    -|
    |       o PE_wrapper_7_1_x0_loop_5                        |       -|  -2.43|       1968|  6.559e+03|       246|          -|       8|        no|         -|         -|             -|             -|    -|
    |        o PE_wrapper_7_1_x0_loop_6                       |       -|  -2.43|         32|    106.656|         1|          -|      32|        no|         -|         -|             -|             -|    -|
    |        o PE_wrapper_7_1_x0_loop_7                       |       -|  -2.43|         32|    106.656|         1|          -|      32|        no|         -|         -|             -|             -|    -|
    |        o PE_wrapper_7_1_x0_loop_8                       |       -|  -2.43|        160|    533.280|         5|          -|      32|        no|         -|         -|             -|             -|    -|
    |  + grp_PE_wrapper_2_7_x0_fu_2603                        |       -|  -0.53|  129122849|  4.304e+08|         -|  129122849|       -|        no|         -|   1 (~0%)|    2164 (~0%)|     951 (~0%)|    -|
    |   o PE_wrapper_2_7_x0_loop_1                            |       -|  -2.43|  129122848|  4.304e+08|   8070178|          -|      16|        no|         -|         -|             -|             -|    -|
    |    o PE_wrapper_2_7_x0_loop_2                           |       -|  -2.43|    8070176|  2.690e+07|    504386|          -|      16|        no|         -|         -|             -|             -|    -|
    |     o PE_wrapper_2_7_x0_loop_3                          |       -|  -2.43|     504384|  1.681e+06|     15762|          -|      32|        no|         -|         -|             -|             -|    -|
    |      o PE_wrapper_2_7_x0_loop_4                         |       -|  -2.43|      15760|  5.253e+04|      1970|          -|       8|        no|         -|         -|             -|             -|    -|
    |       o PE_wrapper_2_7_x0_loop_5                        |       -|  -2.43|       1968|  6.559e+03|       246|          -|       8|        no|         -|         -|             -|             -|    -|
    |        o PE_wrapper_2_7_x0_loop_6                       |       -|  -2.43|         32|    106.656|         1|          -|      32|        no|         -|         -|             -|             -|    -|
    |        o PE_wrapper_2_7_x0_loop_7                       |       -|  -2.43|         32|    106.656|         1|          -|      32|        no|         -|         -|             -|             -|    -|
    |        o PE_wrapper_2_7_x0_loop_8                       |       -|  -2.43|        160|    533.280|         5|          -|      32|        no|         -|         -|             -|             -|    -|
    |  + grp_PE_wrapper_3_6_x0_fu_2612                        |       -|  -0.53|  129122849|  4.304e+08|         -|  129122849|       -|        no|         -|   1 (~0%)|    2164 (~0%)|     951 (~0%)|    -|
    |   o PE_wrapper_3_6_x0_loop_1                            |       -|  -2.43|  129122848|  4.304e+08|   8070178|          -|      16|        no|         -|         -|             -|             -|    -|
    |    o PE_wrapper_3_6_x0_loop_2                           |       -|  -2.43|    8070176|  2.690e+07|    504386|          -|      16|        no|         -|         -|             -|             -|    -|
    |     o PE_wrapper_3_6_x0_loop_3                          |       -|  -2.43|     504384|  1.681e+06|     15762|          -|      32|        no|         -|         -|             -|             -|    -|
    |      o PE_wrapper_3_6_x0_loop_4                         |       -|  -2.43|      15760|  5.253e+04|      1970|          -|       8|        no|         -|         -|             -|             -|    -|
    |       o PE_wrapper_3_6_x0_loop_5                        |       -|  -2.43|       1968|  6.559e+03|       246|          -|       8|        no|         -|         -|             -|             -|    -|
    |        o PE_wrapper_3_6_x0_loop_6                       |       -|  -2.43|         32|    106.656|         1|          -|      32|        no|         -|         -|             -|             -|    -|
    |        o PE_wrapper_3_6_x0_loop_7                       |       -|  -2.43|         32|    106.656|         1|          -|      32|        no|         -|         -|             -|             -|    -|
    |        o PE_wrapper_3_6_x0_loop_8                       |       -|  -2.43|        160|    533.280|         5|          -|      32|        no|         -|         -|             -|             -|    -|
    |  + grp_PE_wrapper_4_5_x0_fu_2621                        |       -|  -0.53|  129122849|  4.304e+08|         -|  129122849|       -|        no|         -|   1 (~0%)|    2164 (~0%)|     951 (~0%)|    -|
    |   o PE_wrapper_4_5_x0_loop_1                            |       -|  -2.43|  129122848|  4.304e+08|   8070178|          -|      16|        no|         -|         -|             -|             -|    -|
    |    o PE_wrapper_4_5_x0_loop_2                           |       -|  -2.43|    8070176|  2.690e+07|    504386|          -|      16|        no|         -|         -|             -|             -|    -|
    |     o PE_wrapper_4_5_x0_loop_3                          |       -|  -2.43|     504384|  1.681e+06|     15762|          -|      32|        no|         -|         -|             -|             -|    -|
    |      o PE_wrapper_4_5_x0_loop_4                         |       -|  -2.43|      15760|  5.253e+04|      1970|          -|       8|        no|         -|         -|             -|             -|    -|
    |       o PE_wrapper_4_5_x0_loop_5                        |       -|  -2.43|       1968|  6.559e+03|       246|          -|       8|        no|         -|         -|             -|             -|    -|
    |        o PE_wrapper_4_5_x0_loop_6                       |       -|  -2.43|         32|    106.656|         1|          -|      32|        no|         -|         -|             -|             -|    -|
    |        o PE_wrapper_4_5_x0_loop_7                       |       -|  -2.43|         32|    106.656|         1|          -|      32|        no|         -|         -|             -|             -|    -|
    |        o PE_wrapper_4_5_x0_loop_8                       |       -|  -2.43|        160|    533.280|         5|          -|      32|        no|         -|         -|             -|             -|    -|
    |  + grp_PE_wrapper_5_4_x0_fu_2630                        |       -|  -0.53|  129122849|  4.304e+08|         -|  129122849|       -|        no|         -|   1 (~0%)|    2164 (~0%)|     951 (~0%)|    -|
    |   o PE_wrapper_5_4_x0_loop_1                            |       -|  -2.43|  129122848|  4.304e+08|   8070178|          -|      16|        no|         -|         -|             -|             -|    -|
    |    o PE_wrapper_5_4_x0_loop_2                           |       -|  -2.43|    8070176|  2.690e+07|    504386|          -|      16|        no|         -|         -|             -|             -|    -|
    |     o PE_wrapper_5_4_x0_loop_3                          |       -|  -2.43|     504384|  1.681e+06|     15762|          -|      32|        no|         -|         -|             -|             -|    -|
    |      o PE_wrapper_5_4_x0_loop_4                         |       -|  -2.43|      15760|  5.253e+04|      1970|          -|       8|        no|         -|         -|             -|             -|    -|
    |       o PE_wrapper_5_4_x0_loop_5                        |       -|  -2.43|       1968|  6.559e+03|       246|          -|       8|        no|         -|         -|             -|             -|    -|
    |        o PE_wrapper_5_4_x0_loop_6                       |       -|  -2.43|         32|    106.656|         1|          -|      32|        no|         -|         -|             -|             -|    -|
    |        o PE_wrapper_5_4_x0_loop_7                       |       -|  -2.43|         32|    106.656|         1|          -|      32|        no|         -|         -|             -|             -|    -|
    |        o PE_wrapper_5_4_x0_loop_8                       |       -|  -2.43|        160|    533.280|         5|          -|      32|        no|         -|         -|             -|             -|    -|
    |  + grp_PE_wrapper_6_3_x0_fu_2639                        |       -|  -0.53|  129122849|  4.304e+08|         -|  129122849|       -|        no|         -|   1 (~0%)|    2164 (~0%)|     951 (~0%)|    -|
    |   o PE_wrapper_6_3_x0_loop_1                            |       -|  -2.43|  129122848|  4.304e+08|   8070178|          -|      16|        no|         -|         -|             -|             -|    -|
    |    o PE_wrapper_6_3_x0_loop_2                           |       -|  -2.43|    8070176|  2.690e+07|    504386|          -|      16|        no|         -|         -|             -|             -|    -|
    |     o PE_wrapper_6_3_x0_loop_3                          |       -|  -2.43|     504384|  1.681e+06|     15762|          -|      32|        no|         -|         -|             -|             -|    -|
    |      o PE_wrapper_6_3_x0_loop_4                         |       -|  -2.43|      15760|  5.253e+04|      1970|          -|       8|        no|         -|         -|             -|             -|    -|
    |       o PE_wrapper_6_3_x0_loop_5                        |       -|  -2.43|       1968|  6.559e+03|       246|          -|       8|        no|         -|         -|             -|             -|    -|
    |        o PE_wrapper_6_3_x0_loop_6                       |       -|  -2.43|         32|    106.656|         1|          -|      32|        no|         -|         -|             -|             -|    -|
    |        o PE_wrapper_6_3_x0_loop_7                       |       -|  -2.43|         32|    106.656|         1|          -|      32|        no|         -|         -|             -|             -|    -|
    |        o PE_wrapper_6_3_x0_loop_8                       |       -|  -2.43|        160|    533.280|         5|          -|      32|        no|         -|         -|             -|             -|    -|
    |  + grp_PE_wrapper_7_2_x0_fu_2648                        |       -|  -0.53|  129122849|  4.304e+08|         -|  129122849|       -|        no|         -|   1 (~0%)|    2164 (~0%)|     951 (~0%)|    -|
    |   o PE_wrapper_7_2_x0_loop_1                            |       -|  -2.43|  129122848|  4.304e+08|   8070178|          -|      16|        no|         -|         -|             -|             -|    -|
    |    o PE_wrapper_7_2_x0_loop_2                           |       -|  -2.43|    8070176|  2.690e+07|    504386|          -|      16|        no|         -|         -|             -|             -|    -|
    |     o PE_wrapper_7_2_x0_loop_3                          |       -|  -2.43|     504384|  1.681e+06|     15762|          -|      32|        no|         -|         -|             -|             -|    -|
    |      o PE_wrapper_7_2_x0_loop_4                         |       -|  -2.43|      15760|  5.253e+04|      1970|          -|       8|        no|         -|         -|             -|             -|    -|
    |       o PE_wrapper_7_2_x0_loop_5                        |       -|  -2.43|       1968|  6.559e+03|       246|          -|       8|        no|         -|         -|             -|             -|    -|
    |        o PE_wrapper_7_2_x0_loop_6                       |       -|  -2.43|         32|    106.656|         1|          -|      32|        no|         -|         -|             -|             -|    -|
    |        o PE_wrapper_7_2_x0_loop_7                       |       -|  -2.43|         32|    106.656|         1|          -|      32|        no|         -|         -|             -|             -|    -|
    |        o PE_wrapper_7_2_x0_loop_8                       |       -|  -2.43|        160|    533.280|         5|          -|      32|        no|         -|         -|             -|             -|    -|
    |  + grp_PE_wrapper_3_7_x0_fu_2657                        |       -|  -0.53|  129122849|  4.304e+08|         -|  129122849|       -|        no|         -|   1 (~0%)|    2164 (~0%)|     951 (~0%)|    -|
    |   o PE_wrapper_3_7_x0_loop_1                            |       -|  -2.43|  129122848|  4.304e+08|   8070178|          -|      16|        no|         -|         -|             -|             -|    -|
    |    o PE_wrapper_3_7_x0_loop_2                           |       -|  -2.43|    8070176|  2.690e+07|    504386|          -|      16|        no|         -|         -|             -|             -|    -|
    |     o PE_wrapper_3_7_x0_loop_3                          |       -|  -2.43|     504384|  1.681e+06|     15762|          -|      32|        no|         -|         -|             -|             -|    -|
    |      o PE_wrapper_3_7_x0_loop_4                         |       -|  -2.43|      15760|  5.253e+04|      1970|          -|       8|        no|         -|         -|             -|             -|    -|
    |       o PE_wrapper_3_7_x0_loop_5                        |       -|  -2.43|       1968|  6.559e+03|       246|          -|       8|        no|         -|         -|             -|             -|    -|
    |        o PE_wrapper_3_7_x0_loop_6                       |       -|  -2.43|         32|    106.656|         1|          -|      32|        no|         -|         -|             -|             -|    -|
    |        o PE_wrapper_3_7_x0_loop_7                       |       -|  -2.43|         32|    106.656|         1|          -|      32|        no|         -|         -|             -|             -|    -|
    |        o PE_wrapper_3_7_x0_loop_8                       |       -|  -2.43|        160|    533.280|         5|          -|      32|        no|         -|         -|             -|             -|    -|
    |  + grp_PE_wrapper_4_6_x0_fu_2666                        |       -|  -0.53|  129122849|  4.304e+08|         -|  129122849|       -|        no|         -|   1 (~0%)|    2164 (~0%)|     951 (~0%)|    -|
    |   o PE_wrapper_4_6_x0_loop_1                            |       -|  -2.43|  129122848|  4.304e+08|   8070178|          -|      16|        no|         -|         -|             -|             -|    -|
    |    o PE_wrapper_4_6_x0_loop_2                           |       -|  -2.43|    8070176|  2.690e+07|    504386|          -|      16|        no|         -|         -|             -|             -|    -|
    |     o PE_wrapper_4_6_x0_loop_3                          |       -|  -2.43|     504384|  1.681e+06|     15762|          -|      32|        no|         -|         -|             -|             -|    -|
    |      o PE_wrapper_4_6_x0_loop_4                         |       -|  -2.43|      15760|  5.253e+04|      1970|          -|       8|        no|         -|         -|             -|             -|    -|
    |       o PE_wrapper_4_6_x0_loop_5                        |       -|  -2.43|       1968|  6.559e+03|       246|          -|       8|        no|         -|         -|             -|             -|    -|
    |        o PE_wrapper_4_6_x0_loop_6                       |       -|  -2.43|         32|    106.656|         1|          -|      32|        no|         -|         -|             -|             -|    -|
    |        o PE_wrapper_4_6_x0_loop_7                       |       -|  -2.43|         32|    106.656|         1|          -|      32|        no|         -|         -|             -|             -|    -|
    |        o PE_wrapper_4_6_x0_loop_8                       |       -|  -2.43|        160|    533.280|         5|          -|      32|        no|         -|         -|             -|             -|    -|
    |  + grp_PE_wrapper_5_5_x0_fu_2675                        |       -|  -0.53|  129122849|  4.304e+08|         -|  129122849|       -|        no|         -|   1 (~0%)|    2164 (~0%)|     951 (~0%)|    -|
    |   o PE_wrapper_5_5_x0_loop_1                            |       -|  -2.43|  129122848|  4.304e+08|   8070178|          -|      16|        no|         -|         -|             -|             -|    -|
    |    o PE_wrapper_5_5_x0_loop_2                           |       -|  -2.43|    8070176|  2.690e+07|    504386|          -|      16|        no|         -|         -|             -|             -|    -|
    |     o PE_wrapper_5_5_x0_loop_3                          |       -|  -2.43|     504384|  1.681e+06|     15762|          -|      32|        no|         -|         -|             -|             -|    -|
    |      o PE_wrapper_5_5_x0_loop_4                         |       -|  -2.43|      15760|  5.253e+04|      1970|          -|       8|        no|         -|         -|             -|             -|    -|
    |       o PE_wrapper_5_5_x0_loop_5                        |       -|  -2.43|       1968|  6.559e+03|       246|          -|       8|        no|         -|         -|             -|             -|    -|
    |        o PE_wrapper_5_5_x0_loop_6                       |       -|  -2.43|         32|    106.656|         1|          -|      32|        no|         -|         -|             -|             -|    -|
    |        o PE_wrapper_5_5_x0_loop_7                       |       -|  -2.43|         32|    106.656|         1|          -|      32|        no|         -|         -|             -|             -|    -|
    |        o PE_wrapper_5_5_x0_loop_8                       |       -|  -2.43|        160|    533.280|         5|          -|      32|        no|         -|         -|             -|             -|    -|
    |  + grp_PE_wrapper_6_4_x0_fu_2684                        |       -|  -0.53|  129122849|  4.304e+08|         -|  129122849|       -|        no|         -|   1 (~0%)|    2164 (~0%)|     951 (~0%)|    -|
    |   o PE_wrapper_6_4_x0_loop_1                            |       -|  -2.43|  129122848|  4.304e+08|   8070178|          -|      16|        no|         -|         -|             -|             -|    -|
    |    o PE_wrapper_6_4_x0_loop_2                           |       -|  -2.43|    8070176|  2.690e+07|    504386|          -|      16|        no|         -|         -|             -|             -|    -|
    |     o PE_wrapper_6_4_x0_loop_3                          |       -|  -2.43|     504384|  1.681e+06|     15762|          -|      32|        no|         -|         -|             -|             -|    -|
    |      o PE_wrapper_6_4_x0_loop_4                         |       -|  -2.43|      15760|  5.253e+04|      1970|          -|       8|        no|         -|         -|             -|             -|    -|
    |       o PE_wrapper_6_4_x0_loop_5                        |       -|  -2.43|       1968|  6.559e+03|       246|          -|       8|        no|         -|         -|             -|             -|    -|
    |        o PE_wrapper_6_4_x0_loop_6                       |       -|  -2.43|         32|    106.656|         1|          -|      32|        no|         -|         -|             -|             -|    -|
    |        o PE_wrapper_6_4_x0_loop_7                       |       -|  -2.43|         32|    106.656|         1|          -|      32|        no|         -|         -|             -|             -|    -|
    |        o PE_wrapper_6_4_x0_loop_8                       |       -|  -2.43|        160|    533.280|         5|          -|      32|        no|         -|         -|             -|             -|    -|
    |  + grp_PE_wrapper_7_3_x0_fu_2693                        |       -|  -0.53|  129122849|  4.304e+08|         -|  129122849|       -|        no|         -|   1 (~0%)|    2164 (~0%)|     951 (~0%)|    -|
    |   o PE_wrapper_7_3_x0_loop_1                            |       -|  -2.43|  129122848|  4.304e+08|   8070178|          -|      16|        no|         -|         -|             -|             -|    -|
    |    o PE_wrapper_7_3_x0_loop_2                           |       -|  -2.43|    8070176|  2.690e+07|    504386|          -|      16|        no|         -|         -|             -|             -|    -|
    |     o PE_wrapper_7_3_x0_loop_3                          |       -|  -2.43|     504384|  1.681e+06|     15762|          -|      32|        no|         -|         -|             -|             -|    -|
    |      o PE_wrapper_7_3_x0_loop_4                         |       -|  -2.43|      15760|  5.253e+04|      1970|          -|       8|        no|         -|         -|             -|             -|    -|
    |       o PE_wrapper_7_3_x0_loop_5                        |       -|  -2.43|       1968|  6.559e+03|       246|          -|       8|        no|         -|         -|             -|             -|    -|
    |        o PE_wrapper_7_3_x0_loop_6                       |       -|  -2.43|         32|    106.656|         1|          -|      32|        no|         -|         -|             -|             -|    -|
    |        o PE_wrapper_7_3_x0_loop_7                       |       -|  -2.43|         32|    106.656|         1|          -|      32|        no|         -|         -|             -|             -|    -|
    |        o PE_wrapper_7_3_x0_loop_8                       |       -|  -2.43|        160|    533.280|         5|          -|      32|        no|         -|         -|             -|             -|    -|
    |  + grp_PE_wrapper_4_7_x0_fu_2702                        |       -|  -0.53|  129122849|  4.304e+08|         -|  129122849|       -|        no|         -|   1 (~0%)|    2164 (~0%)|     951 (~0%)|    -|
    |   o PE_wrapper_4_7_x0_loop_1                            |       -|  -2.43|  129122848|  4.304e+08|   8070178|          -|      16|        no|         -|         -|             -|             -|    -|
    |    o PE_wrapper_4_7_x0_loop_2                           |       -|  -2.43|    8070176|  2.690e+07|    504386|          -|      16|        no|         -|         -|             -|             -|    -|
    |     o PE_wrapper_4_7_x0_loop_3                          |       -|  -2.43|     504384|  1.681e+06|     15762|          -|      32|        no|         -|         -|             -|             -|    -|
    |      o PE_wrapper_4_7_x0_loop_4                         |       -|  -2.43|      15760|  5.253e+04|      1970|          -|       8|        no|         -|         -|             -|             -|    -|
    |       o PE_wrapper_4_7_x0_loop_5                        |       -|  -2.43|       1968|  6.559e+03|       246|          -|       8|        no|         -|         -|             -|             -|    -|
    |        o PE_wrapper_4_7_x0_loop_6                       |       -|  -2.43|         32|    106.656|         1|          -|      32|        no|         -|         -|             -|             -|    -|
    |        o PE_wrapper_4_7_x0_loop_7                       |       -|  -2.43|         32|    106.656|         1|          -|      32|        no|         -|         -|             -|             -|    -|
    |        o PE_wrapper_4_7_x0_loop_8                       |       -|  -2.43|        160|    533.280|         5|          -|      32|        no|         -|         -|             -|             -|    -|
    |  + grp_PE_wrapper_5_6_x0_fu_2711                        |       -|  -0.53|  129122849|  4.304e+08|         -|  129122849|       -|        no|         -|   1 (~0%)|    2164 (~0%)|     951 (~0%)|    -|
    |   o PE_wrapper_5_6_x0_loop_1                            |       -|  -2.43|  129122848|  4.304e+08|   8070178|          -|      16|        no|         -|         -|             -|             -|    -|
    |    o PE_wrapper_5_6_x0_loop_2                           |       -|  -2.43|    8070176|  2.690e+07|    504386|          -|      16|        no|         -|         -|             -|             -|    -|
    |     o PE_wrapper_5_6_x0_loop_3                          |       -|  -2.43|     504384|  1.681e+06|     15762|          -|      32|        no|         -|         -|             -|             -|    -|
    |      o PE_wrapper_5_6_x0_loop_4                         |       -|  -2.43|      15760|  5.253e+04|      1970|          -|       8|        no|         -|         -|             -|             -|    -|
    |       o PE_wrapper_5_6_x0_loop_5                        |       -|  -2.43|       1968|  6.559e+03|       246|          -|       8|        no|         -|         -|             -|             -|    -|
    |        o PE_wrapper_5_6_x0_loop_6                       |       -|  -2.43|         32|    106.656|         1|          -|      32|        no|         -|         -|             -|             -|    -|
    |        o PE_wrapper_5_6_x0_loop_7                       |       -|  -2.43|         32|    106.656|         1|          -|      32|        no|         -|         -|             -|             -|    -|
    |        o PE_wrapper_5_6_x0_loop_8                       |       -|  -2.43|        160|    533.280|         5|          -|      32|        no|         -|         -|             -|             -|    -|
    |  + grp_PE_wrapper_6_5_x0_fu_2720                        |       -|  -0.53|  129122849|  4.304e+08|         -|  129122849|       -|        no|         -|   1 (~0%)|    2164 (~0%)|     951 (~0%)|    -|
    |   o PE_wrapper_6_5_x0_loop_1                            |       -|  -2.43|  129122848|  4.304e+08|   8070178|          -|      16|        no|         -|         -|             -|             -|    -|
    |    o PE_wrapper_6_5_x0_loop_2                           |       -|  -2.43|    8070176|  2.690e+07|    504386|          -|      16|        no|         -|         -|             -|             -|    -|
    |     o PE_wrapper_6_5_x0_loop_3                          |       -|  -2.43|     504384|  1.681e+06|     15762|          -|      32|        no|         -|         -|             -|             -|    -|
    |      o PE_wrapper_6_5_x0_loop_4                         |       -|  -2.43|      15760|  5.253e+04|      1970|          -|       8|        no|         -|         -|             -|             -|    -|
    |       o PE_wrapper_6_5_x0_loop_5                        |       -|  -2.43|       1968|  6.559e+03|       246|          -|       8|        no|         -|         -|             -|             -|    -|
    |        o PE_wrapper_6_5_x0_loop_6                       |       -|  -2.43|         32|    106.656|         1|          -|      32|        no|         -|         -|             -|             -|    -|
    |        o PE_wrapper_6_5_x0_loop_7                       |       -|  -2.43|         32|    106.656|         1|          -|      32|        no|         -|         -|             -|             -|    -|
    |        o PE_wrapper_6_5_x0_loop_8                       |       -|  -2.43|        160|    533.280|         5|          -|      32|        no|         -|         -|             -|             -|    -|
    |  + grp_PE_wrapper_7_4_x0_fu_2729                        |       -|  -0.53|  129122849|  4.304e+08|         -|  129122849|       -|        no|         -|   1 (~0%)|    2164 (~0%)|     951 (~0%)|    -|
    |   o PE_wrapper_7_4_x0_loop_1                            |       -|  -2.43|  129122848|  4.304e+08|   8070178|          -|      16|        no|         -|         -|             -|             -|    -|
    |    o PE_wrapper_7_4_x0_loop_2                           |       -|  -2.43|    8070176|  2.690e+07|    504386|          -|      16|        no|         -|         -|             -|             -|    -|
    |     o PE_wrapper_7_4_x0_loop_3                          |       -|  -2.43|     504384|  1.681e+06|     15762|          -|      32|        no|         -|         -|             -|             -|    -|
    |      o PE_wrapper_7_4_x0_loop_4                         |       -|  -2.43|      15760|  5.253e+04|      1970|          -|       8|        no|         -|         -|             -|             -|    -|
    |       o PE_wrapper_7_4_x0_loop_5                        |       -|  -2.43|       1968|  6.559e+03|       246|          -|       8|        no|         -|         -|             -|             -|    -|
    |        o PE_wrapper_7_4_x0_loop_6                       |       -|  -2.43|         32|    106.656|         1|          -|      32|        no|         -|         -|             -|             -|    -|
    |        o PE_wrapper_7_4_x0_loop_7                       |       -|  -2.43|         32|    106.656|         1|          -|      32|        no|         -|         -|             -|             -|    -|
    |        o PE_wrapper_7_4_x0_loop_8                       |       -|  -2.43|        160|    533.280|         5|          -|      32|        no|         -|         -|             -|             -|    -|
    |  + grp_PE_wrapper_5_7_x0_fu_2738                        |       -|  -0.53|  129122849|  4.304e+08|         -|  129122849|       -|        no|         -|   1 (~0%)|    2164 (~0%)|     951 (~0%)|    -|
    |   o PE_wrapper_5_7_x0_loop_1                            |       -|  -2.43|  129122848|  4.304e+08|   8070178|          -|      16|        no|         -|         -|             -|             -|    -|
    |    o PE_wrapper_5_7_x0_loop_2                           |       -|  -2.43|    8070176|  2.690e+07|    504386|          -|      16|        no|         -|         -|             -|             -|    -|
    |     o PE_wrapper_5_7_x0_loop_3                          |       -|  -2.43|     504384|  1.681e+06|     15762|          -|      32|        no|         -|         -|             -|             -|    -|
    |      o PE_wrapper_5_7_x0_loop_4                         |       -|  -2.43|      15760|  5.253e+04|      1970|          -|       8|        no|         -|         -|             -|             -|    -|
    |       o PE_wrapper_5_7_x0_loop_5                        |       -|  -2.43|       1968|  6.559e+03|       246|          -|       8|        no|         -|         -|             -|             -|    -|
    |        o PE_wrapper_5_7_x0_loop_6                       |       -|  -2.43|         32|    106.656|         1|          -|      32|        no|         -|         -|             -|             -|    -|
    |        o PE_wrapper_5_7_x0_loop_7                       |       -|  -2.43|         32|    106.656|         1|          -|      32|        no|         -|         -|             -|             -|    -|
    |        o PE_wrapper_5_7_x0_loop_8                       |       -|  -2.43|        160|    533.280|         5|          -|      32|        no|         -|         -|             -|             -|    -|
    |  + grp_PE_wrapper_6_6_x0_fu_2747                        |       -|  -0.53|  129122849|  4.304e+08|         -|  129122849|       -|        no|         -|   1 (~0%)|    2164 (~0%)|     951 (~0%)|    -|
    |   o PE_wrapper_6_6_x0_loop_1                            |       -|  -2.43|  129122848|  4.304e+08|   8070178|          -|      16|        no|         -|         -|             -|             -|    -|
    |    o PE_wrapper_6_6_x0_loop_2                           |       -|  -2.43|    8070176|  2.690e+07|    504386|          -|      16|        no|         -|         -|             -|             -|    -|
    |     o PE_wrapper_6_6_x0_loop_3                          |       -|  -2.43|     504384|  1.681e+06|     15762|          -|      32|        no|         -|         -|             -|             -|    -|
    |      o PE_wrapper_6_6_x0_loop_4                         |       -|  -2.43|      15760|  5.253e+04|      1970|          -|       8|        no|         -|         -|             -|             -|    -|
    |       o PE_wrapper_6_6_x0_loop_5                        |       -|  -2.43|       1968|  6.559e+03|       246|          -|       8|        no|         -|         -|             -|             -|    -|
    |        o PE_wrapper_6_6_x0_loop_6                       |       -|  -2.43|         32|    106.656|         1|          -|      32|        no|         -|         -|             -|             -|    -|
    |        o PE_wrapper_6_6_x0_loop_7                       |       -|  -2.43|         32|    106.656|         1|          -|      32|        no|         -|         -|             -|             -|    -|
    |        o PE_wrapper_6_6_x0_loop_8                       |       -|  -2.43|        160|    533.280|         5|          -|      32|        no|         -|         -|             -|             -|    -|
    |  + grp_PE_wrapper_7_5_x0_fu_2756                        |       -|  -0.53|  129122849|  4.304e+08|         -|  129122849|       -|        no|         -|   1 (~0%)|    2164 (~0%)|     951 (~0%)|    -|
    |   o PE_wrapper_7_5_x0_loop_1                            |       -|  -2.43|  129122848|  4.304e+08|   8070178|          -|      16|        no|         -|         -|             -|             -|    -|
    |    o PE_wrapper_7_5_x0_loop_2                           |       -|  -2.43|    8070176|  2.690e+07|    504386|          -|      16|        no|         -|         -|             -|             -|    -|
    |     o PE_wrapper_7_5_x0_loop_3                          |       -|  -2.43|     504384|  1.681e+06|     15762|          -|      32|        no|         -|         -|             -|             -|    -|
    |      o PE_wrapper_7_5_x0_loop_4                         |       -|  -2.43|      15760|  5.253e+04|      1970|          -|       8|        no|         -|         -|             -|             -|    -|
    |       o PE_wrapper_7_5_x0_loop_5                        |       -|  -2.43|       1968|  6.559e+03|       246|          -|       8|        no|         -|         -|             -|             -|    -|
    |        o PE_wrapper_7_5_x0_loop_6                       |       -|  -2.43|         32|    106.656|         1|          -|      32|        no|         -|         -|             -|             -|    -|
    |        o PE_wrapper_7_5_x0_loop_7                       |       -|  -2.43|         32|    106.656|         1|          -|      32|        no|         -|         -|             -|             -|    -|
    |        o PE_wrapper_7_5_x0_loop_8                       |       -|  -2.43|        160|    533.280|         5|          -|      32|        no|         -|         -|             -|             -|    -|
    |  + grp_PE_wrapper_6_7_x0_fu_2765                        |       -|  -0.53|  129122849|  4.304e+08|         -|  129122849|       -|        no|         -|   1 (~0%)|    2164 (~0%)|     951 (~0%)|    -|
    |   o PE_wrapper_6_7_x0_loop_1                            |       -|  -2.43|  129122848|  4.304e+08|   8070178|          -|      16|        no|         -|         -|             -|             -|    -|
    |    o PE_wrapper_6_7_x0_loop_2                           |       -|  -2.43|    8070176|  2.690e+07|    504386|          -|      16|        no|         -|         -|             -|             -|    -|
    |     o PE_wrapper_6_7_x0_loop_3                          |       -|  -2.43|     504384|  1.681e+06|     15762|          -|      32|        no|         -|         -|             -|             -|    -|
    |      o PE_wrapper_6_7_x0_loop_4                         |       -|  -2.43|      15760|  5.253e+04|      1970|          -|       8|        no|         -|         -|             -|             -|    -|
    |       o PE_wrapper_6_7_x0_loop_5                        |       -|  -2.43|       1968|  6.559e+03|       246|          -|       8|        no|         -|         -|             -|             -|    -|
    |        o PE_wrapper_6_7_x0_loop_6                       |       -|  -2.43|         32|    106.656|         1|          -|      32|        no|         -|         -|             -|             -|    -|
    |        o PE_wrapper_6_7_x0_loop_7                       |       -|  -2.43|         32|    106.656|         1|          -|      32|        no|         -|         -|             -|             -|    -|
    |        o PE_wrapper_6_7_x0_loop_8                       |       -|  -2.43|        160|    533.280|         5|          -|      32|        no|         -|         -|             -|             -|    -|
    |  + grp_PE_wrapper_7_6_x0_fu_2774                        |       -|  -0.53|  129122849|  4.304e+08|         -|  129122849|       -|        no|         -|   1 (~0%)|    2164 (~0%)|     951 (~0%)|    -|
    |   o PE_wrapper_7_6_x0_loop_1                            |       -|  -2.43|  129122848|  4.304e+08|   8070178|          -|      16|        no|         -|         -|             -|             -|    -|
    |    o PE_wrapper_7_6_x0_loop_2                           |       -|  -2.43|    8070176|  2.690e+07|    504386|          -|      16|        no|         -|         -|             -|             -|    -|
    |     o PE_wrapper_7_6_x0_loop_3                          |       -|  -2.43|     504384|  1.681e+06|     15762|          -|      32|        no|         -|         -|             -|             -|    -|
    |      o PE_wrapper_7_6_x0_loop_4                         |       -|  -2.43|      15760|  5.253e+04|      1970|          -|       8|        no|         -|         -|             -|             -|    -|
    |       o PE_wrapper_7_6_x0_loop_5                        |       -|  -2.43|       1968|  6.559e+03|       246|          -|       8|        no|         -|         -|             -|             -|    -|
    |        o PE_wrapper_7_6_x0_loop_6                       |       -|  -2.43|         32|    106.656|         1|          -|      32|        no|         -|         -|             -|             -|    -|
    |        o PE_wrapper_7_6_x0_loop_7                       |       -|  -2.43|         32|    106.656|         1|          -|      32|        no|         -|         -|             -|             -|    -|
    |        o PE_wrapper_7_6_x0_loop_8                       |       -|  -2.43|        160|    533.280|         5|          -|      32|        no|         -|         -|             -|             -|    -|
    |  + grp_PE_wrapper_7_7_x0_fu_2783                        |       -|  -0.53|  129122849|  4.304e+08|         -|  129122849|       -|        no|         -|   1 (~0%)|    2164 (~0%)|     951 (~0%)|    -|
    |   o PE_wrapper_7_7_x0_loop_1                            |       -|  -2.43|  129122848|  4.304e+08|   8070178|          -|      16|        no|         -|         -|             -|             -|    -|
    |    o PE_wrapper_7_7_x0_loop_2                           |       -|  -2.43|    8070176|  2.690e+07|    504386|          -|      16|        no|         -|         -|             -|             -|    -|
    |     o PE_wrapper_7_7_x0_loop_3                          |       -|  -2.43|     504384|  1.681e+06|     15762|          -|      32|        no|         -|         -|             -|             -|    -|
    |      o PE_wrapper_7_7_x0_loop_4                         |       -|  -2.43|      15760|  5.253e+04|      1970|          -|       8|        no|         -|         -|             -|             -|    -|
    |       o PE_wrapper_7_7_x0_loop_5                        |       -|  -2.43|       1968|  6.559e+03|       246|          -|       8|        no|         -|         -|             -|             -|    -|
    |        o PE_wrapper_7_7_x0_loop_6                       |       -|  -2.43|         32|    106.656|         1|          -|      32|        no|         -|         -|             -|             -|    -|
    |        o PE_wrapper_7_7_x0_loop_7                       |       -|  -2.43|         32|    106.656|         1|          -|      32|        no|         -|         -|             -|             -|    -|
    |        o PE_wrapper_7_7_x0_loop_8                       |       -|  -2.43|        160|    533.280|         5|          -|      32|        no|         -|         -|             -|             -|    -|
    |  + grp_B_IO_L2_in_1_x0_fu_2792                          |  Timing|   0.00|    1835642|  6.118e+06|         -|    1835642|       -|        no|         -|         -|    1675 (~0%)|    1230 (~0%)|    -|
    |   o B_IO_L2_in_1_x0_loop_1                              |       -|  -2.43|    1835552|  6.118e+06|    114722|          -|      16|        no|         -|         -|             -|             -|    -|
    |    o B_IO_L2_in_1_x0_loop_2                             |       -|  -2.43|     114720|  3.824e+05|      7170|          -|      16|        no|         -|         -|             -|             -|    -|
    |     o B_IO_L2_in_1_x0_loop_3                            |       -|  -2.43|       7168|  2.389e+04|       224|          -|      32|        no|         -|         -|             -|             -|    -|
    |      o B_IO_L2_in_1_x0_loop_4                           |       -|  -2.43|        133|    443.289|        19|          -|       7|        no|         -|         -|             -|             -|    -|
    |       o B_IO_L2_in_1_x0_loop_5                          |       -|  -2.43|         17|     56.661|         2|          -|       8|        no|         -|         -|             -|             -|    -|
    |       o B_IO_L2_in_1_x0_loop_6                          |       -|  -2.43|         16|     53.328|         2|          -|       8|        no|         -|         -|             -|             -|    -|
    |      o B_IO_L2_in_1_x0_loop_7                           |       -|  -2.43|         88|    293.304|        11|          -|       8|        no|         -|         -|             -|             -|    -|
    |       o B_IO_L2_in_1_x0_loop_8                          |       -|  -2.43|          8|     26.664|         1|          -|       8|        no|         -|         -|             -|             -|    -|
    |      o B_IO_L2_in_1_x0_loop_9                           |       -|  -2.43|        133|    443.289|        19|          -|       7|        no|         -|         -|             -|             -|    -|
    |       o B_IO_L2_in_1_x0_loop_10                         |       -|  -2.43|         17|     56.661|         2|          -|       8|        no|         -|         -|             -|             -|    -|
    |       o B_IO_L2_in_1_x0_loop_11                         |       -|  -2.43|         16|     53.328|         2|          -|       8|        no|         -|         -|             -|             -|    -|
    |      o B_IO_L2_in_1_x0_loop_12                          |       -|  -2.43|         88|    293.304|        11|          -|       8|        no|         -|         -|             -|             -|    -|
    |       o B_IO_L2_in_1_x0_loop_13                         |       -|  -2.43|          8|     26.664|         1|          -|       8|        no|         -|         -|             -|             -|    -|
    |   o B_IO_L2_in_1_x0_loop_14                             |       -|  -2.43|         88|    293.304|        11|          -|       8|        no|         -|         -|             -|             -|    -|
    |    o B_IO_L2_in_1_x0_loop_15                            |       -|  -2.43|          8|     26.664|         1|          -|       8|        no|         -|         -|             -|             -|    -|
    |  + grp_B_IO_L2_in_2_x0_fu_2799                          |  Timing|   0.00|    1679994|  5.599e+06|         -|    1679994|       -|        no|         -|         -|    1675 (~0%)|    1230 (~0%)|    -|
    |   o B_IO_L2_in_2_x0_loop_1                              |       -|  -2.43|    1679904|  5.599e+06|    104994|          -|      16|        no|         -|         -|             -|             -|    -|
    |    o B_IO_L2_in_2_x0_loop_2                             |       -|  -2.43|     104992|  3.499e+05|      6562|          -|      16|        no|         -|         -|             -|             -|    -|
    |     o B_IO_L2_in_2_x0_loop_3                            |       -|  -2.43|       6560|  2.186e+04|       205|          -|      32|        no|         -|         -|             -|             -|    -|
    |      o B_IO_L2_in_2_x0_loop_4                           |       -|  -2.43|        114|    379.962|        19|          -|       6|        no|         -|         -|             -|             -|    -|
    |       o B_IO_L2_in_2_x0_loop_5                          |       -|  -2.43|         17|     56.661|         2|          -|       8|        no|         -|         -|             -|             -|    -|
    |       o B_IO_L2_in_2_x0_loop_6                          |       -|  -2.43|         16|     53.328|         2|          -|       8|        no|         -|         -|             -|             -|    -|
    |      o B_IO_L2_in_2_x0_loop_7                           |       -|  -2.43|         88|    293.304|        11|          -|       8|        no|         -|         -|             -|             -|    -|
    |       o B_IO_L2_in_2_x0_loop_8                          |       -|  -2.43|          8|     26.664|         1|          -|       8|        no|         -|         -|             -|             -|    -|
    |      o B_IO_L2_in_2_x0_loop_9                           |       -|  -2.43|        114|    379.962|        19|          -|       6|        no|         -|         -|             -|             -|    -|
    |       o B_IO_L2_in_2_x0_loop_10                         |       -|  -2.43|         17|     56.661|         2|          -|       8|        no|         -|         -|             -|             -|    -|
    |       o B_IO_L2_in_2_x0_loop_11                         |       -|  -2.43|         16|     53.328|         2|          -|       8|        no|         -|         -|             -|             -|    -|
    |      o B_IO_L2_in_2_x0_loop_12                          |       -|  -2.43|         88|    293.304|        11|          -|       8|        no|         -|         -|             -|             -|    -|
    |       o B_IO_L2_in_2_x0_loop_13                         |       -|  -2.43|          8|     26.664|         1|          -|       8|        no|         -|         -|             -|             -|    -|
    |   o B_IO_L2_in_2_x0_loop_14                             |       -|  -2.43|         88|    293.304|        11|          -|       8|        no|         -|         -|             -|             -|    -|
    |    o B_IO_L2_in_2_x0_loop_15                            |       -|  -2.43|          8|     26.664|         1|          -|       8|        no|         -|         -|             -|             -|    -|
    |  + grp_B_IO_L2_in_3_x0_fu_2806                          |  Timing|   0.00|    1524346|  5.081e+06|         -|    1524346|       -|        no|         -|         -|    1675 (~0%)|    1230 (~0%)|    -|
    |   o B_IO_L2_in_3_x0_loop_1                              |       -|  -2.43|    1524256|  5.080e+06|     95266|          -|      16|        no|         -|         -|             -|             -|    -|
    |    o B_IO_L2_in_3_x0_loop_2                             |       -|  -2.43|      95264|  3.175e+05|      5954|          -|      16|        no|         -|         -|             -|             -|    -|
    |     o B_IO_L2_in_3_x0_loop_3                            |       -|  -2.43|       5952|  1.984e+04|       186|          -|      32|        no|         -|         -|             -|             -|    -|
    |      o B_IO_L2_in_3_x0_loop_4                           |       -|  -2.43|         95|    316.635|        19|          -|       5|        no|         -|         -|             -|             -|    -|
    |       o B_IO_L2_in_3_x0_loop_5                          |       -|  -2.43|         17|     56.661|         2|          -|       8|        no|         -|         -|             -|             -|    -|
    |       o B_IO_L2_in_3_x0_loop_6                          |       -|  -2.43|         16|     53.328|         2|          -|       8|        no|         -|         -|             -|             -|    -|
    |      o B_IO_L2_in_3_x0_loop_7                           |       -|  -2.43|         88|    293.304|        11|          -|       8|        no|         -|         -|             -|             -|    -|
    |       o B_IO_L2_in_3_x0_loop_8                          |       -|  -2.43|          8|     26.664|         1|          -|       8|        no|         -|         -|             -|             -|    -|
    |      o B_IO_L2_in_3_x0_loop_9                           |       -|  -2.43|         95|    316.635|        19|          -|       5|        no|         -|         -|             -|             -|    -|
    |       o B_IO_L2_in_3_x0_loop_10                         |       -|  -2.43|         17|     56.661|         2|          -|       8|        no|         -|         -|             -|             -|    -|
    |       o B_IO_L2_in_3_x0_loop_11                         |       -|  -2.43|         16|     53.328|         2|          -|       8|        no|         -|         -|             -|             -|    -|
    |      o B_IO_L2_in_3_x0_loop_12                          |       -|  -2.43|         88|    293.304|        11|          -|       8|        no|         -|         -|             -|             -|    -|
    |       o B_IO_L2_in_3_x0_loop_13                         |       -|  -2.43|          8|     26.664|         1|          -|       8|        no|         -|         -|             -|             -|    -|
    |   o B_IO_L2_in_3_x0_loop_14                             |       -|  -2.43|         88|    293.304|        11|          -|       8|        no|         -|         -|             -|             -|    -|
    |    o B_IO_L2_in_3_x0_loop_15                            |       -|  -2.43|          8|     26.664|         1|          -|       8|        no|         -|         -|             -|             -|    -|
    |  + grp_B_IO_L2_in_4_x0_fu_2813                          |  Timing|   0.00|    1368698|  4.562e+06|         -|    1368698|       -|        no|         -|         -|    1675 (~0%)|    1230 (~0%)|    -|
    |   o B_IO_L2_in_4_x0_loop_1                              |       -|  -2.43|    1368608|  4.562e+06|     85538|          -|      16|        no|         -|         -|             -|             -|    -|
    |    o B_IO_L2_in_4_x0_loop_2                             |       -|  -2.43|      85536|  2.851e+05|      5346|          -|      16|        no|         -|         -|             -|             -|    -|
    |     o B_IO_L2_in_4_x0_loop_3                            |       -|  -2.43|       5344|  1.781e+04|       167|          -|      32|        no|         -|         -|             -|             -|    -|
    |      o B_IO_L2_in_4_x0_loop_4                           |       -|  -2.43|         76|    253.308|        19|          -|       4|        no|         -|         -|             -|             -|    -|
    |       o B_IO_L2_in_4_x0_loop_5                          |       -|  -2.43|         17|     56.661|         2|          -|       8|        no|         -|         -|             -|             -|    -|
    |       o B_IO_L2_in_4_x0_loop_6                          |       -|  -2.43|         16|     53.328|         2|          -|       8|        no|         -|         -|             -|             -|    -|
    |      o B_IO_L2_in_4_x0_loop_7                           |       -|  -2.43|         88|    293.304|        11|          -|       8|        no|         -|         -|             -|             -|    -|
    |       o B_IO_L2_in_4_x0_loop_8                          |       -|  -2.43|          8|     26.664|         1|          -|       8|        no|         -|         -|             -|             -|    -|
    |      o B_IO_L2_in_4_x0_loop_9                           |       -|  -2.43|         76|    253.308|        19|          -|       4|        no|         -|         -|             -|             -|    -|
    |       o B_IO_L2_in_4_x0_loop_10                         |       -|  -2.43|         17|     56.661|         2|          -|       8|        no|         -|         -|             -|             -|    -|
    |       o B_IO_L2_in_4_x0_loop_11                         |       -|  -2.43|         16|     53.328|         2|          -|       8|        no|         -|         -|             -|             -|    -|
    |      o B_IO_L2_in_4_x0_loop_12                          |       -|  -2.43|         88|    293.304|        11|          -|       8|        no|         -|         -|             -|             -|    -|
    |       o B_IO_L2_in_4_x0_loop_13                         |       -|  -2.43|          8|     26.664|         1|          -|       8|        no|         -|         -|             -|             -|    -|
    |   o B_IO_L2_in_4_x0_loop_14                             |       -|  -2.43|         88|    293.304|        11|          -|       8|        no|         -|         -|             -|             -|    -|
    |    o B_IO_L2_in_4_x0_loop_15                            |       -|  -2.43|          8|     26.664|         1|          -|       8|        no|         -|         -|             -|             -|    -|
    |  + grp_B_IO_L2_in_5_x0_fu_2820                          |  Timing|   0.00|    1213050|  4.043e+06|         -|    1213050|       -|        no|         -|         -|    1675 (~0%)|    1230 (~0%)|    -|
    |   o B_IO_L2_in_5_x0_loop_1                              |       -|  -2.43|    1212960|  4.043e+06|     75810|          -|      16|        no|         -|         -|             -|             -|    -|
    |    o B_IO_L2_in_5_x0_loop_2                             |       -|  -2.43|      75808|  2.527e+05|      4738|          -|      16|        no|         -|         -|             -|             -|    -|
    |     o B_IO_L2_in_5_x0_loop_3                            |       -|  -2.43|       4736|  1.579e+04|       148|          -|      32|        no|         -|         -|             -|             -|    -|
    |      o B_IO_L2_in_5_x0_loop_4                           |       -|  -2.43|         57|    189.981|        19|          -|       3|        no|         -|         -|             -|             -|    -|
    |       o B_IO_L2_in_5_x0_loop_5                          |       -|  -2.43|         17|     56.661|         2|          -|       8|        no|         -|         -|             -|             -|    -|
    |       o B_IO_L2_in_5_x0_loop_6                          |       -|  -2.43|         16|     53.328|         2|          -|       8|        no|         -|         -|             -|             -|    -|
    |      o B_IO_L2_in_5_x0_loop_7                           |       -|  -2.43|         88|    293.304|        11|          -|       8|        no|         -|         -|             -|             -|    -|
    |       o B_IO_L2_in_5_x0_loop_8                          |       -|  -2.43|          8|     26.664|         1|          -|       8|        no|         -|         -|             -|             -|    -|
    |      o B_IO_L2_in_5_x0_loop_9                           |       -|  -2.43|         57|    189.981|        19|          -|       3|        no|         -|         -|             -|             -|    -|
    |       o B_IO_L2_in_5_x0_loop_10                         |       -|  -2.43|         17|     56.661|         2|          -|       8|        no|         -|         -|             -|             -|    -|
    |       o B_IO_L2_in_5_x0_loop_11                         |       -|  -2.43|         16|     53.328|         2|          -|       8|        no|         -|         -|             -|             -|    -|
    |      o B_IO_L2_in_5_x0_loop_12                          |       -|  -2.43|         88|    293.304|        11|          -|       8|        no|         -|         -|             -|             -|    -|
    |       o B_IO_L2_in_5_x0_loop_13                         |       -|  -2.43|          8|     26.664|         1|          -|       8|        no|         -|         -|             -|             -|    -|
    |   o B_IO_L2_in_5_x0_loop_14                             |       -|  -2.43|         88|    293.304|        11|          -|       8|        no|         -|         -|             -|             -|    -|
    |    o B_IO_L2_in_5_x0_loop_15                            |       -|  -2.43|          8|     26.664|         1|          -|       8|        no|         -|         -|             -|             -|    -|
    |  + grp_B_IO_L2_in_6_x0_fu_2827                          |  Timing|   0.00|    1057402|  3.524e+06|         -|    1057402|       -|        no|         -|         -|    1675 (~0%)|    1230 (~0%)|    -|
    |   o B_IO_L2_in_6_x0_loop_1                              |       -|  -2.43|    1057312|  3.524e+06|     66082|          -|      16|        no|         -|         -|             -|             -|    -|
    |    o B_IO_L2_in_6_x0_loop_2                             |       -|  -2.43|      66080|  2.202e+05|      4130|          -|      16|        no|         -|         -|             -|             -|    -|
    |     o B_IO_L2_in_6_x0_loop_3                            |       -|  -2.43|       4128|  1.376e+04|       129|          -|      32|        no|         -|         -|             -|             -|    -|
    |      o B_IO_L2_in_6_x0_loop_4                           |       -|  -2.43|         38|    126.654|        19|          -|       2|        no|         -|         -|             -|             -|    -|
    |       o B_IO_L2_in_6_x0_loop_5                          |       -|  -2.43|         17|     56.661|         2|          -|       8|        no|         -|         -|             -|             -|    -|
    |       o B_IO_L2_in_6_x0_loop_6                          |       -|  -2.43|         16|     53.328|         2|          -|       8|        no|         -|         -|             -|             -|    -|
    |      o B_IO_L2_in_6_x0_loop_7                           |       -|  -2.43|         88|    293.304|        11|          -|       8|        no|         -|         -|             -|             -|    -|
    |       o B_IO_L2_in_6_x0_loop_8                          |       -|  -2.43|          8|     26.664|         1|          -|       8|        no|         -|         -|             -|             -|    -|
    |      o B_IO_L2_in_6_x0_loop_9                           |       -|  -2.43|         38|    126.654|        19|          -|       2|        no|         -|         -|             -|             -|    -|
    |       o B_IO_L2_in_6_x0_loop_10                         |       -|  -2.43|         17|     56.661|         2|          -|       8|        no|         -|         -|             -|             -|    -|
    |       o B_IO_L2_in_6_x0_loop_11                         |       -|  -2.43|         16|     53.328|         2|          -|       8|        no|         -|         -|             -|             -|    -|
    |      o B_IO_L2_in_6_x0_loop_12                          |       -|  -2.43|         88|    293.304|        11|          -|       8|        no|         -|         -|             -|             -|    -|
    |       o B_IO_L2_in_6_x0_loop_13                         |       -|  -2.43|          8|     26.664|         1|          -|       8|        no|         -|         -|             -|             -|    -|
    |   o B_IO_L2_in_6_x0_loop_14                             |       -|  -2.43|         88|    293.304|        11|          -|       8|        no|         -|         -|             -|             -|    -|
    |    o B_IO_L2_in_6_x0_loop_15                            |       -|  -2.43|          8|     26.664|         1|          -|       8|        no|         -|         -|             -|             -|    -|
    |  + grp_B_IO_L2_in_0_x0_fu_2834                          |  Timing|   0.00|    1991290|  6.637e+06|         -|    1991290|       -|        no|         -|         -|    1683 (~0%)|    1230 (~0%)|    -|
    |   o B_IO_L2_in_0_x0_loop_1                              |       -|  -2.43|    1991200|  6.637e+06|    124450|          -|      16|        no|         -|         -|             -|             -|    -|
    |    o B_IO_L2_in_0_x0_loop_2                             |       -|  -2.43|     124448|  4.148e+05|      7778|          -|      16|        no|         -|         -|             -|             -|    -|
    |     o B_IO_L2_in_0_x0_loop_3                            |       -|  -2.43|       7776|  2.592e+04|       243|          -|      32|        no|         -|         -|             -|             -|    -|
    |      o B_IO_L2_in_0_x0_loop_4                           |       -|  -2.43|        152|    506.616|        19|          -|       8|        no|         -|         -|             -|             -|    -|
    |       o B_IO_L2_in_0_x0_loop_5                          |       -|  -2.43|         17|     56.661|         2|          -|       8|        no|         -|         -|             -|             -|    -|
    |       o B_IO_L2_in_0_x0_loop_6                          |       -|  -2.43|         16|     53.328|         2|          -|       8|        no|         -|         -|             -|             -|    -|
    |      o B_IO_L2_in_0_x0_loop_7                           |       -|  -2.43|         88|    293.304|        11|          -|       8|        no|         -|         -|             -|             -|    -|
    |       o B_IO_L2_in_0_x0_loop_8                          |       -|  -2.43|          8|     26.664|         1|          -|       8|        no|         -|         -|             -|             -|    -|
    |      o B_IO_L2_in_0_x0_loop_9                           |       -|  -2.43|        152|    506.616|        19|          -|       8|        no|         -|         -|             -|             -|    -|
    |       o B_IO_L2_in_0_x0_loop_10                         |       -|  -2.43|         17|     56.661|         2|          -|       8|        no|         -|         -|             -|             -|    -|
    |       o B_IO_L2_in_0_x0_loop_11                         |       -|  -2.43|         16|     53.328|         2|          -|       8|        no|         -|         -|             -|             -|    -|
    |      o B_IO_L2_in_0_x0_loop_12                          |       -|  -2.43|         88|    293.304|        11|          -|       8|        no|         -|         -|             -|             -|    -|
    |       o B_IO_L2_in_0_x0_loop_13                         |       -|  -2.43|          8|     26.664|         1|          -|       8|        no|         -|         -|             -|             -|    -|
    |   o B_IO_L2_in_0_x0_loop_14                             |       -|  -2.43|         88|    293.304|        11|          -|       8|        no|         -|         -|             -|             -|    -|
    |    o B_IO_L2_in_0_x0_loop_15                            |       -|  -2.43|          8|     26.664|         1|          -|       8|        no|         -|         -|             -|             -|    -|
    |  + grp_B_IO_L2_in_boundary_x0_fu_2841                   |       -|  -0.47|     877178|  2.924e+06|         -|     877178|       -|        no|         -|         -|    1649 (~0%)|    1041 (~0%)|    -|
    |   o B_IO_L2_in_boundary_x0_loop_1                       |       -|  -2.43|     877088|  2.923e+06|     54818|          -|      16|        no|         -|         -|             -|             -|    -|
    |    o B_IO_L2_in_boundary_x0_loop_2                      |       -|  -2.43|      54816|  1.827e+05|      3426|          -|      16|        no|         -|         -|             -|             -|    -|
    |     o B_IO_L2_in_boundary_x0_loop_3                     |       -|  -2.43|       3424|  1.141e+04|       107|          -|      32|        no|         -|         -|             -|             -|    -|
    |      o B_IO_L2_in_boundary_x0_loop_5                    |       -|  -2.43|         16|     53.328|         2|          -|       8|        no|         -|         -|             -|             -|    -|
    |      o B_IO_L2_in_boundary_x0_loop_6                    |       -|  -2.43|         88|    293.304|        11|          -|       8|        no|         -|         -|             -|             -|    -|
    |       o B_IO_L2_in_boundary_x0_loop_7                   |       -|  -2.43|          8|     26.664|         1|          -|       8|        no|         -|         -|             -|             -|    -|
    |      o B_IO_L2_in_boundary_x0_loop_9                    |       -|  -2.43|         16|     53.328|         2|          -|       8|        no|         -|         -|             -|             -|    -|
    |      o B_IO_L2_in_boundary_x0_loop_10                   |       -|  -2.43|         88|    293.304|        11|          -|       8|        no|         -|         -|             -|             -|    -|
    |       o B_IO_L2_in_boundary_x0_loop_11                  |       -|  -2.43|          8|     26.664|         1|          -|       8|        no|         -|         -|             -|             -|    -|
    |   o B_IO_L2_in_boundary_x0_loop_12                      |       -|  -2.43|         88|    293.304|        11|          -|       8|        no|         -|         -|             -|             -|    -|
    |    o B_IO_L2_in_boundary_x0_loop_13                     |       -|  -2.43|          8|     26.664|         1|          -|       8|        no|         -|         -|             -|             -|    -|
    |  + grp_B_IO_L3_in_serialize_x0_fu_2847                  |  Timing|   0.00|    1572935|  5.243e+06|         -|    1572935|       -|        no|         -|         -|     685 (~0%)|     442 (~0%)|    -|
    |   o B_IO_L3_in_serialize_x0_loop_1                      |       -|  -2.43|    1572864|  5.242e+06|         3|          -|  524288|        no|         -|         -|             -|             -|    -|
    |  + grp_C_drain_IO_L1_out_wrapper_0_6_x0_fu_2855         |  Timing|   0.00|     276257|  9.208e+05|         -|     276257|       -|        no|         -|         -|     468 (~0%)|     638 (~0%)|    -|
    |   o C_drain_IO_L1_out_wrapper_0_6_x0_loop_1             |       -|  -2.43|     276256|  9.208e+05|     17266|          -|      16|        no|         -|         -|             -|             -|    -|
    |    o C_drain_IO_L1_out_wrapper_0_6_x0_loop_2            |       -|  -2.43|      17264|  5.754e+04|      1079|          -|      16|        no|         -|         -|             -|             -|    -|
    |     o C_drain_IO_L1_out_wrapper_0_6_x0_loop_3           |       -|  -2.43|       1040|  3.466e+03|       130|          -|       8|        no|         -|         -|             -|             -|    -|
    |      o C_drain_IO_L1_out_wrapper_0_6_x0_loop_4          |       -|  -2.43|        128|    426.624|        16|          -|       8|        no|         -|         -|             -|             -|    -|
    |       o C_drain_IO_L1_out_wrapper_0_6_x0_loop_5         |       -|  -2.43|          8|     26.664|         1|          -|       8|        no|         -|         -|             -|             -|    -|
    |     o C_drain_IO_L1_out_wrapper_0_6_x0_loop_6           |       -|  -2.43|         36|    119.988|        18|          -|       2|        no|         -|         -|             -|             -|    -|
    |      o C_drain_IO_L1_out_wrapper_0_6_x0_loop_7          |       -|  -2.43|         16|     53.328|         2|          -|       8|        no|         -|         -|             -|             -|    -|
    |      o C_drain_IO_L1_out_wrapper_0_6_x0_loop_8          |       -|  -2.43|         16|     53.328|         2|          -|       8|        no|         -|         -|             -|             -|    -|
    |  + grp_C_drain_IO_L1_out_wrapper_0_5_x0_fu_2862         |  Timing|   0.00|     280865|  9.361e+05|         -|     280865|       -|        no|         -|         -|     468 (~0%)|     638 (~0%)|    -|
    |   o C_drain_IO_L1_out_wrapper_0_5_x0_loop_1             |       -|  -2.43|     280864|  9.361e+05|     17554|          -|      16|        no|         -|         -|             -|             -|    -|
    |    o C_drain_IO_L1_out_wrapper_0_5_x0_loop_2            |       -|  -2.43|      17552|  5.850e+04|      1097|          -|      16|        no|         -|         -|             -|             -|    -|
    |     o C_drain_IO_L1_out_wrapper_0_5_x0_loop_3           |       -|  -2.43|       1040|  3.466e+03|       130|          -|       8|        no|         -|         -|             -|             -|    -|
    |      o C_drain_IO_L1_out_wrapper_0_5_x0_loop_4          |       -|  -2.43|        128|    426.624|        16|          -|       8|        no|         -|         -|             -|             -|    -|
    |       o C_drain_IO_L1_out_wrapper_0_5_x0_loop_5         |       -|  -2.43|          8|     26.664|         1|          -|       8|        no|         -|         -|             -|             -|    -|
    |     o C_drain_IO_L1_out_wrapper_0_5_x0_loop_6           |       -|  -2.43|         54|    179.982|        18|          -|       3|        no|         -|         -|             -|             -|    -|
    |      o C_drain_IO_L1_out_wrapper_0_5_x0_loop_7          |       -|  -2.43|         16|     53.328|         2|          -|       8|        no|         -|         -|             -|             -|    -|
    |      o C_drain_IO_L1_out_wrapper_0_5_x0_loop_8          |       -|  -2.43|         16|     53.328|         2|          -|       8|        no|         -|         -|             -|             -|    -|
    |  + grp_C_drain_IO_L1_out_wrapper_1_6_x0_fu_2869         |  Timing|   0.00|     276257|  9.208e+05|         -|     276257|       -|        no|         -|         -|     468 (~0%)|     638 (~0%)|    -|
    |   o C_drain_IO_L1_out_wrapper_1_6_x0_loop_1             |       -|  -2.43|     276256|  9.208e+05|     17266|          -|      16|        no|         -|         -|             -|             -|    -|
    |    o C_drain_IO_L1_out_wrapper_1_6_x0_loop_2            |       -|  -2.43|      17264|  5.754e+04|      1079|          -|      16|        no|         -|         -|             -|             -|    -|
    |     o C_drain_IO_L1_out_wrapper_1_6_x0_loop_3           |       -|  -2.43|       1040|  3.466e+03|       130|          -|       8|        no|         -|         -|             -|             -|    -|
    |      o C_drain_IO_L1_out_wrapper_1_6_x0_loop_4          |       -|  -2.43|        128|    426.624|        16|          -|       8|        no|         -|         -|             -|             -|    -|
    |       o C_drain_IO_L1_out_wrapper_1_6_x0_loop_5         |       -|  -2.43|          8|     26.664|         1|          -|       8|        no|         -|         -|             -|             -|    -|
    |     o C_drain_IO_L1_out_wrapper_1_6_x0_loop_6           |       -|  -2.43|         36|    119.988|        18|          -|       2|        no|         -|         -|             -|             -|    -|
    |      o C_drain_IO_L1_out_wrapper_1_6_x0_loop_7          |       -|  -2.43|         16|     53.328|         2|          -|       8|        no|         -|         -|             -|             -|    -|
    |      o C_drain_IO_L1_out_wrapper_1_6_x0_loop_8          |       -|  -2.43|         16|     53.328|         2|          -|       8|        no|         -|         -|             -|             -|    -|
    |  + grp_C_drain_IO_L1_out_wrapper_0_4_x0_fu_2876         |  Timing|   0.00|     285473|  9.515e+05|         -|     285473|       -|        no|         -|         -|     468 (~0%)|     638 (~0%)|    -|
    |   o C_drain_IO_L1_out_wrapper_0_4_x0_loop_1             |       -|  -2.43|     285472|  9.515e+05|     17842|          -|      16|        no|         -|         -|             -|             -|    -|
    |    o C_drain_IO_L1_out_wrapper_0_4_x0_loop_2            |       -|  -2.43|      17840|  5.946e+04|      1115|          -|      16|        no|         -|         -|             -|             -|    -|
    |     o C_drain_IO_L1_out_wrapper_0_4_x0_loop_3           |       -|  -2.43|       1040|  3.466e+03|       130|          -|       8|        no|         -|         -|             -|             -|    -|
    |      o C_drain_IO_L1_out_wrapper_0_4_x0_loop_4          |       -|  -2.43|        128|    426.624|        16|          -|       8|        no|         -|         -|             -|             -|    -|
    |       o C_drain_IO_L1_out_wrapper_0_4_x0_loop_5         |       -|  -2.43|          8|     26.664|         1|          -|       8|        no|         -|         -|             -|             -|    -|
    |     o C_drain_IO_L1_out_wrapper_0_4_x0_loop_6           |       -|  -2.43|         72|    239.976|        18|          -|       4|        no|         -|         -|             -|             -|    -|
    |      o C_drain_IO_L1_out_wrapper_0_4_x0_loop_7          |       -|  -2.43|         16|     53.328|         2|          -|       8|        no|         -|         -|             -|             -|    -|
    |      o C_drain_IO_L1_out_wrapper_0_4_x0_loop_8          |       -|  -2.43|         16|     53.328|         2|          -|       8|        no|         -|         -|             -|             -|    -|
    |  + grp_C_drain_IO_L1_out_wrapper_1_5_x0_fu_2883         |  Timing|   0.00|     280865|  9.361e+05|         -|     280865|       -|        no|         -|         -|     468 (~0%)|     638 (~0%)|    -|
    |   o C_drain_IO_L1_out_wrapper_1_5_x0_loop_1             |       -|  -2.43|     280864|  9.361e+05|     17554|          -|      16|        no|         -|         -|             -|             -|    -|
    |    o C_drain_IO_L1_out_wrapper_1_5_x0_loop_2            |       -|  -2.43|      17552|  5.850e+04|      1097|          -|      16|        no|         -|         -|             -|             -|    -|
    |     o C_drain_IO_L1_out_wrapper_1_5_x0_loop_3           |       -|  -2.43|       1040|  3.466e+03|       130|          -|       8|        no|         -|         -|             -|             -|    -|
    |      o C_drain_IO_L1_out_wrapper_1_5_x0_loop_4          |       -|  -2.43|        128|    426.624|        16|          -|       8|        no|         -|         -|             -|             -|    -|
    |       o C_drain_IO_L1_out_wrapper_1_5_x0_loop_5         |       -|  -2.43|          8|     26.664|         1|          -|       8|        no|         -|         -|             -|             -|    -|
    |     o C_drain_IO_L1_out_wrapper_1_5_x0_loop_6           |       -|  -2.43|         54|    179.982|        18|          -|       3|        no|         -|         -|             -|             -|    -|
    |      o C_drain_IO_L1_out_wrapper_1_5_x0_loop_7          |       -|  -2.43|         16|     53.328|         2|          -|       8|        no|         -|         -|             -|             -|    -|
    |      o C_drain_IO_L1_out_wrapper_1_5_x0_loop_8          |       -|  -2.43|         16|     53.328|         2|          -|       8|        no|         -|         -|             -|             -|    -|
    |  + grp_C_drain_IO_L1_out_wrapper_2_6_x0_fu_2890         |  Timing|   0.00|     276257|  9.208e+05|         -|     276257|       -|        no|         -|         -|     468 (~0%)|     638 (~0%)|    -|
    |   o C_drain_IO_L1_out_wrapper_2_6_x0_loop_1             |       -|  -2.43|     276256|  9.208e+05|     17266|          -|      16|        no|         -|         -|             -|             -|    -|
    |    o C_drain_IO_L1_out_wrapper_2_6_x0_loop_2            |       -|  -2.43|      17264|  5.754e+04|      1079|          -|      16|        no|         -|         -|             -|             -|    -|
    |     o C_drain_IO_L1_out_wrapper_2_6_x0_loop_3           |       -|  -2.43|       1040|  3.466e+03|       130|          -|       8|        no|         -|         -|             -|             -|    -|
    |      o C_drain_IO_L1_out_wrapper_2_6_x0_loop_4          |       -|  -2.43|        128|    426.624|        16|          -|       8|        no|         -|         -|             -|             -|    -|
    |       o C_drain_IO_L1_out_wrapper_2_6_x0_loop_5         |       -|  -2.43|          8|     26.664|         1|          -|       8|        no|         -|         -|             -|             -|    -|
    |     o C_drain_IO_L1_out_wrapper_2_6_x0_loop_6           |       -|  -2.43|         36|    119.988|        18|          -|       2|        no|         -|         -|             -|             -|    -|
    |      o C_drain_IO_L1_out_wrapper_2_6_x0_loop_7          |       -|  -2.43|         16|     53.328|         2|          -|       8|        no|         -|         -|             -|             -|    -|
    |      o C_drain_IO_L1_out_wrapper_2_6_x0_loop_8          |       -|  -2.43|         16|     53.328|         2|          -|       8|        no|         -|         -|             -|             -|    -|
    |  + grp_C_drain_IO_L1_out_wrapper_0_3_x0_fu_2897         |  Timing|   0.00|     290081|  9.668e+05|         -|     290081|       -|        no|         -|         -|     468 (~0%)|     638 (~0%)|    -|
    |   o C_drain_IO_L1_out_wrapper_0_3_x0_loop_1             |       -|  -2.43|     290080|  9.668e+05|     18130|          -|      16|        no|         -|         -|             -|             -|    -|
    |    o C_drain_IO_L1_out_wrapper_0_3_x0_loop_2            |       -|  -2.43|      18128|  6.042e+04|      1133|          -|      16|        no|         -|         -|             -|             -|    -|
    |     o C_drain_IO_L1_out_wrapper_0_3_x0_loop_3           |       -|  -2.43|       1040|  3.466e+03|       130|          -|       8|        no|         -|         -|             -|             -|    -|
    |      o C_drain_IO_L1_out_wrapper_0_3_x0_loop_4          |       -|  -2.43|        128|    426.624|        16|          -|       8|        no|         -|         -|             -|             -|    -|
    |       o C_drain_IO_L1_out_wrapper_0_3_x0_loop_5         |       -|  -2.43|          8|     26.664|         1|          -|       8|        no|         -|         -|             -|             -|    -|
    |     o C_drain_IO_L1_out_wrapper_0_3_x0_loop_6           |       -|  -2.43|         90|    299.970|        18|          -|       5|        no|         -|         -|             -|             -|    -|
    |      o C_drain_IO_L1_out_wrapper_0_3_x0_loop_7          |       -|  -2.43|         16|     53.328|         2|          -|       8|        no|         -|         -|             -|             -|    -|
    |      o C_drain_IO_L1_out_wrapper_0_3_x0_loop_8          |       -|  -2.43|         16|     53.328|         2|          -|       8|        no|         -|         -|             -|             -|    -|
    |  + grp_C_drain_IO_L1_out_wrapper_1_4_x0_fu_2904         |  Timing|   0.00|     285473|  9.515e+05|         -|     285473|       -|        no|         -|         -|     468 (~0%)|     638 (~0%)|    -|
    |   o C_drain_IO_L1_out_wrapper_1_4_x0_loop_1             |       -|  -2.43|     285472|  9.515e+05|     17842|          -|      16|        no|         -|         -|             -|             -|    -|
    |    o C_drain_IO_L1_out_wrapper_1_4_x0_loop_2            |       -|  -2.43|      17840|  5.946e+04|      1115|          -|      16|        no|         -|         -|             -|             -|    -|
    |     o C_drain_IO_L1_out_wrapper_1_4_x0_loop_3           |       -|  -2.43|       1040|  3.466e+03|       130|          -|       8|        no|         -|         -|             -|             -|    -|
    |      o C_drain_IO_L1_out_wrapper_1_4_x0_loop_4          |       -|  -2.43|        128|    426.624|        16|          -|       8|        no|         -|         -|             -|             -|    -|
    |       o C_drain_IO_L1_out_wrapper_1_4_x0_loop_5         |       -|  -2.43|          8|     26.664|         1|          -|       8|        no|         -|         -|             -|             -|    -|
    |     o C_drain_IO_L1_out_wrapper_1_4_x0_loop_6           |       -|  -2.43|         72|    239.976|        18|          -|       4|        no|         -|         -|             -|             -|    -|
    |      o C_drain_IO_L1_out_wrapper_1_4_x0_loop_7          |       -|  -2.43|         16|     53.328|         2|          -|       8|        no|         -|         -|             -|             -|    -|
    |      o C_drain_IO_L1_out_wrapper_1_4_x0_loop_8          |       -|  -2.43|         16|     53.328|         2|          -|       8|        no|         -|         -|             -|             -|    -|
    |  + grp_C_drain_IO_L1_out_wrapper_2_5_x0_fu_2911         |  Timing|   0.00|     280865|  9.361e+05|         -|     280865|       -|        no|         -|         -|     468 (~0%)|     638 (~0%)|    -|
    |   o C_drain_IO_L1_out_wrapper_2_5_x0_loop_1             |       -|  -2.43|     280864|  9.361e+05|     17554|          -|      16|        no|         -|         -|             -|             -|    -|
    |    o C_drain_IO_L1_out_wrapper_2_5_x0_loop_2            |       -|  -2.43|      17552|  5.850e+04|      1097|          -|      16|        no|         -|         -|             -|             -|    -|
    |     o C_drain_IO_L1_out_wrapper_2_5_x0_loop_3           |       -|  -2.43|       1040|  3.466e+03|       130|          -|       8|        no|         -|         -|             -|             -|    -|
    |      o C_drain_IO_L1_out_wrapper_2_5_x0_loop_4          |       -|  -2.43|        128|    426.624|        16|          -|       8|        no|         -|         -|             -|             -|    -|
    |       o C_drain_IO_L1_out_wrapper_2_5_x0_loop_5         |       -|  -2.43|          8|     26.664|         1|          -|       8|        no|         -|         -|             -|             -|    -|
    |     o C_drain_IO_L1_out_wrapper_2_5_x0_loop_6           |       -|  -2.43|         54|    179.982|        18|          -|       3|        no|         -|         -|             -|             -|    -|
    |      o C_drain_IO_L1_out_wrapper_2_5_x0_loop_7          |       -|  -2.43|         16|     53.328|         2|          -|       8|        no|         -|         -|             -|             -|    -|
    |      o C_drain_IO_L1_out_wrapper_2_5_x0_loop_8          |       -|  -2.43|         16|     53.328|         2|          -|       8|        no|         -|         -|             -|             -|    -|
    |  + grp_C_drain_IO_L1_out_wrapper_3_6_x0_fu_2918         |  Timing|   0.00|     276257|  9.208e+05|         -|     276257|       -|        no|         -|         -|     468 (~0%)|     638 (~0%)|    -|
    |   o C_drain_IO_L1_out_wrapper_3_6_x0_loop_1             |       -|  -2.43|     276256|  9.208e+05|     17266|          -|      16|        no|         -|         -|             -|             -|    -|
    |    o C_drain_IO_L1_out_wrapper_3_6_x0_loop_2            |       -|  -2.43|      17264|  5.754e+04|      1079|          -|      16|        no|         -|         -|             -|             -|    -|
    |     o C_drain_IO_L1_out_wrapper_3_6_x0_loop_3           |       -|  -2.43|       1040|  3.466e+03|       130|          -|       8|        no|         -|         -|             -|             -|    -|
    |      o C_drain_IO_L1_out_wrapper_3_6_x0_loop_4          |       -|  -2.43|        128|    426.624|        16|          -|       8|        no|         -|         -|             -|             -|    -|
    |       o C_drain_IO_L1_out_wrapper_3_6_x0_loop_5         |       -|  -2.43|          8|     26.664|         1|          -|       8|        no|         -|         -|             -|             -|    -|
    |     o C_drain_IO_L1_out_wrapper_3_6_x0_loop_6           |       -|  -2.43|         36|    119.988|        18|          -|       2|        no|         -|         -|             -|             -|    -|
    |      o C_drain_IO_L1_out_wrapper_3_6_x0_loop_7          |       -|  -2.43|         16|     53.328|         2|          -|       8|        no|         -|         -|             -|             -|    -|
    |      o C_drain_IO_L1_out_wrapper_3_6_x0_loop_8          |       -|  -2.43|         16|     53.328|         2|          -|       8|        no|         -|         -|             -|             -|    -|
    |  + grp_C_drain_IO_L1_out_wrapper_0_2_x0_fu_2925         |  Timing|   0.00|     294689|  9.822e+05|         -|     294689|       -|        no|         -|         -|     468 (~0%)|     638 (~0%)|    -|
    |   o C_drain_IO_L1_out_wrapper_0_2_x0_loop_1             |       -|  -2.43|     294688|  9.822e+05|     18418|          -|      16|        no|         -|         -|             -|             -|    -|
    |    o C_drain_IO_L1_out_wrapper_0_2_x0_loop_2            |       -|  -2.43|      18416|  6.138e+04|      1151|          -|      16|        no|         -|         -|             -|             -|    -|
    |     o C_drain_IO_L1_out_wrapper_0_2_x0_loop_3           |       -|  -2.43|       1040|  3.466e+03|       130|          -|       8|        no|         -|         -|             -|             -|    -|
    |      o C_drain_IO_L1_out_wrapper_0_2_x0_loop_4          |       -|  -2.43|        128|    426.624|        16|          -|       8|        no|         -|         -|             -|             -|    -|
    |       o C_drain_IO_L1_out_wrapper_0_2_x0_loop_5         |       -|  -2.43|          8|     26.664|         1|          -|       8|        no|         -|         -|             -|             -|    -|
    |     o C_drain_IO_L1_out_wrapper_0_2_x0_loop_6           |       -|  -2.43|        108|    359.964|        18|          -|       6|        no|         -|         -|             -|             -|    -|
    |      o C_drain_IO_L1_out_wrapper_0_2_x0_loop_7          |       -|  -2.43|         16|     53.328|         2|          -|       8|        no|         -|         -|             -|             -|    -|
    |      o C_drain_IO_L1_out_wrapper_0_2_x0_loop_8          |       -|  -2.43|         16|     53.328|         2|          -|       8|        no|         -|         -|             -|             -|    -|
    |  + grp_C_drain_IO_L1_out_wrapper_1_3_x0_fu_2932         |  Timing|   0.00|     290081|  9.668e+05|         -|     290081|       -|        no|         -|         -|     468 (~0%)|     638 (~0%)|    -|
    |   o C_drain_IO_L1_out_wrapper_1_3_x0_loop_1             |       -|  -2.43|     290080|  9.668e+05|     18130|          -|      16|        no|         -|         -|             -|             -|    -|
    |    o C_drain_IO_L1_out_wrapper_1_3_x0_loop_2            |       -|  -2.43|      18128|  6.042e+04|      1133|          -|      16|        no|         -|         -|             -|             -|    -|
    |     o C_drain_IO_L1_out_wrapper_1_3_x0_loop_3           |       -|  -2.43|       1040|  3.466e+03|       130|          -|       8|        no|         -|         -|             -|             -|    -|
    |      o C_drain_IO_L1_out_wrapper_1_3_x0_loop_4          |       -|  -2.43|        128|    426.624|        16|          -|       8|        no|         -|         -|             -|             -|    -|
    |       o C_drain_IO_L1_out_wrapper_1_3_x0_loop_5         |       -|  -2.43|          8|     26.664|         1|          -|       8|        no|         -|         -|             -|             -|    -|
    |     o C_drain_IO_L1_out_wrapper_1_3_x0_loop_6           |       -|  -2.43|         90|    299.970|        18|          -|       5|        no|         -|         -|             -|             -|    -|
    |      o C_drain_IO_L1_out_wrapper_1_3_x0_loop_7          |       -|  -2.43|         16|     53.328|         2|          -|       8|        no|         -|         -|             -|             -|    -|
    |      o C_drain_IO_L1_out_wrapper_1_3_x0_loop_8          |       -|  -2.43|         16|     53.328|         2|          -|       8|        no|         -|         -|             -|             -|    -|
    |  + grp_C_drain_IO_L1_out_wrapper_2_4_x0_fu_2939         |  Timing|   0.00|     285473|  9.515e+05|         -|     285473|       -|        no|         -|         -|     468 (~0%)|     638 (~0%)|    -|
    |   o C_drain_IO_L1_out_wrapper_2_4_x0_loop_1             |       -|  -2.43|     285472|  9.515e+05|     17842|          -|      16|        no|         -|         -|             -|             -|    -|
    |    o C_drain_IO_L1_out_wrapper_2_4_x0_loop_2            |       -|  -2.43|      17840|  5.946e+04|      1115|          -|      16|        no|         -|         -|             -|             -|    -|
    |     o C_drain_IO_L1_out_wrapper_2_4_x0_loop_3           |       -|  -2.43|       1040|  3.466e+03|       130|          -|       8|        no|         -|         -|             -|             -|    -|
    |      o C_drain_IO_L1_out_wrapper_2_4_x0_loop_4          |       -|  -2.43|        128|    426.624|        16|          -|       8|        no|         -|         -|             -|             -|    -|
    |       o C_drain_IO_L1_out_wrapper_2_4_x0_loop_5         |       -|  -2.43|          8|     26.664|         1|          -|       8|        no|         -|         -|             -|             -|    -|
    |     o C_drain_IO_L1_out_wrapper_2_4_x0_loop_6           |       -|  -2.43|         72|    239.976|        18|          -|       4|        no|         -|         -|             -|             -|    -|
    |      o C_drain_IO_L1_out_wrapper_2_4_x0_loop_7          |       -|  -2.43|         16|     53.328|         2|          -|       8|        no|         -|         -|             -|             -|    -|
    |      o C_drain_IO_L1_out_wrapper_2_4_x0_loop_8          |       -|  -2.43|         16|     53.328|         2|          -|       8|        no|         -|         -|             -|             -|    -|
    |  + grp_C_drain_IO_L1_out_wrapper_3_5_x0_fu_2946         |  Timing|   0.00|     280865|  9.361e+05|         -|     280865|       -|        no|         -|         -|     468 (~0%)|     638 (~0%)|    -|
    |   o C_drain_IO_L1_out_wrapper_3_5_x0_loop_1             |       -|  -2.43|     280864|  9.361e+05|     17554|          -|      16|        no|         -|         -|             -|             -|    -|
    |    o C_drain_IO_L1_out_wrapper_3_5_x0_loop_2            |       -|  -2.43|      17552|  5.850e+04|      1097|          -|      16|        no|         -|         -|             -|             -|    -|
    |     o C_drain_IO_L1_out_wrapper_3_5_x0_loop_3           |       -|  -2.43|       1040|  3.466e+03|       130|          -|       8|        no|         -|         -|             -|             -|    -|
    |      o C_drain_IO_L1_out_wrapper_3_5_x0_loop_4          |       -|  -2.43|        128|    426.624|        16|          -|       8|        no|         -|         -|             -|             -|    -|
    |       o C_drain_IO_L1_out_wrapper_3_5_x0_loop_5         |       -|  -2.43|          8|     26.664|         1|          -|       8|        no|         -|         -|             -|             -|    -|
    |     o C_drain_IO_L1_out_wrapper_3_5_x0_loop_6           |       -|  -2.43|         54|    179.982|        18|          -|       3|        no|         -|         -|             -|             -|    -|
    |      o C_drain_IO_L1_out_wrapper_3_5_x0_loop_7          |       -|  -2.43|         16|     53.328|         2|          -|       8|        no|         -|         -|             -|             -|    -|
    |      o C_drain_IO_L1_out_wrapper_3_5_x0_loop_8          |       -|  -2.43|         16|     53.328|         2|          -|       8|        no|         -|         -|             -|             -|    -|
    |  + grp_C_drain_IO_L1_out_wrapper_4_6_x0_fu_2953         |  Timing|   0.00|     276257|  9.208e+05|         -|     276257|       -|        no|         -|         -|     468 (~0%)|     638 (~0%)|    -|
    |   o C_drain_IO_L1_out_wrapper_4_6_x0_loop_1             |       -|  -2.43|     276256|  9.208e+05|     17266|          -|      16|        no|         -|         -|             -|             -|    -|
    |    o C_drain_IO_L1_out_wrapper_4_6_x0_loop_2            |       -|  -2.43|      17264|  5.754e+04|      1079|          -|      16|        no|         -|         -|             -|             -|    -|
    |     o C_drain_IO_L1_out_wrapper_4_6_x0_loop_3           |       -|  -2.43|       1040|  3.466e+03|       130|          -|       8|        no|         -|         -|             -|             -|    -|
    |      o C_drain_IO_L1_out_wrapper_4_6_x0_loop_4          |       -|  -2.43|        128|    426.624|        16|          -|       8|        no|         -|         -|             -|             -|    -|
    |       o C_drain_IO_L1_out_wrapper_4_6_x0_loop_5         |       -|  -2.43|          8|     26.664|         1|          -|       8|        no|         -|         -|             -|             -|    -|
    |     o C_drain_IO_L1_out_wrapper_4_6_x0_loop_6           |       -|  -2.43|         36|    119.988|        18|          -|       2|        no|         -|         -|             -|             -|    -|
    |      o C_drain_IO_L1_out_wrapper_4_6_x0_loop_7          |       -|  -2.43|         16|     53.328|         2|          -|       8|        no|         -|         -|             -|             -|    -|
    |      o C_drain_IO_L1_out_wrapper_4_6_x0_loop_8          |       -|  -2.43|         16|     53.328|         2|          -|       8|        no|         -|         -|             -|             -|    -|
    |  + grp_C_drain_IO_L1_out_wrapper_0_1_x0_fu_2960         |  Timing|   0.00|     299297|  9.976e+05|         -|     299297|       -|        no|         -|         -|     468 (~0%)|     638 (~0%)|    -|
    |   o C_drain_IO_L1_out_wrapper_0_1_x0_loop_1             |       -|  -2.43|     299296|  9.976e+05|     18706|          -|      16|        no|         -|         -|             -|             -|    -|
    |    o C_drain_IO_L1_out_wrapper_0_1_x0_loop_2            |       -|  -2.43|      18704|  6.234e+04|      1169|          -|      16|        no|         -|         -|             -|             -|    -|
    |     o C_drain_IO_L1_out_wrapper_0_1_x0_loop_3           |       -|  -2.43|       1040|  3.466e+03|       130|          -|       8|        no|         -|         -|             -|             -|    -|
    |      o C_drain_IO_L1_out_wrapper_0_1_x0_loop_4          |       -|  -2.43|        128|    426.624|        16|          -|       8|        no|         -|         -|             -|             -|    -|
    |       o C_drain_IO_L1_out_wrapper_0_1_x0_loop_5         |       -|  -2.43|          8|     26.664|         1|          -|       8|        no|         -|         -|             -|             -|    -|
    |     o C_drain_IO_L1_out_wrapper_0_1_x0_loop_6           |       -|  -2.43|        126|    419.958|        18|          -|       7|        no|         -|         -|             -|             -|    -|
    |      o C_drain_IO_L1_out_wrapper_0_1_x0_loop_7          |       -|  -2.43|         16|     53.328|         2|          -|       8|        no|         -|         -|             -|             -|    -|
    |      o C_drain_IO_L1_out_wrapper_0_1_x0_loop_8          |       -|  -2.43|         16|     53.328|         2|          -|       8|        no|         -|         -|             -|             -|    -|
    |  + grp_C_drain_IO_L1_out_wrapper_1_2_x0_fu_2967         |  Timing|   0.00|     294689|  9.822e+05|         -|     294689|       -|        no|         -|         -|     468 (~0%)|     638 (~0%)|    -|
    |   o C_drain_IO_L1_out_wrapper_1_2_x0_loop_1             |       -|  -2.43|     294688|  9.822e+05|     18418|          -|      16|        no|         -|         -|             -|             -|    -|
    |    o C_drain_IO_L1_out_wrapper_1_2_x0_loop_2            |       -|  -2.43|      18416|  6.138e+04|      1151|          -|      16|        no|         -|         -|             -|             -|    -|
    |     o C_drain_IO_L1_out_wrapper_1_2_x0_loop_3           |       -|  -2.43|       1040|  3.466e+03|       130|          -|       8|        no|         -|         -|             -|             -|    -|
    |      o C_drain_IO_L1_out_wrapper_1_2_x0_loop_4          |       -|  -2.43|        128|    426.624|        16|          -|       8|        no|         -|         -|             -|             -|    -|
    |       o C_drain_IO_L1_out_wrapper_1_2_x0_loop_5         |       -|  -2.43|          8|     26.664|         1|          -|       8|        no|         -|         -|             -|             -|    -|
    |     o C_drain_IO_L1_out_wrapper_1_2_x0_loop_6           |       -|  -2.43|        108|    359.964|        18|          -|       6|        no|         -|         -|             -|             -|    -|
    |      o C_drain_IO_L1_out_wrapper_1_2_x0_loop_7          |       -|  -2.43|         16|     53.328|         2|          -|       8|        no|         -|         -|             -|             -|    -|
    |      o C_drain_IO_L1_out_wrapper_1_2_x0_loop_8          |       -|  -2.43|         16|     53.328|         2|          -|       8|        no|         -|         -|             -|             -|    -|
    |  + grp_C_drain_IO_L1_out_wrapper_2_3_x0_fu_2974         |  Timing|   0.00|     290081|  9.668e+05|         -|     290081|       -|        no|         -|         -|     468 (~0%)|     638 (~0%)|    -|
    |   o C_drain_IO_L1_out_wrapper_2_3_x0_loop_1             |       -|  -2.43|     290080|  9.668e+05|     18130|          -|      16|        no|         -|         -|             -|             -|    -|
    |    o C_drain_IO_L1_out_wrapper_2_3_x0_loop_2            |       -|  -2.43|      18128|  6.042e+04|      1133|          -|      16|        no|         -|         -|             -|             -|    -|
    |     o C_drain_IO_L1_out_wrapper_2_3_x0_loop_3           |       -|  -2.43|       1040|  3.466e+03|       130|          -|       8|        no|         -|         -|             -|             -|    -|
    |      o C_drain_IO_L1_out_wrapper_2_3_x0_loop_4          |       -|  -2.43|        128|    426.624|        16|          -|       8|        no|         -|         -|             -|             -|    -|
    |       o C_drain_IO_L1_out_wrapper_2_3_x0_loop_5         |       -|  -2.43|          8|     26.664|         1|          -|       8|        no|         -|         -|             -|             -|    -|
    |     o C_drain_IO_L1_out_wrapper_2_3_x0_loop_6           |       -|  -2.43|         90|    299.970|        18|          -|       5|        no|         -|         -|             -|             -|    -|
    |      o C_drain_IO_L1_out_wrapper_2_3_x0_loop_7          |       -|  -2.43|         16|     53.328|         2|          -|       8|        no|         -|         -|             -|             -|    -|
    |      o C_drain_IO_L1_out_wrapper_2_3_x0_loop_8          |       -|  -2.43|         16|     53.328|         2|          -|       8|        no|         -|         -|             -|             -|    -|
    |  + grp_C_drain_IO_L1_out_wrapper_3_4_x0_fu_2981         |  Timing|   0.00|     285473|  9.515e+05|         -|     285473|       -|        no|         -|         -|     468 (~0%)|     638 (~0%)|    -|
    |   o C_drain_IO_L1_out_wrapper_3_4_x0_loop_1             |       -|  -2.43|     285472|  9.515e+05|     17842|          -|      16|        no|         -|         -|             -|             -|    -|
    |    o C_drain_IO_L1_out_wrapper_3_4_x0_loop_2            |       -|  -2.43|      17840|  5.946e+04|      1115|          -|      16|        no|         -|         -|             -|             -|    -|
    |     o C_drain_IO_L1_out_wrapper_3_4_x0_loop_3           |       -|  -2.43|       1040|  3.466e+03|       130|          -|       8|        no|         -|         -|             -|             -|    -|
    |      o C_drain_IO_L1_out_wrapper_3_4_x0_loop_4          |       -|  -2.43|        128|    426.624|        16|          -|       8|        no|         -|         -|             -|             -|    -|
    |       o C_drain_IO_L1_out_wrapper_3_4_x0_loop_5         |       -|  -2.43|          8|     26.664|         1|          -|       8|        no|         -|         -|             -|             -|    -|
    |     o C_drain_IO_L1_out_wrapper_3_4_x0_loop_6           |       -|  -2.43|         72|    239.976|        18|          -|       4|        no|         -|         -|             -|             -|    -|
    |      o C_drain_IO_L1_out_wrapper_3_4_x0_loop_7          |       -|  -2.43|         16|     53.328|         2|          -|       8|        no|         -|         -|             -|             -|    -|
    |      o C_drain_IO_L1_out_wrapper_3_4_x0_loop_8          |       -|  -2.43|         16|     53.328|         2|          -|       8|        no|         -|         -|             -|             -|    -|
    |  + grp_C_drain_IO_L1_out_wrapper_4_5_x0_fu_2988         |  Timing|   0.00|     280865|  9.361e+05|         -|     280865|       -|        no|         -|         -|     468 (~0%)|     638 (~0%)|    -|
    |   o C_drain_IO_L1_out_wrapper_4_5_x0_loop_1             |       -|  -2.43|     280864|  9.361e+05|     17554|          -|      16|        no|         -|         -|             -|             -|    -|
    |    o C_drain_IO_L1_out_wrapper_4_5_x0_loop_2            |       -|  -2.43|      17552|  5.850e+04|      1097|          -|      16|        no|         -|         -|             -|             -|    -|
    |     o C_drain_IO_L1_out_wrapper_4_5_x0_loop_3           |       -|  -2.43|       1040|  3.466e+03|       130|          -|       8|        no|         -|         -|             -|             -|    -|
    |      o C_drain_IO_L1_out_wrapper_4_5_x0_loop_4          |       -|  -2.43|        128|    426.624|        16|          -|       8|        no|         -|         -|             -|             -|    -|
    |       o C_drain_IO_L1_out_wrapper_4_5_x0_loop_5         |       -|  -2.43|          8|     26.664|         1|          -|       8|        no|         -|         -|             -|             -|    -|
    |     o C_drain_IO_L1_out_wrapper_4_5_x0_loop_6           |       -|  -2.43|         54|    179.982|        18|          -|       3|        no|         -|         -|             -|             -|    -|
    |      o C_drain_IO_L1_out_wrapper_4_5_x0_loop_7          |       -|  -2.43|         16|     53.328|         2|          -|       8|        no|         -|         -|             -|             -|    -|
    |      o C_drain_IO_L1_out_wrapper_4_5_x0_loop_8          |       -|  -2.43|         16|     53.328|         2|          -|       8|        no|         -|         -|             -|             -|    -|
    |  + grp_C_drain_IO_L1_out_wrapper_5_6_x0_fu_2995         |  Timing|   0.00|     276257|  9.208e+05|         -|     276257|       -|        no|         -|         -|     468 (~0%)|     638 (~0%)|    -|
    |   o C_drain_IO_L1_out_wrapper_5_6_x0_loop_1             |       -|  -2.43|     276256|  9.208e+05|     17266|          -|      16|        no|         -|         -|             -|             -|    -|
    |    o C_drain_IO_L1_out_wrapper_5_6_x0_loop_2            |       -|  -2.43|      17264|  5.754e+04|      1079|          -|      16|        no|         -|         -|             -|             -|    -|
    |     o C_drain_IO_L1_out_wrapper_5_6_x0_loop_3           |       -|  -2.43|       1040|  3.466e+03|       130|          -|       8|        no|         -|         -|             -|             -|    -|
    |      o C_drain_IO_L1_out_wrapper_5_6_x0_loop_4          |       -|  -2.43|        128|    426.624|        16|          -|       8|        no|         -|         -|             -|             -|    -|
    |       o C_drain_IO_L1_out_wrapper_5_6_x0_loop_5         |       -|  -2.43|          8|     26.664|         1|          -|       8|        no|         -|         -|             -|             -|    -|
    |     o C_drain_IO_L1_out_wrapper_5_6_x0_loop_6           |       -|  -2.43|         36|    119.988|        18|          -|       2|        no|         -|         -|             -|             -|    -|
    |      o C_drain_IO_L1_out_wrapper_5_6_x0_loop_7          |       -|  -2.43|         16|     53.328|         2|          -|       8|        no|         -|         -|             -|             -|    -|
    |      o C_drain_IO_L1_out_wrapper_5_6_x0_loop_8          |       -|  -2.43|         16|     53.328|         2|          -|       8|        no|         -|         -|             -|             -|    -|
    |  + grp_C_drain_IO_L1_out_wrapper_1_1_x0_fu_3002         |  Timing|   0.00|     299297|  9.976e+05|         -|     299297|       -|        no|         -|         -|     468 (~0%)|     638 (~0%)|    -|
    |   o C_drain_IO_L1_out_wrapper_1_1_x0_loop_1             |       -|  -2.43|     299296|  9.976e+05|     18706|          -|      16|        no|         -|         -|             -|             -|    -|
    |    o C_drain_IO_L1_out_wrapper_1_1_x0_loop_2            |       -|  -2.43|      18704|  6.234e+04|      1169|          -|      16|        no|         -|         -|             -|             -|    -|
    |     o C_drain_IO_L1_out_wrapper_1_1_x0_loop_3           |       -|  -2.43|       1040|  3.466e+03|       130|          -|       8|        no|         -|         -|             -|             -|    -|
    |      o C_drain_IO_L1_out_wrapper_1_1_x0_loop_4          |       -|  -2.43|        128|    426.624|        16|          -|       8|        no|         -|         -|             -|             -|    -|
    |       o C_drain_IO_L1_out_wrapper_1_1_x0_loop_5         |       -|  -2.43|          8|     26.664|         1|          -|       8|        no|         -|         -|             -|             -|    -|
    |     o C_drain_IO_L1_out_wrapper_1_1_x0_loop_6           |       -|  -2.43|        126|    419.958|        18|          -|       7|        no|         -|         -|             -|             -|    -|
    |      o C_drain_IO_L1_out_wrapper_1_1_x0_loop_7          |       -|  -2.43|         16|     53.328|         2|          -|       8|        no|         -|         -|             -|             -|    -|
    |      o C_drain_IO_L1_out_wrapper_1_1_x0_loop_8          |       -|  -2.43|         16|     53.328|         2|          -|       8|        no|         -|         -|             -|             -|    -|
    |  + grp_C_drain_IO_L1_out_wrapper_2_2_x0_fu_3009         |  Timing|   0.00|     294689|  9.822e+05|         -|     294689|       -|        no|         -|         -|     468 (~0%)|     638 (~0%)|    -|
    |   o C_drain_IO_L1_out_wrapper_2_2_x0_loop_1             |       -|  -2.43|     294688|  9.822e+05|     18418|          -|      16|        no|         -|         -|             -|             -|    -|
    |    o C_drain_IO_L1_out_wrapper_2_2_x0_loop_2            |       -|  -2.43|      18416|  6.138e+04|      1151|          -|      16|        no|         -|         -|             -|             -|    -|
    |     o C_drain_IO_L1_out_wrapper_2_2_x0_loop_3           |       -|  -2.43|       1040|  3.466e+03|       130|          -|       8|        no|         -|         -|             -|             -|    -|
    |      o C_drain_IO_L1_out_wrapper_2_2_x0_loop_4          |       -|  -2.43|        128|    426.624|        16|          -|       8|        no|         -|         -|             -|             -|    -|
    |       o C_drain_IO_L1_out_wrapper_2_2_x0_loop_5         |       -|  -2.43|          8|     26.664|         1|          -|       8|        no|         -|         -|             -|             -|    -|
    |     o C_drain_IO_L1_out_wrapper_2_2_x0_loop_6           |       -|  -2.43|        108|    359.964|        18|          -|       6|        no|         -|         -|             -|             -|    -|
    |      o C_drain_IO_L1_out_wrapper_2_2_x0_loop_7          |       -|  -2.43|         16|     53.328|         2|          -|       8|        no|         -|         -|             -|             -|    -|
    |      o C_drain_IO_L1_out_wrapper_2_2_x0_loop_8          |       -|  -2.43|         16|     53.328|         2|          -|       8|        no|         -|         -|             -|             -|    -|
    |  + grp_C_drain_IO_L1_out_wrapper_3_3_x0_fu_3016         |  Timing|   0.00|     290081|  9.668e+05|         -|     290081|       -|        no|         -|         -|     468 (~0%)|     638 (~0%)|    -|
    |   o C_drain_IO_L1_out_wrapper_3_3_x0_loop_1             |       -|  -2.43|     290080|  9.668e+05|     18130|          -|      16|        no|         -|         -|             -|             -|    -|
    |    o C_drain_IO_L1_out_wrapper_3_3_x0_loop_2            |       -|  -2.43|      18128|  6.042e+04|      1133|          -|      16|        no|         -|         -|             -|             -|    -|
    |     o C_drain_IO_L1_out_wrapper_3_3_x0_loop_3           |       -|  -2.43|       1040|  3.466e+03|       130|          -|       8|        no|         -|         -|             -|             -|    -|
    |      o C_drain_IO_L1_out_wrapper_3_3_x0_loop_4          |       -|  -2.43|        128|    426.624|        16|          -|       8|        no|         -|         -|             -|             -|    -|
    |       o C_drain_IO_L1_out_wrapper_3_3_x0_loop_5         |       -|  -2.43|          8|     26.664|         1|          -|       8|        no|         -|         -|             -|             -|    -|
    |     o C_drain_IO_L1_out_wrapper_3_3_x0_loop_6           |       -|  -2.43|         90|    299.970|        18|          -|       5|        no|         -|         -|             -|             -|    -|
    |      o C_drain_IO_L1_out_wrapper_3_3_x0_loop_7          |       -|  -2.43|         16|     53.328|         2|          -|       8|        no|         -|         -|             -|             -|    -|
    |      o C_drain_IO_L1_out_wrapper_3_3_x0_loop_8          |       -|  -2.43|         16|     53.328|         2|          -|       8|        no|         -|         -|             -|             -|    -|
    |  + grp_C_drain_IO_L1_out_wrapper_4_4_x0_fu_3023         |  Timing|   0.00|     285473|  9.515e+05|         -|     285473|       -|        no|         -|         -|     468 (~0%)|     638 (~0%)|    -|
    |   o C_drain_IO_L1_out_wrapper_4_4_x0_loop_1             |       -|  -2.43|     285472|  9.515e+05|     17842|          -|      16|        no|         -|         -|             -|             -|    -|
    |    o C_drain_IO_L1_out_wrapper_4_4_x0_loop_2            |       -|  -2.43|      17840|  5.946e+04|      1115|          -|      16|        no|         -|         -|             -|             -|    -|
    |     o C_drain_IO_L1_out_wrapper_4_4_x0_loop_3           |       -|  -2.43|       1040|  3.466e+03|       130|          -|       8|        no|         -|         -|             -|             -|    -|
    |      o C_drain_IO_L1_out_wrapper_4_4_x0_loop_4          |       -|  -2.43|        128|    426.624|        16|          -|       8|        no|         -|         -|             -|             -|    -|
    |       o C_drain_IO_L1_out_wrapper_4_4_x0_loop_5         |       -|  -2.43|          8|     26.664|         1|          -|       8|        no|         -|         -|             -|             -|    -|
    |     o C_drain_IO_L1_out_wrapper_4_4_x0_loop_6           |       -|  -2.43|         72|    239.976|        18|          -|       4|        no|         -|         -|             -|             -|    -|
    |      o C_drain_IO_L1_out_wrapper_4_4_x0_loop_7          |       -|  -2.43|         16|     53.328|         2|          -|       8|        no|         -|         -|             -|             -|    -|
    |      o C_drain_IO_L1_out_wrapper_4_4_x0_loop_8          |       -|  -2.43|         16|     53.328|         2|          -|       8|        no|         -|         -|             -|             -|    -|
    |  + grp_C_drain_IO_L1_out_wrapper_5_5_x0_fu_3030         |  Timing|   0.00|     280865|  9.361e+05|         -|     280865|       -|        no|         -|         -|     468 (~0%)|     638 (~0%)|    -|
    |   o C_drain_IO_L1_out_wrapper_5_5_x0_loop_1             |       -|  -2.43|     280864|  9.361e+05|     17554|          -|      16|        no|         -|         -|             -|             -|    -|
    |    o C_drain_IO_L1_out_wrapper_5_5_x0_loop_2            |       -|  -2.43|      17552|  5.850e+04|      1097|          -|      16|        no|         -|         -|             -|             -|    -|
    |     o C_drain_IO_L1_out_wrapper_5_5_x0_loop_3           |       -|  -2.43|       1040|  3.466e+03|       130|          -|       8|        no|         -|         -|             -|             -|    -|
    |      o C_drain_IO_L1_out_wrapper_5_5_x0_loop_4          |       -|  -2.43|        128|    426.624|        16|          -|       8|        no|         -|         -|             -|             -|    -|
    |       o C_drain_IO_L1_out_wrapper_5_5_x0_loop_5         |       -|  -2.43|          8|     26.664|         1|          -|       8|        no|         -|         -|             -|             -|    -|
    |     o C_drain_IO_L1_out_wrapper_5_5_x0_loop_6           |       -|  -2.43|         54|    179.982|        18|          -|       3|        no|         -|         -|             -|             -|    -|
    |      o C_drain_IO_L1_out_wrapper_5_5_x0_loop_7          |       -|  -2.43|         16|     53.328|         2|          -|       8|        no|         -|         -|             -|             -|    -|
    |      o C_drain_IO_L1_out_wrapper_5_5_x0_loop_8          |       -|  -2.43|         16|     53.328|         2|          -|       8|        no|         -|         -|             -|             -|    -|
    |  + grp_C_drain_IO_L1_out_wrapper_6_6_x0_fu_3037         |  Timing|   0.00|     276257|  9.208e+05|         -|     276257|       -|        no|         -|         -|     468 (~0%)|     638 (~0%)|    -|
    |   o C_drain_IO_L1_out_wrapper_6_6_x0_loop_1             |       -|  -2.43|     276256|  9.208e+05|     17266|          -|      16|        no|         -|         -|             -|             -|    -|
    |    o C_drain_IO_L1_out_wrapper_6_6_x0_loop_2            |       -|  -2.43|      17264|  5.754e+04|      1079|          -|      16|        no|         -|         -|             -|             -|    -|
    |     o C_drain_IO_L1_out_wrapper_6_6_x0_loop_3           |       -|  -2.43|       1040|  3.466e+03|       130|          -|       8|        no|         -|         -|             -|             -|    -|
    |      o C_drain_IO_L1_out_wrapper_6_6_x0_loop_4          |       -|  -2.43|        128|    426.624|        16|          -|       8|        no|         -|         -|             -|             -|    -|
    |       o C_drain_IO_L1_out_wrapper_6_6_x0_loop_5         |       -|  -2.43|          8|     26.664|         1|          -|       8|        no|         -|         -|             -|             -|    -|
    |     o C_drain_IO_L1_out_wrapper_6_6_x0_loop_6           |       -|  -2.43|         36|    119.988|        18|          -|       2|        no|         -|         -|             -|             -|    -|
    |      o C_drain_IO_L1_out_wrapper_6_6_x0_loop_7          |       -|  -2.43|         16|     53.328|         2|          -|       8|        no|         -|         -|             -|             -|    -|
    |      o C_drain_IO_L1_out_wrapper_6_6_x0_loop_8          |       -|  -2.43|         16|     53.328|         2|          -|       8|        no|         -|         -|             -|             -|    -|
    |  + grp_C_drain_IO_L1_out_wrapper_2_1_x0_fu_3044         |  Timing|   0.00|     299297|  9.976e+05|         -|     299297|       -|        no|         -|         -|     468 (~0%)|     638 (~0%)|    -|
    |   o C_drain_IO_L1_out_wrapper_2_1_x0_loop_1             |       -|  -2.43|     299296|  9.976e+05|     18706|          -|      16|        no|         -|         -|             -|             -|    -|
    |    o C_drain_IO_L1_out_wrapper_2_1_x0_loop_2            |       -|  -2.43|      18704|  6.234e+04|      1169|          -|      16|        no|         -|         -|             -|             -|    -|
    |     o C_drain_IO_L1_out_wrapper_2_1_x0_loop_3           |       -|  -2.43|       1040|  3.466e+03|       130|          -|       8|        no|         -|         -|             -|             -|    -|
    |      o C_drain_IO_L1_out_wrapper_2_1_x0_loop_4          |       -|  -2.43|        128|    426.624|        16|          -|       8|        no|         -|         -|             -|             -|    -|
    |       o C_drain_IO_L1_out_wrapper_2_1_x0_loop_5         |       -|  -2.43|          8|     26.664|         1|          -|       8|        no|         -|         -|             -|             -|    -|
    |     o C_drain_IO_L1_out_wrapper_2_1_x0_loop_6           |       -|  -2.43|        126|    419.958|        18|          -|       7|        no|         -|         -|             -|             -|    -|
    |      o C_drain_IO_L1_out_wrapper_2_1_x0_loop_7          |       -|  -2.43|         16|     53.328|         2|          -|       8|        no|         -|         -|             -|             -|    -|
    |      o C_drain_IO_L1_out_wrapper_2_1_x0_loop_8          |       -|  -2.43|         16|     53.328|         2|          -|       8|        no|         -|         -|             -|             -|    -|
    |  + grp_C_drain_IO_L1_out_wrapper_3_2_x0_fu_3051         |  Timing|   0.00|     294689|  9.822e+05|         -|     294689|       -|        no|         -|         -|     468 (~0%)|     638 (~0%)|    -|
    |   o C_drain_IO_L1_out_wrapper_3_2_x0_loop_1             |       -|  -2.43|     294688|  9.822e+05|     18418|          -|      16|        no|         -|         -|             -|             -|    -|
    |    o C_drain_IO_L1_out_wrapper_3_2_x0_loop_2            |       -|  -2.43|      18416|  6.138e+04|      1151|          -|      16|        no|         -|         -|             -|             -|    -|
    |     o C_drain_IO_L1_out_wrapper_3_2_x0_loop_3           |       -|  -2.43|       1040|  3.466e+03|       130|          -|       8|        no|         -|         -|             -|             -|    -|
    |      o C_drain_IO_L1_out_wrapper_3_2_x0_loop_4          |       -|  -2.43|        128|    426.624|        16|          -|       8|        no|         -|         -|             -|             -|    -|
    |       o C_drain_IO_L1_out_wrapper_3_2_x0_loop_5         |       -|  -2.43|          8|     26.664|         1|          -|       8|        no|         -|         -|             -|             -|    -|
    |     o C_drain_IO_L1_out_wrapper_3_2_x0_loop_6           |       -|  -2.43|        108|    359.964|        18|          -|       6|        no|         -|         -|             -|             -|    -|
    |      o C_drain_IO_L1_out_wrapper_3_2_x0_loop_7          |       -|  -2.43|         16|     53.328|         2|          -|       8|        no|         -|         -|             -|             -|    -|
    |      o C_drain_IO_L1_out_wrapper_3_2_x0_loop_8          |       -|  -2.43|         16|     53.328|         2|          -|       8|        no|         -|         -|             -|             -|    -|
    |  + grp_C_drain_IO_L1_out_wrapper_4_3_x0_fu_3058         |  Timing|   0.00|     290081|  9.668e+05|         -|     290081|       -|        no|         -|         -|     468 (~0%)|     638 (~0%)|    -|
    |   o C_drain_IO_L1_out_wrapper_4_3_x0_loop_1             |       -|  -2.43|     290080|  9.668e+05|     18130|          -|      16|        no|         -|         -|             -|             -|    -|
    |    o C_drain_IO_L1_out_wrapper_4_3_x0_loop_2            |       -|  -2.43|      18128|  6.042e+04|      1133|          -|      16|        no|         -|         -|             -|             -|    -|
    |     o C_drain_IO_L1_out_wrapper_4_3_x0_loop_3           |       -|  -2.43|       1040|  3.466e+03|       130|          -|       8|        no|         -|         -|             -|             -|    -|
    |      o C_drain_IO_L1_out_wrapper_4_3_x0_loop_4          |       -|  -2.43|        128|    426.624|        16|          -|       8|        no|         -|         -|             -|             -|    -|
    |       o C_drain_IO_L1_out_wrapper_4_3_x0_loop_5         |       -|  -2.43|          8|     26.664|         1|          -|       8|        no|         -|         -|             -|             -|    -|
    |     o C_drain_IO_L1_out_wrapper_4_3_x0_loop_6           |       -|  -2.43|         90|    299.970|        18|          -|       5|        no|         -|         -|             -|             -|    -|
    |      o C_drain_IO_L1_out_wrapper_4_3_x0_loop_7          |       -|  -2.43|         16|     53.328|         2|          -|       8|        no|         -|         -|             -|             -|    -|
    |      o C_drain_IO_L1_out_wrapper_4_3_x0_loop_8          |       -|  -2.43|         16|     53.328|         2|          -|       8|        no|         -|         -|             -|             -|    -|
    |  + grp_C_drain_IO_L1_out_wrapper_5_4_x0_fu_3065         |  Timing|   0.00|     285473|  9.515e+05|         -|     285473|       -|        no|         -|         -|     468 (~0%)|     638 (~0%)|    -|
    |   o C_drain_IO_L1_out_wrapper_5_4_x0_loop_1             |       -|  -2.43|     285472|  9.515e+05|     17842|          -|      16|        no|         -|         -|             -|             -|    -|
    |    o C_drain_IO_L1_out_wrapper_5_4_x0_loop_2            |       -|  -2.43|      17840|  5.946e+04|      1115|          -|      16|        no|         -|         -|             -|             -|    -|
    |     o C_drain_IO_L1_out_wrapper_5_4_x0_loop_3           |       -|  -2.43|       1040|  3.466e+03|       130|          -|       8|        no|         -|         -|             -|             -|    -|
    |      o C_drain_IO_L1_out_wrapper_5_4_x0_loop_4          |       -|  -2.43|        128|    426.624|        16|          -|       8|        no|         -|         -|             -|             -|    -|
    |       o C_drain_IO_L1_out_wrapper_5_4_x0_loop_5         |       -|  -2.43|          8|     26.664|         1|          -|       8|        no|         -|         -|             -|             -|    -|
    |     o C_drain_IO_L1_out_wrapper_5_4_x0_loop_6           |       -|  -2.43|         72|    239.976|        18|          -|       4|        no|         -|         -|             -|             -|    -|
    |      o C_drain_IO_L1_out_wrapper_5_4_x0_loop_7          |       -|  -2.43|         16|     53.328|         2|          -|       8|        no|         -|         -|             -|             -|    -|
    |      o C_drain_IO_L1_out_wrapper_5_4_x0_loop_8          |       -|  -2.43|         16|     53.328|         2|          -|       8|        no|         -|         -|             -|             -|    -|
    |  + grp_C_drain_IO_L1_out_wrapper_6_5_x0_fu_3072         |  Timing|   0.00|     280865|  9.361e+05|         -|     280865|       -|        no|         -|         -|     468 (~0%)|     638 (~0%)|    -|
    |   o C_drain_IO_L1_out_wrapper_6_5_x0_loop_1             |       -|  -2.43|     280864|  9.361e+05|     17554|          -|      16|        no|         -|         -|             -|             -|    -|
    |    o C_drain_IO_L1_out_wrapper_6_5_x0_loop_2            |       -|  -2.43|      17552|  5.850e+04|      1097|          -|      16|        no|         -|         -|             -|             -|    -|
    |     o C_drain_IO_L1_out_wrapper_6_5_x0_loop_3           |       -|  -2.43|       1040|  3.466e+03|       130|          -|       8|        no|         -|         -|             -|             -|    -|
    |      o C_drain_IO_L1_out_wrapper_6_5_x0_loop_4          |       -|  -2.43|        128|    426.624|        16|          -|       8|        no|         -|         -|             -|             -|    -|
    |       o C_drain_IO_L1_out_wrapper_6_5_x0_loop_5         |       -|  -2.43|          8|     26.664|         1|          -|       8|        no|         -|         -|             -|             -|    -|
    |     o C_drain_IO_L1_out_wrapper_6_5_x0_loop_6           |       -|  -2.43|         54|    179.982|        18|          -|       3|        no|         -|         -|             -|             -|    -|
    |      o C_drain_IO_L1_out_wrapper_6_5_x0_loop_7          |       -|  -2.43|         16|     53.328|         2|          -|       8|        no|         -|         -|             -|             -|    -|
    |      o C_drain_IO_L1_out_wrapper_6_5_x0_loop_8          |       -|  -2.43|         16|     53.328|         2|          -|       8|        no|         -|         -|             -|             -|    -|
    |  + grp_C_drain_IO_L1_out_wrapper_7_6_x0_fu_3079         |  Timing|   0.00|     276257|  9.208e+05|         -|     276257|       -|        no|         -|         -|     468 (~0%)|     638 (~0%)|    -|
    |   o C_drain_IO_L1_out_wrapper_7_6_x0_loop_1             |       -|  -2.43|     276256|  9.208e+05|     17266|          -|      16|        no|         -|         -|             -|             -|    -|
    |    o C_drain_IO_L1_out_wrapper_7_6_x0_loop_2            |       -|  -2.43|      17264|  5.754e+04|      1079|          -|      16|        no|         -|         -|             -|             -|    -|
    |     o C_drain_IO_L1_out_wrapper_7_6_x0_loop_3           |       -|  -2.43|       1040|  3.466e+03|       130|          -|       8|        no|         -|         -|             -|             -|    -|
    |      o C_drain_IO_L1_out_wrapper_7_6_x0_loop_4          |       -|  -2.43|        128|    426.624|        16|          -|       8|        no|         -|         -|             -|             -|    -|
    |       o C_drain_IO_L1_out_wrapper_7_6_x0_loop_5         |       -|  -2.43|          8|     26.664|         1|          -|       8|        no|         -|         -|             -|             -|    -|
    |     o C_drain_IO_L1_out_wrapper_7_6_x0_loop_6           |       -|  -2.43|         36|    119.988|        18|          -|       2|        no|         -|         -|             -|             -|    -|
    |      o C_drain_IO_L1_out_wrapper_7_6_x0_loop_7          |       -|  -2.43|         16|     53.328|         2|          -|       8|        no|         -|         -|             -|             -|    -|
    |      o C_drain_IO_L1_out_wrapper_7_6_x0_loop_8          |       -|  -2.43|         16|     53.328|         2|          -|       8|        no|         -|         -|             -|             -|    -|
    |  + grp_C_drain_IO_L1_out_wrapper_3_1_x0_fu_3086         |  Timing|   0.00|     299297|  9.976e+05|         -|     299297|       -|        no|         -|         -|     468 (~0%)|     638 (~0%)|    -|
    |   o C_drain_IO_L1_out_wrapper_3_1_x0_loop_1             |       -|  -2.43|     299296|  9.976e+05|     18706|          -|      16|        no|         -|         -|             -|             -|    -|
    |    o C_drain_IO_L1_out_wrapper_3_1_x0_loop_2            |       -|  -2.43|      18704|  6.234e+04|      1169|          -|      16|        no|         -|         -|             -|             -|    -|
    |     o C_drain_IO_L1_out_wrapper_3_1_x0_loop_3           |       -|  -2.43|       1040|  3.466e+03|       130|          -|       8|        no|         -|         -|             -|             -|    -|
    |      o C_drain_IO_L1_out_wrapper_3_1_x0_loop_4          |       -|  -2.43|        128|    426.624|        16|          -|       8|        no|         -|         -|             -|             -|    -|
    |       o C_drain_IO_L1_out_wrapper_3_1_x0_loop_5         |       -|  -2.43|          8|     26.664|         1|          -|       8|        no|         -|         -|             -|             -|    -|
    |     o C_drain_IO_L1_out_wrapper_3_1_x0_loop_6           |       -|  -2.43|        126|    419.958|        18|          -|       7|        no|         -|         -|             -|             -|    -|
    |      o C_drain_IO_L1_out_wrapper_3_1_x0_loop_7          |       -|  -2.43|         16|     53.328|         2|          -|       8|        no|         -|         -|             -|             -|    -|
    |      o C_drain_IO_L1_out_wrapper_3_1_x0_loop_8          |       -|  -2.43|         16|     53.328|         2|          -|       8|        no|         -|         -|             -|             -|    -|
    |  + grp_C_drain_IO_L1_out_wrapper_4_2_x0_fu_3093         |  Timing|   0.00|     294689|  9.822e+05|         -|     294689|       -|        no|         -|         -|     468 (~0%)|     638 (~0%)|    -|
    |   o C_drain_IO_L1_out_wrapper_4_2_x0_loop_1             |       -|  -2.43|     294688|  9.822e+05|     18418|          -|      16|        no|         -|         -|             -|             -|    -|
    |    o C_drain_IO_L1_out_wrapper_4_2_x0_loop_2            |       -|  -2.43|      18416|  6.138e+04|      1151|          -|      16|        no|         -|         -|             -|             -|    -|
    |     o C_drain_IO_L1_out_wrapper_4_2_x0_loop_3           |       -|  -2.43|       1040|  3.466e+03|       130|          -|       8|        no|         -|         -|             -|             -|    -|
    |      o C_drain_IO_L1_out_wrapper_4_2_x0_loop_4          |       -|  -2.43|        128|    426.624|        16|          -|       8|        no|         -|         -|             -|             -|    -|
    |       o C_drain_IO_L1_out_wrapper_4_2_x0_loop_5         |       -|  -2.43|          8|     26.664|         1|          -|       8|        no|         -|         -|             -|             -|    -|
    |     o C_drain_IO_L1_out_wrapper_4_2_x0_loop_6           |       -|  -2.43|        108|    359.964|        18|          -|       6|        no|         -|         -|             -|             -|    -|
    |      o C_drain_IO_L1_out_wrapper_4_2_x0_loop_7          |       -|  -2.43|         16|     53.328|         2|          -|       8|        no|         -|         -|             -|             -|    -|
    |      o C_drain_IO_L1_out_wrapper_4_2_x0_loop_8          |       -|  -2.43|         16|     53.328|         2|          -|       8|        no|         -|         -|             -|             -|    -|
    |  + grp_C_drain_IO_L1_out_wrapper_5_3_x0_fu_3100         |  Timing|   0.00|     290081|  9.668e+05|         -|     290081|       -|        no|         -|         -|     468 (~0%)|     638 (~0%)|    -|
    |   o C_drain_IO_L1_out_wrapper_5_3_x0_loop_1             |       -|  -2.43|     290080|  9.668e+05|     18130|          -|      16|        no|         -|         -|             -|             -|    -|
    |    o C_drain_IO_L1_out_wrapper_5_3_x0_loop_2            |       -|  -2.43|      18128|  6.042e+04|      1133|          -|      16|        no|         -|         -|             -|             -|    -|
    |     o C_drain_IO_L1_out_wrapper_5_3_x0_loop_3           |       -|  -2.43|       1040|  3.466e+03|       130|          -|       8|        no|         -|         -|             -|             -|    -|
    |      o C_drain_IO_L1_out_wrapper_5_3_x0_loop_4          |       -|  -2.43|        128|    426.624|        16|          -|       8|        no|         -|         -|             -|             -|    -|
    |       o C_drain_IO_L1_out_wrapper_5_3_x0_loop_5         |       -|  -2.43|          8|     26.664|         1|          -|       8|        no|         -|         -|             -|             -|    -|
    |     o C_drain_IO_L1_out_wrapper_5_3_x0_loop_6           |       -|  -2.43|         90|    299.970|        18|          -|       5|        no|         -|         -|             -|             -|    -|
    |      o C_drain_IO_L1_out_wrapper_5_3_x0_loop_7          |       -|  -2.43|         16|     53.328|         2|          -|       8|        no|         -|         -|             -|             -|    -|
    |      o C_drain_IO_L1_out_wrapper_5_3_x0_loop_8          |       -|  -2.43|         16|     53.328|         2|          -|       8|        no|         -|         -|             -|             -|    -|
    |  + grp_C_drain_IO_L1_out_wrapper_6_4_x0_fu_3107         |  Timing|   0.00|     285473|  9.515e+05|         -|     285473|       -|        no|         -|         -|     468 (~0%)|     638 (~0%)|    -|
    |   o C_drain_IO_L1_out_wrapper_6_4_x0_loop_1             |       -|  -2.43|     285472|  9.515e+05|     17842|          -|      16|        no|         -|         -|             -|             -|    -|
    |    o C_drain_IO_L1_out_wrapper_6_4_x0_loop_2            |       -|  -2.43|      17840|  5.946e+04|      1115|          -|      16|        no|         -|         -|             -|             -|    -|
    |     o C_drain_IO_L1_out_wrapper_6_4_x0_loop_3           |       -|  -2.43|       1040|  3.466e+03|       130|          -|       8|        no|         -|         -|             -|             -|    -|
    |      o C_drain_IO_L1_out_wrapper_6_4_x0_loop_4          |       -|  -2.43|        128|    426.624|        16|          -|       8|        no|         -|         -|             -|             -|    -|
    |       o C_drain_IO_L1_out_wrapper_6_4_x0_loop_5         |       -|  -2.43|          8|     26.664|         1|          -|       8|        no|         -|         -|             -|             -|    -|
    |     o C_drain_IO_L1_out_wrapper_6_4_x0_loop_6           |       -|  -2.43|         72|    239.976|        18|          -|       4|        no|         -|         -|             -|             -|    -|
    |      o C_drain_IO_L1_out_wrapper_6_4_x0_loop_7          |       -|  -2.43|         16|     53.328|         2|          -|       8|        no|         -|         -|             -|             -|    -|
    |      o C_drain_IO_L1_out_wrapper_6_4_x0_loop_8          |       -|  -2.43|         16|     53.328|         2|          -|       8|        no|         -|         -|             -|             -|    -|
    |  + grp_C_drain_IO_L1_out_wrapper_7_5_x0_fu_3114         |  Timing|   0.00|     280865|  9.361e+05|         -|     280865|       -|        no|         -|         -|     468 (~0%)|     638 (~0%)|    -|
    |   o C_drain_IO_L1_out_wrapper_7_5_x0_loop_1             |       -|  -2.43|     280864|  9.361e+05|     17554|          -|      16|        no|         -|         -|             -|             -|    -|
    |    o C_drain_IO_L1_out_wrapper_7_5_x0_loop_2            |       -|  -2.43|      17552|  5.850e+04|      1097|          -|      16|        no|         -|         -|             -|             -|    -|
    |     o C_drain_IO_L1_out_wrapper_7_5_x0_loop_3           |       -|  -2.43|       1040|  3.466e+03|       130|          -|       8|        no|         -|         -|             -|             -|    -|
    |      o C_drain_IO_L1_out_wrapper_7_5_x0_loop_4          |       -|  -2.43|        128|    426.624|        16|          -|       8|        no|         -|         -|             -|             -|    -|
    |       o C_drain_IO_L1_out_wrapper_7_5_x0_loop_5         |       -|  -2.43|          8|     26.664|         1|          -|       8|        no|         -|         -|             -|             -|    -|
    |     o C_drain_IO_L1_out_wrapper_7_5_x0_loop_6           |       -|  -2.43|         54|    179.982|        18|          -|       3|        no|         -|         -|             -|             -|    -|
    |      o C_drain_IO_L1_out_wrapper_7_5_x0_loop_7          |       -|  -2.43|         16|     53.328|         2|          -|       8|        no|         -|         -|             -|             -|    -|
    |      o C_drain_IO_L1_out_wrapper_7_5_x0_loop_8          |       -|  -2.43|         16|     53.328|         2|          -|       8|        no|         -|         -|             -|             -|    -|
    |  + grp_C_drain_IO_L1_out_wrapper_4_1_x0_fu_3121         |  Timing|   0.00|     299297|  9.976e+05|         -|     299297|       -|        no|         -|         -|     468 (~0%)|     638 (~0%)|    -|
    |   o C_drain_IO_L1_out_wrapper_4_1_x0_loop_1             |       -|  -2.43|     299296|  9.976e+05|     18706|          -|      16|        no|         -|         -|             -|             -|    -|
    |    o C_drain_IO_L1_out_wrapper_4_1_x0_loop_2            |       -|  -2.43|      18704|  6.234e+04|      1169|          -|      16|        no|         -|         -|             -|             -|    -|
    |     o C_drain_IO_L1_out_wrapper_4_1_x0_loop_3           |       -|  -2.43|       1040|  3.466e+03|       130|          -|       8|        no|         -|         -|             -|             -|    -|
    |      o C_drain_IO_L1_out_wrapper_4_1_x0_loop_4          |       -|  -2.43|        128|    426.624|        16|          -|       8|        no|         -|         -|             -|             -|    -|
    |       o C_drain_IO_L1_out_wrapper_4_1_x0_loop_5         |       -|  -2.43|          8|     26.664|         1|          -|       8|        no|         -|         -|             -|             -|    -|
    |     o C_drain_IO_L1_out_wrapper_4_1_x0_loop_6           |       -|  -2.43|        126|    419.958|        18|          -|       7|        no|         -|         -|             -|             -|    -|
    |      o C_drain_IO_L1_out_wrapper_4_1_x0_loop_7          |       -|  -2.43|         16|     53.328|         2|          -|       8|        no|         -|         -|             -|             -|    -|
    |      o C_drain_IO_L1_out_wrapper_4_1_x0_loop_8          |       -|  -2.43|         16|     53.328|         2|          -|       8|        no|         -|         -|             -|             -|    -|
    |  + grp_C_drain_IO_L1_out_wrapper_5_2_x0_fu_3128         |  Timing|   0.00|     294689|  9.822e+05|         -|     294689|       -|        no|         -|         -|     468 (~0%)|     638 (~0%)|    -|
    |   o C_drain_IO_L1_out_wrapper_5_2_x0_loop_1             |       -|  -2.43|     294688|  9.822e+05|     18418|          -|      16|        no|         -|         -|             -|             -|    -|
    |    o C_drain_IO_L1_out_wrapper_5_2_x0_loop_2            |       -|  -2.43|      18416|  6.138e+04|      1151|          -|      16|        no|         -|         -|             -|             -|    -|
    |     o C_drain_IO_L1_out_wrapper_5_2_x0_loop_3           |       -|  -2.43|       1040|  3.466e+03|       130|          -|       8|        no|         -|         -|             -|             -|    -|
    |      o C_drain_IO_L1_out_wrapper_5_2_x0_loop_4          |       -|  -2.43|        128|    426.624|        16|          -|       8|        no|         -|         -|             -|             -|    -|
    |       o C_drain_IO_L1_out_wrapper_5_2_x0_loop_5         |       -|  -2.43|          8|     26.664|         1|          -|       8|        no|         -|         -|             -|             -|    -|
    |     o C_drain_IO_L1_out_wrapper_5_2_x0_loop_6           |       -|  -2.43|        108|    359.964|        18|          -|       6|        no|         -|         -|             -|             -|    -|
    |      o C_drain_IO_L1_out_wrapper_5_2_x0_loop_7          |       -|  -2.43|         16|     53.328|         2|          -|       8|        no|         -|         -|             -|             -|    -|
    |      o C_drain_IO_L1_out_wrapper_5_2_x0_loop_8          |       -|  -2.43|         16|     53.328|         2|          -|       8|        no|         -|         -|             -|             -|    -|
    |  + grp_C_drain_IO_L1_out_wrapper_6_3_x0_fu_3135         |  Timing|   0.00|     290081|  9.668e+05|         -|     290081|       -|        no|         -|         -|     468 (~0%)|     638 (~0%)|    -|
    |   o C_drain_IO_L1_out_wrapper_6_3_x0_loop_1             |       -|  -2.43|     290080|  9.668e+05|     18130|          -|      16|        no|         -|         -|             -|             -|    -|
    |    o C_drain_IO_L1_out_wrapper_6_3_x0_loop_2            |       -|  -2.43|      18128|  6.042e+04|      1133|          -|      16|        no|         -|         -|             -|             -|    -|
    |     o C_drain_IO_L1_out_wrapper_6_3_x0_loop_3           |       -|  -2.43|       1040|  3.466e+03|       130|          -|       8|        no|         -|         -|             -|             -|    -|
    |      o C_drain_IO_L1_out_wrapper_6_3_x0_loop_4          |       -|  -2.43|        128|    426.624|        16|          -|       8|        no|         -|         -|             -|             -|    -|
    |       o C_drain_IO_L1_out_wrapper_6_3_x0_loop_5         |       -|  -2.43|          8|     26.664|         1|          -|       8|        no|         -|         -|             -|             -|    -|
    |     o C_drain_IO_L1_out_wrapper_6_3_x0_loop_6           |       -|  -2.43|         90|    299.970|        18|          -|       5|        no|         -|         -|             -|             -|    -|
    |      o C_drain_IO_L1_out_wrapper_6_3_x0_loop_7          |       -|  -2.43|         16|     53.328|         2|          -|       8|        no|         -|         -|             -|             -|    -|
    |      o C_drain_IO_L1_out_wrapper_6_3_x0_loop_8          |       -|  -2.43|         16|     53.328|         2|          -|       8|        no|         -|         -|             -|             -|    -|
    |  + grp_C_drain_IO_L1_out_wrapper_7_4_x0_fu_3142         |  Timing|   0.00|     285473|  9.515e+05|         -|     285473|       -|        no|         -|         -|     468 (~0%)|     638 (~0%)|    -|
    |   o C_drain_IO_L1_out_wrapper_7_4_x0_loop_1             |       -|  -2.43|     285472|  9.515e+05|     17842|          -|      16|        no|         -|         -|             -|             -|    -|
    |    o C_drain_IO_L1_out_wrapper_7_4_x0_loop_2            |       -|  -2.43|      17840|  5.946e+04|      1115|          -|      16|        no|         -|         -|             -|             -|    -|
    |     o C_drain_IO_L1_out_wrapper_7_4_x0_loop_3           |       -|  -2.43|       1040|  3.466e+03|       130|          -|       8|        no|         -|         -|             -|             -|    -|
    |      o C_drain_IO_L1_out_wrapper_7_4_x0_loop_4          |       -|  -2.43|        128|    426.624|        16|          -|       8|        no|         -|         -|             -|             -|    -|
    |       o C_drain_IO_L1_out_wrapper_7_4_x0_loop_5         |       -|  -2.43|          8|     26.664|         1|          -|       8|        no|         -|         -|             -|             -|    -|
    |     o C_drain_IO_L1_out_wrapper_7_4_x0_loop_6           |       -|  -2.43|         72|    239.976|        18|          -|       4|        no|         -|         -|             -|             -|    -|
    |      o C_drain_IO_L1_out_wrapper_7_4_x0_loop_7          |       -|  -2.43|         16|     53.328|         2|          -|       8|        no|         -|         -|             -|             -|    -|
    |      o C_drain_IO_L1_out_wrapper_7_4_x0_loop_8          |       -|  -2.43|         16|     53.328|         2|          -|       8|        no|         -|         -|             -|             -|    -|
    |  + grp_C_drain_IO_L1_out_wrapper_5_1_x0_fu_3149         |  Timing|   0.00|     299297|  9.976e+05|         -|     299297|       -|        no|         -|         -|     468 (~0%)|     638 (~0%)|    -|
    |   o C_drain_IO_L1_out_wrapper_5_1_x0_loop_1             |       -|  -2.43|     299296|  9.976e+05|     18706|          -|      16|        no|         -|         -|             -|             -|    -|
    |    o C_drain_IO_L1_out_wrapper_5_1_x0_loop_2            |       -|  -2.43|      18704|  6.234e+04|      1169|          -|      16|        no|         -|         -|             -|             -|    -|
    |     o C_drain_IO_L1_out_wrapper_5_1_x0_loop_3           |       -|  -2.43|       1040|  3.466e+03|       130|          -|       8|        no|         -|         -|             -|             -|    -|
    |      o C_drain_IO_L1_out_wrapper_5_1_x0_loop_4          |       -|  -2.43|        128|    426.624|        16|          -|       8|        no|         -|         -|             -|             -|    -|
    |       o C_drain_IO_L1_out_wrapper_5_1_x0_loop_5         |       -|  -2.43|          8|     26.664|         1|          -|       8|        no|         -|         -|             -|             -|    -|
    |     o C_drain_IO_L1_out_wrapper_5_1_x0_loop_6           |       -|  -2.43|        126|    419.958|        18|          -|       7|        no|         -|         -|             -|             -|    -|
    |      o C_drain_IO_L1_out_wrapper_5_1_x0_loop_7          |       -|  -2.43|         16|     53.328|         2|          -|       8|        no|         -|         -|             -|             -|    -|
    |      o C_drain_IO_L1_out_wrapper_5_1_x0_loop_8          |       -|  -2.43|         16|     53.328|         2|          -|       8|        no|         -|         -|             -|             -|    -|
    |  + grp_C_drain_IO_L1_out_wrapper_6_2_x0_fu_3156         |  Timing|   0.00|     294689|  9.822e+05|         -|     294689|       -|        no|         -|         -|     468 (~0%)|     638 (~0%)|    -|
    |   o C_drain_IO_L1_out_wrapper_6_2_x0_loop_1             |       -|  -2.43|     294688|  9.822e+05|     18418|          -|      16|        no|         -|         -|             -|             -|    -|
    |    o C_drain_IO_L1_out_wrapper_6_2_x0_loop_2            |       -|  -2.43|      18416|  6.138e+04|      1151|          -|      16|        no|         -|         -|             -|             -|    -|
    |     o C_drain_IO_L1_out_wrapper_6_2_x0_loop_3           |       -|  -2.43|       1040|  3.466e+03|       130|          -|       8|        no|         -|         -|             -|             -|    -|
    |      o C_drain_IO_L1_out_wrapper_6_2_x0_loop_4          |       -|  -2.43|        128|    426.624|        16|          -|       8|        no|         -|         -|             -|             -|    -|
    |       o C_drain_IO_L1_out_wrapper_6_2_x0_loop_5         |       -|  -2.43|          8|     26.664|         1|          -|       8|        no|         -|         -|             -|             -|    -|
    |     o C_drain_IO_L1_out_wrapper_6_2_x0_loop_6           |       -|  -2.43|        108|    359.964|        18|          -|       6|        no|         -|         -|             -|             -|    -|
    |      o C_drain_IO_L1_out_wrapper_6_2_x0_loop_7          |       -|  -2.43|         16|     53.328|         2|          -|       8|        no|         -|         -|             -|             -|    -|
    |      o C_drain_IO_L1_out_wrapper_6_2_x0_loop_8          |       -|  -2.43|         16|     53.328|         2|          -|       8|        no|         -|         -|             -|             -|    -|
    |  + grp_C_drain_IO_L1_out_wrapper_7_3_x0_fu_3163         |  Timing|   0.00|     290081|  9.668e+05|         -|     290081|       -|        no|         -|         -|     468 (~0%)|     638 (~0%)|    -|
    |   o C_drain_IO_L1_out_wrapper_7_3_x0_loop_1             |       -|  -2.43|     290080|  9.668e+05|     18130|          -|      16|        no|         -|         -|             -|             -|    -|
    |    o C_drain_IO_L1_out_wrapper_7_3_x0_loop_2            |       -|  -2.43|      18128|  6.042e+04|      1133|          -|      16|        no|         -|         -|             -|             -|    -|
    |     o C_drain_IO_L1_out_wrapper_7_3_x0_loop_3           |       -|  -2.43|       1040|  3.466e+03|       130|          -|       8|        no|         -|         -|             -|             -|    -|
    |      o C_drain_IO_L1_out_wrapper_7_3_x0_loop_4          |       -|  -2.43|        128|    426.624|        16|          -|       8|        no|         -|         -|             -|             -|    -|
    |       o C_drain_IO_L1_out_wrapper_7_3_x0_loop_5         |       -|  -2.43|          8|     26.664|         1|          -|       8|        no|         -|         -|             -|             -|    -|
    |     o C_drain_IO_L1_out_wrapper_7_3_x0_loop_6           |       -|  -2.43|         90|    299.970|        18|          -|       5|        no|         -|         -|             -|             -|    -|
    |      o C_drain_IO_L1_out_wrapper_7_3_x0_loop_7          |       -|  -2.43|         16|     53.328|         2|          -|       8|        no|         -|         -|             -|             -|    -|
    |      o C_drain_IO_L1_out_wrapper_7_3_x0_loop_8          |       -|  -2.43|         16|     53.328|         2|          -|       8|        no|         -|         -|             -|             -|    -|
    |  + grp_C_drain_IO_L1_out_wrapper_6_1_x0_fu_3170         |  Timing|   0.00|     299297|  9.976e+05|         -|     299297|       -|        no|         -|         -|     468 (~0%)|     638 (~0%)|    -|
    |   o C_drain_IO_L1_out_wrapper_6_1_x0_loop_1             |       -|  -2.43|     299296|  9.976e+05|     18706|          -|      16|        no|         -|         -|             -|             -|    -|
    |    o C_drain_IO_L1_out_wrapper_6_1_x0_loop_2            |       -|  -2.43|      18704|  6.234e+04|      1169|          -|      16|        no|         -|         -|             -|             -|    -|
    |     o C_drain_IO_L1_out_wrapper_6_1_x0_loop_3           |       -|  -2.43|       1040|  3.466e+03|       130|          -|       8|        no|         -|         -|             -|             -|    -|
    |      o C_drain_IO_L1_out_wrapper_6_1_x0_loop_4          |       -|  -2.43|        128|    426.624|        16|          -|       8|        no|         -|         -|             -|             -|    -|
    |       o C_drain_IO_L1_out_wrapper_6_1_x0_loop_5         |       -|  -2.43|          8|     26.664|         1|          -|       8|        no|         -|         -|             -|             -|    -|
    |     o C_drain_IO_L1_out_wrapper_6_1_x0_loop_6           |       -|  -2.43|        126|    419.958|        18|          -|       7|        no|         -|         -|             -|             -|    -|
    |      o C_drain_IO_L1_out_wrapper_6_1_x0_loop_7          |       -|  -2.43|         16|     53.328|         2|          -|       8|        no|         -|         -|             -|             -|    -|
    |      o C_drain_IO_L1_out_wrapper_6_1_x0_loop_8          |       -|  -2.43|         16|     53.328|         2|          -|       8|        no|         -|         -|             -|             -|    -|
    |  + grp_C_drain_IO_L1_out_wrapper_7_2_x0_fu_3177         |  Timing|   0.00|     294689|  9.822e+05|         -|     294689|       -|        no|         -|         -|     468 (~0%)|     638 (~0%)|    -|
    |   o C_drain_IO_L1_out_wrapper_7_2_x0_loop_1             |       -|  -2.43|     294688|  9.822e+05|     18418|          -|      16|        no|         -|         -|             -|             -|    -|
    |    o C_drain_IO_L1_out_wrapper_7_2_x0_loop_2            |       -|  -2.43|      18416|  6.138e+04|      1151|          -|      16|        no|         -|         -|             -|             -|    -|
    |     o C_drain_IO_L1_out_wrapper_7_2_x0_loop_3           |       -|  -2.43|       1040|  3.466e+03|       130|          -|       8|        no|         -|         -|             -|             -|    -|
    |      o C_drain_IO_L1_out_wrapper_7_2_x0_loop_4          |       -|  -2.43|        128|    426.624|        16|          -|       8|        no|         -|         -|             -|             -|    -|
    |       o C_drain_IO_L1_out_wrapper_7_2_x0_loop_5         |       -|  -2.43|          8|     26.664|         1|          -|       8|        no|         -|         -|             -|             -|    -|
    |     o C_drain_IO_L1_out_wrapper_7_2_x0_loop_6           |       -|  -2.43|        108|    359.964|        18|          -|       6|        no|         -|         -|             -|             -|    -|
    |      o C_drain_IO_L1_out_wrapper_7_2_x0_loop_7          |       -|  -2.43|         16|     53.328|         2|          -|       8|        no|         -|         -|             -|             -|    -|
    |      o C_drain_IO_L1_out_wrapper_7_2_x0_loop_8          |       -|  -2.43|         16|     53.328|         2|          -|       8|        no|         -|         -|             -|             -|    -|
    |  + grp_C_drain_IO_L1_out_wrapper_7_1_x0_fu_3184         |  Timing|   0.00|     299297|  9.976e+05|         -|     299297|       -|        no|         -|         -|     468 (~0%)|     638 (~0%)|    -|
    |   o C_drain_IO_L1_out_wrapper_7_1_x0_loop_1             |       -|  -2.43|     299296|  9.976e+05|     18706|          -|      16|        no|         -|         -|             -|             -|    -|
    |    o C_drain_IO_L1_out_wrapper_7_1_x0_loop_2            |       -|  -2.43|      18704|  6.234e+04|      1169|          -|      16|        no|         -|         -|             -|             -|    -|
    |     o C_drain_IO_L1_out_wrapper_7_1_x0_loop_3           |       -|  -2.43|       1040|  3.466e+03|       130|          -|       8|        no|         -|         -|             -|             -|    -|
    |      o C_drain_IO_L1_out_wrapper_7_1_x0_loop_4          |       -|  -2.43|        128|    426.624|        16|          -|       8|        no|         -|         -|             -|             -|    -|
    |       o C_drain_IO_L1_out_wrapper_7_1_x0_loop_5         |       -|  -2.43|          8|     26.664|         1|          -|       8|        no|         -|         -|             -|             -|    -|
    |     o C_drain_IO_L1_out_wrapper_7_1_x0_loop_6           |       -|  -2.43|        126|    419.958|        18|          -|       7|        no|         -|         -|             -|             -|    -|
    |      o C_drain_IO_L1_out_wrapper_7_1_x0_loop_7          |       -|  -2.43|         16|     53.328|         2|          -|       8|        no|         -|         -|             -|             -|    -|
    |      o C_drain_IO_L1_out_wrapper_7_1_x0_loop_8          |       -|  -2.43|         16|     53.328|         2|          -|       8|        no|         -|         -|             -|             -|    -|
    |  + grp_C_drain_IO_L1_out_wrapper_0_0_x0_fu_3191         |  Timing|   0.00|     303905|  1.013e+06|         -|     303905|       -|        no|         -|         -|     472 (~0%)|     638 (~0%)|    -|
    |   o C_drain_IO_L1_out_wrapper_0_0_x0_loop_1             |       -|  -2.43|     303904|  1.013e+06|     18994|          -|      16|        no|         -|         -|             -|             -|    -|
    |    o C_drain_IO_L1_out_wrapper_0_0_x0_loop_2            |       -|  -2.43|      18992|  6.330e+04|      1187|          -|      16|        no|         -|         -|             -|             -|    -|
    |     o C_drain_IO_L1_out_wrapper_0_0_x0_loop_3           |       -|  -2.43|       1040|  3.466e+03|       130|          -|       8|        no|         -|         -|             -|             -|    -|
    |      o C_drain_IO_L1_out_wrapper_0_0_x0_loop_4          |       -|  -2.43|        128|    426.624|        16|          -|       8|        no|         -|         -|             -|             -|    -|
    |       o C_drain_IO_L1_out_wrapper_0_0_x0_loop_5         |       -|  -2.43|          8|     26.664|         1|          -|       8|        no|         -|         -|             -|             -|    -|
    |     o C_drain_IO_L1_out_wrapper_0_0_x0_loop_6           |       -|  -2.43|        144|    479.952|        18|          -|       8|        no|         -|         -|             -|             -|    -|
    |      o C_drain_IO_L1_out_wrapper_0_0_x0_loop_7          |       -|  -2.43|         16|     53.328|         2|          -|       8|        no|         -|         -|             -|             -|    -|
    |      o C_drain_IO_L1_out_wrapper_0_0_x0_loop_8          |       -|  -2.43|         16|     53.328|         2|          -|       8|        no|         -|         -|             -|             -|    -|
    |  + grp_C_drain_IO_L1_out_wrapper_1_0_x0_fu_3198         |  Timing|   0.00|     303905|  1.013e+06|         -|     303905|       -|        no|         -|         -|     472 (~0%)|     638 (~0%)|    -|
    |   o C_drain_IO_L1_out_wrapper_1_0_x0_loop_1             |       -|  -2.43|     303904|  1.013e+06|     18994|          -|      16|        no|         -|         -|             -|             -|    -|
    |    o C_drain_IO_L1_out_wrapper_1_0_x0_loop_2            |       -|  -2.43|      18992|  6.330e+04|      1187|          -|      16|        no|         -|         -|             -|             -|    -|
    |     o C_drain_IO_L1_out_wrapper_1_0_x0_loop_3           |       -|  -2.43|       1040|  3.466e+03|       130|          -|       8|        no|         -|         -|             -|             -|    -|
    |      o C_drain_IO_L1_out_wrapper_1_0_x0_loop_4          |       -|  -2.43|        128|    426.624|        16|          -|       8|        no|         -|         -|             -|             -|    -|
    |       o C_drain_IO_L1_out_wrapper_1_0_x0_loop_5         |       -|  -2.43|          8|     26.664|         1|          -|       8|        no|         -|         -|             -|             -|    -|
    |     o C_drain_IO_L1_out_wrapper_1_0_x0_loop_6           |       -|  -2.43|        144|    479.952|        18|          -|       8|        no|         -|         -|             -|             -|    -|
    |      o C_drain_IO_L1_out_wrapper_1_0_x0_loop_7          |       -|  -2.43|         16|     53.328|         2|          -|       8|        no|         -|         -|             -|             -|    -|
    |      o C_drain_IO_L1_out_wrapper_1_0_x0_loop_8          |       -|  -2.43|         16|     53.328|         2|          -|       8|        no|         -|         -|             -|             -|    -|
    |  + grp_C_drain_IO_L1_out_wrapper_2_0_x0_fu_3205         |  Timing|   0.00|     303905|  1.013e+06|         -|     303905|       -|        no|         -|         -|     472 (~0%)|     638 (~0%)|    -|
    |   o C_drain_IO_L1_out_wrapper_2_0_x0_loop_1             |       -|  -2.43|     303904|  1.013e+06|     18994|          -|      16|        no|         -|         -|             -|             -|    -|
    |    o C_drain_IO_L1_out_wrapper_2_0_x0_loop_2            |       -|  -2.43|      18992|  6.330e+04|      1187|          -|      16|        no|         -|         -|             -|             -|    -|
    |     o C_drain_IO_L1_out_wrapper_2_0_x0_loop_3           |       -|  -2.43|       1040|  3.466e+03|       130|          -|       8|        no|         -|         -|             -|             -|    -|
    |      o C_drain_IO_L1_out_wrapper_2_0_x0_loop_4          |       -|  -2.43|        128|    426.624|        16|          -|       8|        no|         -|         -|             -|             -|    -|
    |       o C_drain_IO_L1_out_wrapper_2_0_x0_loop_5         |       -|  -2.43|          8|     26.664|         1|          -|       8|        no|         -|         -|             -|             -|    -|
    |     o C_drain_IO_L1_out_wrapper_2_0_x0_loop_6           |       -|  -2.43|        144|    479.952|        18|          -|       8|        no|         -|         -|             -|             -|    -|
    |      o C_drain_IO_L1_out_wrapper_2_0_x0_loop_7          |       -|  -2.43|         16|     53.328|         2|          -|       8|        no|         -|         -|             -|             -|    -|
    |      o C_drain_IO_L1_out_wrapper_2_0_x0_loop_8          |       -|  -2.43|         16|     53.328|         2|          -|       8|        no|         -|         -|             -|             -|    -|
    |  + grp_C_drain_IO_L1_out_wrapper_3_0_x0_fu_3212         |  Timing|   0.00|     303905|  1.013e+06|         -|     303905|       -|        no|         -|         -|     472 (~0%)|     638 (~0%)|    -|
    |   o C_drain_IO_L1_out_wrapper_3_0_x0_loop_1             |       -|  -2.43|     303904|  1.013e+06|     18994|          -|      16|        no|         -|         -|             -|             -|    -|
    |    o C_drain_IO_L1_out_wrapper_3_0_x0_loop_2            |       -|  -2.43|      18992|  6.330e+04|      1187|          -|      16|        no|         -|         -|             -|             -|    -|
    |     o C_drain_IO_L1_out_wrapper_3_0_x0_loop_3           |       -|  -2.43|       1040|  3.466e+03|       130|          -|       8|        no|         -|         -|             -|             -|    -|
    |      o C_drain_IO_L1_out_wrapper_3_0_x0_loop_4          |       -|  -2.43|        128|    426.624|        16|          -|       8|        no|         -|         -|             -|             -|    -|
    |       o C_drain_IO_L1_out_wrapper_3_0_x0_loop_5         |       -|  -2.43|          8|     26.664|         1|          -|       8|        no|         -|         -|             -|             -|    -|
    |     o C_drain_IO_L1_out_wrapper_3_0_x0_loop_6           |       -|  -2.43|        144|    479.952|        18|          -|       8|        no|         -|         -|             -|             -|    -|
    |      o C_drain_IO_L1_out_wrapper_3_0_x0_loop_7          |       -|  -2.43|         16|     53.328|         2|          -|       8|        no|         -|         -|             -|             -|    -|
    |      o C_drain_IO_L1_out_wrapper_3_0_x0_loop_8          |       -|  -2.43|         16|     53.328|         2|          -|       8|        no|         -|         -|             -|             -|    -|
    |  + grp_C_drain_IO_L1_out_wrapper_4_0_x0_fu_3219         |  Timing|   0.00|     303905|  1.013e+06|         -|     303905|       -|        no|         -|         -|     472 (~0%)|     638 (~0%)|    -|
    |   o C_drain_IO_L1_out_wrapper_4_0_x0_loop_1             |       -|  -2.43|     303904|  1.013e+06|     18994|          -|      16|        no|         -|         -|             -|             -|    -|
    |    o C_drain_IO_L1_out_wrapper_4_0_x0_loop_2            |       -|  -2.43|      18992|  6.330e+04|      1187|          -|      16|        no|         -|         -|             -|             -|    -|
    |     o C_drain_IO_L1_out_wrapper_4_0_x0_loop_3           |       -|  -2.43|       1040|  3.466e+03|       130|          -|       8|        no|         -|         -|             -|             -|    -|
    |      o C_drain_IO_L1_out_wrapper_4_0_x0_loop_4          |       -|  -2.43|        128|    426.624|        16|          -|       8|        no|         -|         -|             -|             -|    -|
    |       o C_drain_IO_L1_out_wrapper_4_0_x0_loop_5         |       -|  -2.43|          8|     26.664|         1|          -|       8|        no|         -|         -|             -|             -|    -|
    |     o C_drain_IO_L1_out_wrapper_4_0_x0_loop_6           |       -|  -2.43|        144|    479.952|        18|          -|       8|        no|         -|         -|             -|             -|    -|
    |      o C_drain_IO_L1_out_wrapper_4_0_x0_loop_7          |       -|  -2.43|         16|     53.328|         2|          -|       8|        no|         -|         -|             -|             -|    -|
    |      o C_drain_IO_L1_out_wrapper_4_0_x0_loop_8          |       -|  -2.43|         16|     53.328|         2|          -|       8|        no|         -|         -|             -|             -|    -|
    |  + grp_C_drain_IO_L1_out_wrapper_5_0_x0_fu_3226         |  Timing|   0.00|     303905|  1.013e+06|         -|     303905|       -|        no|         -|         -|     472 (~0%)|     638 (~0%)|    -|
    |   o C_drain_IO_L1_out_wrapper_5_0_x0_loop_1             |       -|  -2.43|     303904|  1.013e+06|     18994|          -|      16|        no|         -|         -|             -|             -|    -|
    |    o C_drain_IO_L1_out_wrapper_5_0_x0_loop_2            |       -|  -2.43|      18992|  6.330e+04|      1187|          -|      16|        no|         -|         -|             -|             -|    -|
    |     o C_drain_IO_L1_out_wrapper_5_0_x0_loop_3           |       -|  -2.43|       1040|  3.466e+03|       130|          -|       8|        no|         -|         -|             -|             -|    -|
    |      o C_drain_IO_L1_out_wrapper_5_0_x0_loop_4          |       -|  -2.43|        128|    426.624|        16|          -|       8|        no|         -|         -|             -|             -|    -|
    |       o C_drain_IO_L1_out_wrapper_5_0_x0_loop_5         |       -|  -2.43|          8|     26.664|         1|          -|       8|        no|         -|         -|             -|             -|    -|
    |     o C_drain_IO_L1_out_wrapper_5_0_x0_loop_6           |       -|  -2.43|        144|    479.952|        18|          -|       8|        no|         -|         -|             -|             -|    -|
    |      o C_drain_IO_L1_out_wrapper_5_0_x0_loop_7          |       -|  -2.43|         16|     53.328|         2|          -|       8|        no|         -|         -|             -|             -|    -|
    |      o C_drain_IO_L1_out_wrapper_5_0_x0_loop_8          |       -|  -2.43|         16|     53.328|         2|          -|       8|        no|         -|         -|             -|             -|    -|
    |  + grp_C_drain_IO_L1_out_wrapper_6_0_x0_fu_3233         |  Timing|   0.00|     303905|  1.013e+06|         -|     303905|       -|        no|         -|         -|     472 (~0%)|     638 (~0%)|    -|
    |   o C_drain_IO_L1_out_wrapper_6_0_x0_loop_1             |       -|  -2.43|     303904|  1.013e+06|     18994|          -|      16|        no|         -|         -|             -|             -|    -|
    |    o C_drain_IO_L1_out_wrapper_6_0_x0_loop_2            |       -|  -2.43|      18992|  6.330e+04|      1187|          -|      16|        no|         -|         -|             -|             -|    -|
    |     o C_drain_IO_L1_out_wrapper_6_0_x0_loop_3           |       -|  -2.43|       1040|  3.466e+03|       130|          -|       8|        no|         -|         -|             -|             -|    -|
    |      o C_drain_IO_L1_out_wrapper_6_0_x0_loop_4          |       -|  -2.43|        128|    426.624|        16|          -|       8|        no|         -|         -|             -|             -|    -|
    |       o C_drain_IO_L1_out_wrapper_6_0_x0_loop_5         |       -|  -2.43|          8|     26.664|         1|          -|       8|        no|         -|         -|             -|             -|    -|
    |     o C_drain_IO_L1_out_wrapper_6_0_x0_loop_6           |       -|  -2.43|        144|    479.952|        18|          -|       8|        no|         -|         -|             -|             -|    -|
    |      o C_drain_IO_L1_out_wrapper_6_0_x0_loop_7          |       -|  -2.43|         16|     53.328|         2|          -|       8|        no|         -|         -|             -|             -|    -|
    |      o C_drain_IO_L1_out_wrapper_6_0_x0_loop_8          |       -|  -2.43|         16|     53.328|         2|          -|       8|        no|         -|         -|             -|             -|    -|
    |  + grp_C_drain_IO_L1_out_wrapper_7_0_x0_fu_3240         |  Timing|   0.00|     303905|  1.013e+06|         -|     303905|       -|        no|         -|         -|     472 (~0%)|     638 (~0%)|    -|
    |   o C_drain_IO_L1_out_wrapper_7_0_x0_loop_1             |       -|  -2.43|     303904|  1.013e+06|     18994|          -|      16|        no|         -|         -|             -|             -|    -|
    |    o C_drain_IO_L1_out_wrapper_7_0_x0_loop_2            |       -|  -2.43|      18992|  6.330e+04|      1187|          -|      16|        no|         -|         -|             -|             -|    -|
    |     o C_drain_IO_L1_out_wrapper_7_0_x0_loop_3           |       -|  -2.43|       1040|  3.466e+03|       130|          -|       8|        no|         -|         -|             -|             -|    -|
    |      o C_drain_IO_L1_out_wrapper_7_0_x0_loop_4          |       -|  -2.43|        128|    426.624|        16|          -|       8|        no|         -|         -|             -|             -|    -|
    |       o C_drain_IO_L1_out_wrapper_7_0_x0_loop_5         |       -|  -2.43|          8|     26.664|         1|          -|       8|        no|         -|         -|             -|             -|    -|
    |     o C_drain_IO_L1_out_wrapper_7_0_x0_loop_6           |       -|  -2.43|        144|    479.952|        18|          -|       8|        no|         -|         -|             -|             -|    -|
    |      o C_drain_IO_L1_out_wrapper_7_0_x0_loop_7          |       -|  -2.43|         16|     53.328|         2|          -|       8|        no|         -|         -|             -|             -|    -|
    |      o C_drain_IO_L1_out_wrapper_7_0_x0_loop_8          |       -|  -2.43|         16|     53.328|         2|          -|       8|        no|         -|         -|             -|             -|    -|
    |  + grp_C_drain_IO_L1_out_boundary_wrapper_0_x0_fu_3247  |       -|  -0.49|     271137|  9.037e+05|         -|     271137|       -|        no|         -|         -|     453 (~0%)|     528 (~0%)|    -|
    |   o C_drain_IO_L1_out_boundary_wrapper_0_x0_loop_1      |       -|  -2.43|     271136|  9.037e+05|     16946|          -|      16|        no|         -|         -|             -|             -|    -|
    |    o C_drain_IO_L1_out_boundary_wrapper_0_x0_loop_2     |       -|  -2.43|      16944|  5.647e+04|      1059|          -|      16|        no|         -|         -|             -|             -|    -|
    |     o C_drain_IO_L1_out_boundary_wrapper_0_x0_loop_3    |       -|  -2.43|       1040|  3.466e+03|       130|          -|       8|        no|         -|         -|             -|             -|    -|
    |      o C_drain_IO_L1_out_boundary_wrapper_0_x0_loop_4   |       -|  -2.43|        128|    426.624|        16|          -|       8|        no|         -|         -|             -|             -|    -|
    |       o C_drain_IO_L1_out_boundary_wrapper_0_x0_loop_5  |       -|  -2.43|          8|     26.664|         1|          -|       8|        no|         -|         -|             -|             -|    -|
    |     o C_drain_IO_L1_out_boundary_wrapper_0_x0_loop_7    |       -|  -2.43|         16|     53.328|         2|          -|       8|        no|         -|         -|             -|             -|    -|
    |  + grp_C_drain_IO_L1_out_boundary_wrapper_1_x0_fu_3253  |       -|  -0.49|     271137|  9.037e+05|         -|     271137|       -|        no|         -|         -|     453 (~0%)|     528 (~0%)|    -|
    |   o C_drain_IO_L1_out_boundary_wrapper_1_x0_loop_1      |       -|  -2.43|     271136|  9.037e+05|     16946|          -|      16|        no|         -|         -|             -|             -|    -|
    |    o C_drain_IO_L1_out_boundary_wrapper_1_x0_loop_2     |       -|  -2.43|      16944|  5.647e+04|      1059|          -|      16|        no|         -|         -|             -|             -|    -|
    |     o C_drain_IO_L1_out_boundary_wrapper_1_x0_loop_3    |       -|  -2.43|       1040|  3.466e+03|       130|          -|       8|        no|         -|         -|             -|             -|    -|
    |      o C_drain_IO_L1_out_boundary_wrapper_1_x0_loop_4   |       -|  -2.43|        128|    426.624|        16|          -|       8|        no|         -|         -|             -|             -|    -|
    |       o C_drain_IO_L1_out_boundary_wrapper_1_x0_loop_5  |       -|  -2.43|          8|     26.664|         1|          -|       8|        no|         -|         -|             -|             -|    -|
    |     o C_drain_IO_L1_out_boundary_wrapper_1_x0_loop_7    |       -|  -2.43|         16|     53.328|         2|          -|       8|        no|         -|         -|             -|             -|    -|
    |  + grp_C_drain_IO_L1_out_boundary_wrapper_2_x0_fu_3259  |       -|  -0.49|     271137|  9.037e+05|         -|     271137|       -|        no|         -|         -|     453 (~0%)|     528 (~0%)|    -|
    |   o C_drain_IO_L1_out_boundary_wrapper_2_x0_loop_1      |       -|  -2.43|     271136|  9.037e+05|     16946|          -|      16|        no|         -|         -|             -|             -|    -|
    |    o C_drain_IO_L1_out_boundary_wrapper_2_x0_loop_2     |       -|  -2.43|      16944|  5.647e+04|      1059|          -|      16|        no|         -|         -|             -|             -|    -|
    |     o C_drain_IO_L1_out_boundary_wrapper_2_x0_loop_3    |       -|  -2.43|       1040|  3.466e+03|       130|          -|       8|        no|         -|         -|             -|             -|    -|
    |      o C_drain_IO_L1_out_boundary_wrapper_2_x0_loop_4   |       -|  -2.43|        128|    426.624|        16|          -|       8|        no|         -|         -|             -|             -|    -|
    |       o C_drain_IO_L1_out_boundary_wrapper_2_x0_loop_5  |       -|  -2.43|          8|     26.664|         1|          -|       8|        no|         -|         -|             -|             -|    -|
    |     o C_drain_IO_L1_out_boundary_wrapper_2_x0_loop_7    |       -|  -2.43|         16|     53.328|         2|          -|       8|        no|         -|         -|             -|             -|    -|
    |  + grp_C_drain_IO_L1_out_boundary_wrapper_3_x0_fu_3265  |       -|  -0.49|     271137|  9.037e+05|         -|     271137|       -|        no|         -|         -|     453 (~0%)|     528 (~0%)|    -|
    |   o C_drain_IO_L1_out_boundary_wrapper_3_x0_loop_1      |       -|  -2.43|     271136|  9.037e+05|     16946|          -|      16|        no|         -|         -|             -|             -|    -|
    |    o C_drain_IO_L1_out_boundary_wrapper_3_x0_loop_2     |       -|  -2.43|      16944|  5.647e+04|      1059|          -|      16|        no|         -|         -|             -|             -|    -|
    |     o C_drain_IO_L1_out_boundary_wrapper_3_x0_loop_3    |       -|  -2.43|       1040|  3.466e+03|       130|          -|       8|        no|         -|         -|             -|             -|    -|
    |      o C_drain_IO_L1_out_boundary_wrapper_3_x0_loop_4   |       -|  -2.43|        128|    426.624|        16|          -|       8|        no|         -|         -|             -|             -|    -|
    |       o C_drain_IO_L1_out_boundary_wrapper_3_x0_loop_5  |       -|  -2.43|          8|     26.664|         1|          -|       8|        no|         -|         -|             -|             -|    -|
    |     o C_drain_IO_L1_out_boundary_wrapper_3_x0_loop_7    |       -|  -2.43|         16|     53.328|         2|          -|       8|        no|         -|         -|             -|             -|    -|
    |  + grp_C_drain_IO_L1_out_boundary_wrapper_4_x0_fu_3271  |       -|  -0.49|     271137|  9.037e+05|         -|     271137|       -|        no|         -|         -|     453 (~0%)|     528 (~0%)|    -|
    |   o C_drain_IO_L1_out_boundary_wrapper_4_x0_loop_1      |       -|  -2.43|     271136|  9.037e+05|     16946|          -|      16|        no|         -|         -|             -|             -|    -|
    |    o C_drain_IO_L1_out_boundary_wrapper_4_x0_loop_2     |       -|  -2.43|      16944|  5.647e+04|      1059|          -|      16|        no|         -|         -|             -|             -|    -|
    |     o C_drain_IO_L1_out_boundary_wrapper_4_x0_loop_3    |       -|  -2.43|       1040|  3.466e+03|       130|          -|       8|        no|         -|         -|             -|             -|    -|
    |      o C_drain_IO_L1_out_boundary_wrapper_4_x0_loop_4   |       -|  -2.43|        128|    426.624|        16|          -|       8|        no|         -|         -|             -|             -|    -|
    |       o C_drain_IO_L1_out_boundary_wrapper_4_x0_loop_5  |       -|  -2.43|          8|     26.664|         1|          -|       8|        no|         -|         -|             -|             -|    -|
    |     o C_drain_IO_L1_out_boundary_wrapper_4_x0_loop_7    |       -|  -2.43|         16|     53.328|         2|          -|       8|        no|         -|         -|             -|             -|    -|
    |  + grp_C_drain_IO_L1_out_boundary_wrapper_5_x0_fu_3277  |       -|  -0.49|     271137|  9.037e+05|         -|     271137|       -|        no|         -|         -|     453 (~0%)|     528 (~0%)|    -|
    |   o C_drain_IO_L1_out_boundary_wrapper_5_x0_loop_1      |       -|  -2.43|     271136|  9.037e+05|     16946|          -|      16|        no|         -|         -|             -|             -|    -|
    |    o C_drain_IO_L1_out_boundary_wrapper_5_x0_loop_2     |       -|  -2.43|      16944|  5.647e+04|      1059|          -|      16|        no|         -|         -|             -|             -|    -|
    |     o C_drain_IO_L1_out_boundary_wrapper_5_x0_loop_3    |       -|  -2.43|       1040|  3.466e+03|       130|          -|       8|        no|         -|         -|             -|             -|    -|
    |      o C_drain_IO_L1_out_boundary_wrapper_5_x0_loop_4   |       -|  -2.43|        128|    426.624|        16|          -|       8|        no|         -|         -|             -|             -|    -|
    |       o C_drain_IO_L1_out_boundary_wrapper_5_x0_loop_5  |       -|  -2.43|          8|     26.664|         1|          -|       8|        no|         -|         -|             -|             -|    -|
    |     o C_drain_IO_L1_out_boundary_wrapper_5_x0_loop_7    |       -|  -2.43|         16|     53.328|         2|          -|       8|        no|         -|         -|             -|             -|    -|
    |  + grp_C_drain_IO_L1_out_boundary_wrapper_6_x0_fu_3283  |       -|  -0.49|     271137|  9.037e+05|         -|     271137|       -|        no|         -|         -|     453 (~0%)|     528 (~0%)|    -|
    |   o C_drain_IO_L1_out_boundary_wrapper_6_x0_loop_1      |       -|  -2.43|     271136|  9.037e+05|     16946|          -|      16|        no|         -|         -|             -|             -|    -|
    |    o C_drain_IO_L1_out_boundary_wrapper_6_x0_loop_2     |       -|  -2.43|      16944|  5.647e+04|      1059|          -|      16|        no|         -|         -|             -|             -|    -|
    |     o C_drain_IO_L1_out_boundary_wrapper_6_x0_loop_3    |       -|  -2.43|       1040|  3.466e+03|       130|          -|       8|        no|         -|         -|             -|             -|    -|
    |      o C_drain_IO_L1_out_boundary_wrapper_6_x0_loop_4   |       -|  -2.43|        128|    426.624|        16|          -|       8|        no|         -|         -|             -|             -|    -|
    |       o C_drain_IO_L1_out_boundary_wrapper_6_x0_loop_5  |       -|  -2.43|          8|     26.664|         1|          -|       8|        no|         -|         -|             -|             -|    -|
    |     o C_drain_IO_L1_out_boundary_wrapper_6_x0_loop_7    |       -|  -2.43|         16|     53.328|         2|          -|       8|        no|         -|         -|             -|             -|    -|
    |  + grp_C_drain_IO_L1_out_boundary_wrapper_7_x0_fu_3289  |       -|  -0.49|     271137|  9.037e+05|         -|     271137|       -|        no|         -|         -|     453 (~0%)|     528 (~0%)|    -|
    |   o C_drain_IO_L1_out_boundary_wrapper_7_x0_loop_1      |       -|  -2.43|     271136|  9.037e+05|     16946|          -|      16|        no|         -|         -|             -|             -|    -|
    |    o C_drain_IO_L1_out_boundary_wrapper_7_x0_loop_2     |       -|  -2.43|      16944|  5.647e+04|      1059|          -|      16|        no|         -|         -|             -|             -|    -|
    |     o C_drain_IO_L1_out_boundary_wrapper_7_x0_loop_3    |       -|  -2.43|       1040|  3.466e+03|       130|          -|       8|        no|         -|         -|             -|             -|    -|
    |      o C_drain_IO_L1_out_boundary_wrapper_7_x0_loop_4   |       -|  -2.43|        128|    426.624|        16|          -|       8|        no|         -|         -|             -|             -|    -|
    |       o C_drain_IO_L1_out_boundary_wrapper_7_x0_loop_5  |       -|  -2.43|          8|     26.664|         1|          -|       8|        no|         -|         -|             -|             -|    -|
    |     o C_drain_IO_L1_out_boundary_wrapper_7_x0_loop_7    |       -|  -2.43|         16|     53.328|         2|          -|       8|        no|         -|         -|             -|             -|    -|
    |  + grp_A_IO_L2_in_1_x0_fu_3295                          |  Timing|   0.00|    2294450|  7.647e+06|         -|    2294450|       -|        no|         -|         -|     663 (~0%)|    1224 (~0%)|    -|
    |   o A_IO_L2_in_1_x0_loop_1                              |       -|  -2.43|    2294304|  7.647e+06|    143394|          -|      16|        no|         -|         -|             -|             -|    -|
    |    o A_IO_L2_in_1_x0_loop_2                             |       -|  -2.43|     143392|  4.779e+05|      8962|          -|      16|        no|         -|         -|             -|             -|    -|
    |     o A_IO_L2_in_1_x0_loop_3                            |       -|  -2.43|       8960|  2.986e+04|       280|          -|      32|        no|         -|         -|             -|             -|    -|
    |      o A_IO_L2_in_1_x0_loop_4                           |       -|  -2.43|        133|    443.289|        19|          -|       7|        no|         -|         -|             -|             -|    -|
    |       o A_IO_L2_in_1_x0_loop_5                          |       -|  -2.43|         17|     56.661|         2|          -|       8|        no|         -|         -|             -|             -|    -|
    |       o A_IO_L2_in_1_x0_loop_6                          |       -|  -2.43|         16|     53.328|         2|          -|       8|        no|         -|         -|             -|             -|    -|
    |      o A_IO_L2_in_1_x0_loop_7                           |       -|  -2.43|        144|    479.952|        18|          -|       8|        no|         -|         -|             -|             -|    -|
    |       o A_IO_L2_in_1_x0_loop_8                          |       -|  -2.43|         16|     53.328|         2|          -|       8|        no|         -|         -|             -|             -|    -|
    |      o A_IO_L2_in_1_x0_loop_9                           |       -|  -2.43|        133|    443.289|        19|          -|       7|        no|         -|         -|             -|             -|    -|
    |       o A_IO_L2_in_1_x0_loop_10                         |       -|  -2.43|         17|     56.661|         2|          -|       8|        no|         -|         -|             -|             -|    -|
    |       o A_IO_L2_in_1_x0_loop_11                         |       -|  -2.43|         16|     53.328|         2|          -|       8|        no|         -|         -|             -|             -|    -|
    |      o A_IO_L2_in_1_x0_loop_12                          |       -|  -2.43|        144|    479.952|        18|          -|       8|        no|         -|         -|             -|             -|    -|
    |       o A_IO_L2_in_1_x0_loop_13                         |       -|  -2.43|         16|     53.328|         2|          -|       8|        no|         -|         -|             -|             -|    -|
    |   o A_IO_L2_in_1_x0_loop_14                             |       -|  -2.43|        144|    479.952|        18|          -|       8|        no|         -|         -|             -|             -|    -|
    |    o A_IO_L2_in_1_x0_loop_15                            |       -|  -2.43|         16|     53.328|         2|          -|       8|        no|         -|         -|             -|             -|    -|
    |  + grp_A_IO_L2_in_2_x0_fu_3302                          |  Timing|   0.00|    2138802|  7.129e+06|         -|    2138802|       -|        no|         -|         -|     663 (~0%)|    1224 (~0%)|    -|
    |   o A_IO_L2_in_2_x0_loop_1                              |       -|  -2.43|    2138656|  7.128e+06|    133666|          -|      16|        no|         -|         -|             -|             -|    -|
    |    o A_IO_L2_in_2_x0_loop_2                             |       -|  -2.43|     133664|  4.455e+05|      8354|          -|      16|        no|         -|         -|             -|             -|    -|
    |     o A_IO_L2_in_2_x0_loop_3                            |       -|  -2.43|       8352|  2.784e+04|       261|          -|      32|        no|         -|         -|             -|             -|    -|
    |      o A_IO_L2_in_2_x0_loop_4                           |       -|  -2.43|        114|    379.962|        19|          -|       6|        no|         -|         -|             -|             -|    -|
    |       o A_IO_L2_in_2_x0_loop_5                          |       -|  -2.43|         17|     56.661|         2|          -|       8|        no|         -|         -|             -|             -|    -|
    |       o A_IO_L2_in_2_x0_loop_6                          |       -|  -2.43|         16|     53.328|         2|          -|       8|        no|         -|         -|             -|             -|    -|
    |      o A_IO_L2_in_2_x0_loop_7                           |       -|  -2.43|        144|    479.952|        18|          -|       8|        no|         -|         -|             -|             -|    -|
    |       o A_IO_L2_in_2_x0_loop_8                          |       -|  -2.43|         16|     53.328|         2|          -|       8|        no|         -|         -|             -|             -|    -|
    |      o A_IO_L2_in_2_x0_loop_9                           |       -|  -2.43|        114|    379.962|        19|          -|       6|        no|         -|         -|             -|             -|    -|
    |       o A_IO_L2_in_2_x0_loop_10                         |       -|  -2.43|         17|     56.661|         2|          -|       8|        no|         -|         -|             -|             -|    -|
    |       o A_IO_L2_in_2_x0_loop_11                         |       -|  -2.43|         16|     53.328|         2|          -|       8|        no|         -|         -|             -|             -|    -|
    |      o A_IO_L2_in_2_x0_loop_12                          |       -|  -2.43|        144|    479.952|        18|          -|       8|        no|         -|         -|             -|             -|    -|
    |       o A_IO_L2_in_2_x0_loop_13                         |       -|  -2.43|         16|     53.328|         2|          -|       8|        no|         -|         -|             -|             -|    -|
    |   o A_IO_L2_in_2_x0_loop_14                             |       -|  -2.43|        144|    479.952|        18|          -|       8|        no|         -|         -|             -|             -|    -|
    |    o A_IO_L2_in_2_x0_loop_15                            |       -|  -2.43|         16|     53.328|         2|          -|       8|        no|         -|         -|             -|             -|    -|
    |  + grp_A_IO_L2_in_3_x0_fu_3309                          |  Timing|   0.00|    1983154|  6.610e+06|         -|    1983154|       -|        no|         -|         -|     663 (~0%)|    1224 (~0%)|    -|
    |   o A_IO_L2_in_3_x0_loop_1                              |       -|  -2.43|    1983008|  6.609e+06|    123938|          -|      16|        no|         -|         -|             -|             -|    -|
    |    o A_IO_L2_in_3_x0_loop_2                             |       -|  -2.43|     123936|  4.131e+05|      7746|          -|      16|        no|         -|         -|             -|             -|    -|
    |     o A_IO_L2_in_3_x0_loop_3                            |       -|  -2.43|       7744|  2.581e+04|       242|          -|      32|        no|         -|         -|             -|             -|    -|
    |      o A_IO_L2_in_3_x0_loop_4                           |       -|  -2.43|         95|    316.635|        19|          -|       5|        no|         -|         -|             -|             -|    -|
    |       o A_IO_L2_in_3_x0_loop_5                          |       -|  -2.43|         17|     56.661|         2|          -|       8|        no|         -|         -|             -|             -|    -|
    |       o A_IO_L2_in_3_x0_loop_6                          |       -|  -2.43|         16|     53.328|         2|          -|       8|        no|         -|         -|             -|             -|    -|
    |      o A_IO_L2_in_3_x0_loop_7                           |       -|  -2.43|        144|    479.952|        18|          -|       8|        no|         -|         -|             -|             -|    -|
    |       o A_IO_L2_in_3_x0_loop_8                          |       -|  -2.43|         16|     53.328|         2|          -|       8|        no|         -|         -|             -|             -|    -|
    |      o A_IO_L2_in_3_x0_loop_9                           |       -|  -2.43|         95|    316.635|        19|          -|       5|        no|         -|         -|             -|             -|    -|
    |       o A_IO_L2_in_3_x0_loop_10                         |       -|  -2.43|         17|     56.661|         2|          -|       8|        no|         -|         -|             -|             -|    -|
    |       o A_IO_L2_in_3_x0_loop_11                         |       -|  -2.43|         16|     53.328|         2|          -|       8|        no|         -|         -|             -|             -|    -|
    |      o A_IO_L2_in_3_x0_loop_12                          |       -|  -2.43|        144|    479.952|        18|          -|       8|        no|         -|         -|             -|             -|    -|
    |       o A_IO_L2_in_3_x0_loop_13                         |       -|  -2.43|         16|     53.328|         2|          -|       8|        no|         -|         -|             -|             -|    -|
    |   o A_IO_L2_in_3_x0_loop_14                             |       -|  -2.43|        144|    479.952|        18|          -|       8|        no|         -|         -|             -|             -|    -|
    |    o A_IO_L2_in_3_x0_loop_15                            |       -|  -2.43|         16|     53.328|         2|          -|       8|        no|         -|         -|             -|             -|    -|
    |  + grp_A_IO_L2_in_4_x0_fu_3316                          |  Timing|   0.00|    1827506|  6.091e+06|         -|    1827506|       -|        no|         -|         -|     663 (~0%)|    1224 (~0%)|    -|
    |   o A_IO_L2_in_4_x0_loop_1                              |       -|  -2.43|    1827360|  6.091e+06|    114210|          -|      16|        no|         -|         -|             -|             -|    -|
    |    o A_IO_L2_in_4_x0_loop_2                             |       -|  -2.43|     114208|  3.807e+05|      7138|          -|      16|        no|         -|         -|             -|             -|    -|
    |     o A_IO_L2_in_4_x0_loop_3                            |       -|  -2.43|       7136|  2.378e+04|       223|          -|      32|        no|         -|         -|             -|             -|    -|
    |      o A_IO_L2_in_4_x0_loop_4                           |       -|  -2.43|         76|    253.308|        19|          -|       4|        no|         -|         -|             -|             -|    -|
    |       o A_IO_L2_in_4_x0_loop_5                          |       -|  -2.43|         17|     56.661|         2|          -|       8|        no|         -|         -|             -|             -|    -|
    |       o A_IO_L2_in_4_x0_loop_6                          |       -|  -2.43|         16|     53.328|         2|          -|       8|        no|         -|         -|             -|             -|    -|
    |      o A_IO_L2_in_4_x0_loop_7                           |       -|  -2.43|        144|    479.952|        18|          -|       8|        no|         -|         -|             -|             -|    -|
    |       o A_IO_L2_in_4_x0_loop_8                          |       -|  -2.43|         16|     53.328|         2|          -|       8|        no|         -|         -|             -|             -|    -|
    |      o A_IO_L2_in_4_x0_loop_9                           |       -|  -2.43|         76|    253.308|        19|          -|       4|        no|         -|         -|             -|             -|    -|
    |       o A_IO_L2_in_4_x0_loop_10                         |       -|  -2.43|         17|     56.661|         2|          -|       8|        no|         -|         -|             -|             -|    -|
    |       o A_IO_L2_in_4_x0_loop_11                         |       -|  -2.43|         16|     53.328|         2|          -|       8|        no|         -|         -|             -|             -|    -|
    |      o A_IO_L2_in_4_x0_loop_12                          |       -|  -2.43|        144|    479.952|        18|          -|       8|        no|         -|         -|             -|             -|    -|
    |       o A_IO_L2_in_4_x0_loop_13                         |       -|  -2.43|         16|     53.328|         2|          -|       8|        no|         -|         -|             -|             -|    -|
    |   o A_IO_L2_in_4_x0_loop_14                             |       -|  -2.43|        144|    479.952|        18|          -|       8|        no|         -|         -|             -|             -|    -|
    |    o A_IO_L2_in_4_x0_loop_15                            |       -|  -2.43|         16|     53.328|         2|          -|       8|        no|         -|         -|             -|             -|    -|
    |  + grp_A_IO_L2_in_5_x0_fu_3323                          |  Timing|   0.00|    1671858|  5.572e+06|         -|    1671858|       -|        no|         -|         -|     663 (~0%)|    1224 (~0%)|    -|
    |   o A_IO_L2_in_5_x0_loop_1                              |       -|  -2.43|    1671712|  5.572e+06|    104482|          -|      16|        no|         -|         -|             -|             -|    -|
    |    o A_IO_L2_in_5_x0_loop_2                             |       -|  -2.43|     104480|  3.482e+05|      6530|          -|      16|        no|         -|         -|             -|             -|    -|
    |     o A_IO_L2_in_5_x0_loop_3                            |       -|  -2.43|       6528|  2.176e+04|       204|          -|      32|        no|         -|         -|             -|             -|    -|
    |      o A_IO_L2_in_5_x0_loop_4                           |       -|  -2.43|         57|    189.981|        19|          -|       3|        no|         -|         -|             -|             -|    -|
    |       o A_IO_L2_in_5_x0_loop_5                          |       -|  -2.43|         17|     56.661|         2|          -|       8|        no|         -|         -|             -|             -|    -|
    |       o A_IO_L2_in_5_x0_loop_6                          |       -|  -2.43|         16|     53.328|         2|          -|       8|        no|         -|         -|             -|             -|    -|
    |      o A_IO_L2_in_5_x0_loop_7                           |       -|  -2.43|        144|    479.952|        18|          -|       8|        no|         -|         -|             -|             -|    -|
    |       o A_IO_L2_in_5_x0_loop_8                          |       -|  -2.43|         16|     53.328|         2|          -|       8|        no|         -|         -|             -|             -|    -|
    |      o A_IO_L2_in_5_x0_loop_9                           |       -|  -2.43|         57|    189.981|        19|          -|       3|        no|         -|         -|             -|             -|    -|
    |       o A_IO_L2_in_5_x0_loop_10                         |       -|  -2.43|         17|     56.661|         2|          -|       8|        no|         -|         -|             -|             -|    -|
    |       o A_IO_L2_in_5_x0_loop_11                         |       -|  -2.43|         16|     53.328|         2|          -|       8|        no|         -|         -|             -|             -|    -|
    |      o A_IO_L2_in_5_x0_loop_12                          |       -|  -2.43|        144|    479.952|        18|          -|       8|        no|         -|         -|             -|             -|    -|
    |       o A_IO_L2_in_5_x0_loop_13                         |       -|  -2.43|         16|     53.328|         2|          -|       8|        no|         -|         -|             -|             -|    -|
    |   o A_IO_L2_in_5_x0_loop_14                             |       -|  -2.43|        144|    479.952|        18|          -|       8|        no|         -|         -|             -|             -|    -|
    |    o A_IO_L2_in_5_x0_loop_15                            |       -|  -2.43|         16|     53.328|         2|          -|       8|        no|         -|         -|             -|             -|    -|
    |  + grp_A_IO_L2_in_6_x0_fu_3330                          |  Timing|   0.00|    1516210|  5.054e+06|         -|    1516210|       -|        no|         -|         -|     663 (~0%)|    1224 (~0%)|    -|
    |   o A_IO_L2_in_6_x0_loop_1                              |       -|  -2.43|    1516064|  5.053e+06|     94754|          -|      16|        no|         -|         -|             -|             -|    -|
    |    o A_IO_L2_in_6_x0_loop_2                             |       -|  -2.43|      94752|  3.158e+05|      5922|          -|      16|        no|         -|         -|             -|             -|    -|
    |     o A_IO_L2_in_6_x0_loop_3                            |       -|  -2.43|       5920|  1.973e+04|       185|          -|      32|        no|         -|         -|             -|             -|    -|
    |      o A_IO_L2_in_6_x0_loop_4                           |       -|  -2.43|         38|    126.654|        19|          -|       2|        no|         -|         -|             -|             -|    -|
    |       o A_IO_L2_in_6_x0_loop_5                          |       -|  -2.43|         17|     56.661|         2|          -|       8|        no|         -|         -|             -|             -|    -|
    |       o A_IO_L2_in_6_x0_loop_6                          |       -|  -2.43|         16|     53.328|         2|          -|       8|        no|         -|         -|             -|             -|    -|
    |      o A_IO_L2_in_6_x0_loop_7                           |       -|  -2.43|        144|    479.952|        18|          -|       8|        no|         -|         -|             -|             -|    -|
    |       o A_IO_L2_in_6_x0_loop_8                          |       -|  -2.43|         16|     53.328|         2|          -|       8|        no|         -|         -|             -|             -|    -|
    |      o A_IO_L2_in_6_x0_loop_9                           |       -|  -2.43|         38|    126.654|        19|          -|       2|        no|         -|         -|             -|             -|    -|
    |       o A_IO_L2_in_6_x0_loop_10                         |       -|  -2.43|         17|     56.661|         2|          -|       8|        no|         -|         -|             -|             -|    -|
    |       o A_IO_L2_in_6_x0_loop_11                         |       -|  -2.43|         16|     53.328|         2|          -|       8|        no|         -|         -|             -|             -|    -|
    |      o A_IO_L2_in_6_x0_loop_12                          |       -|  -2.43|        144|    479.952|        18|          -|       8|        no|         -|         -|             -|             -|    -|
    |       o A_IO_L2_in_6_x0_loop_13                         |       -|  -2.43|         16|     53.328|         2|          -|       8|        no|         -|         -|             -|             -|    -|
    |   o A_IO_L2_in_6_x0_loop_14                             |       -|  -2.43|        144|    479.952|        18|          -|       8|        no|         -|         -|             -|             -|    -|
    |    o A_IO_L2_in_6_x0_loop_15                            |       -|  -2.43|         16|     53.328|         2|          -|       8|        no|         -|         -|             -|             -|    -|
    |  + grp_A_IO_L2_in_0_x0_fu_3337                          |  Timing|   0.00|    2450098|  8.166e+06|         -|    2450098|       -|        no|         -|         -|     671 (~0%)|    1224 (~0%)|    -|
    |   o A_IO_L2_in_0_x0_loop_1                              |       -|  -2.43|    2449952|  8.166e+06|    153122|          -|      16|        no|         -|         -|             -|             -|    -|
    |    o A_IO_L2_in_0_x0_loop_2                             |       -|  -2.43|     153120|  5.103e+05|      9570|          -|      16|        no|         -|         -|             -|             -|    -|
    |     o A_IO_L2_in_0_x0_loop_3                            |       -|  -2.43|       9568|  3.189e+04|       299|          -|      32|        no|         -|         -|             -|             -|    -|
    |      o A_IO_L2_in_0_x0_loop_4                           |       -|  -2.43|        152|    506.616|        19|          -|       8|        no|         -|         -|             -|             -|    -|
    |       o A_IO_L2_in_0_x0_loop_5                          |       -|  -2.43|         17|     56.661|         2|          -|       8|        no|         -|         -|             -|             -|    -|
    |       o A_IO_L2_in_0_x0_loop_6                          |       -|  -2.43|         16|     53.328|         2|          -|       8|        no|         -|         -|             -|             -|    -|
    |      o A_IO_L2_in_0_x0_loop_7                           |       -|  -2.43|        144|    479.952|        18|          -|       8|        no|         -|         -|             -|             -|    -|
    |       o A_IO_L2_in_0_x0_loop_8                          |       -|  -2.43|         16|     53.328|         2|          -|       8|        no|         -|         -|             -|             -|    -|
    |      o A_IO_L2_in_0_x0_loop_9                           |       -|  -2.43|        152|    506.616|        19|          -|       8|        no|         -|         -|             -|             -|    -|
    |       o A_IO_L2_in_0_x0_loop_10                         |       -|  -2.43|         17|     56.661|         2|          -|       8|        no|         -|         -|             -|             -|    -|
    |       o A_IO_L2_in_0_x0_loop_11                         |       -|  -2.43|         16|     53.328|         2|          -|       8|        no|         -|         -|             -|             -|    -|
    |      o A_IO_L2_in_0_x0_loop_12                          |       -|  -2.43|        144|    479.952|        18|          -|       8|        no|         -|         -|             -|             -|    -|
    |       o A_IO_L2_in_0_x0_loop_13                         |       -|  -2.43|         16|     53.328|         2|          -|       8|        no|         -|         -|             -|             -|    -|
    |   o A_IO_L2_in_0_x0_loop_14                             |       -|  -2.43|        144|    479.952|        18|          -|       8|        no|         -|         -|             -|             -|    -|
    |    o A_IO_L2_in_0_x0_loop_15                            |       -|  -2.43|         16|     53.328|         2|          -|       8|        no|         -|         -|             -|             -|    -|
    |  + grp_A_IO_L2_in_boundary_x0_fu_3344                   |       -|  -0.47|    1335986|  4.453e+06|         -|    1335986|       -|        no|         -|         -|     637 (~0%)|    1035 (~0%)|    -|
    |   o A_IO_L2_in_boundary_x0_loop_1                       |       -|  -2.43|    1335840|  4.452e+06|     83490|          -|      16|        no|         -|         -|             -|             -|    -|
    |    o A_IO_L2_in_boundary_x0_loop_2                      |       -|  -2.43|      83488|  2.783e+05|      5218|          -|      16|        no|         -|         -|             -|             -|    -|
    |     o A_IO_L2_in_boundary_x0_loop_3                     |       -|  -2.43|       5216|  1.738e+04|       163|          -|      32|        no|         -|         -|             -|             -|    -|
    |      o A_IO_L2_in_boundary_x0_loop_5                    |       -|  -2.43|         16|     53.328|         2|          -|       8|        no|         -|         -|             -|             -|    -|
    |      o A_IO_L2_in_boundary_x0_loop_6                    |       -|  -2.43|        144|    479.952|        18|          -|       8|        no|         -|         -|             -|             -|    -|
    |       o A_IO_L2_in_boundary_x0_loop_7                   |       -|  -2.43|         16|     53.328|         2|          -|       8|        no|         -|         -|             -|             -|    -|
    |      o A_IO_L2_in_boundary_x0_loop_9                    |       -|  -2.43|         16|     53.328|         2|          -|       8|        no|         -|         -|             -|             -|    -|
    |      o A_IO_L2_in_boundary_x0_loop_10                   |       -|  -2.43|        144|    479.952|        18|          -|       8|        no|         -|         -|             -|             -|    -|
    |       o A_IO_L2_in_boundary_x0_loop_11                  |       -|  -2.43|         16|     53.328|         2|          -|       8|        no|         -|         -|             -|             -|    -|
    |   o A_IO_L2_in_boundary_x0_loop_12                      |       -|  -2.43|        144|    479.952|        18|          -|       8|        no|         -|         -|             -|             -|    -|
    |    o A_IO_L2_in_boundary_x0_loop_13                     |       -|  -2.43|         16|     53.328|         2|          -|       8|        no|         -|         -|             -|             -|    -|
    |  + grp_C_drain_IO_L3_out_serialize_x0_fu_3350           |       -|  -0.49|     393217|  1.311e+06|         -|     393217|       -|        no|         -|         -|     432 (~0%)|     293 (~0%)|    -|
    |   o C_drain_IO_L3_out_serialize_x0_loop_1               |       -|  -2.43|     393216|  1.311e+06|        12|          -|   32768|        no|         -|         -|             -|             -|    -|
    |    o C_drain_IO_L3_out_serialize_x0_loop_2              |       -|  -2.43|          8|     26.664|         2|          -|       4|        no|         -|         -|             -|             -|    -|
    |  + grp_C_drain_IO_L2_out_6_x0_fu_3357                   |  Timing|   0.00|      75297|  2.510e+05|         -|      75297|       -|        no|         -|         -|      67 (~0%)|     331 (~0%)|    -|
    |   o C_drain_IO_L2_out_6_x0_loop_1                       |       -|  -2.43|      75296|  2.510e+05|      4706|          -|      16|        no|         -|         -|             -|             -|    -|
    |    o C_drain_IO_L2_out_6_x0_loop_2                      |       -|  -2.43|       4704|  1.568e+04|       294|          -|      16|        no|         -|         -|             -|             -|    -|
    |     o C_drain_IO_L2_out_6_x0_loop_3                     |       -|  -2.43|        292|    973.236|       146|          -|       2|        no|         -|         -|             -|             -|    -|
    |      o C_drain_IO_L2_out_6_x0_loop_4                    |       -|  -2.43|        144|    479.952|        18|          -|       8|        no|         -|         -|             -|             -|    -|
    |       o C_drain_IO_L2_out_6_x0_loop_5                   |       -|  -2.43|         16|     53.328|         2|          -|       8|        no|         -|         -|             -|             -|    -|
    |      o C_drain_IO_L2_out_6_x0_loop_6                    |       -|  -2.43|        144|    479.952|        18|          -|       8|        no|         -|         -|             -|             -|    -|
    |       o C_drain_IO_L2_out_6_x0_loop_7                   |       -|  -2.43|         16|     53.328|         2|          -|       8|        no|         -|         -|             -|             -|    -|
    |  + grp_C_drain_IO_L2_out_5_x0_fu_3364                   |  Timing|   0.00|     112673|  3.755e+05|         -|     112673|       -|        no|         -|         -|      67 (~0%)|     331 (~0%)|    -|
    |   o C_drain_IO_L2_out_5_x0_loop_1                       |       -|  -2.43|     112672|  3.755e+05|      7042|          -|      16|        no|         -|         -|             -|             -|    -|
    |    o C_drain_IO_L2_out_5_x0_loop_2                      |       -|  -2.43|       7040|  2.346e+04|       440|          -|      16|        no|         -|         -|             -|             -|    -|
    |     o C_drain_IO_L2_out_5_x0_loop_3                     |       -|  -2.43|        438|  1.460e+03|       146|          -|       3|        no|         -|         -|             -|             -|    -|
    |      o C_drain_IO_L2_out_5_x0_loop_4                    |       -|  -2.43|        144|    479.952|        18|          -|       8|        no|         -|         -|             -|             -|    -|
    |       o C_drain_IO_L2_out_5_x0_loop_5                   |       -|  -2.43|         16|     53.328|         2|          -|       8|        no|         -|         -|             -|             -|    -|
    |      o C_drain_IO_L2_out_5_x0_loop_6                    |       -|  -2.43|        144|    479.952|        18|          -|       8|        no|         -|         -|             -|             -|    -|
    |       o C_drain_IO_L2_out_5_x0_loop_7                   |       -|  -2.43|         16|     53.328|         2|          -|       8|        no|         -|         -|             -|             -|    -|
    |  + grp_C_drain_IO_L2_out_4_x0_fu_3371                   |  Timing|   0.00|     150049|  5.001e+05|         -|     150049|       -|        no|         -|         -|      67 (~0%)|     331 (~0%)|    -|
    |   o C_drain_IO_L2_out_4_x0_loop_1                       |       -|  -2.43|     150048|  5.001e+05|      9378|          -|      16|        no|         -|         -|             -|             -|    -|
    |    o C_drain_IO_L2_out_4_x0_loop_2                      |       -|  -2.43|       9376|  3.125e+04|       586|          -|      16|        no|         -|         -|             -|             -|    -|
    |     o C_drain_IO_L2_out_4_x0_loop_3                     |       -|  -2.43|        584|  1.946e+03|       146|          -|       4|        no|         -|         -|             -|             -|    -|
    |      o C_drain_IO_L2_out_4_x0_loop_4                    |       -|  -2.43|        144|    479.952|        18|          -|       8|        no|         -|         -|             -|             -|    -|
    |       o C_drain_IO_L2_out_4_x0_loop_5                   |       -|  -2.43|         16|     53.328|         2|          -|       8|        no|         -|         -|             -|             -|    -|
    |      o C_drain_IO_L2_out_4_x0_loop_6                    |       -|  -2.43|        144|    479.952|        18|          -|       8|        no|         -|         -|             -|             -|    -|
    |       o C_drain_IO_L2_out_4_x0_loop_7                   |       -|  -2.43|         16|     53.328|         2|          -|       8|        no|         -|         -|             -|             -|    -|
    |  + grp_C_drain_IO_L2_out_3_x0_fu_3378                   |  Timing|   0.00|     187425|  6.247e+05|         -|     187425|       -|        no|         -|         -|      67 (~0%)|     331 (~0%)|    -|
    |   o C_drain_IO_L2_out_3_x0_loop_1                       |       -|  -2.43|     187424|  6.247e+05|     11714|          -|      16|        no|         -|         -|             -|             -|    -|
    |    o C_drain_IO_L2_out_3_x0_loop_2                      |       -|  -2.43|      11712|  3.904e+04|       732|          -|      16|        no|         -|         -|             -|             -|    -|
    |     o C_drain_IO_L2_out_3_x0_loop_3                     |       -|  -2.43|        730|  2.433e+03|       146|          -|       5|        no|         -|         -|             -|             -|    -|
    |      o C_drain_IO_L2_out_3_x0_loop_4                    |       -|  -2.43|        144|    479.952|        18|          -|       8|        no|         -|         -|             -|             -|    -|
    |       o C_drain_IO_L2_out_3_x0_loop_5                   |       -|  -2.43|         16|     53.328|         2|          -|       8|        no|         -|         -|             -|             -|    -|
    |      o C_drain_IO_L2_out_3_x0_loop_6                    |       -|  -2.43|        144|    479.952|        18|          -|       8|        no|         -|         -|             -|             -|    -|
    |       o C_drain_IO_L2_out_3_x0_loop_7                   |       -|  -2.43|         16|     53.328|         2|          -|       8|        no|         -|         -|             -|             -|    -|
    |  + grp_C_drain_IO_L2_out_2_x0_fu_3385                   |  Timing|   0.00|     224801|  7.493e+05|         -|     224801|       -|        no|         -|         -|      67 (~0%)|     331 (~0%)|    -|
    |   o C_drain_IO_L2_out_2_x0_loop_1                       |       -|  -2.43|     224800|  7.493e+05|     14050|          -|      16|        no|         -|         -|             -|             -|    -|
    |    o C_drain_IO_L2_out_2_x0_loop_2                      |       -|  -2.43|      14048|  4.682e+04|       878|          -|      16|        no|         -|         -|             -|             -|    -|
    |     o C_drain_IO_L2_out_2_x0_loop_3                     |       -|  -2.43|        876|  2.920e+03|       146|          -|       6|        no|         -|         -|             -|             -|    -|
    |      o C_drain_IO_L2_out_2_x0_loop_4                    |       -|  -2.43|        144|    479.952|        18|          -|       8|        no|         -|         -|             -|             -|    -|
    |       o C_drain_IO_L2_out_2_x0_loop_5                   |       -|  -2.43|         16|     53.328|         2|          -|       8|        no|         -|         -|             -|             -|    -|
    |      o C_drain_IO_L2_out_2_x0_loop_6                    |       -|  -2.43|        144|    479.952|        18|          -|       8|        no|         -|         -|             -|             -|    -|
    |       o C_drain_IO_L2_out_2_x0_loop_7                   |       -|  -2.43|         16|     53.328|         2|          -|       8|        no|         -|         -|             -|             -|    -|
    |  + grp_C_drain_IO_L2_out_1_x0_fu_3392                   |  Timing|   0.00|     262177|  8.738e+05|         -|     262177|       -|        no|         -|         -|      67 (~0%)|     331 (~0%)|    -|
    |   o C_drain_IO_L2_out_1_x0_loop_1                       |       -|  -2.43|     262176|  8.738e+05|     16386|          -|      16|        no|         -|         -|             -|             -|    -|
    |    o C_drain_IO_L2_out_1_x0_loop_2                      |       -|  -2.43|      16384|  5.461e+04|      1024|          -|      16|        no|         -|         -|             -|             -|    -|
    |     o C_drain_IO_L2_out_1_x0_loop_3                     |       -|  -2.43|       1022|  3.406e+03|       146|          -|       7|        no|         -|         -|             -|             -|    -|
    |      o C_drain_IO_L2_out_1_x0_loop_4                    |       -|  -2.43|        144|    479.952|        18|          -|       8|        no|         -|         -|             -|             -|    -|
    |       o C_drain_IO_L2_out_1_x0_loop_5                   |       -|  -2.43|         16|     53.328|         2|          -|       8|        no|         -|         -|             -|             -|    -|
    |      o C_drain_IO_L2_out_1_x0_loop_6                    |       -|  -2.43|        144|    479.952|        18|          -|       8|        no|         -|         -|             -|             -|    -|
    |       o C_drain_IO_L2_out_1_x0_loop_7                   |       -|  -2.43|         16|     53.328|         2|          -|       8|        no|         -|         -|             -|             -|    -|
    |  + grp_C_drain_IO_L2_out_0_x0_fu_3399                   |  Timing|   0.00|     299553|  9.984e+05|         -|     299553|       -|        no|         -|         -|      71 (~0%)|     331 (~0%)|    -|
    |   o C_drain_IO_L2_out_0_x0_loop_1                       |       -|  -2.43|     299552|  9.984e+05|     18722|          -|      16|        no|         -|         -|             -|             -|    -|
    |    o C_drain_IO_L2_out_0_x0_loop_2                      |       -|  -2.43|      18720|  6.239e+04|      1170|          -|      16|        no|         -|         -|             -|             -|    -|
    |     o C_drain_IO_L2_out_0_x0_loop_3                     |       -|  -2.43|       1168|  3.893e+03|       146|          -|       8|        no|         -|         -|             -|             -|    -|
    |      o C_drain_IO_L2_out_0_x0_loop_4                    |       -|  -2.43|        144|    479.952|        18|          -|       8|        no|         -|         -|             -|             -|    -|
    |       o C_drain_IO_L2_out_0_x0_loop_5                   |       -|  -2.43|         16|     53.328|         2|          -|       8|        no|         -|         -|             -|             -|    -|
    |      o C_drain_IO_L2_out_0_x0_loop_6                    |       -|  -2.43|        144|    479.952|        18|          -|       8|        no|         -|         -|             -|             -|    -|
    |       o C_drain_IO_L2_out_0_x0_loop_7                   |       -|  -2.43|         16|     53.328|         2|          -|       8|        no|         -|         -|             -|             -|    -|
    |  + grp_A_IO_L3_in_x0_fu_3406                            |  Timing|   0.00|    1196577|  3.988e+06|         -|    1196577|       -|        no|         -|         -|      56 (~0%)|     228 (~0%)|    -|
    |   o A_IO_L3_in_x0_loop_1                                |       -|  -2.43|    1196576|  3.988e+06|     74786|          -|      16|        no|         -|         -|             -|             -|    -|
    |    o A_IO_L3_in_x0_loop_2                               |       -|  -2.43|      74784|  2.493e+05|      4674|          -|      16|        no|         -|         -|             -|             -|    -|
    |     o A_IO_L3_in_x0_loop_3                              |       -|  -2.43|       4672|  1.557e+04|       146|          -|      32|        no|         -|         -|             -|             -|    -|
    |      o A_IO_L3_in_x0_loop_4                             |       -|  -2.43|        144|    479.952|        18|          -|       8|        no|         -|         -|             -|             -|    -|
    |       o A_IO_L3_in_x0_loop_5                            |       -|  -2.43|         16|     53.328|         2|          -|       8|        no|         -|         -|             -|             -|    -|
    |  + grp_B_IO_L3_in_x0_fu_3412                            |  Timing|   0.00|    1196577|  3.988e+06|         -|    1196577|       -|        no|         -|         -|      56 (~0%)|     228 (~0%)|    -|
    |   o B_IO_L3_in_x0_loop_1                                |       -|  -2.43|    1196576|  3.988e+06|     74786|          -|      16|        no|         -|         -|             -|             -|    -|
    |    o B_IO_L3_in_x0_loop_2                               |       -|  -2.43|      74784|  2.493e+05|      4674|          -|      16|        no|         -|         -|             -|             -|    -|
    |     o B_IO_L3_in_x0_loop_3                              |       -|  -2.43|       4672|  1.557e+04|       146|          -|      32|        no|         -|         -|             -|             -|    -|
    |      o B_IO_L3_in_x0_loop_4                             |       -|  -2.43|        144|    479.952|        18|          -|       8|        no|         -|         -|             -|             -|    -|
    |       o B_IO_L3_in_x0_loop_5                            |       -|  -2.43|         16|     53.328|         2|          -|       8|        no|         -|         -|             -|             -|    -|
    |  + grp_A_PE_dummy_in_0_x0_fu_3418                       |       -|  -0.56|     672289|  2.241e+06|         -|     672289|       -|        no|         -|         -|      51 (~0%)|     213 (~0%)|    -|
    |   o A_PE_dummy_in_0_x0_loop_1                           |       -|  -2.43|     672288|  2.241e+06|     42018|          -|      16|        no|         -|         -|             -|             -|    -|
    |    o A_PE_dummy_in_0_x0_loop_2                          |       -|  -2.43|      42016|  1.400e+05|      2626|          -|      16|        no|         -|         -|             -|             -|    -|
    |     o A_PE_dummy_in_0_x0_loop_3                         |       -|  -2.43|       2624|  8.746e+03|        82|          -|      32|        no|         -|         -|             -|             -|    -|
    |      o A_PE_dummy_in_0_x0_loop_4                        |       -|  -2.43|         80|    266.640|        10|          -|       8|        no|         -|         -|             -|             -|    -|
    |       o A_PE_dummy_in_0_x0_loop_5                       |       -|  -2.43|          8|     26.664|         1|          -|       8|        no|         -|         -|             -|             -|    -|
    |  + grp_B_PE_dummy_in_0_x0_fu_3423                       |       -|  -0.56|     672289|  2.241e+06|         -|     672289|       -|        no|         -|         -|      51 (~0%)|     213 (~0%)|    -|
    |   o B_PE_dummy_in_0_x0_loop_1                           |       -|  -2.43|     672288|  2.241e+06|     42018|          -|      16|        no|         -|         -|             -|             -|    -|
    |    o B_PE_dummy_in_0_x0_loop_2                          |       -|  -2.43|      42016|  1.400e+05|      2626|          -|      16|        no|         -|         -|             -|             -|    -|
    |     o B_PE_dummy_in_0_x0_loop_3                         |       -|  -2.43|       2624|  8.746e+03|        82|          -|      32|        no|         -|         -|             -|             -|    -|
    |      o B_PE_dummy_in_0_x0_loop_4                        |       -|  -2.43|         80|    266.640|        10|          -|       8|        no|         -|         -|             -|             -|    -|
    |       o B_PE_dummy_in_0_x0_loop_5                       |       -|  -2.43|          8|     26.664|         1|          -|       8|        no|         -|         -|             -|             -|    -|
    |  + grp_A_PE_dummy_in_1_x0_fu_3428                       |       -|  -0.56|     672289|  2.241e+06|         -|     672289|       -|        no|         -|         -|      51 (~0%)|     213 (~0%)|    -|
    |   o A_PE_dummy_in_1_x0_loop_1                           |       -|  -2.43|     672288|  2.241e+06|     42018|          -|      16|        no|         -|         -|             -|             -|    -|
    |    o A_PE_dummy_in_1_x0_loop_2                          |       -|  -2.43|      42016|  1.400e+05|      2626|          -|      16|        no|         -|         -|             -|             -|    -|
    |     o A_PE_dummy_in_1_x0_loop_3                         |       -|  -2.43|       2624|  8.746e+03|        82|          -|      32|        no|         -|         -|             -|             -|    -|
    |      o A_PE_dummy_in_1_x0_loop_4                        |       -|  -2.43|         80|    266.640|        10|          -|       8|        no|         -|         -|             -|             -|    -|
    |       o A_PE_dummy_in_1_x0_loop_5                       |       -|  -2.43|          8|     26.664|         1|          -|       8|        no|         -|         -|             -|             -|    -|
    |  + grp_B_PE_dummy_in_1_x0_fu_3433                       |       -|  -0.56|     672289|  2.241e+06|         -|     672289|       -|        no|         -|         -|      51 (~0%)|     213 (~0%)|    -|
    |   o B_PE_dummy_in_1_x0_loop_1                           |       -|  -2.43|     672288|  2.241e+06|     42018|          -|      16|        no|         -|         -|             -|             -|    -|
    |    o B_PE_dummy_in_1_x0_loop_2                          |       -|  -2.43|      42016|  1.400e+05|      2626|          -|      16|        no|         -|         -|             -|             -|    -|
    |     o B_PE_dummy_in_1_x0_loop_3                         |       -|  -2.43|       2624|  8.746e+03|        82|          -|      32|        no|         -|         -|             -|             -|    -|
    |      o B_PE_dummy_in_1_x0_loop_4                        |       -|  -2.43|         80|    266.640|        10|          -|       8|        no|         -|         -|             -|             -|    -|
    |       o B_PE_dummy_in_1_x0_loop_5                       |       -|  -2.43|          8|     26.664|         1|          -|       8|        no|         -|         -|             -|             -|    -|
    |  + grp_A_PE_dummy_in_2_x0_fu_3438                       |       -|  -0.56|     672289|  2.241e+06|         -|     672289|       -|        no|         -|         -|      51 (~0%)|     213 (~0%)|    -|
    |   o A_PE_dummy_in_2_x0_loop_1                           |       -|  -2.43|     672288|  2.241e+06|     42018|          -|      16|        no|         -|         -|             -|             -|    -|
    |    o A_PE_dummy_in_2_x0_loop_2                          |       -|  -2.43|      42016|  1.400e+05|      2626|          -|      16|        no|         -|         -|             -|             -|    -|
    |     o A_PE_dummy_in_2_x0_loop_3                         |       -|  -2.43|       2624|  8.746e+03|        82|          -|      32|        no|         -|         -|             -|             -|    -|
    |      o A_PE_dummy_in_2_x0_loop_4                        |       -|  -2.43|         80|    266.640|        10|          -|       8|        no|         -|         -|             -|             -|    -|
    |       o A_PE_dummy_in_2_x0_loop_5                       |       -|  -2.43|          8|     26.664|         1|          -|       8|        no|         -|         -|             -|             -|    -|
    |  + grp_B_PE_dummy_in_2_x0_fu_3443                       |       -|  -0.56|     672289|  2.241e+06|         -|     672289|       -|        no|         -|         -|      51 (~0%)|     213 (~0%)|    -|
    |   o B_PE_dummy_in_2_x0_loop_1                           |       -|  -2.43|     672288|  2.241e+06|     42018|          -|      16|        no|         -|         -|             -|             -|    -|
    |    o B_PE_dummy_in_2_x0_loop_2                          |       -|  -2.43|      42016|  1.400e+05|      2626|          -|      16|        no|         -|         -|             -|             -|    -|
    |     o B_PE_dummy_in_2_x0_loop_3                         |       -|  -2.43|       2624|  8.746e+03|        82|          -|      32|        no|         -|         -|             -|             -|    -|
    |      o B_PE_dummy_in_2_x0_loop_4                        |       -|  -2.43|         80|    266.640|        10|          -|       8|        no|         -|         -|             -|             -|    -|
    |       o B_PE_dummy_in_2_x0_loop_5                       |       -|  -2.43|          8|     26.664|         1|          -|       8|        no|         -|         -|             -|             -|    -|
    |  + grp_A_PE_dummy_in_3_x0_fu_3448                       |       -|  -0.56|     672289|  2.241e+06|         -|     672289|       -|        no|         -|         -|      51 (~0%)|     213 (~0%)|    -|
    |   o A_PE_dummy_in_3_x0_loop_1                           |       -|  -2.43|     672288|  2.241e+06|     42018|          -|      16|        no|         -|         -|             -|             -|    -|
    |    o A_PE_dummy_in_3_x0_loop_2                          |       -|  -2.43|      42016|  1.400e+05|      2626|          -|      16|        no|         -|         -|             -|             -|    -|
    |     o A_PE_dummy_in_3_x0_loop_3                         |       -|  -2.43|       2624|  8.746e+03|        82|          -|      32|        no|         -|         -|             -|             -|    -|
    |      o A_PE_dummy_in_3_x0_loop_4                        |       -|  -2.43|         80|    266.640|        10|          -|       8|        no|         -|         -|             -|             -|    -|
    |       o A_PE_dummy_in_3_x0_loop_5                       |       -|  -2.43|          8|     26.664|         1|          -|       8|        no|         -|         -|             -|             -|    -|
    |  + grp_B_PE_dummy_in_3_x0_fu_3453                       |       -|  -0.56|     672289|  2.241e+06|         -|     672289|       -|        no|         -|         -|      51 (~0%)|     213 (~0%)|    -|
    |   o B_PE_dummy_in_3_x0_loop_1                           |       -|  -2.43|     672288|  2.241e+06|     42018|          -|      16|        no|         -|         -|             -|             -|    -|
    |    o B_PE_dummy_in_3_x0_loop_2                          |       -|  -2.43|      42016|  1.400e+05|      2626|          -|      16|        no|         -|         -|             -|             -|    -|
    |     o B_PE_dummy_in_3_x0_loop_3                         |       -|  -2.43|       2624|  8.746e+03|        82|          -|      32|        no|         -|         -|             -|             -|    -|
    |      o B_PE_dummy_in_3_x0_loop_4                        |       -|  -2.43|         80|    266.640|        10|          -|       8|        no|         -|         -|             -|             -|    -|
    |       o B_PE_dummy_in_3_x0_loop_5                       |       -|  -2.43|          8|     26.664|         1|          -|       8|        no|         -|         -|             -|             -|    -|
    |  + grp_A_PE_dummy_in_4_x0_fu_3458                       |       -|  -0.56|     672289|  2.241e+06|         -|     672289|       -|        no|         -|         -|      51 (~0%)|     213 (~0%)|    -|
    |   o A_PE_dummy_in_4_x0_loop_1                           |       -|  -2.43|     672288|  2.241e+06|     42018|          -|      16|        no|         -|         -|             -|             -|    -|
    |    o A_PE_dummy_in_4_x0_loop_2                          |       -|  -2.43|      42016|  1.400e+05|      2626|          -|      16|        no|         -|         -|             -|             -|    -|
    |     o A_PE_dummy_in_4_x0_loop_3                         |       -|  -2.43|       2624|  8.746e+03|        82|          -|      32|        no|         -|         -|             -|             -|    -|
    |      o A_PE_dummy_in_4_x0_loop_4                        |       -|  -2.43|         80|    266.640|        10|          -|       8|        no|         -|         -|             -|             -|    -|
    |       o A_PE_dummy_in_4_x0_loop_5                       |       -|  -2.43|          8|     26.664|         1|          -|       8|        no|         -|         -|             -|             -|    -|
    |  + grp_B_PE_dummy_in_4_x0_fu_3463                       |       -|  -0.56|     672289|  2.241e+06|         -|     672289|       -|        no|         -|         -|      51 (~0%)|     213 (~0%)|    -|
    |   o B_PE_dummy_in_4_x0_loop_1                           |       -|  -2.43|     672288|  2.241e+06|     42018|          -|      16|        no|         -|         -|             -|             -|    -|
    |    o B_PE_dummy_in_4_x0_loop_2                          |       -|  -2.43|      42016|  1.400e+05|      2626|          -|      16|        no|         -|         -|             -|             -|    -|
    |     o B_PE_dummy_in_4_x0_loop_3                         |       -|  -2.43|       2624|  8.746e+03|        82|          -|      32|        no|         -|         -|             -|             -|    -|
    |      o B_PE_dummy_in_4_x0_loop_4                        |       -|  -2.43|         80|    266.640|        10|          -|       8|        no|         -|         -|             -|             -|    -|
    |       o B_PE_dummy_in_4_x0_loop_5                       |       -|  -2.43|          8|     26.664|         1|          -|       8|        no|         -|         -|             -|             -|    -|
    |  + grp_A_PE_dummy_in_5_x0_fu_3468                       |       -|  -0.56|     672289|  2.241e+06|         -|     672289|       -|        no|         -|         -|      51 (~0%)|     213 (~0%)|    -|
    |   o A_PE_dummy_in_5_x0_loop_1                           |       -|  -2.43|     672288|  2.241e+06|     42018|          -|      16|        no|         -|         -|             -|             -|    -|
    |    o A_PE_dummy_in_5_x0_loop_2                          |       -|  -2.43|      42016|  1.400e+05|      2626|          -|      16|        no|         -|         -|             -|             -|    -|
    |     o A_PE_dummy_in_5_x0_loop_3                         |       -|  -2.43|       2624|  8.746e+03|        82|          -|      32|        no|         -|         -|             -|             -|    -|
    |      o A_PE_dummy_in_5_x0_loop_4                        |       -|  -2.43|         80|    266.640|        10|          -|       8|        no|         -|         -|             -|             -|    -|
    |       o A_PE_dummy_in_5_x0_loop_5                       |       -|  -2.43|          8|     26.664|         1|          -|       8|        no|         -|         -|             -|             -|    -|
    |  + grp_B_PE_dummy_in_5_x0_fu_3473                       |       -|  -0.56|     672289|  2.241e+06|         -|     672289|       -|        no|         -|         -|      51 (~0%)|     213 (~0%)|    -|
    |   o B_PE_dummy_in_5_x0_loop_1                           |       -|  -2.43|     672288|  2.241e+06|     42018|          -|      16|        no|         -|         -|             -|             -|    -|
    |    o B_PE_dummy_in_5_x0_loop_2                          |       -|  -2.43|      42016|  1.400e+05|      2626|          -|      16|        no|         -|         -|             -|             -|    -|
    |     o B_PE_dummy_in_5_x0_loop_3                         |       -|  -2.43|       2624|  8.746e+03|        82|          -|      32|        no|         -|         -|             -|             -|    -|
    |      o B_PE_dummy_in_5_x0_loop_4                        |       -|  -2.43|         80|    266.640|        10|          -|       8|        no|         -|         -|             -|             -|    -|
    |       o B_PE_dummy_in_5_x0_loop_5                       |       -|  -2.43|          8|     26.664|         1|          -|       8|        no|         -|         -|             -|             -|    -|
    |  + grp_A_PE_dummy_in_6_x0_fu_3478                       |       -|  -0.56|     672289|  2.241e+06|         -|     672289|       -|        no|         -|         -|      51 (~0%)|     213 (~0%)|    -|
    |   o A_PE_dummy_in_6_x0_loop_1                           |       -|  -2.43|     672288|  2.241e+06|     42018|          -|      16|        no|         -|         -|             -|             -|    -|
    |    o A_PE_dummy_in_6_x0_loop_2                          |       -|  -2.43|      42016|  1.400e+05|      2626|          -|      16|        no|         -|         -|             -|             -|    -|
    |     o A_PE_dummy_in_6_x0_loop_3                         |       -|  -2.43|       2624|  8.746e+03|        82|          -|      32|        no|         -|         -|             -|             -|    -|
    |      o A_PE_dummy_in_6_x0_loop_4                        |       -|  -2.43|         80|    266.640|        10|          -|       8|        no|         -|         -|             -|             -|    -|
    |       o A_PE_dummy_in_6_x0_loop_5                       |       -|  -2.43|          8|     26.664|         1|          -|       8|        no|         -|         -|             -|             -|    -|
    |  + grp_B_PE_dummy_in_6_x0_fu_3483                       |       -|  -0.56|     672289|  2.241e+06|         -|     672289|       -|        no|         -|         -|      51 (~0%)|     213 (~0%)|    -|
    |   o B_PE_dummy_in_6_x0_loop_1                           |       -|  -2.43|     672288|  2.241e+06|     42018|          -|      16|        no|         -|         -|             -|             -|    -|
    |    o B_PE_dummy_in_6_x0_loop_2                          |       -|  -2.43|      42016|  1.400e+05|      2626|          -|      16|        no|         -|         -|             -|             -|    -|
    |     o B_PE_dummy_in_6_x0_loop_3                         |       -|  -2.43|       2624|  8.746e+03|        82|          -|      32|        no|         -|         -|             -|             -|    -|
    |      o B_PE_dummy_in_6_x0_loop_4                        |       -|  -2.43|         80|    266.640|        10|          -|       8|        no|         -|         -|             -|             -|    -|
    |       o B_PE_dummy_in_6_x0_loop_5                       |       -|  -2.43|          8|     26.664|         1|          -|       8|        no|         -|         -|             -|             -|    -|
    |  + grp_A_PE_dummy_in_7_x0_fu_3488                       |       -|  -0.56|     672289|  2.241e+06|         -|     672289|       -|        no|         -|         -|      51 (~0%)|     213 (~0%)|    -|
    |   o A_PE_dummy_in_7_x0_loop_1                           |       -|  -2.43|     672288|  2.241e+06|     42018|          -|      16|        no|         -|         -|             -|             -|    -|
    |    o A_PE_dummy_in_7_x0_loop_2                          |       -|  -2.43|      42016|  1.400e+05|      2626|          -|      16|        no|         -|         -|             -|             -|    -|
    |     o A_PE_dummy_in_7_x0_loop_3                         |       -|  -2.43|       2624|  8.746e+03|        82|          -|      32|        no|         -|         -|             -|             -|    -|
    |      o A_PE_dummy_in_7_x0_loop_4                        |       -|  -2.43|         80|    266.640|        10|          -|       8|        no|         -|         -|             -|             -|    -|
    |       o A_PE_dummy_in_7_x0_loop_5                       |       -|  -2.43|          8|     26.664|         1|          -|       8|        no|         -|         -|             -|             -|    -|
    |  + grp_B_PE_dummy_in_7_x0_fu_3493                       |       -|  -0.56|     672289|  2.241e+06|         -|     672289|       -|        no|         -|         -|      51 (~0%)|     213 (~0%)|    -|
    |   o B_PE_dummy_in_7_x0_loop_1                           |       -|  -2.43|     672288|  2.241e+06|     42018|          -|      16|        no|         -|         -|             -|             -|    -|
    |    o B_PE_dummy_in_7_x0_loop_2                          |       -|  -2.43|      42016|  1.400e+05|      2626|          -|      16|        no|         -|         -|             -|             -|    -|
    |     o B_PE_dummy_in_7_x0_loop_3                         |       -|  -2.43|       2624|  8.746e+03|        82|          -|      32|        no|         -|         -|             -|             -|    -|
    |      o B_PE_dummy_in_7_x0_loop_4                        |       -|  -2.43|         80|    266.640|        10|          -|       8|        no|         -|         -|             -|             -|    -|
    |       o B_PE_dummy_in_7_x0_loop_5                       |       -|  -2.43|          8|     26.664|         1|          -|       8|        no|         -|         -|             -|             -|    -|
    |  + grp_C_drain_IO_L3_out_x0_fu_3498                     |  Timing|   0.00|     299553|  9.984e+05|         -|     299553|       -|        no|         -|         -|      52 (~0%)|     226 (~0%)|    -|
    |   o C_drain_IO_L3_out_x0_loop_1                         |       -|  -2.43|     299552|  9.984e+05|     18722|          -|      16|        no|         -|         -|             -|             -|    -|
    |    o C_drain_IO_L3_out_x0_loop_2                        |       -|  -2.43|      18720|  6.239e+04|      1170|          -|      16|        no|         -|         -|             -|             -|    -|
    |     o C_drain_IO_L3_out_x0_loop_3                       |       -|  -2.43|       1168|  3.893e+03|       146|          -|       8|        no|         -|         -|             -|             -|    -|
    |      o C_drain_IO_L3_out_x0_loop_4                      |       -|  -2.43|        144|    479.952|        18|          -|       8|        no|         -|         -|             -|             -|    -|
    |       o C_drain_IO_L3_out_x0_loop_5                     |       -|  -2.43|         16|     53.328|         2|          -|       8|        no|         -|         -|             -|             -|    -|
    |  + grp_C_drain_IO_L2_out_boundary_x0_fu_3504            |  Timing|   0.00|      37409|  1.247e+05|         -|      37409|       -|        no|         -|         -|      43 (~0%)|     190 (~0%)|    -|
    |   o C_drain_IO_L2_out_boundary_x0_loop_1                |       -|  -2.43|      37408|  1.247e+05|      2338|          -|      16|        no|         -|         -|             -|             -|    -|
    |    o C_drain_IO_L2_out_boundary_x0_loop_2               |       -|  -2.43|       2336|  7.786e+03|       146|          -|      16|        no|         -|         -|             -|             -|    -|
    |     o C_drain_IO_L2_out_boundary_x0_loop_4              |       -|  -2.43|        144|    479.952|        18|          -|       8|        no|         -|         -|             -|             -|    -|
    |      o C_drain_IO_L2_out_boundary_x0_loop_5             |       -|  -2.43|         16|     53.328|         2|          -|       8|        no|         -|         -|             -|             -|    -|
    |  + grp_A_IO_L3_in_serialize_x0_fu_3510                  |       -|  -0.02|    1048577|  3.495e+06|         -|    1048577|       -|        no|         -|         -|      44 (~0%)|      91 (~0%)|    -|
    |   o A_IO_L3_in_serialize_x0_loop_1                      |       -|  -2.43|    1048576|  3.495e+06|         2|          -|  524288|        no|         -|         -|             -|             -|    -|
    |  + call_ln17609_kernel0_x0_entry9_fu_3517               |       -|  -1.22|          0|      0.000|         -|          0|       -|        no|         -|         -|       2 (~0%)|      20 (~0%)|    -|
    |  + call_ln17609_kernel0_x0_entry19_fu_3524              |  Timing|   0.00|          0|      0.000|         -|          0|       -|        no|         -|         -|       2 (~0%)|      29 (~0%)|    -|
    | + grp_kernel0_x1_fu_105*                                |  Timing|   0.00|  129123154|  4.304e+08|         -|  129122850|       -|  dataflow|         -|  64 (~0%)|  377779 (10%)|  223597 (12%)|    -|
    |  + grp_PE_wrapper_0_0_x1_fu_2218                        |       -|  -0.53|  129122849|  4.304e+08|         -|  129122849|       -|        no|         -|   1 (~0%)|    2164 (~0%)|     951 (~0%)|    -|
    |   o PE_wrapper_0_0_x1_loop_1                            |       -|  -2.43|  129122848|  4.304e+08|   8070178|          -|      16|        no|         -|         -|             -|             -|    -|
    |    o PE_wrapper_0_0_x1_loop_2                           |       -|  -2.43|    8070176|  2.690e+07|    504386|          -|      16|        no|         -|         -|             -|             -|    -|
    |     o PE_wrapper_0_0_x1_loop_3                          |       -|  -2.43|     504384|  1.681e+06|     15762|          -|      32|        no|         -|         -|             -|             -|    -|
    |      o PE_wrapper_0_0_x1_loop_4                         |       -|  -2.43|      15760|  5.253e+04|      1970|          -|       8|        no|         -|         -|             -|             -|    -|
    |       o PE_wrapper_0_0_x1_loop_5                        |       -|  -2.43|       1968|  6.559e+03|       246|          -|       8|        no|         -|         -|             -|             -|    -|
    |        o PE_wrapper_0_0_x1_loop_6                       |       -|  -2.43|         32|    106.656|         1|          -|      32|        no|         -|         -|             -|             -|    -|
    |        o PE_wrapper_0_0_x1_loop_7                       |       -|  -2.43|         32|    106.656|         1|          -|      32|        no|         -|         -|             -|             -|    -|
    |        o PE_wrapper_0_0_x1_loop_8                       |       -|  -2.43|        160|    533.280|         5|          -|      32|        no|         -|         -|             -|             -|    -|
    |  + grp_PE_wrapper_0_1_x1_fu_2227                        |       -|  -0.53|  129122849|  4.304e+08|         -|  129122849|       -|        no|         -|   1 (~0%)|    2164 (~0%)|     951 (~0%)|    -|
    |   o PE_wrapper_0_1_x1_loop_1                            |       -|  -2.43|  129122848|  4.304e+08|   8070178|          -|      16|        no|         -|         -|             -|             -|    -|
    |    o PE_wrapper_0_1_x1_loop_2                           |       -|  -2.43|    8070176|  2.690e+07|    504386|          -|      16|        no|         -|         -|             -|             -|    -|
    |     o PE_wrapper_0_1_x1_loop_3                          |       -|  -2.43|     504384|  1.681e+06|     15762|          -|      32|        no|         -|         -|             -|             -|    -|
    |      o PE_wrapper_0_1_x1_loop_4                         |       -|  -2.43|      15760|  5.253e+04|      1970|          -|       8|        no|         -|         -|             -|             -|    -|
    |       o PE_wrapper_0_1_x1_loop_5                        |       -|  -2.43|       1968|  6.559e+03|       246|          -|       8|        no|         -|         -|             -|             -|    -|
    |        o PE_wrapper_0_1_x1_loop_6                       |       -|  -2.43|         32|    106.656|         1|          -|      32|        no|         -|         -|             -|             -|    -|
    |        o PE_wrapper_0_1_x1_loop_7                       |       -|  -2.43|         32|    106.656|         1|          -|      32|        no|         -|         -|             -|             -|    -|
    |        o PE_wrapper_0_1_x1_loop_8                       |       -|  -2.43|        160|    533.280|         5|          -|      32|        no|         -|         -|             -|             -|    -|
    |  + grp_PE_wrapper_1_0_x1_fu_2236                        |       -|  -0.53|  129122849|  4.304e+08|         -|  129122849|       -|        no|         -|   1 (~0%)|    2164 (~0%)|     951 (~0%)|    -|
    |   o PE_wrapper_1_0_x1_loop_1                            |       -|  -2.43|  129122848|  4.304e+08|   8070178|          -|      16|        no|         -|         -|             -|             -|    -|
    |    o PE_wrapper_1_0_x1_loop_2                           |       -|  -2.43|    8070176|  2.690e+07|    504386|          -|      16|        no|         -|         -|             -|             -|    -|
    |     o PE_wrapper_1_0_x1_loop_3                          |       -|  -2.43|     504384|  1.681e+06|     15762|          -|      32|        no|         -|         -|             -|             -|    -|
    |      o PE_wrapper_1_0_x1_loop_4                         |       -|  -2.43|      15760|  5.253e+04|      1970|          -|       8|        no|         -|         -|             -|             -|    -|
    |       o PE_wrapper_1_0_x1_loop_5                        |       -|  -2.43|       1968|  6.559e+03|       246|          -|       8|        no|         -|         -|             -|             -|    -|
    |        o PE_wrapper_1_0_x1_loop_6                       |       -|  -2.43|         32|    106.656|         1|          -|      32|        no|         -|         -|             -|             -|    -|
    |        o PE_wrapper_1_0_x1_loop_7                       |       -|  -2.43|         32|    106.656|         1|          -|      32|        no|         -|         -|             -|             -|    -|
    |        o PE_wrapper_1_0_x1_loop_8                       |       -|  -2.43|        160|    533.280|         5|          -|      32|        no|         -|         -|             -|             -|    -|
    |  + grp_PE_wrapper_0_2_x1_fu_2245                        |       -|  -0.53|  129122849|  4.304e+08|         -|  129122849|       -|        no|         -|   1 (~0%)|    2164 (~0%)|     951 (~0%)|    -|
    |   o PE_wrapper_0_2_x1_loop_1                            |       -|  -2.43|  129122848|  4.304e+08|   8070178|          -|      16|        no|         -|         -|             -|             -|    -|
    |    o PE_wrapper_0_2_x1_loop_2                           |       -|  -2.43|    8070176|  2.690e+07|    504386|          -|      16|        no|         -|         -|             -|             -|    -|
    |     o PE_wrapper_0_2_x1_loop_3                          |       -|  -2.43|     504384|  1.681e+06|     15762|          -|      32|        no|         -|         -|             -|             -|    -|
    |      o PE_wrapper_0_2_x1_loop_4                         |       -|  -2.43|      15760|  5.253e+04|      1970|          -|       8|        no|         -|         -|             -|             -|    -|
    |       o PE_wrapper_0_2_x1_loop_5                        |       -|  -2.43|       1968|  6.559e+03|       246|          -|       8|        no|         -|         -|             -|             -|    -|
    |        o PE_wrapper_0_2_x1_loop_6                       |       -|  -2.43|         32|    106.656|         1|          -|      32|        no|         -|         -|             -|             -|    -|
    |        o PE_wrapper_0_2_x1_loop_7                       |       -|  -2.43|         32|    106.656|         1|          -|      32|        no|         -|         -|             -|             -|    -|
    |        o PE_wrapper_0_2_x1_loop_8                       |       -|  -2.43|        160|    533.280|         5|          -|      32|        no|         -|         -|             -|             -|    -|
    |  + grp_PE_wrapper_1_1_x1_fu_2254                        |       -|  -0.53|  129122849|  4.304e+08|         -|  129122849|       -|        no|         -|   1 (~0%)|    2164 (~0%)|     951 (~0%)|    -|
    |   o PE_wrapper_1_1_x1_loop_1                            |       -|  -2.43|  129122848|  4.304e+08|   8070178|          -|      16|        no|         -|         -|             -|             -|    -|
    |    o PE_wrapper_1_1_x1_loop_2                           |       -|  -2.43|    8070176|  2.690e+07|    504386|          -|      16|        no|         -|         -|             -|             -|    -|
    |     o PE_wrapper_1_1_x1_loop_3                          |       -|  -2.43|     504384|  1.681e+06|     15762|          -|      32|        no|         -|         -|             -|             -|    -|
    |      o PE_wrapper_1_1_x1_loop_4                         |       -|  -2.43|      15760|  5.253e+04|      1970|          -|       8|        no|         -|         -|             -|             -|    -|
    |       o PE_wrapper_1_1_x1_loop_5                        |       -|  -2.43|       1968|  6.559e+03|       246|          -|       8|        no|         -|         -|             -|             -|    -|
    |        o PE_wrapper_1_1_x1_loop_6                       |       -|  -2.43|         32|    106.656|         1|          -|      32|        no|         -|         -|             -|             -|    -|
    |        o PE_wrapper_1_1_x1_loop_7                       |       -|  -2.43|         32|    106.656|         1|          -|      32|        no|         -|         -|             -|             -|    -|
    |        o PE_wrapper_1_1_x1_loop_8                       |       -|  -2.43|        160|    533.280|         5|          -|      32|        no|         -|         -|             -|             -|    -|
    |  + grp_PE_wrapper_2_0_x1_fu_2263                        |       -|  -0.53|  129122849|  4.304e+08|         -|  129122849|       -|        no|         -|   1 (~0%)|    2164 (~0%)|     951 (~0%)|    -|
    |   o PE_wrapper_2_0_x1_loop_1                            |       -|  -2.43|  129122848|  4.304e+08|   8070178|          -|      16|        no|         -|         -|             -|             -|    -|
    |    o PE_wrapper_2_0_x1_loop_2                           |       -|  -2.43|    8070176|  2.690e+07|    504386|          -|      16|        no|         -|         -|             -|             -|    -|
    |     o PE_wrapper_2_0_x1_loop_3                          |       -|  -2.43|     504384|  1.681e+06|     15762|          -|      32|        no|         -|         -|             -|             -|    -|
    |      o PE_wrapper_2_0_x1_loop_4                         |       -|  -2.43|      15760|  5.253e+04|      1970|          -|       8|        no|         -|         -|             -|             -|    -|
    |       o PE_wrapper_2_0_x1_loop_5                        |       -|  -2.43|       1968|  6.559e+03|       246|          -|       8|        no|         -|         -|             -|             -|    -|
    |        o PE_wrapper_2_0_x1_loop_6                       |       -|  -2.43|         32|    106.656|         1|          -|      32|        no|         -|         -|             -|             -|    -|
    |        o PE_wrapper_2_0_x1_loop_7                       |       -|  -2.43|         32|    106.656|         1|          -|      32|        no|         -|         -|             -|             -|    -|
    |        o PE_wrapper_2_0_x1_loop_8                       |       -|  -2.43|        160|    533.280|         5|          -|      32|        no|         -|         -|             -|             -|    -|
    |  + grp_PE_wrapper_0_3_x1_fu_2272                        |       -|  -0.53|  129122849|  4.304e+08|         -|  129122849|       -|        no|         -|   1 (~0%)|    2164 (~0%)|     951 (~0%)|    -|
    |   o PE_wrapper_0_3_x1_loop_1                            |       -|  -2.43|  129122848|  4.304e+08|   8070178|          -|      16|        no|         -|         -|             -|             -|    -|
    |    o PE_wrapper_0_3_x1_loop_2                           |       -|  -2.43|    8070176|  2.690e+07|    504386|          -|      16|        no|         -|         -|             -|             -|    -|
    |     o PE_wrapper_0_3_x1_loop_3                          |       -|  -2.43|     504384|  1.681e+06|     15762|          -|      32|        no|         -|         -|             -|             -|    -|
    |      o PE_wrapper_0_3_x1_loop_4                         |       -|  -2.43|      15760|  5.253e+04|      1970|          -|       8|        no|         -|         -|             -|             -|    -|
    |       o PE_wrapper_0_3_x1_loop_5                        |       -|  -2.43|       1968|  6.559e+03|       246|          -|       8|        no|         -|         -|             -|             -|    -|
    |        o PE_wrapper_0_3_x1_loop_6                       |       -|  -2.43|         32|    106.656|         1|          -|      32|        no|         -|         -|             -|             -|    -|
    |        o PE_wrapper_0_3_x1_loop_7                       |       -|  -2.43|         32|    106.656|         1|          -|      32|        no|         -|         -|             -|             -|    -|
    |        o PE_wrapper_0_3_x1_loop_8                       |       -|  -2.43|        160|    533.280|         5|          -|      32|        no|         -|         -|             -|             -|    -|
    |  + grp_PE_wrapper_1_2_x1_fu_2281                        |       -|  -0.53|  129122849|  4.304e+08|         -|  129122849|       -|        no|         -|   1 (~0%)|    2164 (~0%)|     951 (~0%)|    -|
    |   o PE_wrapper_1_2_x1_loop_1                            |       -|  -2.43|  129122848|  4.304e+08|   8070178|          -|      16|        no|         -|         -|             -|             -|    -|
    |    o PE_wrapper_1_2_x1_loop_2                           |       -|  -2.43|    8070176|  2.690e+07|    504386|          -|      16|        no|         -|         -|             -|             -|    -|
    |     o PE_wrapper_1_2_x1_loop_3                          |       -|  -2.43|     504384|  1.681e+06|     15762|          -|      32|        no|         -|         -|             -|             -|    -|
    |      o PE_wrapper_1_2_x1_loop_4                         |       -|  -2.43|      15760|  5.253e+04|      1970|          -|       8|        no|         -|         -|             -|             -|    -|
    |       o PE_wrapper_1_2_x1_loop_5                        |       -|  -2.43|       1968|  6.559e+03|       246|          -|       8|        no|         -|         -|             -|             -|    -|
    |        o PE_wrapper_1_2_x1_loop_6                       |       -|  -2.43|         32|    106.656|         1|          -|      32|        no|         -|         -|             -|             -|    -|
    |        o PE_wrapper_1_2_x1_loop_7                       |       -|  -2.43|         32|    106.656|         1|          -|      32|        no|         -|         -|             -|             -|    -|
    |        o PE_wrapper_1_2_x1_loop_8                       |       -|  -2.43|        160|    533.280|         5|          -|      32|        no|         -|         -|             -|             -|    -|
    |  + grp_PE_wrapper_2_1_x1_fu_2290                        |       -|  -0.53|  129122849|  4.304e+08|         -|  129122849|       -|        no|         -|   1 (~0%)|    2164 (~0%)|     951 (~0%)|    -|
    |   o PE_wrapper_2_1_x1_loop_1                            |       -|  -2.43|  129122848|  4.304e+08|   8070178|          -|      16|        no|         -|         -|             -|             -|    -|
    |    o PE_wrapper_2_1_x1_loop_2                           |       -|  -2.43|    8070176|  2.690e+07|    504386|          -|      16|        no|         -|         -|             -|             -|    -|
    |     o PE_wrapper_2_1_x1_loop_3                          |       -|  -2.43|     504384|  1.681e+06|     15762|          -|      32|        no|         -|         -|             -|             -|    -|
    |      o PE_wrapper_2_1_x1_loop_4                         |       -|  -2.43|      15760|  5.253e+04|      1970|          -|       8|        no|         -|         -|             -|             -|    -|
    |       o PE_wrapper_2_1_x1_loop_5                        |       -|  -2.43|       1968|  6.559e+03|       246|          -|       8|        no|         -|         -|             -|             -|    -|
    |        o PE_wrapper_2_1_x1_loop_6                       |       -|  -2.43|         32|    106.656|         1|          -|      32|        no|         -|         -|             -|             -|    -|
    |        o PE_wrapper_2_1_x1_loop_7                       |       -|  -2.43|         32|    106.656|         1|          -|      32|        no|         -|         -|             -|             -|    -|
    |        o PE_wrapper_2_1_x1_loop_8                       |       -|  -2.43|        160|    533.280|         5|          -|      32|        no|         -|         -|             -|             -|    -|
    |  + grp_PE_wrapper_3_0_x1_fu_2299                        |       -|  -0.53|  129122849|  4.304e+08|         -|  129122849|       -|        no|         -|   1 (~0%)|    2164 (~0%)|     951 (~0%)|    -|
    |   o PE_wrapper_3_0_x1_loop_1                            |       -|  -2.43|  129122848|  4.304e+08|   8070178|          -|      16|        no|         -|         -|             -|             -|    -|
    |    o PE_wrapper_3_0_x1_loop_2                           |       -|  -2.43|    8070176|  2.690e+07|    504386|          -|      16|        no|         -|         -|             -|             -|    -|
    |     o PE_wrapper_3_0_x1_loop_3                          |       -|  -2.43|     504384|  1.681e+06|     15762|          -|      32|        no|         -|         -|             -|             -|    -|
    |      o PE_wrapper_3_0_x1_loop_4                         |       -|  -2.43|      15760|  5.253e+04|      1970|          -|       8|        no|         -|         -|             -|             -|    -|
    |       o PE_wrapper_3_0_x1_loop_5                        |       -|  -2.43|       1968|  6.559e+03|       246|          -|       8|        no|         -|         -|             -|             -|    -|
    |        o PE_wrapper_3_0_x1_loop_6                       |       -|  -2.43|         32|    106.656|         1|          -|      32|        no|         -|         -|             -|             -|    -|
    |        o PE_wrapper_3_0_x1_loop_7                       |       -|  -2.43|         32|    106.656|         1|          -|      32|        no|         -|         -|             -|             -|    -|
    |        o PE_wrapper_3_0_x1_loop_8                       |       -|  -2.43|        160|    533.280|         5|          -|      32|        no|         -|         -|             -|             -|    -|
    |  + grp_PE_wrapper_0_4_x1_fu_2308                        |       -|  -0.53|  129122849|  4.304e+08|         -|  129122849|       -|        no|         -|   1 (~0%)|    2164 (~0%)|     951 (~0%)|    -|
    |   o PE_wrapper_0_4_x1_loop_1                            |       -|  -2.43|  129122848|  4.304e+08|   8070178|          -|      16|        no|         -|         -|             -|             -|    -|
    |    o PE_wrapper_0_4_x1_loop_2                           |       -|  -2.43|    8070176|  2.690e+07|    504386|          -|      16|        no|         -|         -|             -|             -|    -|
    |     o PE_wrapper_0_4_x1_loop_3                          |       -|  -2.43|     504384|  1.681e+06|     15762|          -|      32|        no|         -|         -|             -|             -|    -|
    |      o PE_wrapper_0_4_x1_loop_4                         |       -|  -2.43|      15760|  5.253e+04|      1970|          -|       8|        no|         -|         -|             -|             -|    -|
    |       o PE_wrapper_0_4_x1_loop_5                        |       -|  -2.43|       1968|  6.559e+03|       246|          -|       8|        no|         -|         -|             -|             -|    -|
    |        o PE_wrapper_0_4_x1_loop_6                       |       -|  -2.43|         32|    106.656|         1|          -|      32|        no|         -|         -|             -|             -|    -|
    |        o PE_wrapper_0_4_x1_loop_7                       |       -|  -2.43|         32|    106.656|         1|          -|      32|        no|         -|         -|             -|             -|    -|
    |        o PE_wrapper_0_4_x1_loop_8                       |       -|  -2.43|        160|    533.280|         5|          -|      32|        no|         -|         -|             -|             -|    -|
    |  + grp_PE_wrapper_1_3_x1_fu_2317                        |       -|  -0.53|  129122849|  4.304e+08|         -|  129122849|       -|        no|         -|   1 (~0%)|    2164 (~0%)|     951 (~0%)|    -|
    |   o PE_wrapper_1_3_x1_loop_1                            |       -|  -2.43|  129122848|  4.304e+08|   8070178|          -|      16|        no|         -|         -|             -|             -|    -|
    |    o PE_wrapper_1_3_x1_loop_2                           |       -|  -2.43|    8070176|  2.690e+07|    504386|          -|      16|        no|         -|         -|             -|             -|    -|
    |     o PE_wrapper_1_3_x1_loop_3                          |       -|  -2.43|     504384|  1.681e+06|     15762|          -|      32|        no|         -|         -|             -|             -|    -|
    |      o PE_wrapper_1_3_x1_loop_4                         |       -|  -2.43|      15760|  5.253e+04|      1970|          -|       8|        no|         -|         -|             -|             -|    -|
    |       o PE_wrapper_1_3_x1_loop_5                        |       -|  -2.43|       1968|  6.559e+03|       246|          -|       8|        no|         -|         -|             -|             -|    -|
    |        o PE_wrapper_1_3_x1_loop_6                       |       -|  -2.43|         32|    106.656|         1|          -|      32|        no|         -|         -|             -|             -|    -|
    |        o PE_wrapper_1_3_x1_loop_7                       |       -|  -2.43|         32|    106.656|         1|          -|      32|        no|         -|         -|             -|             -|    -|
    |        o PE_wrapper_1_3_x1_loop_8                       |       -|  -2.43|        160|    533.280|         5|          -|      32|        no|         -|         -|             -|             -|    -|
    |  + grp_PE_wrapper_2_2_x1_fu_2326                        |       -|  -0.53|  129122849|  4.304e+08|         -|  129122849|       -|        no|         -|   1 (~0%)|    2164 (~0%)|     951 (~0%)|    -|
    |   o PE_wrapper_2_2_x1_loop_1                            |       -|  -2.43|  129122848|  4.304e+08|   8070178|          -|      16|        no|         -|         -|             -|             -|    -|
    |    o PE_wrapper_2_2_x1_loop_2                           |       -|  -2.43|    8070176|  2.690e+07|    504386|          -|      16|        no|         -|         -|             -|             -|    -|
    |     o PE_wrapper_2_2_x1_loop_3                          |       -|  -2.43|     504384|  1.681e+06|     15762|          -|      32|        no|         -|         -|             -|             -|    -|
    |      o PE_wrapper_2_2_x1_loop_4                         |       -|  -2.43|      15760|  5.253e+04|      1970|          -|       8|        no|         -|         -|             -|             -|    -|
    |       o PE_wrapper_2_2_x1_loop_5                        |       -|  -2.43|       1968|  6.559e+03|       246|          -|       8|        no|         -|         -|             -|             -|    -|
    |        o PE_wrapper_2_2_x1_loop_6                       |       -|  -2.43|         32|    106.656|         1|          -|      32|        no|         -|         -|             -|             -|    -|
    |        o PE_wrapper_2_2_x1_loop_7                       |       -|  -2.43|         32|    106.656|         1|          -|      32|        no|         -|         -|             -|             -|    -|
    |        o PE_wrapper_2_2_x1_loop_8                       |       -|  -2.43|        160|    533.280|         5|          -|      32|        no|         -|         -|             -|             -|    -|
    |  + grp_PE_wrapper_3_1_x1_fu_2335                        |       -|  -0.53|  129122849|  4.304e+08|         -|  129122849|       -|        no|         -|   1 (~0%)|    2164 (~0%)|     951 (~0%)|    -|
    |   o PE_wrapper_3_1_x1_loop_1                            |       -|  -2.43|  129122848|  4.304e+08|   8070178|          -|      16|        no|         -|         -|             -|             -|    -|
    |    o PE_wrapper_3_1_x1_loop_2                           |       -|  -2.43|    8070176|  2.690e+07|    504386|          -|      16|        no|         -|         -|             -|             -|    -|
    |     o PE_wrapper_3_1_x1_loop_3                          |       -|  -2.43|     504384|  1.681e+06|     15762|          -|      32|        no|         -|         -|             -|             -|    -|
    |      o PE_wrapper_3_1_x1_loop_4                         |       -|  -2.43|      15760|  5.253e+04|      1970|          -|       8|        no|         -|         -|             -|             -|    -|
    |       o PE_wrapper_3_1_x1_loop_5                        |       -|  -2.43|       1968|  6.559e+03|       246|          -|       8|        no|         -|         -|             -|             -|    -|
    |        o PE_wrapper_3_1_x1_loop_6                       |       -|  -2.43|         32|    106.656|         1|          -|      32|        no|         -|         -|             -|             -|    -|
    |        o PE_wrapper_3_1_x1_loop_7                       |       -|  -2.43|         32|    106.656|         1|          -|      32|        no|         -|         -|             -|             -|    -|
    |        o PE_wrapper_3_1_x1_loop_8                       |       -|  -2.43|        160|    533.280|         5|          -|      32|        no|         -|         -|             -|             -|    -|
    |  + grp_PE_wrapper_4_0_x1_fu_2344                        |       -|  -0.53|  129122849|  4.304e+08|         -|  129122849|       -|        no|         -|   1 (~0%)|    2164 (~0%)|     951 (~0%)|    -|
    |   o PE_wrapper_4_0_x1_loop_1                            |       -|  -2.43|  129122848|  4.304e+08|   8070178|          -|      16|        no|         -|         -|             -|             -|    -|
    |    o PE_wrapper_4_0_x1_loop_2                           |       -|  -2.43|    8070176|  2.690e+07|    504386|          -|      16|        no|         -|         -|             -|             -|    -|
    |     o PE_wrapper_4_0_x1_loop_3                          |       -|  -2.43|     504384|  1.681e+06|     15762|          -|      32|        no|         -|         -|             -|             -|    -|
    |      o PE_wrapper_4_0_x1_loop_4                         |       -|  -2.43|      15760|  5.253e+04|      1970|          -|       8|        no|         -|         -|             -|             -|    -|
    |       o PE_wrapper_4_0_x1_loop_5                        |       -|  -2.43|       1968|  6.559e+03|       246|          -|       8|        no|         -|         -|             -|             -|    -|
    |        o PE_wrapper_4_0_x1_loop_6                       |       -|  -2.43|         32|    106.656|         1|          -|      32|        no|         -|         -|             -|             -|    -|
    |        o PE_wrapper_4_0_x1_loop_7                       |       -|  -2.43|         32|    106.656|         1|          -|      32|        no|         -|         -|             -|             -|    -|
    |        o PE_wrapper_4_0_x1_loop_8                       |       -|  -2.43|        160|    533.280|         5|          -|      32|        no|         -|         -|             -|             -|    -|
    |  + grp_PE_wrapper_0_5_x1_fu_2353                        |       -|  -0.53|  129122849|  4.304e+08|         -|  129122849|       -|        no|         -|   1 (~0%)|    2164 (~0%)|     951 (~0%)|    -|
    |   o PE_wrapper_0_5_x1_loop_1                            |       -|  -2.43|  129122848|  4.304e+08|   8070178|          -|      16|        no|         -|         -|             -|             -|    -|
    |    o PE_wrapper_0_5_x1_loop_2                           |       -|  -2.43|    8070176|  2.690e+07|    504386|          -|      16|        no|         -|         -|             -|             -|    -|
    |     o PE_wrapper_0_5_x1_loop_3                          |       -|  -2.43|     504384|  1.681e+06|     15762|          -|      32|        no|         -|         -|             -|             -|    -|
    |      o PE_wrapper_0_5_x1_loop_4                         |       -|  -2.43|      15760|  5.253e+04|      1970|          -|       8|        no|         -|         -|             -|             -|    -|
    |       o PE_wrapper_0_5_x1_loop_5                        |       -|  -2.43|       1968|  6.559e+03|       246|          -|       8|        no|         -|         -|             -|             -|    -|
    |        o PE_wrapper_0_5_x1_loop_6                       |       -|  -2.43|         32|    106.656|         1|          -|      32|        no|         -|         -|             -|             -|    -|
    |        o PE_wrapper_0_5_x1_loop_7                       |       -|  -2.43|         32|    106.656|         1|          -|      32|        no|         -|         -|             -|             -|    -|
    |        o PE_wrapper_0_5_x1_loop_8                       |       -|  -2.43|        160|    533.280|         5|          -|      32|        no|         -|         -|             -|             -|    -|
    |  + grp_PE_wrapper_1_4_x1_fu_2362                        |       -|  -0.53|  129122849|  4.304e+08|         -|  129122849|       -|        no|         -|   1 (~0%)|    2164 (~0%)|     951 (~0%)|    -|
    |   o PE_wrapper_1_4_x1_loop_1                            |       -|  -2.43|  129122848|  4.304e+08|   8070178|          -|      16|        no|         -|         -|             -|             -|    -|
    |    o PE_wrapper_1_4_x1_loop_2                           |       -|  -2.43|    8070176|  2.690e+07|    504386|          -|      16|        no|         -|         -|             -|             -|    -|
    |     o PE_wrapper_1_4_x1_loop_3                          |       -|  -2.43|     504384|  1.681e+06|     15762|          -|      32|        no|         -|         -|             -|             -|    -|
    |      o PE_wrapper_1_4_x1_loop_4                         |       -|  -2.43|      15760|  5.253e+04|      1970|          -|       8|        no|         -|         -|             -|             -|    -|
    |       o PE_wrapper_1_4_x1_loop_5                        |       -|  -2.43|       1968|  6.559e+03|       246|          -|       8|        no|         -|         -|             -|             -|    -|
    |        o PE_wrapper_1_4_x1_loop_6                       |       -|  -2.43|         32|    106.656|         1|          -|      32|        no|         -|         -|             -|             -|    -|
    |        o PE_wrapper_1_4_x1_loop_7                       |       -|  -2.43|         32|    106.656|         1|          -|      32|        no|         -|         -|             -|             -|    -|
    |        o PE_wrapper_1_4_x1_loop_8                       |       -|  -2.43|        160|    533.280|         5|          -|      32|        no|         -|         -|             -|             -|    -|
    |  + grp_PE_wrapper_2_3_x1_fu_2371                        |       -|  -0.53|  129122849|  4.304e+08|         -|  129122849|       -|        no|         -|   1 (~0%)|    2164 (~0%)|     951 (~0%)|    -|
    |   o PE_wrapper_2_3_x1_loop_1                            |       -|  -2.43|  129122848|  4.304e+08|   8070178|          -|      16|        no|         -|         -|             -|             -|    -|
    |    o PE_wrapper_2_3_x1_loop_2                           |       -|  -2.43|    8070176|  2.690e+07|    504386|          -|      16|        no|         -|         -|             -|             -|    -|
    |     o PE_wrapper_2_3_x1_loop_3                          |       -|  -2.43|     504384|  1.681e+06|     15762|          -|      32|        no|         -|         -|             -|             -|    -|
    |      o PE_wrapper_2_3_x1_loop_4                         |       -|  -2.43|      15760|  5.253e+04|      1970|          -|       8|        no|         -|         -|             -|             -|    -|
    |       o PE_wrapper_2_3_x1_loop_5                        |       -|  -2.43|       1968|  6.559e+03|       246|          -|       8|        no|         -|         -|             -|             -|    -|
    |        o PE_wrapper_2_3_x1_loop_6                       |       -|  -2.43|         32|    106.656|         1|          -|      32|        no|         -|         -|             -|             -|    -|
    |        o PE_wrapper_2_3_x1_loop_7                       |       -|  -2.43|         32|    106.656|         1|          -|      32|        no|         -|         -|             -|             -|    -|
    |        o PE_wrapper_2_3_x1_loop_8                       |       -|  -2.43|        160|    533.280|         5|          -|      32|        no|         -|         -|             -|             -|    -|
    |  + grp_PE_wrapper_3_2_x1_fu_2380                        |       -|  -0.53|  129122849|  4.304e+08|         -|  129122849|       -|        no|         -|   1 (~0%)|    2164 (~0%)|     951 (~0%)|    -|
    |   o PE_wrapper_3_2_x1_loop_1                            |       -|  -2.43|  129122848|  4.304e+08|   8070178|          -|      16|        no|         -|         -|             -|             -|    -|
    |    o PE_wrapper_3_2_x1_loop_2                           |       -|  -2.43|    8070176|  2.690e+07|    504386|          -|      16|        no|         -|         -|             -|             -|    -|
    |     o PE_wrapper_3_2_x1_loop_3                          |       -|  -2.43|     504384|  1.681e+06|     15762|          -|      32|        no|         -|         -|             -|             -|    -|
    |      o PE_wrapper_3_2_x1_loop_4                         |       -|  -2.43|      15760|  5.253e+04|      1970|          -|       8|        no|         -|         -|             -|             -|    -|
    |       o PE_wrapper_3_2_x1_loop_5                        |       -|  -2.43|       1968|  6.559e+03|       246|          -|       8|        no|         -|         -|             -|             -|    -|
    |        o PE_wrapper_3_2_x1_loop_6                       |       -|  -2.43|         32|    106.656|         1|          -|      32|        no|         -|         -|             -|             -|    -|
    |        o PE_wrapper_3_2_x1_loop_7                       |       -|  -2.43|         32|    106.656|         1|          -|      32|        no|         -|         -|             -|             -|    -|
    |        o PE_wrapper_3_2_x1_loop_8                       |       -|  -2.43|        160|    533.280|         5|          -|      32|        no|         -|         -|             -|             -|    -|
    |  + grp_PE_wrapper_4_1_x1_fu_2389                        |       -|  -0.53|  129122849|  4.304e+08|         -|  129122849|       -|        no|         -|   1 (~0%)|    2164 (~0%)|     951 (~0%)|    -|
    |   o PE_wrapper_4_1_x1_loop_1                            |       -|  -2.43|  129122848|  4.304e+08|   8070178|          -|      16|        no|         -|         -|             -|             -|    -|
    |    o PE_wrapper_4_1_x1_loop_2                           |       -|  -2.43|    8070176|  2.690e+07|    504386|          -|      16|        no|         -|         -|             -|             -|    -|
    |     o PE_wrapper_4_1_x1_loop_3                          |       -|  -2.43|     504384|  1.681e+06|     15762|          -|      32|        no|         -|         -|             -|             -|    -|
    |      o PE_wrapper_4_1_x1_loop_4                         |       -|  -2.43|      15760|  5.253e+04|      1970|          -|       8|        no|         -|         -|             -|             -|    -|
    |       o PE_wrapper_4_1_x1_loop_5                        |       -|  -2.43|       1968|  6.559e+03|       246|          -|       8|        no|         -|         -|             -|             -|    -|
    |        o PE_wrapper_4_1_x1_loop_6                       |       -|  -2.43|         32|    106.656|         1|          -|      32|        no|         -|         -|             -|             -|    -|
    |        o PE_wrapper_4_1_x1_loop_7                       |       -|  -2.43|         32|    106.656|         1|          -|      32|        no|         -|         -|             -|             -|    -|
    |        o PE_wrapper_4_1_x1_loop_8                       |       -|  -2.43|        160|    533.280|         5|          -|      32|        no|         -|         -|             -|             -|    -|
    |  + grp_PE_wrapper_5_0_x1_fu_2398                        |       -|  -0.53|  129122849|  4.304e+08|         -|  129122849|       -|        no|         -|   1 (~0%)|    2164 (~0%)|     951 (~0%)|    -|
    |   o PE_wrapper_5_0_x1_loop_1                            |       -|  -2.43|  129122848|  4.304e+08|   8070178|          -|      16|        no|         -|         -|             -|             -|    -|
    |    o PE_wrapper_5_0_x1_loop_2                           |       -|  -2.43|    8070176|  2.690e+07|    504386|          -|      16|        no|         -|         -|             -|             -|    -|
    |     o PE_wrapper_5_0_x1_loop_3                          |       -|  -2.43|     504384|  1.681e+06|     15762|          -|      32|        no|         -|         -|             -|             -|    -|
    |      o PE_wrapper_5_0_x1_loop_4                         |       -|  -2.43|      15760|  5.253e+04|      1970|          -|       8|        no|         -|         -|             -|             -|    -|
    |       o PE_wrapper_5_0_x1_loop_5                        |       -|  -2.43|       1968|  6.559e+03|       246|          -|       8|        no|         -|         -|             -|             -|    -|
    |        o PE_wrapper_5_0_x1_loop_6                       |       -|  -2.43|         32|    106.656|         1|          -|      32|        no|         -|         -|             -|             -|    -|
    |        o PE_wrapper_5_0_x1_loop_7                       |       -|  -2.43|         32|    106.656|         1|          -|      32|        no|         -|         -|             -|             -|    -|
    |        o PE_wrapper_5_0_x1_loop_8                       |       -|  -2.43|        160|    533.280|         5|          -|      32|        no|         -|         -|             -|             -|    -|
    |  + grp_PE_wrapper_0_6_x1_fu_2407                        |       -|  -0.53|  129122849|  4.304e+08|         -|  129122849|       -|        no|         -|   1 (~0%)|    2164 (~0%)|     951 (~0%)|    -|
    |   o PE_wrapper_0_6_x1_loop_1                            |       -|  -2.43|  129122848|  4.304e+08|   8070178|          -|      16|        no|         -|         -|             -|             -|    -|
    |    o PE_wrapper_0_6_x1_loop_2                           |       -|  -2.43|    8070176|  2.690e+07|    504386|          -|      16|        no|         -|         -|             -|             -|    -|
    |     o PE_wrapper_0_6_x1_loop_3                          |       -|  -2.43|     504384|  1.681e+06|     15762|          -|      32|        no|         -|         -|             -|             -|    -|
    |      o PE_wrapper_0_6_x1_loop_4                         |       -|  -2.43|      15760|  5.253e+04|      1970|          -|       8|        no|         -|         -|             -|             -|    -|
    |       o PE_wrapper_0_6_x1_loop_5                        |       -|  -2.43|       1968|  6.559e+03|       246|          -|       8|        no|         -|         -|             -|             -|    -|
    |        o PE_wrapper_0_6_x1_loop_6                       |       -|  -2.43|         32|    106.656|         1|          -|      32|        no|         -|         -|             -|             -|    -|
    |        o PE_wrapper_0_6_x1_loop_7                       |       -|  -2.43|         32|    106.656|         1|          -|      32|        no|         -|         -|             -|             -|    -|
    |        o PE_wrapper_0_6_x1_loop_8                       |       -|  -2.43|        160|    533.280|         5|          -|      32|        no|         -|         -|             -|             -|    -|
    |  + grp_PE_wrapper_1_5_x1_fu_2416                        |       -|  -0.53|  129122849|  4.304e+08|         -|  129122849|       -|        no|         -|   1 (~0%)|    2164 (~0%)|     951 (~0%)|    -|
    |   o PE_wrapper_1_5_x1_loop_1                            |       -|  -2.43|  129122848|  4.304e+08|   8070178|          -|      16|        no|         -|         -|             -|             -|    -|
    |    o PE_wrapper_1_5_x1_loop_2                           |       -|  -2.43|    8070176|  2.690e+07|    504386|          -|      16|        no|         -|         -|             -|             -|    -|
    |     o PE_wrapper_1_5_x1_loop_3                          |       -|  -2.43|     504384|  1.681e+06|     15762|          -|      32|        no|         -|         -|             -|             -|    -|
    |      o PE_wrapper_1_5_x1_loop_4                         |       -|  -2.43|      15760|  5.253e+04|      1970|          -|       8|        no|         -|         -|             -|             -|    -|
    |       o PE_wrapper_1_5_x1_loop_5                        |       -|  -2.43|       1968|  6.559e+03|       246|          -|       8|        no|         -|         -|             -|             -|    -|
    |        o PE_wrapper_1_5_x1_loop_6                       |       -|  -2.43|         32|    106.656|         1|          -|      32|        no|         -|         -|             -|             -|    -|
    |        o PE_wrapper_1_5_x1_loop_7                       |       -|  -2.43|         32|    106.656|         1|          -|      32|        no|         -|         -|             -|             -|    -|
    |        o PE_wrapper_1_5_x1_loop_8                       |       -|  -2.43|        160|    533.280|         5|          -|      32|        no|         -|         -|             -|             -|    -|
    |  + grp_PE_wrapper_2_4_x1_fu_2425                        |       -|  -0.53|  129122849|  4.304e+08|         -|  129122849|       -|        no|         -|   1 (~0%)|    2164 (~0%)|     951 (~0%)|    -|
    |   o PE_wrapper_2_4_x1_loop_1                            |       -|  -2.43|  129122848|  4.304e+08|   8070178|          -|      16|        no|         -|         -|             -|             -|    -|
    |    o PE_wrapper_2_4_x1_loop_2                           |       -|  -2.43|    8070176|  2.690e+07|    504386|          -|      16|        no|         -|         -|             -|             -|    -|
    |     o PE_wrapper_2_4_x1_loop_3                          |       -|  -2.43|     504384|  1.681e+06|     15762|          -|      32|        no|         -|         -|             -|             -|    -|
    |      o PE_wrapper_2_4_x1_loop_4                         |       -|  -2.43|      15760|  5.253e+04|      1970|          -|       8|        no|         -|         -|             -|             -|    -|
    |       o PE_wrapper_2_4_x1_loop_5                        |       -|  -2.43|       1968|  6.559e+03|       246|          -|       8|        no|         -|         -|             -|             -|    -|
    |        o PE_wrapper_2_4_x1_loop_6                       |       -|  -2.43|         32|    106.656|         1|          -|      32|        no|         -|         -|             -|             -|    -|
    |        o PE_wrapper_2_4_x1_loop_7                       |       -|  -2.43|         32|    106.656|         1|          -|      32|        no|         -|         -|             -|             -|    -|
    |        o PE_wrapper_2_4_x1_loop_8                       |       -|  -2.43|        160|    533.280|         5|          -|      32|        no|         -|         -|             -|             -|    -|
    |  + grp_PE_wrapper_3_3_x1_fu_2434                        |       -|  -0.53|  129122849|  4.304e+08|         -|  129122849|       -|        no|         -|   1 (~0%)|    2164 (~0%)|     951 (~0%)|    -|
    |   o PE_wrapper_3_3_x1_loop_1                            |       -|  -2.43|  129122848|  4.304e+08|   8070178|          -|      16|        no|         -|         -|             -|             -|    -|
    |    o PE_wrapper_3_3_x1_loop_2                           |       -|  -2.43|    8070176|  2.690e+07|    504386|          -|      16|        no|         -|         -|             -|             -|    -|
    |     o PE_wrapper_3_3_x1_loop_3                          |       -|  -2.43|     504384|  1.681e+06|     15762|          -|      32|        no|         -|         -|             -|             -|    -|
    |      o PE_wrapper_3_3_x1_loop_4                         |       -|  -2.43|      15760|  5.253e+04|      1970|          -|       8|        no|         -|         -|             -|             -|    -|
    |       o PE_wrapper_3_3_x1_loop_5                        |       -|  -2.43|       1968|  6.559e+03|       246|          -|       8|        no|         -|         -|             -|             -|    -|
    |        o PE_wrapper_3_3_x1_loop_6                       |       -|  -2.43|         32|    106.656|         1|          -|      32|        no|         -|         -|             -|             -|    -|
    |        o PE_wrapper_3_3_x1_loop_7                       |       -|  -2.43|         32|    106.656|         1|          -|      32|        no|         -|         -|             -|             -|    -|
    |        o PE_wrapper_3_3_x1_loop_8                       |       -|  -2.43|        160|    533.280|         5|          -|      32|        no|         -|         -|             -|             -|    -|
    |  + grp_PE_wrapper_4_2_x1_fu_2443                        |       -|  -0.53|  129122849|  4.304e+08|         -|  129122849|       -|        no|         -|   1 (~0%)|    2164 (~0%)|     951 (~0%)|    -|
    |   o PE_wrapper_4_2_x1_loop_1                            |       -|  -2.43|  129122848|  4.304e+08|   8070178|          -|      16|        no|         -|         -|             -|             -|    -|
    |    o PE_wrapper_4_2_x1_loop_2                           |       -|  -2.43|    8070176|  2.690e+07|    504386|          -|      16|        no|         -|         -|             -|             -|    -|
    |     o PE_wrapper_4_2_x1_loop_3                          |       -|  -2.43|     504384|  1.681e+06|     15762|          -|      32|        no|         -|         -|             -|             -|    -|
    |      o PE_wrapper_4_2_x1_loop_4                         |       -|  -2.43|      15760|  5.253e+04|      1970|          -|       8|        no|         -|         -|             -|             -|    -|
    |       o PE_wrapper_4_2_x1_loop_5                        |       -|  -2.43|       1968|  6.559e+03|       246|          -|       8|        no|         -|         -|             -|             -|    -|
    |        o PE_wrapper_4_2_x1_loop_6                       |       -|  -2.43|         32|    106.656|         1|          -|      32|        no|         -|         -|             -|             -|    -|
    |        o PE_wrapper_4_2_x1_loop_7                       |       -|  -2.43|         32|    106.656|         1|          -|      32|        no|         -|         -|             -|             -|    -|
    |        o PE_wrapper_4_2_x1_loop_8                       |       -|  -2.43|        160|    533.280|         5|          -|      32|        no|         -|         -|             -|             -|    -|
    |  + grp_PE_wrapper_5_1_x1_fu_2452                        |       -|  -0.53|  129122849|  4.304e+08|         -|  129122849|       -|        no|         -|   1 (~0%)|    2164 (~0%)|     951 (~0%)|    -|
    |   o PE_wrapper_5_1_x1_loop_1                            |       -|  -2.43|  129122848|  4.304e+08|   8070178|          -|      16|        no|         -|         -|             -|             -|    -|
    |    o PE_wrapper_5_1_x1_loop_2                           |       -|  -2.43|    8070176|  2.690e+07|    504386|          -|      16|        no|         -|         -|             -|             -|    -|
    |     o PE_wrapper_5_1_x1_loop_3                          |       -|  -2.43|     504384|  1.681e+06|     15762|          -|      32|        no|         -|         -|             -|             -|    -|
    |      o PE_wrapper_5_1_x1_loop_4                         |       -|  -2.43|      15760|  5.253e+04|      1970|          -|       8|        no|         -|         -|             -|             -|    -|
    |       o PE_wrapper_5_1_x1_loop_5                        |       -|  -2.43|       1968|  6.559e+03|       246|          -|       8|        no|         -|         -|             -|             -|    -|
    |        o PE_wrapper_5_1_x1_loop_6                       |       -|  -2.43|         32|    106.656|         1|          -|      32|        no|         -|         -|             -|             -|    -|
    |        o PE_wrapper_5_1_x1_loop_7                       |       -|  -2.43|         32|    106.656|         1|          -|      32|        no|         -|         -|             -|             -|    -|
    |        o PE_wrapper_5_1_x1_loop_8                       |       -|  -2.43|        160|    533.280|         5|          -|      32|        no|         -|         -|             -|             -|    -|
    |  + grp_PE_wrapper_6_0_x1_fu_2461                        |       -|  -0.53|  129122849|  4.304e+08|         -|  129122849|       -|        no|         -|   1 (~0%)|    2164 (~0%)|     951 (~0%)|    -|
    |   o PE_wrapper_6_0_x1_loop_1                            |       -|  -2.43|  129122848|  4.304e+08|   8070178|          -|      16|        no|         -|         -|             -|             -|    -|
    |    o PE_wrapper_6_0_x1_loop_2                           |       -|  -2.43|    8070176|  2.690e+07|    504386|          -|      16|        no|         -|         -|             -|             -|    -|
    |     o PE_wrapper_6_0_x1_loop_3                          |       -|  -2.43|     504384|  1.681e+06|     15762|          -|      32|        no|         -|         -|             -|             -|    -|
    |      o PE_wrapper_6_0_x1_loop_4                         |       -|  -2.43|      15760|  5.253e+04|      1970|          -|       8|        no|         -|         -|             -|             -|    -|
    |       o PE_wrapper_6_0_x1_loop_5                        |       -|  -2.43|       1968|  6.559e+03|       246|          -|       8|        no|         -|         -|             -|             -|    -|
    |        o PE_wrapper_6_0_x1_loop_6                       |       -|  -2.43|         32|    106.656|         1|          -|      32|        no|         -|         -|             -|             -|    -|
    |        o PE_wrapper_6_0_x1_loop_7                       |       -|  -2.43|         32|    106.656|         1|          -|      32|        no|         -|         -|             -|             -|    -|
    |        o PE_wrapper_6_0_x1_loop_8                       |       -|  -2.43|        160|    533.280|         5|          -|      32|        no|         -|         -|             -|             -|    -|
    |  + grp_PE_wrapper_0_7_x1_fu_2470                        |       -|  -0.53|  129122849|  4.304e+08|         -|  129122849|       -|        no|         -|   1 (~0%)|    2164 (~0%)|     951 (~0%)|    -|
    |   o PE_wrapper_0_7_x1_loop_1                            |       -|  -2.43|  129122848|  4.304e+08|   8070178|          -|      16|        no|         -|         -|             -|             -|    -|
    |    o PE_wrapper_0_7_x1_loop_2                           |       -|  -2.43|    8070176|  2.690e+07|    504386|          -|      16|        no|         -|         -|             -|             -|    -|
    |     o PE_wrapper_0_7_x1_loop_3                          |       -|  -2.43|     504384|  1.681e+06|     15762|          -|      32|        no|         -|         -|             -|             -|    -|
    |      o PE_wrapper_0_7_x1_loop_4                         |       -|  -2.43|      15760|  5.253e+04|      1970|          -|       8|        no|         -|         -|             -|             -|    -|
    |       o PE_wrapper_0_7_x1_loop_5                        |       -|  -2.43|       1968|  6.559e+03|       246|          -|       8|        no|         -|         -|             -|             -|    -|
    |        o PE_wrapper_0_7_x1_loop_6                       |       -|  -2.43|         32|    106.656|         1|          -|      32|        no|         -|         -|             -|             -|    -|
    |        o PE_wrapper_0_7_x1_loop_7                       |       -|  -2.43|         32|    106.656|         1|          -|      32|        no|         -|         -|             -|             -|    -|
    |        o PE_wrapper_0_7_x1_loop_8                       |       -|  -2.43|        160|    533.280|         5|          -|      32|        no|         -|         -|             -|             -|    -|
    |  + grp_PE_wrapper_1_6_x1_fu_2479                        |       -|  -0.53|  129122849|  4.304e+08|         -|  129122849|       -|        no|         -|   1 (~0%)|    2164 (~0%)|     951 (~0%)|    -|
    |   o PE_wrapper_1_6_x1_loop_1                            |       -|  -2.43|  129122848|  4.304e+08|   8070178|          -|      16|        no|         -|         -|             -|             -|    -|
    |    o PE_wrapper_1_6_x1_loop_2                           |       -|  -2.43|    8070176|  2.690e+07|    504386|          -|      16|        no|         -|         -|             -|             -|    -|
    |     o PE_wrapper_1_6_x1_loop_3                          |       -|  -2.43|     504384|  1.681e+06|     15762|          -|      32|        no|         -|         -|             -|             -|    -|
    |      o PE_wrapper_1_6_x1_loop_4                         |       -|  -2.43|      15760|  5.253e+04|      1970|          -|       8|        no|         -|         -|             -|             -|    -|
    |       o PE_wrapper_1_6_x1_loop_5                        |       -|  -2.43|       1968|  6.559e+03|       246|          -|       8|        no|         -|         -|             -|             -|    -|
    |        o PE_wrapper_1_6_x1_loop_6                       |       -|  -2.43|         32|    106.656|         1|          -|      32|        no|         -|         -|             -|             -|    -|
    |        o PE_wrapper_1_6_x1_loop_7                       |       -|  -2.43|         32|    106.656|         1|          -|      32|        no|         -|         -|             -|             -|    -|
    |        o PE_wrapper_1_6_x1_loop_8                       |       -|  -2.43|        160|    533.280|         5|          -|      32|        no|         -|         -|             -|             -|    -|
    |  + grp_PE_wrapper_2_5_x1_fu_2488                        |       -|  -0.53|  129122849|  4.304e+08|         -|  129122849|       -|        no|         -|   1 (~0%)|    2164 (~0%)|     951 (~0%)|    -|
    |   o PE_wrapper_2_5_x1_loop_1                            |       -|  -2.43|  129122848|  4.304e+08|   8070178|          -|      16|        no|         -|         -|             -|             -|    -|
    |    o PE_wrapper_2_5_x1_loop_2                           |       -|  -2.43|    8070176|  2.690e+07|    504386|          -|      16|        no|         -|         -|             -|             -|    -|
    |     o PE_wrapper_2_5_x1_loop_3                          |       -|  -2.43|     504384|  1.681e+06|     15762|          -|      32|        no|         -|         -|             -|             -|    -|
    |      o PE_wrapper_2_5_x1_loop_4                         |       -|  -2.43|      15760|  5.253e+04|      1970|          -|       8|        no|         -|         -|             -|             -|    -|
    |       o PE_wrapper_2_5_x1_loop_5                        |       -|  -2.43|       1968|  6.559e+03|       246|          -|       8|        no|         -|         -|             -|             -|    -|
    |        o PE_wrapper_2_5_x1_loop_6                       |       -|  -2.43|         32|    106.656|         1|          -|      32|        no|         -|         -|             -|             -|    -|
    |        o PE_wrapper_2_5_x1_loop_7                       |       -|  -2.43|         32|    106.656|         1|          -|      32|        no|         -|         -|             -|             -|    -|
    |        o PE_wrapper_2_5_x1_loop_8                       |       -|  -2.43|        160|    533.280|         5|          -|      32|        no|         -|         -|             -|             -|    -|
    |  + grp_PE_wrapper_3_4_x1_fu_2497                        |       -|  -0.53|  129122849|  4.304e+08|         -|  129122849|       -|        no|         -|   1 (~0%)|    2164 (~0%)|     951 (~0%)|    -|
    |   o PE_wrapper_3_4_x1_loop_1                            |       -|  -2.43|  129122848|  4.304e+08|   8070178|          -|      16|        no|         -|         -|             -|             -|    -|
    |    o PE_wrapper_3_4_x1_loop_2                           |       -|  -2.43|    8070176|  2.690e+07|    504386|          -|      16|        no|         -|         -|             -|             -|    -|
    |     o PE_wrapper_3_4_x1_loop_3                          |       -|  -2.43|     504384|  1.681e+06|     15762|          -|      32|        no|         -|         -|             -|             -|    -|
    |      o PE_wrapper_3_4_x1_loop_4                         |       -|  -2.43|      15760|  5.253e+04|      1970|          -|       8|        no|         -|         -|             -|             -|    -|
    |       o PE_wrapper_3_4_x1_loop_5                        |       -|  -2.43|       1968|  6.559e+03|       246|          -|       8|        no|         -|         -|             -|             -|    -|
    |        o PE_wrapper_3_4_x1_loop_6                       |       -|  -2.43|         32|    106.656|         1|          -|      32|        no|         -|         -|             -|             -|    -|
    |        o PE_wrapper_3_4_x1_loop_7                       |       -|  -2.43|         32|    106.656|         1|          -|      32|        no|         -|         -|             -|             -|    -|
    |        o PE_wrapper_3_4_x1_loop_8                       |       -|  -2.43|        160|    533.280|         5|          -|      32|        no|         -|         -|             -|             -|    -|
    |  + grp_PE_wrapper_4_3_x1_fu_2506                        |       -|  -0.53|  129122849|  4.304e+08|         -|  129122849|       -|        no|         -|   1 (~0%)|    2164 (~0%)|     951 (~0%)|    -|
    |   o PE_wrapper_4_3_x1_loop_1                            |       -|  -2.43|  129122848|  4.304e+08|   8070178|          -|      16|        no|         -|         -|             -|             -|    -|
    |    o PE_wrapper_4_3_x1_loop_2                           |       -|  -2.43|    8070176|  2.690e+07|    504386|          -|      16|        no|         -|         -|             -|             -|    -|
    |     o PE_wrapper_4_3_x1_loop_3                          |       -|  -2.43|     504384|  1.681e+06|     15762|          -|      32|        no|         -|         -|             -|             -|    -|
    |      o PE_wrapper_4_3_x1_loop_4                         |       -|  -2.43|      15760|  5.253e+04|      1970|          -|       8|        no|         -|         -|             -|             -|    -|
    |       o PE_wrapper_4_3_x1_loop_5                        |       -|  -2.43|       1968|  6.559e+03|       246|          -|       8|        no|         -|         -|             -|             -|    -|
    |        o PE_wrapper_4_3_x1_loop_6                       |       -|  -2.43|         32|    106.656|         1|          -|      32|        no|         -|         -|             -|             -|    -|
    |        o PE_wrapper_4_3_x1_loop_7                       |       -|  -2.43|         32|    106.656|         1|          -|      32|        no|         -|         -|             -|             -|    -|
    |        o PE_wrapper_4_3_x1_loop_8                       |       -|  -2.43|        160|    533.280|         5|          -|      32|        no|         -|         -|             -|             -|    -|
    |  + grp_PE_wrapper_5_2_x1_fu_2515                        |       -|  -0.53|  129122849|  4.304e+08|         -|  129122849|       -|        no|         -|   1 (~0%)|    2164 (~0%)|     951 (~0%)|    -|
    |   o PE_wrapper_5_2_x1_loop_1                            |       -|  -2.43|  129122848|  4.304e+08|   8070178|          -|      16|        no|         -|         -|             -|             -|    -|
    |    o PE_wrapper_5_2_x1_loop_2                           |       -|  -2.43|    8070176|  2.690e+07|    504386|          -|      16|        no|         -|         -|             -|             -|    -|
    |     o PE_wrapper_5_2_x1_loop_3                          |       -|  -2.43|     504384|  1.681e+06|     15762|          -|      32|        no|         -|         -|             -|             -|    -|
    |      o PE_wrapper_5_2_x1_loop_4                         |       -|  -2.43|      15760|  5.253e+04|      1970|          -|       8|        no|         -|         -|             -|             -|    -|
    |       o PE_wrapper_5_2_x1_loop_5                        |       -|  -2.43|       1968|  6.559e+03|       246|          -|       8|        no|         -|         -|             -|             -|    -|
    |        o PE_wrapper_5_2_x1_loop_6                       |       -|  -2.43|         32|    106.656|         1|          -|      32|        no|         -|         -|             -|             -|    -|
    |        o PE_wrapper_5_2_x1_loop_7                       |       -|  -2.43|         32|    106.656|         1|          -|      32|        no|         -|         -|             -|             -|    -|
    |        o PE_wrapper_5_2_x1_loop_8                       |       -|  -2.43|        160|    533.280|         5|          -|      32|        no|         -|         -|             -|             -|    -|
    |  + grp_PE_wrapper_6_1_x1_fu_2524                        |       -|  -0.53|  129122849|  4.304e+08|         -|  129122849|       -|        no|         -|   1 (~0%)|    2164 (~0%)|     951 (~0%)|    -|
    |   o PE_wrapper_6_1_x1_loop_1                            |       -|  -2.43|  129122848|  4.304e+08|   8070178|          -|      16|        no|         -|         -|             -|             -|    -|
    |    o PE_wrapper_6_1_x1_loop_2                           |       -|  -2.43|    8070176|  2.690e+07|    504386|          -|      16|        no|         -|         -|             -|             -|    -|
    |     o PE_wrapper_6_1_x1_loop_3                          |       -|  -2.43|     504384|  1.681e+06|     15762|          -|      32|        no|         -|         -|             -|             -|    -|
    |      o PE_wrapper_6_1_x1_loop_4                         |       -|  -2.43|      15760|  5.253e+04|      1970|          -|       8|        no|         -|         -|             -|             -|    -|
    |       o PE_wrapper_6_1_x1_loop_5                        |       -|  -2.43|       1968|  6.559e+03|       246|          -|       8|        no|         -|         -|             -|             -|    -|
    |        o PE_wrapper_6_1_x1_loop_6                       |       -|  -2.43|         32|    106.656|         1|          -|      32|        no|         -|         -|             -|             -|    -|
    |        o PE_wrapper_6_1_x1_loop_7                       |       -|  -2.43|         32|    106.656|         1|          -|      32|        no|         -|         -|             -|             -|    -|
    |        o PE_wrapper_6_1_x1_loop_8                       |       -|  -2.43|        160|    533.280|         5|          -|      32|        no|         -|         -|             -|             -|    -|
    |  + grp_PE_wrapper_7_0_x1_fu_2533                        |       -|  -0.53|  129122849|  4.304e+08|         -|  129122849|       -|        no|         -|   1 (~0%)|    2164 (~0%)|     951 (~0%)|    -|
    |   o PE_wrapper_7_0_x1_loop_1                            |       -|  -2.43|  129122848|  4.304e+08|   8070178|          -|      16|        no|         -|         -|             -|             -|    -|
    |    o PE_wrapper_7_0_x1_loop_2                           |       -|  -2.43|    8070176|  2.690e+07|    504386|          -|      16|        no|         -|         -|             -|             -|    -|
    |     o PE_wrapper_7_0_x1_loop_3                          |       -|  -2.43|     504384|  1.681e+06|     15762|          -|      32|        no|         -|         -|             -|             -|    -|
    |      o PE_wrapper_7_0_x1_loop_4                         |       -|  -2.43|      15760|  5.253e+04|      1970|          -|       8|        no|         -|         -|             -|             -|    -|
    |       o PE_wrapper_7_0_x1_loop_5                        |       -|  -2.43|       1968|  6.559e+03|       246|          -|       8|        no|         -|         -|             -|             -|    -|
    |        o PE_wrapper_7_0_x1_loop_6                       |       -|  -2.43|         32|    106.656|         1|          -|      32|        no|         -|         -|             -|             -|    -|
    |        o PE_wrapper_7_0_x1_loop_7                       |       -|  -2.43|         32|    106.656|         1|          -|      32|        no|         -|         -|             -|             -|    -|
    |        o PE_wrapper_7_0_x1_loop_8                       |       -|  -2.43|        160|    533.280|         5|          -|      32|        no|         -|         -|             -|             -|    -|
    |  + grp_PE_wrapper_1_7_x1_fu_2542                        |       -|  -0.53|  129122849|  4.304e+08|         -|  129122849|       -|        no|         -|   1 (~0%)|    2164 (~0%)|     951 (~0%)|    -|
    |   o PE_wrapper_1_7_x1_loop_1                            |       -|  -2.43|  129122848|  4.304e+08|   8070178|          -|      16|        no|         -|         -|             -|             -|    -|
    |    o PE_wrapper_1_7_x1_loop_2                           |       -|  -2.43|    8070176|  2.690e+07|    504386|          -|      16|        no|         -|         -|             -|             -|    -|
    |     o PE_wrapper_1_7_x1_loop_3                          |       -|  -2.43|     504384|  1.681e+06|     15762|          -|      32|        no|         -|         -|             -|             -|    -|
    |      o PE_wrapper_1_7_x1_loop_4                         |       -|  -2.43|      15760|  5.253e+04|      1970|          -|       8|        no|         -|         -|             -|             -|    -|
    |       o PE_wrapper_1_7_x1_loop_5                        |       -|  -2.43|       1968|  6.559e+03|       246|          -|       8|        no|         -|         -|             -|             -|    -|
    |        o PE_wrapper_1_7_x1_loop_6                       |       -|  -2.43|         32|    106.656|         1|          -|      32|        no|         -|         -|             -|             -|    -|
    |        o PE_wrapper_1_7_x1_loop_7                       |       -|  -2.43|         32|    106.656|         1|          -|      32|        no|         -|         -|             -|             -|    -|
    |        o PE_wrapper_1_7_x1_loop_8                       |       -|  -2.43|        160|    533.280|         5|          -|      32|        no|         -|         -|             -|             -|    -|
    |  + grp_PE_wrapper_2_6_x1_fu_2551                        |       -|  -0.53|  129122849|  4.304e+08|         -|  129122849|       -|        no|         -|   1 (~0%)|    2164 (~0%)|     951 (~0%)|    -|
    |   o PE_wrapper_2_6_x1_loop_1                            |       -|  -2.43|  129122848|  4.304e+08|   8070178|          -|      16|        no|         -|         -|             -|             -|    -|
    |    o PE_wrapper_2_6_x1_loop_2                           |       -|  -2.43|    8070176|  2.690e+07|    504386|          -|      16|        no|         -|         -|             -|             -|    -|
    |     o PE_wrapper_2_6_x1_loop_3                          |       -|  -2.43|     504384|  1.681e+06|     15762|          -|      32|        no|         -|         -|             -|             -|    -|
    |      o PE_wrapper_2_6_x1_loop_4                         |       -|  -2.43|      15760|  5.253e+04|      1970|          -|       8|        no|         -|         -|             -|             -|    -|
    |       o PE_wrapper_2_6_x1_loop_5                        |       -|  -2.43|       1968|  6.559e+03|       246|          -|       8|        no|         -|         -|             -|             -|    -|
    |        o PE_wrapper_2_6_x1_loop_6                       |       -|  -2.43|         32|    106.656|         1|          -|      32|        no|         -|         -|             -|             -|    -|
    |        o PE_wrapper_2_6_x1_loop_7                       |       -|  -2.43|         32|    106.656|         1|          -|      32|        no|         -|         -|             -|             -|    -|
    |        o PE_wrapper_2_6_x1_loop_8                       |       -|  -2.43|        160|    533.280|         5|          -|      32|        no|         -|         -|             -|             -|    -|
    |  + grp_PE_wrapper_3_5_x1_fu_2560                        |       -|  -0.53|  129122849|  4.304e+08|         -|  129122849|       -|        no|         -|   1 (~0%)|    2164 (~0%)|     951 (~0%)|    -|
    |   o PE_wrapper_3_5_x1_loop_1                            |       -|  -2.43|  129122848|  4.304e+08|   8070178|          -|      16|        no|         -|         -|             -|             -|    -|
    |    o PE_wrapper_3_5_x1_loop_2                           |       -|  -2.43|    8070176|  2.690e+07|    504386|          -|      16|        no|         -|         -|             -|             -|    -|
    |     o PE_wrapper_3_5_x1_loop_3                          |       -|  -2.43|     504384|  1.681e+06|     15762|          -|      32|        no|         -|         -|             -|             -|    -|
    |      o PE_wrapper_3_5_x1_loop_4                         |       -|  -2.43|      15760|  5.253e+04|      1970|          -|       8|        no|         -|         -|             -|             -|    -|
    |       o PE_wrapper_3_5_x1_loop_5                        |       -|  -2.43|       1968|  6.559e+03|       246|          -|       8|        no|         -|         -|             -|             -|    -|
    |        o PE_wrapper_3_5_x1_loop_6                       |       -|  -2.43|         32|    106.656|         1|          -|      32|        no|         -|         -|             -|             -|    -|
    |        o PE_wrapper_3_5_x1_loop_7                       |       -|  -2.43|         32|    106.656|         1|          -|      32|        no|         -|         -|             -|             -|    -|
    |        o PE_wrapper_3_5_x1_loop_8                       |       -|  -2.43|        160|    533.280|         5|          -|      32|        no|         -|         -|             -|             -|    -|
    |  + grp_PE_wrapper_4_4_x1_fu_2569                        |       -|  -0.53|  129122849|  4.304e+08|         -|  129122849|       -|        no|         -|   1 (~0%)|    2164 (~0%)|     951 (~0%)|    -|
    |   o PE_wrapper_4_4_x1_loop_1                            |       -|  -2.43|  129122848|  4.304e+08|   8070178|          -|      16|        no|         -|         -|             -|             -|    -|
    |    o PE_wrapper_4_4_x1_loop_2                           |       -|  -2.43|    8070176|  2.690e+07|    504386|          -|      16|        no|         -|         -|             -|             -|    -|
    |     o PE_wrapper_4_4_x1_loop_3                          |       -|  -2.43|     504384|  1.681e+06|     15762|          -|      32|        no|         -|         -|             -|             -|    -|
    |      o PE_wrapper_4_4_x1_loop_4                         |       -|  -2.43|      15760|  5.253e+04|      1970|          -|       8|        no|         -|         -|             -|             -|    -|
    |       o PE_wrapper_4_4_x1_loop_5                        |       -|  -2.43|       1968|  6.559e+03|       246|          -|       8|        no|         -|         -|             -|             -|    -|
    |        o PE_wrapper_4_4_x1_loop_6                       |       -|  -2.43|         32|    106.656|         1|          -|      32|        no|         -|         -|             -|             -|    -|
    |        o PE_wrapper_4_4_x1_loop_7                       |       -|  -2.43|         32|    106.656|         1|          -|      32|        no|         -|         -|             -|             -|    -|
    |        o PE_wrapper_4_4_x1_loop_8                       |       -|  -2.43|        160|    533.280|         5|          -|      32|        no|         -|         -|             -|             -|    -|
    |  + grp_PE_wrapper_5_3_x1_fu_2578                        |       -|  -0.53|  129122849|  4.304e+08|         -|  129122849|       -|        no|         -|   1 (~0%)|    2164 (~0%)|     951 (~0%)|    -|
    |   o PE_wrapper_5_3_x1_loop_1                            |       -|  -2.43|  129122848|  4.304e+08|   8070178|          -|      16|        no|         -|         -|             -|             -|    -|
    |    o PE_wrapper_5_3_x1_loop_2                           |       -|  -2.43|    8070176|  2.690e+07|    504386|          -|      16|        no|         -|         -|             -|             -|    -|
    |     o PE_wrapper_5_3_x1_loop_3                          |       -|  -2.43|     504384|  1.681e+06|     15762|          -|      32|        no|         -|         -|             -|             -|    -|
    |      o PE_wrapper_5_3_x1_loop_4                         |       -|  -2.43|      15760|  5.253e+04|      1970|          -|       8|        no|         -|         -|             -|             -|    -|
    |       o PE_wrapper_5_3_x1_loop_5                        |       -|  -2.43|       1968|  6.559e+03|       246|          -|       8|        no|         -|         -|             -|             -|    -|
    |        o PE_wrapper_5_3_x1_loop_6                       |       -|  -2.43|         32|    106.656|         1|          -|      32|        no|         -|         -|             -|             -|    -|
    |        o PE_wrapper_5_3_x1_loop_7                       |       -|  -2.43|         32|    106.656|         1|          -|      32|        no|         -|         -|             -|             -|    -|
    |        o PE_wrapper_5_3_x1_loop_8                       |       -|  -2.43|        160|    533.280|         5|          -|      32|        no|         -|         -|             -|             -|    -|
    |  + grp_PE_wrapper_6_2_x1_fu_2587                        |       -|  -0.53|  129122849|  4.304e+08|         -|  129122849|       -|        no|         -|   1 (~0%)|    2164 (~0%)|     951 (~0%)|    -|
    |   o PE_wrapper_6_2_x1_loop_1                            |       -|  -2.43|  129122848|  4.304e+08|   8070178|          -|      16|        no|         -|         -|             -|             -|    -|
    |    o PE_wrapper_6_2_x1_loop_2                           |       -|  -2.43|    8070176|  2.690e+07|    504386|          -|      16|        no|         -|         -|             -|             -|    -|
    |     o PE_wrapper_6_2_x1_loop_3                          |       -|  -2.43|     504384|  1.681e+06|     15762|          -|      32|        no|         -|         -|             -|             -|    -|
    |      o PE_wrapper_6_2_x1_loop_4                         |       -|  -2.43|      15760|  5.253e+04|      1970|          -|       8|        no|         -|         -|             -|             -|    -|
    |       o PE_wrapper_6_2_x1_loop_5                        |       -|  -2.43|       1968|  6.559e+03|       246|          -|       8|        no|         -|         -|             -|             -|    -|
    |        o PE_wrapper_6_2_x1_loop_6                       |       -|  -2.43|         32|    106.656|         1|          -|      32|        no|         -|         -|             -|             -|    -|
    |        o PE_wrapper_6_2_x1_loop_7                       |       -|  -2.43|         32|    106.656|         1|          -|      32|        no|         -|         -|             -|             -|    -|
    |        o PE_wrapper_6_2_x1_loop_8                       |       -|  -2.43|        160|    533.280|         5|          -|      32|        no|         -|         -|             -|             -|    -|
    |  + grp_PE_wrapper_7_1_x1_fu_2596                        |       -|  -0.53|  129122849|  4.304e+08|         -|  129122849|       -|        no|         -|   1 (~0%)|    2164 (~0%)|     951 (~0%)|    -|
    |   o PE_wrapper_7_1_x1_loop_1                            |       -|  -2.43|  129122848|  4.304e+08|   8070178|          -|      16|        no|         -|         -|             -|             -|    -|
    |    o PE_wrapper_7_1_x1_loop_2                           |       -|  -2.43|    8070176|  2.690e+07|    504386|          -|      16|        no|         -|         -|             -|             -|    -|
    |     o PE_wrapper_7_1_x1_loop_3                          |       -|  -2.43|     504384|  1.681e+06|     15762|          -|      32|        no|         -|         -|             -|             -|    -|
    |      o PE_wrapper_7_1_x1_loop_4                         |       -|  -2.43|      15760|  5.253e+04|      1970|          -|       8|        no|         -|         -|             -|             -|    -|
    |       o PE_wrapper_7_1_x1_loop_5                        |       -|  -2.43|       1968|  6.559e+03|       246|          -|       8|        no|         -|         -|             -|             -|    -|
    |        o PE_wrapper_7_1_x1_loop_6                       |       -|  -2.43|         32|    106.656|         1|          -|      32|        no|         -|         -|             -|             -|    -|
    |        o PE_wrapper_7_1_x1_loop_7                       |       -|  -2.43|         32|    106.656|         1|          -|      32|        no|         -|         -|             -|             -|    -|
    |        o PE_wrapper_7_1_x1_loop_8                       |       -|  -2.43|        160|    533.280|         5|          -|      32|        no|         -|         -|             -|             -|    -|
    |  + grp_PE_wrapper_2_7_x1_fu_2605                        |       -|  -0.53|  129122849|  4.304e+08|         -|  129122849|       -|        no|         -|   1 (~0%)|    2164 (~0%)|     951 (~0%)|    -|
    |   o PE_wrapper_2_7_x1_loop_1                            |       -|  -2.43|  129122848|  4.304e+08|   8070178|          -|      16|        no|         -|         -|             -|             -|    -|
    |    o PE_wrapper_2_7_x1_loop_2                           |       -|  -2.43|    8070176|  2.690e+07|    504386|          -|      16|        no|         -|         -|             -|             -|    -|
    |     o PE_wrapper_2_7_x1_loop_3                          |       -|  -2.43|     504384|  1.681e+06|     15762|          -|      32|        no|         -|         -|             -|             -|    -|
    |      o PE_wrapper_2_7_x1_loop_4                         |       -|  -2.43|      15760|  5.253e+04|      1970|          -|       8|        no|         -|         -|             -|             -|    -|
    |       o PE_wrapper_2_7_x1_loop_5                        |       -|  -2.43|       1968|  6.559e+03|       246|          -|       8|        no|         -|         -|             -|             -|    -|
    |        o PE_wrapper_2_7_x1_loop_6                       |       -|  -2.43|         32|    106.656|         1|          -|      32|        no|         -|         -|             -|             -|    -|
    |        o PE_wrapper_2_7_x1_loop_7                       |       -|  -2.43|         32|    106.656|         1|          -|      32|        no|         -|         -|             -|             -|    -|
    |        o PE_wrapper_2_7_x1_loop_8                       |       -|  -2.43|        160|    533.280|         5|          -|      32|        no|         -|         -|             -|             -|    -|
    |  + grp_PE_wrapper_3_6_x1_fu_2614                        |       -|  -0.53|  129122849|  4.304e+08|         -|  129122849|       -|        no|         -|   1 (~0%)|    2164 (~0%)|     951 (~0%)|    -|
    |   o PE_wrapper_3_6_x1_loop_1                            |       -|  -2.43|  129122848|  4.304e+08|   8070178|          -|      16|        no|         -|         -|             -|             -|    -|
    |    o PE_wrapper_3_6_x1_loop_2                           |       -|  -2.43|    8070176|  2.690e+07|    504386|          -|      16|        no|         -|         -|             -|             -|    -|
    |     o PE_wrapper_3_6_x1_loop_3                          |       -|  -2.43|     504384|  1.681e+06|     15762|          -|      32|        no|         -|         -|             -|             -|    -|
    |      o PE_wrapper_3_6_x1_loop_4                         |       -|  -2.43|      15760|  5.253e+04|      1970|          -|       8|        no|         -|         -|             -|             -|    -|
    |       o PE_wrapper_3_6_x1_loop_5                        |       -|  -2.43|       1968|  6.559e+03|       246|          -|       8|        no|         -|         -|             -|             -|    -|
    |        o PE_wrapper_3_6_x1_loop_6                       |       -|  -2.43|         32|    106.656|         1|          -|      32|        no|         -|         -|             -|             -|    -|
    |        o PE_wrapper_3_6_x1_loop_7                       |       -|  -2.43|         32|    106.656|         1|          -|      32|        no|         -|         -|             -|             -|    -|
    |        o PE_wrapper_3_6_x1_loop_8                       |       -|  -2.43|        160|    533.280|         5|          -|      32|        no|         -|         -|             -|             -|    -|
    |  + grp_PE_wrapper_4_5_x1_fu_2623                        |       -|  -0.53|  129122849|  4.304e+08|         -|  129122849|       -|        no|         -|   1 (~0%)|    2164 (~0%)|     951 (~0%)|    -|
    |   o PE_wrapper_4_5_x1_loop_1                            |       -|  -2.43|  129122848|  4.304e+08|   8070178|          -|      16|        no|         -|         -|             -|             -|    -|
    |    o PE_wrapper_4_5_x1_loop_2                           |       -|  -2.43|    8070176|  2.690e+07|    504386|          -|      16|        no|         -|         -|             -|             -|    -|
    |     o PE_wrapper_4_5_x1_loop_3                          |       -|  -2.43|     504384|  1.681e+06|     15762|          -|      32|        no|         -|         -|             -|             -|    -|
    |      o PE_wrapper_4_5_x1_loop_4                         |       -|  -2.43|      15760|  5.253e+04|      1970|          -|       8|        no|         -|         -|             -|             -|    -|
    |       o PE_wrapper_4_5_x1_loop_5                        |       -|  -2.43|       1968|  6.559e+03|       246|          -|       8|        no|         -|         -|             -|             -|    -|
    |        o PE_wrapper_4_5_x1_loop_6                       |       -|  -2.43|         32|    106.656|         1|          -|      32|        no|         -|         -|             -|             -|    -|
    |        o PE_wrapper_4_5_x1_loop_7                       |       -|  -2.43|         32|    106.656|         1|          -|      32|        no|         -|         -|             -|             -|    -|
    |        o PE_wrapper_4_5_x1_loop_8                       |       -|  -2.43|        160|    533.280|         5|          -|      32|        no|         -|         -|             -|             -|    -|
    |  + grp_PE_wrapper_5_4_x1_fu_2632                        |       -|  -0.53|  129122849|  4.304e+08|         -|  129122849|       -|        no|         -|   1 (~0%)|    2164 (~0%)|     951 (~0%)|    -|
    |   o PE_wrapper_5_4_x1_loop_1                            |       -|  -2.43|  129122848|  4.304e+08|   8070178|          -|      16|        no|         -|         -|             -|             -|    -|
    |    o PE_wrapper_5_4_x1_loop_2                           |       -|  -2.43|    8070176|  2.690e+07|    504386|          -|      16|        no|         -|         -|             -|             -|    -|
    |     o PE_wrapper_5_4_x1_loop_3                          |       -|  -2.43|     504384|  1.681e+06|     15762|          -|      32|        no|         -|         -|             -|             -|    -|
    |      o PE_wrapper_5_4_x1_loop_4                         |       -|  -2.43|      15760|  5.253e+04|      1970|          -|       8|        no|         -|         -|             -|             -|    -|
    |       o PE_wrapper_5_4_x1_loop_5                        |       -|  -2.43|       1968|  6.559e+03|       246|          -|       8|        no|         -|         -|             -|             -|    -|
    |        o PE_wrapper_5_4_x1_loop_6                       |       -|  -2.43|         32|    106.656|         1|          -|      32|        no|         -|         -|             -|             -|    -|
    |        o PE_wrapper_5_4_x1_loop_7                       |       -|  -2.43|         32|    106.656|         1|          -|      32|        no|         -|         -|             -|             -|    -|
    |        o PE_wrapper_5_4_x1_loop_8                       |       -|  -2.43|        160|    533.280|         5|          -|      32|        no|         -|         -|             -|             -|    -|
    |  + grp_PE_wrapper_6_3_x1_fu_2641                        |       -|  -0.53|  129122849|  4.304e+08|         -|  129122849|       -|        no|         -|   1 (~0%)|    2164 (~0%)|     951 (~0%)|    -|
    |   o PE_wrapper_6_3_x1_loop_1                            |       -|  -2.43|  129122848|  4.304e+08|   8070178|          -|      16|        no|         -|         -|             -|             -|    -|
    |    o PE_wrapper_6_3_x1_loop_2                           |       -|  -2.43|    8070176|  2.690e+07|    504386|          -|      16|        no|         -|         -|             -|             -|    -|
    |     o PE_wrapper_6_3_x1_loop_3                          |       -|  -2.43|     504384|  1.681e+06|     15762|          -|      32|        no|         -|         -|             -|             -|    -|
    |      o PE_wrapper_6_3_x1_loop_4                         |       -|  -2.43|      15760|  5.253e+04|      1970|          -|       8|        no|         -|         -|             -|             -|    -|
    |       o PE_wrapper_6_3_x1_loop_5                        |       -|  -2.43|       1968|  6.559e+03|       246|          -|       8|        no|         -|         -|             -|             -|    -|
    |        o PE_wrapper_6_3_x1_loop_6                       |       -|  -2.43|         32|    106.656|         1|          -|      32|        no|         -|         -|             -|             -|    -|
    |        o PE_wrapper_6_3_x1_loop_7                       |       -|  -2.43|         32|    106.656|         1|          -|      32|        no|         -|         -|             -|             -|    -|
    |        o PE_wrapper_6_3_x1_loop_8                       |       -|  -2.43|        160|    533.280|         5|          -|      32|        no|         -|         -|             -|             -|    -|
    |  + grp_PE_wrapper_7_2_x1_fu_2650                        |       -|  -0.53|  129122849|  4.304e+08|         -|  129122849|       -|        no|         -|   1 (~0%)|    2164 (~0%)|     951 (~0%)|    -|
    |   o PE_wrapper_7_2_x1_loop_1                            |       -|  -2.43|  129122848|  4.304e+08|   8070178|          -|      16|        no|         -|         -|             -|             -|    -|
    |    o PE_wrapper_7_2_x1_loop_2                           |       -|  -2.43|    8070176|  2.690e+07|    504386|          -|      16|        no|         -|         -|             -|             -|    -|
    |     o PE_wrapper_7_2_x1_loop_3                          |       -|  -2.43|     504384|  1.681e+06|     15762|          -|      32|        no|         -|         -|             -|             -|    -|
    |      o PE_wrapper_7_2_x1_loop_4                         |       -|  -2.43|      15760|  5.253e+04|      1970|          -|       8|        no|         -|         -|             -|             -|    -|
    |       o PE_wrapper_7_2_x1_loop_5                        |       -|  -2.43|       1968|  6.559e+03|       246|          -|       8|        no|         -|         -|             -|             -|    -|
    |        o PE_wrapper_7_2_x1_loop_6                       |       -|  -2.43|         32|    106.656|         1|          -|      32|        no|         -|         -|             -|             -|    -|
    |        o PE_wrapper_7_2_x1_loop_7                       |       -|  -2.43|         32|    106.656|         1|          -|      32|        no|         -|         -|             -|             -|    -|
    |        o PE_wrapper_7_2_x1_loop_8                       |       -|  -2.43|        160|    533.280|         5|          -|      32|        no|         -|         -|             -|             -|    -|
    |  + grp_PE_wrapper_3_7_x1_fu_2659                        |       -|  -0.53|  129122849|  4.304e+08|         -|  129122849|       -|        no|         -|   1 (~0%)|    2164 (~0%)|     951 (~0%)|    -|
    |   o PE_wrapper_3_7_x1_loop_1                            |       -|  -2.43|  129122848|  4.304e+08|   8070178|          -|      16|        no|         -|         -|             -|             -|    -|
    |    o PE_wrapper_3_7_x1_loop_2                           |       -|  -2.43|    8070176|  2.690e+07|    504386|          -|      16|        no|         -|         -|             -|             -|    -|
    |     o PE_wrapper_3_7_x1_loop_3                          |       -|  -2.43|     504384|  1.681e+06|     15762|          -|      32|        no|         -|         -|             -|             -|    -|
    |      o PE_wrapper_3_7_x1_loop_4                         |       -|  -2.43|      15760|  5.253e+04|      1970|          -|       8|        no|         -|         -|             -|             -|    -|
    |       o PE_wrapper_3_7_x1_loop_5                        |       -|  -2.43|       1968|  6.559e+03|       246|          -|       8|        no|         -|         -|             -|             -|    -|
    |        o PE_wrapper_3_7_x1_loop_6                       |       -|  -2.43|         32|    106.656|         1|          -|      32|        no|         -|         -|             -|             -|    -|
    |        o PE_wrapper_3_7_x1_loop_7                       |       -|  -2.43|         32|    106.656|         1|          -|      32|        no|         -|         -|             -|             -|    -|
    |        o PE_wrapper_3_7_x1_loop_8                       |       -|  -2.43|        160|    533.280|         5|          -|      32|        no|         -|         -|             -|             -|    -|
    |  + grp_PE_wrapper_4_6_x1_fu_2668                        |       -|  -0.53|  129122849|  4.304e+08|         -|  129122849|       -|        no|         -|   1 (~0%)|    2164 (~0%)|     951 (~0%)|    -|
    |   o PE_wrapper_4_6_x1_loop_1                            |       -|  -2.43|  129122848|  4.304e+08|   8070178|          -|      16|        no|         -|         -|             -|             -|    -|
    |    o PE_wrapper_4_6_x1_loop_2                           |       -|  -2.43|    8070176|  2.690e+07|    504386|          -|      16|        no|         -|         -|             -|             -|    -|
    |     o PE_wrapper_4_6_x1_loop_3                          |       -|  -2.43|     504384|  1.681e+06|     15762|          -|      32|        no|         -|         -|             -|             -|    -|
    |      o PE_wrapper_4_6_x1_loop_4                         |       -|  -2.43|      15760|  5.253e+04|      1970|          -|       8|        no|         -|         -|             -|             -|    -|
    |       o PE_wrapper_4_6_x1_loop_5                        |       -|  -2.43|       1968|  6.559e+03|       246|          -|       8|        no|         -|         -|             -|             -|    -|
    |        o PE_wrapper_4_6_x1_loop_6                       |       -|  -2.43|         32|    106.656|         1|          -|      32|        no|         -|         -|             -|             -|    -|
    |        o PE_wrapper_4_6_x1_loop_7                       |       -|  -2.43|         32|    106.656|         1|          -|      32|        no|         -|         -|             -|             -|    -|
    |        o PE_wrapper_4_6_x1_loop_8                       |       -|  -2.43|        160|    533.280|         5|          -|      32|        no|         -|         -|             -|             -|    -|
    |  + grp_PE_wrapper_5_5_x1_fu_2677                        |       -|  -0.53|  129122849|  4.304e+08|         -|  129122849|       -|        no|         -|   1 (~0%)|    2164 (~0%)|     951 (~0%)|    -|
    |   o PE_wrapper_5_5_x1_loop_1                            |       -|  -2.43|  129122848|  4.304e+08|   8070178|          -|      16|        no|         -|         -|             -|             -|    -|
    |    o PE_wrapper_5_5_x1_loop_2                           |       -|  -2.43|    8070176|  2.690e+07|    504386|          -|      16|        no|         -|         -|             -|             -|    -|
    |     o PE_wrapper_5_5_x1_loop_3                          |       -|  -2.43|     504384|  1.681e+06|     15762|          -|      32|        no|         -|         -|             -|             -|    -|
    |      o PE_wrapper_5_5_x1_loop_4                         |       -|  -2.43|      15760|  5.253e+04|      1970|          -|       8|        no|         -|         -|             -|             -|    -|
    |       o PE_wrapper_5_5_x1_loop_5                        |       -|  -2.43|       1968|  6.559e+03|       246|          -|       8|        no|         -|         -|             -|             -|    -|
    |        o PE_wrapper_5_5_x1_loop_6                       |       -|  -2.43|         32|    106.656|         1|          -|      32|        no|         -|         -|             -|             -|    -|
    |        o PE_wrapper_5_5_x1_loop_7                       |       -|  -2.43|         32|    106.656|         1|          -|      32|        no|         -|         -|             -|             -|    -|
    |        o PE_wrapper_5_5_x1_loop_8                       |       -|  -2.43|        160|    533.280|         5|          -|      32|        no|         -|         -|             -|             -|    -|
    |  + grp_PE_wrapper_6_4_x1_fu_2686                        |       -|  -0.53|  129122849|  4.304e+08|         -|  129122849|       -|        no|         -|   1 (~0%)|    2164 (~0%)|     951 (~0%)|    -|
    |   o PE_wrapper_6_4_x1_loop_1                            |       -|  -2.43|  129122848|  4.304e+08|   8070178|          -|      16|        no|         -|         -|             -|             -|    -|
    |    o PE_wrapper_6_4_x1_loop_2                           |       -|  -2.43|    8070176|  2.690e+07|    504386|          -|      16|        no|         -|         -|             -|             -|    -|
    |     o PE_wrapper_6_4_x1_loop_3                          |       -|  -2.43|     504384|  1.681e+06|     15762|          -|      32|        no|         -|         -|             -|             -|    -|
    |      o PE_wrapper_6_4_x1_loop_4                         |       -|  -2.43|      15760|  5.253e+04|      1970|          -|       8|        no|         -|         -|             -|             -|    -|
    |       o PE_wrapper_6_4_x1_loop_5                        |       -|  -2.43|       1968|  6.559e+03|       246|          -|       8|        no|         -|         -|             -|             -|    -|
    |        o PE_wrapper_6_4_x1_loop_6                       |       -|  -2.43|         32|    106.656|         1|          -|      32|        no|         -|         -|             -|             -|    -|
    |        o PE_wrapper_6_4_x1_loop_7                       |       -|  -2.43|         32|    106.656|         1|          -|      32|        no|         -|         -|             -|             -|    -|
    |        o PE_wrapper_6_4_x1_loop_8                       |       -|  -2.43|        160|    533.280|         5|          -|      32|        no|         -|         -|             -|             -|    -|
    |  + grp_PE_wrapper_7_3_x1_fu_2695                        |       -|  -0.53|  129122849|  4.304e+08|         -|  129122849|       -|        no|         -|   1 (~0%)|    2164 (~0%)|     951 (~0%)|    -|
    |   o PE_wrapper_7_3_x1_loop_1                            |       -|  -2.43|  129122848|  4.304e+08|   8070178|          -|      16|        no|         -|         -|             -|             -|    -|
    |    o PE_wrapper_7_3_x1_loop_2                           |       -|  -2.43|    8070176|  2.690e+07|    504386|          -|      16|        no|         -|         -|             -|             -|    -|
    |     o PE_wrapper_7_3_x1_loop_3                          |       -|  -2.43|     504384|  1.681e+06|     15762|          -|      32|        no|         -|         -|             -|             -|    -|
    |      o PE_wrapper_7_3_x1_loop_4                         |       -|  -2.43|      15760|  5.253e+04|      1970|          -|       8|        no|         -|         -|             -|             -|    -|
    |       o PE_wrapper_7_3_x1_loop_5                        |       -|  -2.43|       1968|  6.559e+03|       246|          -|       8|        no|         -|         -|             -|             -|    -|
    |        o PE_wrapper_7_3_x1_loop_6                       |       -|  -2.43|         32|    106.656|         1|          -|      32|        no|         -|         -|             -|             -|    -|
    |        o PE_wrapper_7_3_x1_loop_7                       |       -|  -2.43|         32|    106.656|         1|          -|      32|        no|         -|         -|             -|             -|    -|
    |        o PE_wrapper_7_3_x1_loop_8                       |       -|  -2.43|        160|    533.280|         5|          -|      32|        no|         -|         -|             -|             -|    -|
    |  + grp_PE_wrapper_4_7_x1_fu_2704                        |       -|  -0.53|  129122849|  4.304e+08|         -|  129122849|       -|        no|         -|   1 (~0%)|    2164 (~0%)|     951 (~0%)|    -|
    |   o PE_wrapper_4_7_x1_loop_1                            |       -|  -2.43|  129122848|  4.304e+08|   8070178|          -|      16|        no|         -|         -|             -|             -|    -|
    |    o PE_wrapper_4_7_x1_loop_2                           |       -|  -2.43|    8070176|  2.690e+07|    504386|          -|      16|        no|         -|         -|             -|             -|    -|
    |     o PE_wrapper_4_7_x1_loop_3                          |       -|  -2.43|     504384|  1.681e+06|     15762|          -|      32|        no|         -|         -|             -|             -|    -|
    |      o PE_wrapper_4_7_x1_loop_4                         |       -|  -2.43|      15760|  5.253e+04|      1970|          -|       8|        no|         -|         -|             -|             -|    -|
    |       o PE_wrapper_4_7_x1_loop_5                        |       -|  -2.43|       1968|  6.559e+03|       246|          -|       8|        no|         -|         -|             -|             -|    -|
    |        o PE_wrapper_4_7_x1_loop_6                       |       -|  -2.43|         32|    106.656|         1|          -|      32|        no|         -|         -|             -|             -|    -|
    |        o PE_wrapper_4_7_x1_loop_7                       |       -|  -2.43|         32|    106.656|         1|          -|      32|        no|         -|         -|             -|             -|    -|
    |        o PE_wrapper_4_7_x1_loop_8                       |       -|  -2.43|        160|    533.280|         5|          -|      32|        no|         -|         -|             -|             -|    -|
    |  + grp_PE_wrapper_5_6_x1_fu_2713                        |       -|  -0.53|  129122849|  4.304e+08|         -|  129122849|       -|        no|         -|   1 (~0%)|    2164 (~0%)|     951 (~0%)|    -|
    |   o PE_wrapper_5_6_x1_loop_1                            |       -|  -2.43|  129122848|  4.304e+08|   8070178|          -|      16|        no|         -|         -|             -|             -|    -|
    |    o PE_wrapper_5_6_x1_loop_2                           |       -|  -2.43|    8070176|  2.690e+07|    504386|          -|      16|        no|         -|         -|             -|             -|    -|
    |     o PE_wrapper_5_6_x1_loop_3                          |       -|  -2.43|     504384|  1.681e+06|     15762|          -|      32|        no|         -|         -|             -|             -|    -|
    |      o PE_wrapper_5_6_x1_loop_4                         |       -|  -2.43|      15760|  5.253e+04|      1970|          -|       8|        no|         -|         -|             -|             -|    -|
    |       o PE_wrapper_5_6_x1_loop_5                        |       -|  -2.43|       1968|  6.559e+03|       246|          -|       8|        no|         -|         -|             -|             -|    -|
    |        o PE_wrapper_5_6_x1_loop_6                       |       -|  -2.43|         32|    106.656|         1|          -|      32|        no|         -|         -|             -|             -|    -|
    |        o PE_wrapper_5_6_x1_loop_7                       |       -|  -2.43|         32|    106.656|         1|          -|      32|        no|         -|         -|             -|             -|    -|
    |        o PE_wrapper_5_6_x1_loop_8                       |       -|  -2.43|        160|    533.280|         5|          -|      32|        no|         -|         -|             -|             -|    -|
    |  + grp_PE_wrapper_6_5_x1_fu_2722                        |       -|  -0.53|  129122849|  4.304e+08|         -|  129122849|       -|        no|         -|   1 (~0%)|    2164 (~0%)|     951 (~0%)|    -|
    |   o PE_wrapper_6_5_x1_loop_1                            |       -|  -2.43|  129122848|  4.304e+08|   8070178|          -|      16|        no|         -|         -|             -|             -|    -|
    |    o PE_wrapper_6_5_x1_loop_2                           |       -|  -2.43|    8070176|  2.690e+07|    504386|          -|      16|        no|         -|         -|             -|             -|    -|
    |     o PE_wrapper_6_5_x1_loop_3                          |       -|  -2.43|     504384|  1.681e+06|     15762|          -|      32|        no|         -|         -|             -|             -|    -|
    |      o PE_wrapper_6_5_x1_loop_4                         |       -|  -2.43|      15760|  5.253e+04|      1970|          -|       8|        no|         -|         -|             -|             -|    -|
    |       o PE_wrapper_6_5_x1_loop_5                        |       -|  -2.43|       1968|  6.559e+03|       246|          -|       8|        no|         -|         -|             -|             -|    -|
    |        o PE_wrapper_6_5_x1_loop_6                       |       -|  -2.43|         32|    106.656|         1|          -|      32|        no|         -|         -|             -|             -|    -|
    |        o PE_wrapper_6_5_x1_loop_7                       |       -|  -2.43|         32|    106.656|         1|          -|      32|        no|         -|         -|             -|             -|    -|
    |        o PE_wrapper_6_5_x1_loop_8                       |       -|  -2.43|        160|    533.280|         5|          -|      32|        no|         -|         -|             -|             -|    -|
    |  + grp_PE_wrapper_7_4_x1_fu_2731                        |       -|  -0.53|  129122849|  4.304e+08|         -|  129122849|       -|        no|         -|   1 (~0%)|    2164 (~0%)|     951 (~0%)|    -|
    |   o PE_wrapper_7_4_x1_loop_1                            |       -|  -2.43|  129122848|  4.304e+08|   8070178|          -|      16|        no|         -|         -|             -|             -|    -|
    |    o PE_wrapper_7_4_x1_loop_2                           |       -|  -2.43|    8070176|  2.690e+07|    504386|          -|      16|        no|         -|         -|             -|             -|    -|
    |     o PE_wrapper_7_4_x1_loop_3                          |       -|  -2.43|     504384|  1.681e+06|     15762|          -|      32|        no|         -|         -|             -|             -|    -|
    |      o PE_wrapper_7_4_x1_loop_4                         |       -|  -2.43|      15760|  5.253e+04|      1970|          -|       8|        no|         -|         -|             -|             -|    -|
    |       o PE_wrapper_7_4_x1_loop_5                        |       -|  -2.43|       1968|  6.559e+03|       246|          -|       8|        no|         -|         -|             -|             -|    -|
    |        o PE_wrapper_7_4_x1_loop_6                       |       -|  -2.43|         32|    106.656|         1|          -|      32|        no|         -|         -|             -|             -|    -|
    |        o PE_wrapper_7_4_x1_loop_7                       |       -|  -2.43|         32|    106.656|         1|          -|      32|        no|         -|         -|             -|             -|    -|
    |        o PE_wrapper_7_4_x1_loop_8                       |       -|  -2.43|        160|    533.280|         5|          -|      32|        no|         -|         -|             -|             -|    -|
    |  + grp_PE_wrapper_5_7_x1_fu_2740                        |       -|  -0.53|  129122849|  4.304e+08|         -|  129122849|       -|        no|         -|   1 (~0%)|    2164 (~0%)|     951 (~0%)|    -|
    |   o PE_wrapper_5_7_x1_loop_1                            |       -|  -2.43|  129122848|  4.304e+08|   8070178|          -|      16|        no|         -|         -|             -|             -|    -|
    |    o PE_wrapper_5_7_x1_loop_2                           |       -|  -2.43|    8070176|  2.690e+07|    504386|          -|      16|        no|         -|         -|             -|             -|    -|
    |     o PE_wrapper_5_7_x1_loop_3                          |       -|  -2.43|     504384|  1.681e+06|     15762|          -|      32|        no|         -|         -|             -|             -|    -|
    |      o PE_wrapper_5_7_x1_loop_4                         |       -|  -2.43|      15760|  5.253e+04|      1970|          -|       8|        no|         -|         -|             -|             -|    -|
    |       o PE_wrapper_5_7_x1_loop_5                        |       -|  -2.43|       1968|  6.559e+03|       246|          -|       8|        no|         -|         -|             -|             -|    -|
    |        o PE_wrapper_5_7_x1_loop_6                       |       -|  -2.43|         32|    106.656|         1|          -|      32|        no|         -|         -|             -|             -|    -|
    |        o PE_wrapper_5_7_x1_loop_7                       |       -|  -2.43|         32|    106.656|         1|          -|      32|        no|         -|         -|             -|             -|    -|
    |        o PE_wrapper_5_7_x1_loop_8                       |       -|  -2.43|        160|    533.280|         5|          -|      32|        no|         -|         -|             -|             -|    -|
    |  + grp_PE_wrapper_6_6_x1_fu_2749                        |       -|  -0.53|  129122849|  4.304e+08|         -|  129122849|       -|        no|         -|   1 (~0%)|    2164 (~0%)|     951 (~0%)|    -|
    |   o PE_wrapper_6_6_x1_loop_1                            |       -|  -2.43|  129122848|  4.304e+08|   8070178|          -|      16|        no|         -|         -|             -|             -|    -|
    |    o PE_wrapper_6_6_x1_loop_2                           |       -|  -2.43|    8070176|  2.690e+07|    504386|          -|      16|        no|         -|         -|             -|             -|    -|
    |     o PE_wrapper_6_6_x1_loop_3                          |       -|  -2.43|     504384|  1.681e+06|     15762|          -|      32|        no|         -|         -|             -|             -|    -|
    |      o PE_wrapper_6_6_x1_loop_4                         |       -|  -2.43|      15760|  5.253e+04|      1970|          -|       8|        no|         -|         -|             -|             -|    -|
    |       o PE_wrapper_6_6_x1_loop_5                        |       -|  -2.43|       1968|  6.559e+03|       246|          -|       8|        no|         -|         -|             -|             -|    -|
    |        o PE_wrapper_6_6_x1_loop_6                       |       -|  -2.43|         32|    106.656|         1|          -|      32|        no|         -|         -|             -|             -|    -|
    |        o PE_wrapper_6_6_x1_loop_7                       |       -|  -2.43|         32|    106.656|         1|          -|      32|        no|         -|         -|             -|             -|    -|
    |        o PE_wrapper_6_6_x1_loop_8                       |       -|  -2.43|        160|    533.280|         5|          -|      32|        no|         -|         -|             -|             -|    -|
    |  + grp_PE_wrapper_7_5_x1_fu_2758                        |       -|  -0.53|  129122849|  4.304e+08|         -|  129122849|       -|        no|         -|   1 (~0%)|    2164 (~0%)|     951 (~0%)|    -|
    |   o PE_wrapper_7_5_x1_loop_1                            |       -|  -2.43|  129122848|  4.304e+08|   8070178|          -|      16|        no|         -|         -|             -|             -|    -|
    |    o PE_wrapper_7_5_x1_loop_2                           |       -|  -2.43|    8070176|  2.690e+07|    504386|          -|      16|        no|         -|         -|             -|             -|    -|
    |     o PE_wrapper_7_5_x1_loop_3                          |       -|  -2.43|     504384|  1.681e+06|     15762|          -|      32|        no|         -|         -|             -|             -|    -|
    |      o PE_wrapper_7_5_x1_loop_4                         |       -|  -2.43|      15760|  5.253e+04|      1970|          -|       8|        no|         -|         -|             -|             -|    -|
    |       o PE_wrapper_7_5_x1_loop_5                        |       -|  -2.43|       1968|  6.559e+03|       246|          -|       8|        no|         -|         -|             -|             -|    -|
    |        o PE_wrapper_7_5_x1_loop_6                       |       -|  -2.43|         32|    106.656|         1|          -|      32|        no|         -|         -|             -|             -|    -|
    |        o PE_wrapper_7_5_x1_loop_7                       |       -|  -2.43|         32|    106.656|         1|          -|      32|        no|         -|         -|             -|             -|    -|
    |        o PE_wrapper_7_5_x1_loop_8                       |       -|  -2.43|        160|    533.280|         5|          -|      32|        no|         -|         -|             -|             -|    -|
    |  + grp_PE_wrapper_6_7_x1_fu_2767                        |       -|  -0.53|  129122849|  4.304e+08|         -|  129122849|       -|        no|         -|   1 (~0%)|    2164 (~0%)|     951 (~0%)|    -|
    |   o PE_wrapper_6_7_x1_loop_1                            |       -|  -2.43|  129122848|  4.304e+08|   8070178|          -|      16|        no|         -|         -|             -|             -|    -|
    |    o PE_wrapper_6_7_x1_loop_2                           |       -|  -2.43|    8070176|  2.690e+07|    504386|          -|      16|        no|         -|         -|             -|             -|    -|
    |     o PE_wrapper_6_7_x1_loop_3                          |       -|  -2.43|     504384|  1.681e+06|     15762|          -|      32|        no|         -|         -|             -|             -|    -|
    |      o PE_wrapper_6_7_x1_loop_4                         |       -|  -2.43|      15760|  5.253e+04|      1970|          -|       8|        no|         -|         -|             -|             -|    -|
    |       o PE_wrapper_6_7_x1_loop_5                        |       -|  -2.43|       1968|  6.559e+03|       246|          -|       8|        no|         -|         -|             -|             -|    -|
    |        o PE_wrapper_6_7_x1_loop_6                       |       -|  -2.43|         32|    106.656|         1|          -|      32|        no|         -|         -|             -|             -|    -|
    |        o PE_wrapper_6_7_x1_loop_7                       |       -|  -2.43|         32|    106.656|         1|          -|      32|        no|         -|         -|             -|             -|    -|
    |        o PE_wrapper_6_7_x1_loop_8                       |       -|  -2.43|        160|    533.280|         5|          -|      32|        no|         -|         -|             -|             -|    -|
    |  + grp_PE_wrapper_7_6_x1_fu_2776                        |       -|  -0.53|  129122849|  4.304e+08|         -|  129122849|       -|        no|         -|   1 (~0%)|    2164 (~0%)|     951 (~0%)|    -|
    |   o PE_wrapper_7_6_x1_loop_1                            |       -|  -2.43|  129122848|  4.304e+08|   8070178|          -|      16|        no|         -|         -|             -|             -|    -|
    |    o PE_wrapper_7_6_x1_loop_2                           |       -|  -2.43|    8070176|  2.690e+07|    504386|          -|      16|        no|         -|         -|             -|             -|    -|
    |     o PE_wrapper_7_6_x1_loop_3                          |       -|  -2.43|     504384|  1.681e+06|     15762|          -|      32|        no|         -|         -|             -|             -|    -|
    |      o PE_wrapper_7_6_x1_loop_4                         |       -|  -2.43|      15760|  5.253e+04|      1970|          -|       8|        no|         -|         -|             -|             -|    -|
    |       o PE_wrapper_7_6_x1_loop_5                        |       -|  -2.43|       1968|  6.559e+03|       246|          -|       8|        no|         -|         -|             -|             -|    -|
    |        o PE_wrapper_7_6_x1_loop_6                       |       -|  -2.43|         32|    106.656|         1|          -|      32|        no|         -|         -|             -|             -|    -|
    |        o PE_wrapper_7_6_x1_loop_7                       |       -|  -2.43|         32|    106.656|         1|          -|      32|        no|         -|         -|             -|             -|    -|
    |        o PE_wrapper_7_6_x1_loop_8                       |       -|  -2.43|        160|    533.280|         5|          -|      32|        no|         -|         -|             -|             -|    -|
    |  + grp_PE_wrapper_7_7_x1_fu_2785                        |       -|  -0.53|  129122849|  4.304e+08|         -|  129122849|       -|        no|         -|   1 (~0%)|    2164 (~0%)|     951 (~0%)|    -|
    |   o PE_wrapper_7_7_x1_loop_1                            |       -|  -2.43|  129122848|  4.304e+08|   8070178|          -|      16|        no|         -|         -|             -|             -|    -|
    |    o PE_wrapper_7_7_x1_loop_2                           |       -|  -2.43|    8070176|  2.690e+07|    504386|          -|      16|        no|         -|         -|             -|             -|    -|
    |     o PE_wrapper_7_7_x1_loop_3                          |       -|  -2.43|     504384|  1.681e+06|     15762|          -|      32|        no|         -|         -|             -|             -|    -|
    |      o PE_wrapper_7_7_x1_loop_4                         |       -|  -2.43|      15760|  5.253e+04|      1970|          -|       8|        no|         -|         -|             -|             -|    -|
    |       o PE_wrapper_7_7_x1_loop_5                        |       -|  -2.43|       1968|  6.559e+03|       246|          -|       8|        no|         -|         -|             -|             -|    -|
    |        o PE_wrapper_7_7_x1_loop_6                       |       -|  -2.43|         32|    106.656|         1|          -|      32|        no|         -|         -|             -|             -|    -|
    |        o PE_wrapper_7_7_x1_loop_7                       |       -|  -2.43|         32|    106.656|         1|          -|      32|        no|         -|         -|             -|             -|    -|
    |        o PE_wrapper_7_7_x1_loop_8                       |       -|  -2.43|        160|    533.280|         5|          -|      32|        no|         -|         -|             -|             -|    -|
    |  + grp_B_IO_L2_in_1_x1_fu_2794                          |  Timing|   0.00|    1835642|  6.118e+06|         -|    1835642|       -|        no|         -|         -|    1675 (~0%)|    1230 (~0%)|    -|
    |   o B_IO_L2_in_1_x1_loop_1                              |       -|  -2.43|    1835552|  6.118e+06|    114722|          -|      16|        no|         -|         -|             -|             -|    -|
    |    o B_IO_L2_in_1_x1_loop_2                             |       -|  -2.43|     114720|  3.824e+05|      7170|          -|      16|        no|         -|         -|             -|             -|    -|
    |     o B_IO_L2_in_1_x1_loop_3                            |       -|  -2.43|       7168|  2.389e+04|       224|          -|      32|        no|         -|         -|             -|             -|    -|
    |      o B_IO_L2_in_1_x1_loop_4                           |       -|  -2.43|        133|    443.289|        19|          -|       7|        no|         -|         -|             -|             -|    -|
    |       o B_IO_L2_in_1_x1_loop_5                          |       -|  -2.43|         17|     56.661|         2|          -|       8|        no|         -|         -|             -|             -|    -|
    |       o B_IO_L2_in_1_x1_loop_6                          |       -|  -2.43|         16|     53.328|         2|          -|       8|        no|         -|         -|             -|             -|    -|
    |      o B_IO_L2_in_1_x1_loop_7                           |       -|  -2.43|         88|    293.304|        11|          -|       8|        no|         -|         -|             -|             -|    -|
    |       o B_IO_L2_in_1_x1_loop_8                          |       -|  -2.43|          8|     26.664|         1|          -|       8|        no|         -|         -|             -|             -|    -|
    |      o B_IO_L2_in_1_x1_loop_9                           |       -|  -2.43|        133|    443.289|        19|          -|       7|        no|         -|         -|             -|             -|    -|
    |       o B_IO_L2_in_1_x1_loop_10                         |       -|  -2.43|         17|     56.661|         2|          -|       8|        no|         -|         -|             -|             -|    -|
    |       o B_IO_L2_in_1_x1_loop_11                         |       -|  -2.43|         16|     53.328|         2|          -|       8|        no|         -|         -|             -|             -|    -|
    |      o B_IO_L2_in_1_x1_loop_12                          |       -|  -2.43|         88|    293.304|        11|          -|       8|        no|         -|         -|             -|             -|    -|
    |       o B_IO_L2_in_1_x1_loop_13                         |       -|  -2.43|          8|     26.664|         1|          -|       8|        no|         -|         -|             -|             -|    -|
    |   o B_IO_L2_in_1_x1_loop_14                             |       -|  -2.43|         88|    293.304|        11|          -|       8|        no|         -|         -|             -|             -|    -|
    |    o B_IO_L2_in_1_x1_loop_15                            |       -|  -2.43|          8|     26.664|         1|          -|       8|        no|         -|         -|             -|             -|    -|
    |  + grp_B_IO_L2_in_2_x1_fu_2801                          |  Timing|   0.00|    1679994|  5.599e+06|         -|    1679994|       -|        no|         -|         -|    1675 (~0%)|    1230 (~0%)|    -|
    |   o B_IO_L2_in_2_x1_loop_1                              |       -|  -2.43|    1679904|  5.599e+06|    104994|          -|      16|        no|         -|         -|             -|             -|    -|
    |    o B_IO_L2_in_2_x1_loop_2                             |       -|  -2.43|     104992|  3.499e+05|      6562|          -|      16|        no|         -|         -|             -|             -|    -|
    |     o B_IO_L2_in_2_x1_loop_3                            |       -|  -2.43|       6560|  2.186e+04|       205|          -|      32|        no|         -|         -|             -|             -|    -|
    |      o B_IO_L2_in_2_x1_loop_4                           |       -|  -2.43|        114|    379.962|        19|          -|       6|        no|         -|         -|             -|             -|    -|
    |       o B_IO_L2_in_2_x1_loop_5                          |       -|  -2.43|         17|     56.661|         2|          -|       8|        no|         -|         -|             -|             -|    -|
    |       o B_IO_L2_in_2_x1_loop_6                          |       -|  -2.43|         16|     53.328|         2|          -|       8|        no|         -|         -|             -|             -|    -|
    |      o B_IO_L2_in_2_x1_loop_7                           |       -|  -2.43|         88|    293.304|        11|          -|       8|        no|         -|         -|             -|             -|    -|
    |       o B_IO_L2_in_2_x1_loop_8                          |       -|  -2.43|          8|     26.664|         1|          -|       8|        no|         -|         -|             -|             -|    -|
    |      o B_IO_L2_in_2_x1_loop_9                           |       -|  -2.43|        114|    379.962|        19|          -|       6|        no|         -|         -|             -|             -|    -|
    |       o B_IO_L2_in_2_x1_loop_10                         |       -|  -2.43|         17|     56.661|         2|          -|       8|        no|         -|         -|             -|             -|    -|
    |       o B_IO_L2_in_2_x1_loop_11                         |       -|  -2.43|         16|     53.328|         2|          -|       8|        no|         -|         -|             -|             -|    -|
    |      o B_IO_L2_in_2_x1_loop_12                          |       -|  -2.43|         88|    293.304|        11|          -|       8|        no|         -|         -|             -|             -|    -|
    |       o B_IO_L2_in_2_x1_loop_13                         |       -|  -2.43|          8|     26.664|         1|          -|       8|        no|         -|         -|             -|             -|    -|
    |   o B_IO_L2_in_2_x1_loop_14                             |       -|  -2.43|         88|    293.304|        11|          -|       8|        no|         -|         -|             -|             -|    -|
    |    o B_IO_L2_in_2_x1_loop_15                            |       -|  -2.43|          8|     26.664|         1|          -|       8|        no|         -|         -|             -|             -|    -|
    |  + grp_B_IO_L2_in_3_x1_fu_2808                          |  Timing|   0.00|    1524346|  5.081e+06|         -|    1524346|       -|        no|         -|         -|    1675 (~0%)|    1230 (~0%)|    -|
    |   o B_IO_L2_in_3_x1_loop_1                              |       -|  -2.43|    1524256|  5.080e+06|     95266|          -|      16|        no|         -|         -|             -|             -|    -|
    |    o B_IO_L2_in_3_x1_loop_2                             |       -|  -2.43|      95264|  3.175e+05|      5954|          -|      16|        no|         -|         -|             -|             -|    -|
    |     o B_IO_L2_in_3_x1_loop_3                            |       -|  -2.43|       5952|  1.984e+04|       186|          -|      32|        no|         -|         -|             -|             -|    -|
    |      o B_IO_L2_in_3_x1_loop_4                           |       -|  -2.43|         95|    316.635|        19|          -|       5|        no|         -|         -|             -|             -|    -|
    |       o B_IO_L2_in_3_x1_loop_5                          |       -|  -2.43|         17|     56.661|         2|          -|       8|        no|         -|         -|             -|             -|    -|
    |       o B_IO_L2_in_3_x1_loop_6                          |       -|  -2.43|         16|     53.328|         2|          -|       8|        no|         -|         -|             -|             -|    -|
    |      o B_IO_L2_in_3_x1_loop_7                           |       -|  -2.43|         88|    293.304|        11|          -|       8|        no|         -|         -|             -|             -|    -|
    |       o B_IO_L2_in_3_x1_loop_8                          |       -|  -2.43|          8|     26.664|         1|          -|       8|        no|         -|         -|             -|             -|    -|
    |      o B_IO_L2_in_3_x1_loop_9                           |       -|  -2.43|         95|    316.635|        19|          -|       5|        no|         -|         -|             -|             -|    -|
    |       o B_IO_L2_in_3_x1_loop_10                         |       -|  -2.43|         17|     56.661|         2|          -|       8|        no|         -|         -|             -|             -|    -|
    |       o B_IO_L2_in_3_x1_loop_11                         |       -|  -2.43|         16|     53.328|         2|          -|       8|        no|         -|         -|             -|             -|    -|
    |      o B_IO_L2_in_3_x1_loop_12                          |       -|  -2.43|         88|    293.304|        11|          -|       8|        no|         -|         -|             -|             -|    -|
    |       o B_IO_L2_in_3_x1_loop_13                         |       -|  -2.43|          8|     26.664|         1|          -|       8|        no|         -|         -|             -|             -|    -|
    |   o B_IO_L2_in_3_x1_loop_14                             |       -|  -2.43|         88|    293.304|        11|          -|       8|        no|         -|         -|             -|             -|    -|
    |    o B_IO_L2_in_3_x1_loop_15                            |       -|  -2.43|          8|     26.664|         1|          -|       8|        no|         -|         -|             -|             -|    -|
    |  + grp_B_IO_L2_in_4_x1_fu_2815                          |  Timing|   0.00|    1368698|  4.562e+06|         -|    1368698|       -|        no|         -|         -|    1675 (~0%)|    1230 (~0%)|    -|
    |   o B_IO_L2_in_4_x1_loop_1                              |       -|  -2.43|    1368608|  4.562e+06|     85538|          -|      16|        no|         -|         -|             -|             -|    -|
    |    o B_IO_L2_in_4_x1_loop_2                             |       -|  -2.43|      85536|  2.851e+05|      5346|          -|      16|        no|         -|         -|             -|             -|    -|
    |     o B_IO_L2_in_4_x1_loop_3                            |       -|  -2.43|       5344|  1.781e+04|       167|          -|      32|        no|         -|         -|             -|             -|    -|
    |      o B_IO_L2_in_4_x1_loop_4                           |       -|  -2.43|         76|    253.308|        19|          -|       4|        no|         -|         -|             -|             -|    -|
    |       o B_IO_L2_in_4_x1_loop_5                          |       -|  -2.43|         17|     56.661|         2|          -|       8|        no|         -|         -|             -|             -|    -|
    |       o B_IO_L2_in_4_x1_loop_6                          |       -|  -2.43|         16|     53.328|         2|          -|       8|        no|         -|         -|             -|             -|    -|
    |      o B_IO_L2_in_4_x1_loop_7                           |       -|  -2.43|         88|    293.304|        11|          -|       8|        no|         -|         -|             -|             -|    -|
    |       o B_IO_L2_in_4_x1_loop_8                          |       -|  -2.43|          8|     26.664|         1|          -|       8|        no|         -|         -|             -|             -|    -|
    |      o B_IO_L2_in_4_x1_loop_9                           |       -|  -2.43|         76|    253.308|        19|          -|       4|        no|         -|         -|             -|             -|    -|
    |       o B_IO_L2_in_4_x1_loop_10                         |       -|  -2.43|         17|     56.661|         2|          -|       8|        no|         -|         -|             -|             -|    -|
    |       o B_IO_L2_in_4_x1_loop_11                         |       -|  -2.43|         16|     53.328|         2|          -|       8|        no|         -|         -|             -|             -|    -|
    |      o B_IO_L2_in_4_x1_loop_12                          |       -|  -2.43|         88|    293.304|        11|          -|       8|        no|         -|         -|             -|             -|    -|
    |       o B_IO_L2_in_4_x1_loop_13                         |       -|  -2.43|          8|     26.664|         1|          -|       8|        no|         -|         -|             -|             -|    -|
    |   o B_IO_L2_in_4_x1_loop_14                             |       -|  -2.43|         88|    293.304|        11|          -|       8|        no|         -|         -|             -|             -|    -|
    |    o B_IO_L2_in_4_x1_loop_15                            |       -|  -2.43|          8|     26.664|         1|          -|       8|        no|         -|         -|             -|             -|    -|
    |  + grp_B_IO_L2_in_5_x1_fu_2822                          |  Timing|   0.00|    1213050|  4.043e+06|         -|    1213050|       -|        no|         -|         -|    1675 (~0%)|    1230 (~0%)|    -|
    |   o B_IO_L2_in_5_x1_loop_1                              |       -|  -2.43|    1212960|  4.043e+06|     75810|          -|      16|        no|         -|         -|             -|             -|    -|
    |    o B_IO_L2_in_5_x1_loop_2                             |       -|  -2.43|      75808|  2.527e+05|      4738|          -|      16|        no|         -|         -|             -|             -|    -|
    |     o B_IO_L2_in_5_x1_loop_3                            |       -|  -2.43|       4736|  1.579e+04|       148|          -|      32|        no|         -|         -|             -|             -|    -|
    |      o B_IO_L2_in_5_x1_loop_4                           |       -|  -2.43|         57|    189.981|        19|          -|       3|        no|         -|         -|             -|             -|    -|
    |       o B_IO_L2_in_5_x1_loop_5                          |       -|  -2.43|         17|     56.661|         2|          -|       8|        no|         -|         -|             -|             -|    -|
    |       o B_IO_L2_in_5_x1_loop_6                          |       -|  -2.43|         16|     53.328|         2|          -|       8|        no|         -|         -|             -|             -|    -|
    |      o B_IO_L2_in_5_x1_loop_7                           |       -|  -2.43|         88|    293.304|        11|          -|       8|        no|         -|         -|             -|             -|    -|
    |       o B_IO_L2_in_5_x1_loop_8                          |       -|  -2.43|          8|     26.664|         1|          -|       8|        no|         -|         -|             -|             -|    -|
    |      o B_IO_L2_in_5_x1_loop_9                           |       -|  -2.43|         57|    189.981|        19|          -|       3|        no|         -|         -|             -|             -|    -|
    |       o B_IO_L2_in_5_x1_loop_10                         |       -|  -2.43|         17|     56.661|         2|          -|       8|        no|         -|         -|             -|             -|    -|
    |       o B_IO_L2_in_5_x1_loop_11                         |       -|  -2.43|         16|     53.328|         2|          -|       8|        no|         -|         -|             -|             -|    -|
    |      o B_IO_L2_in_5_x1_loop_12                          |       -|  -2.43|         88|    293.304|        11|          -|       8|        no|         -|         -|             -|             -|    -|
    |       o B_IO_L2_in_5_x1_loop_13                         |       -|  -2.43|          8|     26.664|         1|          -|       8|        no|         -|         -|             -|             -|    -|
    |   o B_IO_L2_in_5_x1_loop_14                             |       -|  -2.43|         88|    293.304|        11|          -|       8|        no|         -|         -|             -|             -|    -|
    |    o B_IO_L2_in_5_x1_loop_15                            |       -|  -2.43|          8|     26.664|         1|          -|       8|        no|         -|         -|             -|             -|    -|
    |  + grp_B_IO_L2_in_6_x1_fu_2829                          |  Timing|   0.00|    1057402|  3.524e+06|         -|    1057402|       -|        no|         -|         -|    1675 (~0%)|    1230 (~0%)|    -|
    |   o B_IO_L2_in_6_x1_loop_1                              |       -|  -2.43|    1057312|  3.524e+06|     66082|          -|      16|        no|         -|         -|             -|             -|    -|
    |    o B_IO_L2_in_6_x1_loop_2                             |       -|  -2.43|      66080|  2.202e+05|      4130|          -|      16|        no|         -|         -|             -|             -|    -|
    |     o B_IO_L2_in_6_x1_loop_3                            |       -|  -2.43|       4128|  1.376e+04|       129|          -|      32|        no|         -|         -|             -|             -|    -|
    |      o B_IO_L2_in_6_x1_loop_4                           |       -|  -2.43|         38|    126.654|        19|          -|       2|        no|         -|         -|             -|             -|    -|
    |       o B_IO_L2_in_6_x1_loop_5                          |       -|  -2.43|         17|     56.661|         2|          -|       8|        no|         -|         -|             -|             -|    -|
    |       o B_IO_L2_in_6_x1_loop_6                          |       -|  -2.43|         16|     53.328|         2|          -|       8|        no|         -|         -|             -|             -|    -|
    |      o B_IO_L2_in_6_x1_loop_7                           |       -|  -2.43|         88|    293.304|        11|          -|       8|        no|         -|         -|             -|             -|    -|
    |       o B_IO_L2_in_6_x1_loop_8                          |       -|  -2.43|          8|     26.664|         1|          -|       8|        no|         -|         -|             -|             -|    -|
    |      o B_IO_L2_in_6_x1_loop_9                           |       -|  -2.43|         38|    126.654|        19|          -|       2|        no|         -|         -|             -|             -|    -|
    |       o B_IO_L2_in_6_x1_loop_10                         |       -|  -2.43|         17|     56.661|         2|          -|       8|        no|         -|         -|             -|             -|    -|
    |       o B_IO_L2_in_6_x1_loop_11                         |       -|  -2.43|         16|     53.328|         2|          -|       8|        no|         -|         -|             -|             -|    -|
    |      o B_IO_L2_in_6_x1_loop_12                          |       -|  -2.43|         88|    293.304|        11|          -|       8|        no|         -|         -|             -|             -|    -|
    |       o B_IO_L2_in_6_x1_loop_13                         |       -|  -2.43|          8|     26.664|         1|          -|       8|        no|         -|         -|             -|             -|    -|
    |   o B_IO_L2_in_6_x1_loop_14                             |       -|  -2.43|         88|    293.304|        11|          -|       8|        no|         -|         -|             -|             -|    -|
    |    o B_IO_L2_in_6_x1_loop_15                            |       -|  -2.43|          8|     26.664|         1|          -|       8|        no|         -|         -|             -|             -|    -|
    |  + grp_B_IO_L2_in_0_x1_fu_2836                          |  Timing|   0.00|    1991290|  6.637e+06|         -|    1991290|       -|        no|         -|         -|    1683 (~0%)|    1230 (~0%)|    -|
    |   o B_IO_L2_in_0_x1_loop_1                              |       -|  -2.43|    1991200|  6.637e+06|    124450|          -|      16|        no|         -|         -|             -|             -|    -|
    |    o B_IO_L2_in_0_x1_loop_2                             |       -|  -2.43|     124448|  4.148e+05|      7778|          -|      16|        no|         -|         -|             -|             -|    -|
    |     o B_IO_L2_in_0_x1_loop_3                            |       -|  -2.43|       7776|  2.592e+04|       243|          -|      32|        no|         -|         -|             -|             -|    -|
    |      o B_IO_L2_in_0_x1_loop_4                           |       -|  -2.43|        152|    506.616|        19|          -|       8|        no|         -|         -|             -|             -|    -|
    |       o B_IO_L2_in_0_x1_loop_5                          |       -|  -2.43|         17|     56.661|         2|          -|       8|        no|         -|         -|             -|             -|    -|
    |       o B_IO_L2_in_0_x1_loop_6                          |       -|  -2.43|         16|     53.328|         2|          -|       8|        no|         -|         -|             -|             -|    -|
    |      o B_IO_L2_in_0_x1_loop_7                           |       -|  -2.43|         88|    293.304|        11|          -|       8|        no|         -|         -|             -|             -|    -|
    |       o B_IO_L2_in_0_x1_loop_8                          |       -|  -2.43|          8|     26.664|         1|          -|       8|        no|         -|         -|             -|             -|    -|
    |      o B_IO_L2_in_0_x1_loop_9                           |       -|  -2.43|        152|    506.616|        19|          -|       8|        no|         -|         -|             -|             -|    -|
    |       o B_IO_L2_in_0_x1_loop_10                         |       -|  -2.43|         17|     56.661|         2|          -|       8|        no|         -|         -|             -|             -|    -|
    |       o B_IO_L2_in_0_x1_loop_11                         |       -|  -2.43|         16|     53.328|         2|          -|       8|        no|         -|         -|             -|             -|    -|
    |      o B_IO_L2_in_0_x1_loop_12                          |       -|  -2.43|         88|    293.304|        11|          -|       8|        no|         -|         -|             -|             -|    -|
    |       o B_IO_L2_in_0_x1_loop_13                         |       -|  -2.43|          8|     26.664|         1|          -|       8|        no|         -|         -|             -|             -|    -|
    |   o B_IO_L2_in_0_x1_loop_14                             |       -|  -2.43|         88|    293.304|        11|          -|       8|        no|         -|         -|             -|             -|    -|
    |    o B_IO_L2_in_0_x1_loop_15                            |       -|  -2.43|          8|     26.664|         1|          -|       8|        no|         -|         -|             -|             -|    -|
    |  + grp_B_IO_L2_in_boundary_x1_fu_2843                   |       -|  -0.47|     877178|  2.924e+06|         -|     877178|       -|        no|         -|         -|    1649 (~0%)|    1041 (~0%)|    -|
    |   o B_IO_L2_in_boundary_x1_loop_1                       |       -|  -2.43|     877088|  2.923e+06|     54818|          -|      16|        no|         -|         -|             -|             -|    -|
    |    o B_IO_L2_in_boundary_x1_loop_2                      |       -|  -2.43|      54816|  1.827e+05|      3426|          -|      16|        no|         -|         -|             -|             -|    -|
    |     o B_IO_L2_in_boundary_x1_loop_3                     |       -|  -2.43|       3424|  1.141e+04|       107|          -|      32|        no|         -|         -|             -|             -|    -|
    |      o B_IO_L2_in_boundary_x1_loop_5                    |       -|  -2.43|         16|     53.328|         2|          -|       8|        no|         -|         -|             -|             -|    -|
    |      o B_IO_L2_in_boundary_x1_loop_6                    |       -|  -2.43|         88|    293.304|        11|          -|       8|        no|         -|         -|             -|             -|    -|
    |       o B_IO_L2_in_boundary_x1_loop_7                   |       -|  -2.43|          8|     26.664|         1|          -|       8|        no|         -|         -|             -|             -|    -|
    |      o B_IO_L2_in_boundary_x1_loop_9                    |       -|  -2.43|         16|     53.328|         2|          -|       8|        no|         -|         -|             -|             -|    -|
    |      o B_IO_L2_in_boundary_x1_loop_10                   |       -|  -2.43|         88|    293.304|        11|          -|       8|        no|         -|         -|             -|             -|    -|
    |       o B_IO_L2_in_boundary_x1_loop_11                  |       -|  -2.43|          8|     26.664|         1|          -|       8|        no|         -|         -|             -|             -|    -|
    |   o B_IO_L2_in_boundary_x1_loop_12                      |       -|  -2.43|         88|    293.304|        11|          -|       8|        no|         -|         -|             -|             -|    -|
    |    o B_IO_L2_in_boundary_x1_loop_13                     |       -|  -2.43|          8|     26.664|         1|          -|       8|        no|         -|         -|             -|             -|    -|
    |  + grp_C_drain_IO_L3_out_serialize_x1_fu_2849           |  Timing|   0.00|     426054|  1.420e+06|         -|     426054|       -|        no|         -|         -|     816 (~0%)|     649 (~0%)|    -|
    |   o C_drain_IO_L3_out_serialize_x1_loop_1               |       -|  -2.43|     425984|  1.420e+06|        13|          -|   32768|        no|         -|         -|             -|             -|    -|
    |    o C_drain_IO_L3_out_serialize_x1_loop_2              |       -|  -2.43|          8|     26.664|         2|          -|       4|        no|         -|         -|             -|             -|    -|
    |  + grp_C_drain_IO_L1_out_wrapper_0_6_x1_fu_2857         |  Timing|   0.00|     276257|  9.208e+05|         -|     276257|       -|        no|         -|         -|     468 (~0%)|     638 (~0%)|    -|
    |   o C_drain_IO_L1_out_wrapper_0_6_x1_loop_1             |       -|  -2.43|     276256|  9.208e+05|     17266|          -|      16|        no|         -|         -|             -|             -|    -|
    |    o C_drain_IO_L1_out_wrapper_0_6_x1_loop_2            |       -|  -2.43|      17264|  5.754e+04|      1079|          -|      16|        no|         -|         -|             -|             -|    -|
    |     o C_drain_IO_L1_out_wrapper_0_6_x1_loop_3           |       -|  -2.43|       1040|  3.466e+03|       130|          -|       8|        no|         -|         -|             -|             -|    -|
    |      o C_drain_IO_L1_out_wrapper_0_6_x1_loop_4          |       -|  -2.43|        128|    426.624|        16|          -|       8|        no|         -|         -|             -|             -|    -|
    |       o C_drain_IO_L1_out_wrapper_0_6_x1_loop_5         |       -|  -2.43|          8|     26.664|         1|          -|       8|        no|         -|         -|             -|             -|    -|
    |     o C_drain_IO_L1_out_wrapper_0_6_x1_loop_6           |       -|  -2.43|         36|    119.988|        18|          -|       2|        no|         -|         -|             -|             -|    -|
    |      o C_drain_IO_L1_out_wrapper_0_6_x1_loop_7          |       -|  -2.43|         16|     53.328|         2|          -|       8|        no|         -|         -|             -|             -|    -|
    |      o C_drain_IO_L1_out_wrapper_0_6_x1_loop_8          |       -|  -2.43|         16|     53.328|         2|          -|       8|        no|         -|         -|             -|             -|    -|
    |  + grp_C_drain_IO_L1_out_wrapper_0_5_x1_fu_2864         |  Timing|   0.00|     280865|  9.361e+05|         -|     280865|       -|        no|         -|         -|     468 (~0%)|     638 (~0%)|    -|
    |   o C_drain_IO_L1_out_wrapper_0_5_x1_loop_1             |       -|  -2.43|     280864|  9.361e+05|     17554|          -|      16|        no|         -|         -|             -|             -|    -|
    |    o C_drain_IO_L1_out_wrapper_0_5_x1_loop_2            |       -|  -2.43|      17552|  5.850e+04|      1097|          -|      16|        no|         -|         -|             -|             -|    -|
    |     o C_drain_IO_L1_out_wrapper_0_5_x1_loop_3           |       -|  -2.43|       1040|  3.466e+03|       130|          -|       8|        no|         -|         -|             -|             -|    -|
    |      o C_drain_IO_L1_out_wrapper_0_5_x1_loop_4          |       -|  -2.43|        128|    426.624|        16|          -|       8|        no|         -|         -|             -|             -|    -|
    |       o C_drain_IO_L1_out_wrapper_0_5_x1_loop_5         |       -|  -2.43|          8|     26.664|         1|          -|       8|        no|         -|         -|             -|             -|    -|
    |     o C_drain_IO_L1_out_wrapper_0_5_x1_loop_6           |       -|  -2.43|         54|    179.982|        18|          -|       3|        no|         -|         -|             -|             -|    -|
    |      o C_drain_IO_L1_out_wrapper_0_5_x1_loop_7          |       -|  -2.43|         16|     53.328|         2|          -|       8|        no|         -|         -|             -|             -|    -|
    |      o C_drain_IO_L1_out_wrapper_0_5_x1_loop_8          |       -|  -2.43|         16|     53.328|         2|          -|       8|        no|         -|         -|             -|             -|    -|
    |  + grp_C_drain_IO_L1_out_wrapper_1_6_x1_fu_2871         |  Timing|   0.00|     276257|  9.208e+05|         -|     276257|       -|        no|         -|         -|     468 (~0%)|     638 (~0%)|    -|
    |   o C_drain_IO_L1_out_wrapper_1_6_x1_loop_1             |       -|  -2.43|     276256|  9.208e+05|     17266|          -|      16|        no|         -|         -|             -|             -|    -|
    |    o C_drain_IO_L1_out_wrapper_1_6_x1_loop_2            |       -|  -2.43|      17264|  5.754e+04|      1079|          -|      16|        no|         -|         -|             -|             -|    -|
    |     o C_drain_IO_L1_out_wrapper_1_6_x1_loop_3           |       -|  -2.43|       1040|  3.466e+03|       130|          -|       8|        no|         -|         -|             -|             -|    -|
    |      o C_drain_IO_L1_out_wrapper_1_6_x1_loop_4          |       -|  -2.43|        128|    426.624|        16|          -|       8|        no|         -|         -|             -|             -|    -|
    |       o C_drain_IO_L1_out_wrapper_1_6_x1_loop_5         |       -|  -2.43|          8|     26.664|         1|          -|       8|        no|         -|         -|             -|             -|    -|
    |     o C_drain_IO_L1_out_wrapper_1_6_x1_loop_6           |       -|  -2.43|         36|    119.988|        18|          -|       2|        no|         -|         -|             -|             -|    -|
    |      o C_drain_IO_L1_out_wrapper_1_6_x1_loop_7          |       -|  -2.43|         16|     53.328|         2|          -|       8|        no|         -|         -|             -|             -|    -|
    |      o C_drain_IO_L1_out_wrapper_1_6_x1_loop_8          |       -|  -2.43|         16|     53.328|         2|          -|       8|        no|         -|         -|             -|             -|    -|
    |  + grp_C_drain_IO_L1_out_wrapper_0_4_x1_fu_2878         |  Timing|   0.00|     285473|  9.515e+05|         -|     285473|       -|        no|         -|         -|     468 (~0%)|     638 (~0%)|    -|
    |   o C_drain_IO_L1_out_wrapper_0_4_x1_loop_1             |       -|  -2.43|     285472|  9.515e+05|     17842|          -|      16|        no|         -|         -|             -|             -|    -|
    |    o C_drain_IO_L1_out_wrapper_0_4_x1_loop_2            |       -|  -2.43|      17840|  5.946e+04|      1115|          -|      16|        no|         -|         -|             -|             -|    -|
    |     o C_drain_IO_L1_out_wrapper_0_4_x1_loop_3           |       -|  -2.43|       1040|  3.466e+03|       130|          -|       8|        no|         -|         -|             -|             -|    -|
    |      o C_drain_IO_L1_out_wrapper_0_4_x1_loop_4          |       -|  -2.43|        128|    426.624|        16|          -|       8|        no|         -|         -|             -|             -|    -|
    |       o C_drain_IO_L1_out_wrapper_0_4_x1_loop_5         |       -|  -2.43|          8|     26.664|         1|          -|       8|        no|         -|         -|             -|             -|    -|
    |     o C_drain_IO_L1_out_wrapper_0_4_x1_loop_6           |       -|  -2.43|         72|    239.976|        18|          -|       4|        no|         -|         -|             -|             -|    -|
    |      o C_drain_IO_L1_out_wrapper_0_4_x1_loop_7          |       -|  -2.43|         16|     53.328|         2|          -|       8|        no|         -|         -|             -|             -|    -|
    |      o C_drain_IO_L1_out_wrapper_0_4_x1_loop_8          |       -|  -2.43|         16|     53.328|         2|          -|       8|        no|         -|         -|             -|             -|    -|
    |  + grp_C_drain_IO_L1_out_wrapper_1_5_x1_fu_2885         |  Timing|   0.00|     280865|  9.361e+05|         -|     280865|       -|        no|         -|         -|     468 (~0%)|     638 (~0%)|    -|
    |   o C_drain_IO_L1_out_wrapper_1_5_x1_loop_1             |       -|  -2.43|     280864|  9.361e+05|     17554|          -|      16|        no|         -|         -|             -|             -|    -|
    |    o C_drain_IO_L1_out_wrapper_1_5_x1_loop_2            |       -|  -2.43|      17552|  5.850e+04|      1097|          -|      16|        no|         -|         -|             -|             -|    -|
    |     o C_drain_IO_L1_out_wrapper_1_5_x1_loop_3           |       -|  -2.43|       1040|  3.466e+03|       130|          -|       8|        no|         -|         -|             -|             -|    -|
    |      o C_drain_IO_L1_out_wrapper_1_5_x1_loop_4          |       -|  -2.43|        128|    426.624|        16|          -|       8|        no|         -|         -|             -|             -|    -|
    |       o C_drain_IO_L1_out_wrapper_1_5_x1_loop_5         |       -|  -2.43|          8|     26.664|         1|          -|       8|        no|         -|         -|             -|             -|    -|
    |     o C_drain_IO_L1_out_wrapper_1_5_x1_loop_6           |       -|  -2.43|         54|    179.982|        18|          -|       3|        no|         -|         -|             -|             -|    -|
    |      o C_drain_IO_L1_out_wrapper_1_5_x1_loop_7          |       -|  -2.43|         16|     53.328|         2|          -|       8|        no|         -|         -|             -|             -|    -|
    |      o C_drain_IO_L1_out_wrapper_1_5_x1_loop_8          |       -|  -2.43|         16|     53.328|         2|          -|       8|        no|         -|         -|             -|             -|    -|
    |  + grp_C_drain_IO_L1_out_wrapper_2_6_x1_fu_2892         |  Timing|   0.00|     276257|  9.208e+05|         -|     276257|       -|        no|         -|         -|     468 (~0%)|     638 (~0%)|    -|
    |   o C_drain_IO_L1_out_wrapper_2_6_x1_loop_1             |       -|  -2.43|     276256|  9.208e+05|     17266|          -|      16|        no|         -|         -|             -|             -|    -|
    |    o C_drain_IO_L1_out_wrapper_2_6_x1_loop_2            |       -|  -2.43|      17264|  5.754e+04|      1079|          -|      16|        no|         -|         -|             -|             -|    -|
    |     o C_drain_IO_L1_out_wrapper_2_6_x1_loop_3           |       -|  -2.43|       1040|  3.466e+03|       130|          -|       8|        no|         -|         -|             -|             -|    -|
    |      o C_drain_IO_L1_out_wrapper_2_6_x1_loop_4          |       -|  -2.43|        128|    426.624|        16|          -|       8|        no|         -|         -|             -|             -|    -|
    |       o C_drain_IO_L1_out_wrapper_2_6_x1_loop_5         |       -|  -2.43|          8|     26.664|         1|          -|       8|        no|         -|         -|             -|             -|    -|
    |     o C_drain_IO_L1_out_wrapper_2_6_x1_loop_6           |       -|  -2.43|         36|    119.988|        18|          -|       2|        no|         -|         -|             -|             -|    -|
    |      o C_drain_IO_L1_out_wrapper_2_6_x1_loop_7          |       -|  -2.43|         16|     53.328|         2|          -|       8|        no|         -|         -|             -|             -|    -|
    |      o C_drain_IO_L1_out_wrapper_2_6_x1_loop_8          |       -|  -2.43|         16|     53.328|         2|          -|       8|        no|         -|         -|             -|             -|    -|
    |  + grp_C_drain_IO_L1_out_wrapper_0_3_x1_fu_2899         |  Timing|   0.00|     290081|  9.668e+05|         -|     290081|       -|        no|         -|         -|     468 (~0%)|     638 (~0%)|    -|
    |   o C_drain_IO_L1_out_wrapper_0_3_x1_loop_1             |       -|  -2.43|     290080|  9.668e+05|     18130|          -|      16|        no|         -|         -|             -|             -|    -|
    |    o C_drain_IO_L1_out_wrapper_0_3_x1_loop_2            |       -|  -2.43|      18128|  6.042e+04|      1133|          -|      16|        no|         -|         -|             -|             -|    -|
    |     o C_drain_IO_L1_out_wrapper_0_3_x1_loop_3           |       -|  -2.43|       1040|  3.466e+03|       130|          -|       8|        no|         -|         -|             -|             -|    -|
    |      o C_drain_IO_L1_out_wrapper_0_3_x1_loop_4          |       -|  -2.43|        128|    426.624|        16|          -|       8|        no|         -|         -|             -|             -|    -|
    |       o C_drain_IO_L1_out_wrapper_0_3_x1_loop_5         |       -|  -2.43|          8|     26.664|         1|          -|       8|        no|         -|         -|             -|             -|    -|
    |     o C_drain_IO_L1_out_wrapper_0_3_x1_loop_6           |       -|  -2.43|         90|    299.970|        18|          -|       5|        no|         -|         -|             -|             -|    -|
    |      o C_drain_IO_L1_out_wrapper_0_3_x1_loop_7          |       -|  -2.43|         16|     53.328|         2|          -|       8|        no|         -|         -|             -|             -|    -|
    |      o C_drain_IO_L1_out_wrapper_0_3_x1_loop_8          |       -|  -2.43|         16|     53.328|         2|          -|       8|        no|         -|         -|             -|             -|    -|
    |  + grp_C_drain_IO_L1_out_wrapper_1_4_x1_fu_2906         |  Timing|   0.00|     285473|  9.515e+05|         -|     285473|       -|        no|         -|         -|     468 (~0%)|     638 (~0%)|    -|
    |   o C_drain_IO_L1_out_wrapper_1_4_x1_loop_1             |       -|  -2.43|     285472|  9.515e+05|     17842|          -|      16|        no|         -|         -|             -|             -|    -|
    |    o C_drain_IO_L1_out_wrapper_1_4_x1_loop_2            |       -|  -2.43|      17840|  5.946e+04|      1115|          -|      16|        no|         -|         -|             -|             -|    -|
    |     o C_drain_IO_L1_out_wrapper_1_4_x1_loop_3           |       -|  -2.43|       1040|  3.466e+03|       130|          -|       8|        no|         -|         -|             -|             -|    -|
    |      o C_drain_IO_L1_out_wrapper_1_4_x1_loop_4          |       -|  -2.43|        128|    426.624|        16|          -|       8|        no|         -|         -|             -|             -|    -|
    |       o C_drain_IO_L1_out_wrapper_1_4_x1_loop_5         |       -|  -2.43|          8|     26.664|         1|          -|       8|        no|         -|         -|             -|             -|    -|
    |     o C_drain_IO_L1_out_wrapper_1_4_x1_loop_6           |       -|  -2.43|         72|    239.976|        18|          -|       4|        no|         -|         -|             -|             -|    -|
    |      o C_drain_IO_L1_out_wrapper_1_4_x1_loop_7          |       -|  -2.43|         16|     53.328|         2|          -|       8|        no|         -|         -|             -|             -|    -|
    |      o C_drain_IO_L1_out_wrapper_1_4_x1_loop_8          |       -|  -2.43|         16|     53.328|         2|          -|       8|        no|         -|         -|             -|             -|    -|
    |  + grp_C_drain_IO_L1_out_wrapper_2_5_x1_fu_2913         |  Timing|   0.00|     280865|  9.361e+05|         -|     280865|       -|        no|         -|         -|     468 (~0%)|     638 (~0%)|    -|
    |   o C_drain_IO_L1_out_wrapper_2_5_x1_loop_1             |       -|  -2.43|     280864|  9.361e+05|     17554|          -|      16|        no|         -|         -|             -|             -|    -|
    |    o C_drain_IO_L1_out_wrapper_2_5_x1_loop_2            |       -|  -2.43|      17552|  5.850e+04|      1097|          -|      16|        no|         -|         -|             -|             -|    -|
    |     o C_drain_IO_L1_out_wrapper_2_5_x1_loop_3           |       -|  -2.43|       1040|  3.466e+03|       130|          -|       8|        no|         -|         -|             -|             -|    -|
    |      o C_drain_IO_L1_out_wrapper_2_5_x1_loop_4          |       -|  -2.43|        128|    426.624|        16|          -|       8|        no|         -|         -|             -|             -|    -|
    |       o C_drain_IO_L1_out_wrapper_2_5_x1_loop_5         |       -|  -2.43|          8|     26.664|         1|          -|       8|        no|         -|         -|             -|             -|    -|
    |     o C_drain_IO_L1_out_wrapper_2_5_x1_loop_6           |       -|  -2.43|         54|    179.982|        18|          -|       3|        no|         -|         -|             -|             -|    -|
    |      o C_drain_IO_L1_out_wrapper_2_5_x1_loop_7          |       -|  -2.43|         16|     53.328|         2|          -|       8|        no|         -|         -|             -|             -|    -|
    |      o C_drain_IO_L1_out_wrapper_2_5_x1_loop_8          |       -|  -2.43|         16|     53.328|         2|          -|       8|        no|         -|         -|             -|             -|    -|
    |  + grp_C_drain_IO_L1_out_wrapper_3_6_x1_fu_2920         |  Timing|   0.00|     276257|  9.208e+05|         -|     276257|       -|        no|         -|         -|     468 (~0%)|     638 (~0%)|    -|
    |   o C_drain_IO_L1_out_wrapper_3_6_x1_loop_1             |       -|  -2.43|     276256|  9.208e+05|     17266|          -|      16|        no|         -|         -|             -|             -|    -|
    |    o C_drain_IO_L1_out_wrapper_3_6_x1_loop_2            |       -|  -2.43|      17264|  5.754e+04|      1079|          -|      16|        no|         -|         -|             -|             -|    -|
    |     o C_drain_IO_L1_out_wrapper_3_6_x1_loop_3           |       -|  -2.43|       1040|  3.466e+03|       130|          -|       8|        no|         -|         -|             -|             -|    -|
    |      o C_drain_IO_L1_out_wrapper_3_6_x1_loop_4          |       -|  -2.43|        128|    426.624|        16|          -|       8|        no|         -|         -|             -|             -|    -|
    |       o C_drain_IO_L1_out_wrapper_3_6_x1_loop_5         |       -|  -2.43|          8|     26.664|         1|          -|       8|        no|         -|         -|             -|             -|    -|
    |     o C_drain_IO_L1_out_wrapper_3_6_x1_loop_6           |       -|  -2.43|         36|    119.988|        18|          -|       2|        no|         -|         -|             -|             -|    -|
    |      o C_drain_IO_L1_out_wrapper_3_6_x1_loop_7          |       -|  -2.43|         16|     53.328|         2|          -|       8|        no|         -|         -|             -|             -|    -|
    |      o C_drain_IO_L1_out_wrapper_3_6_x1_loop_8          |       -|  -2.43|         16|     53.328|         2|          -|       8|        no|         -|         -|             -|             -|    -|
    |  + grp_C_drain_IO_L1_out_wrapper_0_2_x1_fu_2927         |  Timing|   0.00|     294689|  9.822e+05|         -|     294689|       -|        no|         -|         -|     468 (~0%)|     638 (~0%)|    -|
    |   o C_drain_IO_L1_out_wrapper_0_2_x1_loop_1             |       -|  -2.43|     294688|  9.822e+05|     18418|          -|      16|        no|         -|         -|             -|             -|    -|
    |    o C_drain_IO_L1_out_wrapper_0_2_x1_loop_2            |       -|  -2.43|      18416|  6.138e+04|      1151|          -|      16|        no|         -|         -|             -|             -|    -|
    |     o C_drain_IO_L1_out_wrapper_0_2_x1_loop_3           |       -|  -2.43|       1040|  3.466e+03|       130|          -|       8|        no|         -|         -|             -|             -|    -|
    |      o C_drain_IO_L1_out_wrapper_0_2_x1_loop_4          |       -|  -2.43|        128|    426.624|        16|          -|       8|        no|         -|         -|             -|             -|    -|
    |       o C_drain_IO_L1_out_wrapper_0_2_x1_loop_5         |       -|  -2.43|          8|     26.664|         1|          -|       8|        no|         -|         -|             -|             -|    -|
    |     o C_drain_IO_L1_out_wrapper_0_2_x1_loop_6           |       -|  -2.43|        108|    359.964|        18|          -|       6|        no|         -|         -|             -|             -|    -|
    |      o C_drain_IO_L1_out_wrapper_0_2_x1_loop_7          |       -|  -2.43|         16|     53.328|         2|          -|       8|        no|         -|         -|             -|             -|    -|
    |      o C_drain_IO_L1_out_wrapper_0_2_x1_loop_8          |       -|  -2.43|         16|     53.328|         2|          -|       8|        no|         -|         -|             -|             -|    -|
    |  + grp_C_drain_IO_L1_out_wrapper_1_3_x1_fu_2934         |  Timing|   0.00|     290081|  9.668e+05|         -|     290081|       -|        no|         -|         -|     468 (~0%)|     638 (~0%)|    -|
    |   o C_drain_IO_L1_out_wrapper_1_3_x1_loop_1             |       -|  -2.43|     290080|  9.668e+05|     18130|          -|      16|        no|         -|         -|             -|             -|    -|
    |    o C_drain_IO_L1_out_wrapper_1_3_x1_loop_2            |       -|  -2.43|      18128|  6.042e+04|      1133|          -|      16|        no|         -|         -|             -|             -|    -|
    |     o C_drain_IO_L1_out_wrapper_1_3_x1_loop_3           |       -|  -2.43|       1040|  3.466e+03|       130|          -|       8|        no|         -|         -|             -|             -|    -|
    |      o C_drain_IO_L1_out_wrapper_1_3_x1_loop_4          |       -|  -2.43|        128|    426.624|        16|          -|       8|        no|         -|         -|             -|             -|    -|
    |       o C_drain_IO_L1_out_wrapper_1_3_x1_loop_5         |       -|  -2.43|          8|     26.664|         1|          -|       8|        no|         -|         -|             -|             -|    -|
    |     o C_drain_IO_L1_out_wrapper_1_3_x1_loop_6           |       -|  -2.43|         90|    299.970|        18|          -|       5|        no|         -|         -|             -|             -|    -|
    |      o C_drain_IO_L1_out_wrapper_1_3_x1_loop_7          |       -|  -2.43|         16|     53.328|         2|          -|       8|        no|         -|         -|             -|             -|    -|
    |      o C_drain_IO_L1_out_wrapper_1_3_x1_loop_8          |       -|  -2.43|         16|     53.328|         2|          -|       8|        no|         -|         -|             -|             -|    -|
    |  + grp_C_drain_IO_L1_out_wrapper_2_4_x1_fu_2941         |  Timing|   0.00|     285473|  9.515e+05|         -|     285473|       -|        no|         -|         -|     468 (~0%)|     638 (~0%)|    -|
    |   o C_drain_IO_L1_out_wrapper_2_4_x1_loop_1             |       -|  -2.43|     285472|  9.515e+05|     17842|          -|      16|        no|         -|         -|             -|             -|    -|
    |    o C_drain_IO_L1_out_wrapper_2_4_x1_loop_2            |       -|  -2.43|      17840|  5.946e+04|      1115|          -|      16|        no|         -|         -|             -|             -|    -|
    |     o C_drain_IO_L1_out_wrapper_2_4_x1_loop_3           |       -|  -2.43|       1040|  3.466e+03|       130|          -|       8|        no|         -|         -|             -|             -|    -|
    |      o C_drain_IO_L1_out_wrapper_2_4_x1_loop_4          |       -|  -2.43|        128|    426.624|        16|          -|       8|        no|         -|         -|             -|             -|    -|
    |       o C_drain_IO_L1_out_wrapper_2_4_x1_loop_5         |       -|  -2.43|          8|     26.664|         1|          -|       8|        no|         -|         -|             -|             -|    -|
    |     o C_drain_IO_L1_out_wrapper_2_4_x1_loop_6           |       -|  -2.43|         72|    239.976|        18|          -|       4|        no|         -|         -|             -|             -|    -|
    |      o C_drain_IO_L1_out_wrapper_2_4_x1_loop_7          |       -|  -2.43|         16|     53.328|         2|          -|       8|        no|         -|         -|             -|             -|    -|
    |      o C_drain_IO_L1_out_wrapper_2_4_x1_loop_8          |       -|  -2.43|         16|     53.328|         2|          -|       8|        no|         -|         -|             -|             -|    -|
    |  + grp_C_drain_IO_L1_out_wrapper_3_5_x1_fu_2948         |  Timing|   0.00|     280865|  9.361e+05|         -|     280865|       -|        no|         -|         -|     468 (~0%)|     638 (~0%)|    -|
    |   o C_drain_IO_L1_out_wrapper_3_5_x1_loop_1             |       -|  -2.43|     280864|  9.361e+05|     17554|          -|      16|        no|         -|         -|             -|             -|    -|
    |    o C_drain_IO_L1_out_wrapper_3_5_x1_loop_2            |       -|  -2.43|      17552|  5.850e+04|      1097|          -|      16|        no|         -|         -|             -|             -|    -|
    |     o C_drain_IO_L1_out_wrapper_3_5_x1_loop_3           |       -|  -2.43|       1040|  3.466e+03|       130|          -|       8|        no|         -|         -|             -|             -|    -|
    |      o C_drain_IO_L1_out_wrapper_3_5_x1_loop_4          |       -|  -2.43|        128|    426.624|        16|          -|       8|        no|         -|         -|             -|             -|    -|
    |       o C_drain_IO_L1_out_wrapper_3_5_x1_loop_5         |       -|  -2.43|          8|     26.664|         1|          -|       8|        no|         -|         -|             -|             -|    -|
    |     o C_drain_IO_L1_out_wrapper_3_5_x1_loop_6           |       -|  -2.43|         54|    179.982|        18|          -|       3|        no|         -|         -|             -|             -|    -|
    |      o C_drain_IO_L1_out_wrapper_3_5_x1_loop_7          |       -|  -2.43|         16|     53.328|         2|          -|       8|        no|         -|         -|             -|             -|    -|
    |      o C_drain_IO_L1_out_wrapper_3_5_x1_loop_8          |       -|  -2.43|         16|     53.328|         2|          -|       8|        no|         -|         -|             -|             -|    -|
    |  + grp_C_drain_IO_L1_out_wrapper_4_6_x1_fu_2955         |  Timing|   0.00|     276257|  9.208e+05|         -|     276257|       -|        no|         -|         -|     468 (~0%)|     638 (~0%)|    -|
    |   o C_drain_IO_L1_out_wrapper_4_6_x1_loop_1             |       -|  -2.43|     276256|  9.208e+05|     17266|          -|      16|        no|         -|         -|             -|             -|    -|
    |    o C_drain_IO_L1_out_wrapper_4_6_x1_loop_2            |       -|  -2.43|      17264|  5.754e+04|      1079|          -|      16|        no|         -|         -|             -|             -|    -|
    |     o C_drain_IO_L1_out_wrapper_4_6_x1_loop_3           |       -|  -2.43|       1040|  3.466e+03|       130|          -|       8|        no|         -|         -|             -|             -|    -|
    |      o C_drain_IO_L1_out_wrapper_4_6_x1_loop_4          |       -|  -2.43|        128|    426.624|        16|          -|       8|        no|         -|         -|             -|             -|    -|
    |       o C_drain_IO_L1_out_wrapper_4_6_x1_loop_5         |       -|  -2.43|          8|     26.664|         1|          -|       8|        no|         -|         -|             -|             -|    -|
    |     o C_drain_IO_L1_out_wrapper_4_6_x1_loop_6           |       -|  -2.43|         36|    119.988|        18|          -|       2|        no|         -|         -|             -|             -|    -|
    |      o C_drain_IO_L1_out_wrapper_4_6_x1_loop_7          |       -|  -2.43|         16|     53.328|         2|          -|       8|        no|         -|         -|             -|             -|    -|
    |      o C_drain_IO_L1_out_wrapper_4_6_x1_loop_8          |       -|  -2.43|         16|     53.328|         2|          -|       8|        no|         -|         -|             -|             -|    -|
    |  + grp_C_drain_IO_L1_out_wrapper_0_1_x1_fu_2962         |  Timing|   0.00|     299297|  9.976e+05|         -|     299297|       -|        no|         -|         -|     468 (~0%)|     638 (~0%)|    -|
    |   o C_drain_IO_L1_out_wrapper_0_1_x1_loop_1             |       -|  -2.43|     299296|  9.976e+05|     18706|          -|      16|        no|         -|         -|             -|             -|    -|
    |    o C_drain_IO_L1_out_wrapper_0_1_x1_loop_2            |       -|  -2.43|      18704|  6.234e+04|      1169|          -|      16|        no|         -|         -|             -|             -|    -|
    |     o C_drain_IO_L1_out_wrapper_0_1_x1_loop_3           |       -|  -2.43|       1040|  3.466e+03|       130|          -|       8|        no|         -|         -|             -|             -|    -|
    |      o C_drain_IO_L1_out_wrapper_0_1_x1_loop_4          |       -|  -2.43|        128|    426.624|        16|          -|       8|        no|         -|         -|             -|             -|    -|
    |       o C_drain_IO_L1_out_wrapper_0_1_x1_loop_5         |       -|  -2.43|          8|     26.664|         1|          -|       8|        no|         -|         -|             -|             -|    -|
    |     o C_drain_IO_L1_out_wrapper_0_1_x1_loop_6           |       -|  -2.43|        126|    419.958|        18|          -|       7|        no|         -|         -|             -|             -|    -|
    |      o C_drain_IO_L1_out_wrapper_0_1_x1_loop_7          |       -|  -2.43|         16|     53.328|         2|          -|       8|        no|         -|         -|             -|             -|    -|
    |      o C_drain_IO_L1_out_wrapper_0_1_x1_loop_8          |       -|  -2.43|         16|     53.328|         2|          -|       8|        no|         -|         -|             -|             -|    -|
    |  + grp_C_drain_IO_L1_out_wrapper_1_2_x1_fu_2969         |  Timing|   0.00|     294689|  9.822e+05|         -|     294689|       -|        no|         -|         -|     468 (~0%)|     638 (~0%)|    -|
    |   o C_drain_IO_L1_out_wrapper_1_2_x1_loop_1             |       -|  -2.43|     294688|  9.822e+05|     18418|          -|      16|        no|         -|         -|             -|             -|    -|
    |    o C_drain_IO_L1_out_wrapper_1_2_x1_loop_2            |       -|  -2.43|      18416|  6.138e+04|      1151|          -|      16|        no|         -|         -|             -|             -|    -|
    |     o C_drain_IO_L1_out_wrapper_1_2_x1_loop_3           |       -|  -2.43|       1040|  3.466e+03|       130|          -|       8|        no|         -|         -|             -|             -|    -|
    |      o C_drain_IO_L1_out_wrapper_1_2_x1_loop_4          |       -|  -2.43|        128|    426.624|        16|          -|       8|        no|         -|         -|             -|             -|    -|
    |       o C_drain_IO_L1_out_wrapper_1_2_x1_loop_5         |       -|  -2.43|          8|     26.664|         1|          -|       8|        no|         -|         -|             -|             -|    -|
    |     o C_drain_IO_L1_out_wrapper_1_2_x1_loop_6           |       -|  -2.43|        108|    359.964|        18|          -|       6|        no|         -|         -|             -|             -|    -|
    |      o C_drain_IO_L1_out_wrapper_1_2_x1_loop_7          |       -|  -2.43|         16|     53.328|         2|          -|       8|        no|         -|         -|             -|             -|    -|
    |      o C_drain_IO_L1_out_wrapper_1_2_x1_loop_8          |       -|  -2.43|         16|     53.328|         2|          -|       8|        no|         -|         -|             -|             -|    -|
    |  + grp_C_drain_IO_L1_out_wrapper_2_3_x1_fu_2976         |  Timing|   0.00|     290081|  9.668e+05|         -|     290081|       -|        no|         -|         -|     468 (~0%)|     638 (~0%)|    -|
    |   o C_drain_IO_L1_out_wrapper_2_3_x1_loop_1             |       -|  -2.43|     290080|  9.668e+05|     18130|          -|      16|        no|         -|         -|             -|             -|    -|
    |    o C_drain_IO_L1_out_wrapper_2_3_x1_loop_2            |       -|  -2.43|      18128|  6.042e+04|      1133|          -|      16|        no|         -|         -|             -|             -|    -|
    |     o C_drain_IO_L1_out_wrapper_2_3_x1_loop_3           |       -|  -2.43|       1040|  3.466e+03|       130|          -|       8|        no|         -|         -|             -|             -|    -|
    |      o C_drain_IO_L1_out_wrapper_2_3_x1_loop_4          |       -|  -2.43|        128|    426.624|        16|          -|       8|        no|         -|         -|             -|             -|    -|
    |       o C_drain_IO_L1_out_wrapper_2_3_x1_loop_5         |       -|  -2.43|          8|     26.664|         1|          -|       8|        no|         -|         -|             -|             -|    -|
    |     o C_drain_IO_L1_out_wrapper_2_3_x1_loop_6           |       -|  -2.43|         90|    299.970|        18|          -|       5|        no|         -|         -|             -|             -|    -|
    |      o C_drain_IO_L1_out_wrapper_2_3_x1_loop_7          |       -|  -2.43|         16|     53.328|         2|          -|       8|        no|         -|         -|             -|             -|    -|
    |      o C_drain_IO_L1_out_wrapper_2_3_x1_loop_8          |       -|  -2.43|         16|     53.328|         2|          -|       8|        no|         -|         -|             -|             -|    -|
    |  + grp_C_drain_IO_L1_out_wrapper_3_4_x1_fu_2983         |  Timing|   0.00|     285473|  9.515e+05|         -|     285473|       -|        no|         -|         -|     468 (~0%)|     638 (~0%)|    -|
    |   o C_drain_IO_L1_out_wrapper_3_4_x1_loop_1             |       -|  -2.43|     285472|  9.515e+05|     17842|          -|      16|        no|         -|         -|             -|             -|    -|
    |    o C_drain_IO_L1_out_wrapper_3_4_x1_loop_2            |       -|  -2.43|      17840|  5.946e+04|      1115|          -|      16|        no|         -|         -|             -|             -|    -|
    |     o C_drain_IO_L1_out_wrapper_3_4_x1_loop_3           |       -|  -2.43|       1040|  3.466e+03|       130|          -|       8|        no|         -|         -|             -|             -|    -|
    |      o C_drain_IO_L1_out_wrapper_3_4_x1_loop_4          |       -|  -2.43|        128|    426.624|        16|          -|       8|        no|         -|         -|             -|             -|    -|
    |       o C_drain_IO_L1_out_wrapper_3_4_x1_loop_5         |       -|  -2.43|          8|     26.664|         1|          -|       8|        no|         -|         -|             -|             -|    -|
    |     o C_drain_IO_L1_out_wrapper_3_4_x1_loop_6           |       -|  -2.43|         72|    239.976|        18|          -|       4|        no|         -|         -|             -|             -|    -|
    |      o C_drain_IO_L1_out_wrapper_3_4_x1_loop_7          |       -|  -2.43|         16|     53.328|         2|          -|       8|        no|         -|         -|             -|             -|    -|
    |      o C_drain_IO_L1_out_wrapper_3_4_x1_loop_8          |       -|  -2.43|         16|     53.328|         2|          -|       8|        no|         -|         -|             -|             -|    -|
    |  + grp_C_drain_IO_L1_out_wrapper_4_5_x1_fu_2990         |  Timing|   0.00|     280865|  9.361e+05|         -|     280865|       -|        no|         -|         -|     468 (~0%)|     638 (~0%)|    -|
    |   o C_drain_IO_L1_out_wrapper_4_5_x1_loop_1             |       -|  -2.43|     280864|  9.361e+05|     17554|          -|      16|        no|         -|         -|             -|             -|    -|
    |    o C_drain_IO_L1_out_wrapper_4_5_x1_loop_2            |       -|  -2.43|      17552|  5.850e+04|      1097|          -|      16|        no|         -|         -|             -|             -|    -|
    |     o C_drain_IO_L1_out_wrapper_4_5_x1_loop_3           |       -|  -2.43|       1040|  3.466e+03|       130|          -|       8|        no|         -|         -|             -|             -|    -|
    |      o C_drain_IO_L1_out_wrapper_4_5_x1_loop_4          |       -|  -2.43|        128|    426.624|        16|          -|       8|        no|         -|         -|             -|             -|    -|
    |       o C_drain_IO_L1_out_wrapper_4_5_x1_loop_5         |       -|  -2.43|          8|     26.664|         1|          -|       8|        no|         -|         -|             -|             -|    -|
    |     o C_drain_IO_L1_out_wrapper_4_5_x1_loop_6           |       -|  -2.43|         54|    179.982|        18|          -|       3|        no|         -|         -|             -|             -|    -|
    |      o C_drain_IO_L1_out_wrapper_4_5_x1_loop_7          |       -|  -2.43|         16|     53.328|         2|          -|       8|        no|         -|         -|             -|             -|    -|
    |      o C_drain_IO_L1_out_wrapper_4_5_x1_loop_8          |       -|  -2.43|         16|     53.328|         2|          -|       8|        no|         -|         -|             -|             -|    -|
    |  + grp_C_drain_IO_L1_out_wrapper_5_6_x1_fu_2997         |  Timing|   0.00|     276257|  9.208e+05|         -|     276257|       -|        no|         -|         -|     468 (~0%)|     638 (~0%)|    -|
    |   o C_drain_IO_L1_out_wrapper_5_6_x1_loop_1             |       -|  -2.43|     276256|  9.208e+05|     17266|          -|      16|        no|         -|         -|             -|             -|    -|
    |    o C_drain_IO_L1_out_wrapper_5_6_x1_loop_2            |       -|  -2.43|      17264|  5.754e+04|      1079|          -|      16|        no|         -|         -|             -|             -|    -|
    |     o C_drain_IO_L1_out_wrapper_5_6_x1_loop_3           |       -|  -2.43|       1040|  3.466e+03|       130|          -|       8|        no|         -|         -|             -|             -|    -|
    |      o C_drain_IO_L1_out_wrapper_5_6_x1_loop_4          |       -|  -2.43|        128|    426.624|        16|          -|       8|        no|         -|         -|             -|             -|    -|
    |       o C_drain_IO_L1_out_wrapper_5_6_x1_loop_5         |       -|  -2.43|          8|     26.664|         1|          -|       8|        no|         -|         -|             -|             -|    -|
    |     o C_drain_IO_L1_out_wrapper_5_6_x1_loop_6           |       -|  -2.43|         36|    119.988|        18|          -|       2|        no|         -|         -|             -|             -|    -|
    |      o C_drain_IO_L1_out_wrapper_5_6_x1_loop_7          |       -|  -2.43|         16|     53.328|         2|          -|       8|        no|         -|         -|             -|             -|    -|
    |      o C_drain_IO_L1_out_wrapper_5_6_x1_loop_8          |       -|  -2.43|         16|     53.328|         2|          -|       8|        no|         -|         -|             -|             -|    -|
    |  + grp_C_drain_IO_L1_out_wrapper_1_1_x1_fu_3004         |  Timing|   0.00|     299297|  9.976e+05|         -|     299297|       -|        no|         -|         -|     468 (~0%)|     638 (~0%)|    -|
    |   o C_drain_IO_L1_out_wrapper_1_1_x1_loop_1             |       -|  -2.43|     299296|  9.976e+05|     18706|          -|      16|        no|         -|         -|             -|             -|    -|
    |    o C_drain_IO_L1_out_wrapper_1_1_x1_loop_2            |       -|  -2.43|      18704|  6.234e+04|      1169|          -|      16|        no|         -|         -|             -|             -|    -|
    |     o C_drain_IO_L1_out_wrapper_1_1_x1_loop_3           |       -|  -2.43|       1040|  3.466e+03|       130|          -|       8|        no|         -|         -|             -|             -|    -|
    |      o C_drain_IO_L1_out_wrapper_1_1_x1_loop_4          |       -|  -2.43|        128|    426.624|        16|          -|       8|        no|         -|         -|             -|             -|    -|
    |       o C_drain_IO_L1_out_wrapper_1_1_x1_loop_5         |       -|  -2.43|          8|     26.664|         1|          -|       8|        no|         -|         -|             -|             -|    -|
    |     o C_drain_IO_L1_out_wrapper_1_1_x1_loop_6           |       -|  -2.43|        126|    419.958|        18|          -|       7|        no|         -|         -|             -|             -|    -|
    |      o C_drain_IO_L1_out_wrapper_1_1_x1_loop_7          |       -|  -2.43|         16|     53.328|         2|          -|       8|        no|         -|         -|             -|             -|    -|
    |      o C_drain_IO_L1_out_wrapper_1_1_x1_loop_8          |       -|  -2.43|         16|     53.328|         2|          -|       8|        no|         -|         -|             -|             -|    -|
    |  + grp_C_drain_IO_L1_out_wrapper_2_2_x1_fu_3011         |  Timing|   0.00|     294689|  9.822e+05|         -|     294689|       -|        no|         -|         -|     468 (~0%)|     638 (~0%)|    -|
    |   o C_drain_IO_L1_out_wrapper_2_2_x1_loop_1             |       -|  -2.43|     294688|  9.822e+05|     18418|          -|      16|        no|         -|         -|             -|             -|    -|
    |    o C_drain_IO_L1_out_wrapper_2_2_x1_loop_2            |       -|  -2.43|      18416|  6.138e+04|      1151|          -|      16|        no|         -|         -|             -|             -|    -|
    |     o C_drain_IO_L1_out_wrapper_2_2_x1_loop_3           |       -|  -2.43|       1040|  3.466e+03|       130|          -|       8|        no|         -|         -|             -|             -|    -|
    |      o C_drain_IO_L1_out_wrapper_2_2_x1_loop_4          |       -|  -2.43|        128|    426.624|        16|          -|       8|        no|         -|         -|             -|             -|    -|
    |       o C_drain_IO_L1_out_wrapper_2_2_x1_loop_5         |       -|  -2.43|          8|     26.664|         1|          -|       8|        no|         -|         -|             -|             -|    -|
    |     o C_drain_IO_L1_out_wrapper_2_2_x1_loop_6           |       -|  -2.43|        108|    359.964|        18|          -|       6|        no|         -|         -|             -|             -|    -|
    |      o C_drain_IO_L1_out_wrapper_2_2_x1_loop_7          |       -|  -2.43|         16|     53.328|         2|          -|       8|        no|         -|         -|             -|             -|    -|
    |      o C_drain_IO_L1_out_wrapper_2_2_x1_loop_8          |       -|  -2.43|         16|     53.328|         2|          -|       8|        no|         -|         -|             -|             -|    -|
    |  + grp_C_drain_IO_L1_out_wrapper_3_3_x1_fu_3018         |  Timing|   0.00|     290081|  9.668e+05|         -|     290081|       -|        no|         -|         -|     468 (~0%)|     638 (~0%)|    -|
    |   o C_drain_IO_L1_out_wrapper_3_3_x1_loop_1             |       -|  -2.43|     290080|  9.668e+05|     18130|          -|      16|        no|         -|         -|             -|             -|    -|
    |    o C_drain_IO_L1_out_wrapper_3_3_x1_loop_2            |       -|  -2.43|      18128|  6.042e+04|      1133|          -|      16|        no|         -|         -|             -|             -|    -|
    |     o C_drain_IO_L1_out_wrapper_3_3_x1_loop_3           |       -|  -2.43|       1040|  3.466e+03|       130|          -|       8|        no|         -|         -|             -|             -|    -|
    |      o C_drain_IO_L1_out_wrapper_3_3_x1_loop_4          |       -|  -2.43|        128|    426.624|        16|          -|       8|        no|         -|         -|             -|             -|    -|
    |       o C_drain_IO_L1_out_wrapper_3_3_x1_loop_5         |       -|  -2.43|          8|     26.664|         1|          -|       8|        no|         -|         -|             -|             -|    -|
    |     o C_drain_IO_L1_out_wrapper_3_3_x1_loop_6           |       -|  -2.43|         90|    299.970|        18|          -|       5|        no|         -|         -|             -|             -|    -|
    |      o C_drain_IO_L1_out_wrapper_3_3_x1_loop_7          |       -|  -2.43|         16|     53.328|         2|          -|       8|        no|         -|         -|             -|             -|    -|
    |      o C_drain_IO_L1_out_wrapper_3_3_x1_loop_8          |       -|  -2.43|         16|     53.328|         2|          -|       8|        no|         -|         -|             -|             -|    -|
    |  + grp_C_drain_IO_L1_out_wrapper_4_4_x1_fu_3025         |  Timing|   0.00|     285473|  9.515e+05|         -|     285473|       -|        no|         -|         -|     468 (~0%)|     638 (~0%)|    -|
    |   o C_drain_IO_L1_out_wrapper_4_4_x1_loop_1             |       -|  -2.43|     285472|  9.515e+05|     17842|          -|      16|        no|         -|         -|             -|             -|    -|
    |    o C_drain_IO_L1_out_wrapper_4_4_x1_loop_2            |       -|  -2.43|      17840|  5.946e+04|      1115|          -|      16|        no|         -|         -|             -|             -|    -|
    |     o C_drain_IO_L1_out_wrapper_4_4_x1_loop_3           |       -|  -2.43|       1040|  3.466e+03|       130|          -|       8|        no|         -|         -|             -|             -|    -|
    |      o C_drain_IO_L1_out_wrapper_4_4_x1_loop_4          |       -|  -2.43|        128|    426.624|        16|          -|       8|        no|         -|         -|             -|             -|    -|
    |       o C_drain_IO_L1_out_wrapper_4_4_x1_loop_5         |       -|  -2.43|          8|     26.664|         1|          -|       8|        no|         -|         -|             -|             -|    -|
    |     o C_drain_IO_L1_out_wrapper_4_4_x1_loop_6           |       -|  -2.43|         72|    239.976|        18|          -|       4|        no|         -|         -|             -|             -|    -|
    |      o C_drain_IO_L1_out_wrapper_4_4_x1_loop_7          |       -|  -2.43|         16|     53.328|         2|          -|       8|        no|         -|         -|             -|             -|    -|
    |      o C_drain_IO_L1_out_wrapper_4_4_x1_loop_8          |       -|  -2.43|         16|     53.328|         2|          -|       8|        no|         -|         -|             -|             -|    -|
    |  + grp_C_drain_IO_L1_out_wrapper_5_5_x1_fu_3032         |  Timing|   0.00|     280865|  9.361e+05|         -|     280865|       -|        no|         -|         -|     468 (~0%)|     638 (~0%)|    -|
    |   o C_drain_IO_L1_out_wrapper_5_5_x1_loop_1             |       -|  -2.43|     280864|  9.361e+05|     17554|          -|      16|        no|         -|         -|             -|             -|    -|
    |    o C_drain_IO_L1_out_wrapper_5_5_x1_loop_2            |       -|  -2.43|      17552|  5.850e+04|      1097|          -|      16|        no|         -|         -|             -|             -|    -|
    |     o C_drain_IO_L1_out_wrapper_5_5_x1_loop_3           |       -|  -2.43|       1040|  3.466e+03|       130|          -|       8|        no|         -|         -|             -|             -|    -|
    |      o C_drain_IO_L1_out_wrapper_5_5_x1_loop_4          |       -|  -2.43|        128|    426.624|        16|          -|       8|        no|         -|         -|             -|             -|    -|
    |       o C_drain_IO_L1_out_wrapper_5_5_x1_loop_5         |       -|  -2.43|          8|     26.664|         1|          -|       8|        no|         -|         -|             -|             -|    -|
    |     o C_drain_IO_L1_out_wrapper_5_5_x1_loop_6           |       -|  -2.43|         54|    179.982|        18|          -|       3|        no|         -|         -|             -|             -|    -|
    |      o C_drain_IO_L1_out_wrapper_5_5_x1_loop_7          |       -|  -2.43|         16|     53.328|         2|          -|       8|        no|         -|         -|             -|             -|    -|
    |      o C_drain_IO_L1_out_wrapper_5_5_x1_loop_8          |       -|  -2.43|         16|     53.328|         2|          -|       8|        no|         -|         -|             -|             -|    -|
    |  + grp_C_drain_IO_L1_out_wrapper_6_6_x1_fu_3039         |  Timing|   0.00|     276257|  9.208e+05|         -|     276257|       -|        no|         -|         -|     468 (~0%)|     638 (~0%)|    -|
    |   o C_drain_IO_L1_out_wrapper_6_6_x1_loop_1             |       -|  -2.43|     276256|  9.208e+05|     17266|          -|      16|        no|         -|         -|             -|             -|    -|
    |    o C_drain_IO_L1_out_wrapper_6_6_x1_loop_2            |       -|  -2.43|      17264|  5.754e+04|      1079|          -|      16|        no|         -|         -|             -|             -|    -|
    |     o C_drain_IO_L1_out_wrapper_6_6_x1_loop_3           |       -|  -2.43|       1040|  3.466e+03|       130|          -|       8|        no|         -|         -|             -|             -|    -|
    |      o C_drain_IO_L1_out_wrapper_6_6_x1_loop_4          |       -|  -2.43|        128|    426.624|        16|          -|       8|        no|         -|         -|             -|             -|    -|
    |       o C_drain_IO_L1_out_wrapper_6_6_x1_loop_5         |       -|  -2.43|          8|     26.664|         1|          -|       8|        no|         -|         -|             -|             -|    -|
    |     o C_drain_IO_L1_out_wrapper_6_6_x1_loop_6           |       -|  -2.43|         36|    119.988|        18|          -|       2|        no|         -|         -|             -|             -|    -|
    |      o C_drain_IO_L1_out_wrapper_6_6_x1_loop_7          |       -|  -2.43|         16|     53.328|         2|          -|       8|        no|         -|         -|             -|             -|    -|
    |      o C_drain_IO_L1_out_wrapper_6_6_x1_loop_8          |       -|  -2.43|         16|     53.328|         2|          -|       8|        no|         -|         -|             -|             -|    -|
    |  + grp_C_drain_IO_L1_out_wrapper_2_1_x1_fu_3046         |  Timing|   0.00|     299297|  9.976e+05|         -|     299297|       -|        no|         -|         -|     468 (~0%)|     638 (~0%)|    -|
    |   o C_drain_IO_L1_out_wrapper_2_1_x1_loop_1             |       -|  -2.43|     299296|  9.976e+05|     18706|          -|      16|        no|         -|         -|             -|             -|    -|
    |    o C_drain_IO_L1_out_wrapper_2_1_x1_loop_2            |       -|  -2.43|      18704|  6.234e+04|      1169|          -|      16|        no|         -|         -|             -|             -|    -|
    |     o C_drain_IO_L1_out_wrapper_2_1_x1_loop_3           |       -|  -2.43|       1040|  3.466e+03|       130|          -|       8|        no|         -|         -|             -|             -|    -|
    |      o C_drain_IO_L1_out_wrapper_2_1_x1_loop_4          |       -|  -2.43|        128|    426.624|        16|          -|       8|        no|         -|         -|             -|             -|    -|
    |       o C_drain_IO_L1_out_wrapper_2_1_x1_loop_5         |       -|  -2.43|          8|     26.664|         1|          -|       8|        no|         -|         -|             -|             -|    -|
    |     o C_drain_IO_L1_out_wrapper_2_1_x1_loop_6           |       -|  -2.43|        126|    419.958|        18|          -|       7|        no|         -|         -|             -|             -|    -|
    |      o C_drain_IO_L1_out_wrapper_2_1_x1_loop_7          |       -|  -2.43|         16|     53.328|         2|          -|       8|        no|         -|         -|             -|             -|    -|
    |      o C_drain_IO_L1_out_wrapper_2_1_x1_loop_8          |       -|  -2.43|         16|     53.328|         2|          -|       8|        no|         -|         -|             -|             -|    -|
    |  + grp_C_drain_IO_L1_out_wrapper_3_2_x1_fu_3053         |  Timing|   0.00|     294689|  9.822e+05|         -|     294689|       -|        no|         -|         -|     468 (~0%)|     638 (~0%)|    -|
    |   o C_drain_IO_L1_out_wrapper_3_2_x1_loop_1             |       -|  -2.43|     294688|  9.822e+05|     18418|          -|      16|        no|         -|         -|             -|             -|    -|
    |    o C_drain_IO_L1_out_wrapper_3_2_x1_loop_2            |       -|  -2.43|      18416|  6.138e+04|      1151|          -|      16|        no|         -|         -|             -|             -|    -|
    |     o C_drain_IO_L1_out_wrapper_3_2_x1_loop_3           |       -|  -2.43|       1040|  3.466e+03|       130|          -|       8|        no|         -|         -|             -|             -|    -|
    |      o C_drain_IO_L1_out_wrapper_3_2_x1_loop_4          |       -|  -2.43|        128|    426.624|        16|          -|       8|        no|         -|         -|             -|             -|    -|
    |       o C_drain_IO_L1_out_wrapper_3_2_x1_loop_5         |       -|  -2.43|          8|     26.664|         1|          -|       8|        no|         -|         -|             -|             -|    -|
    |     o C_drain_IO_L1_out_wrapper_3_2_x1_loop_6           |       -|  -2.43|        108|    359.964|        18|          -|       6|        no|         -|         -|             -|             -|    -|
    |      o C_drain_IO_L1_out_wrapper_3_2_x1_loop_7          |       -|  -2.43|         16|     53.328|         2|          -|       8|        no|         -|         -|             -|             -|    -|
    |      o C_drain_IO_L1_out_wrapper_3_2_x1_loop_8          |       -|  -2.43|         16|     53.328|         2|          -|       8|        no|         -|         -|             -|             -|    -|
    |  + grp_C_drain_IO_L1_out_wrapper_4_3_x1_fu_3060         |  Timing|   0.00|     290081|  9.668e+05|         -|     290081|       -|        no|         -|         -|     468 (~0%)|     638 (~0%)|    -|
    |   o C_drain_IO_L1_out_wrapper_4_3_x1_loop_1             |       -|  -2.43|     290080|  9.668e+05|     18130|          -|      16|        no|         -|         -|             -|             -|    -|
    |    o C_drain_IO_L1_out_wrapper_4_3_x1_loop_2            |       -|  -2.43|      18128|  6.042e+04|      1133|          -|      16|        no|         -|         -|             -|             -|    -|
    |     o C_drain_IO_L1_out_wrapper_4_3_x1_loop_3           |       -|  -2.43|       1040|  3.466e+03|       130|          -|       8|        no|         -|         -|             -|             -|    -|
    |      o C_drain_IO_L1_out_wrapper_4_3_x1_loop_4          |       -|  -2.43|        128|    426.624|        16|          -|       8|        no|         -|         -|             -|             -|    -|
    |       o C_drain_IO_L1_out_wrapper_4_3_x1_loop_5         |       -|  -2.43|          8|     26.664|         1|          -|       8|        no|         -|         -|             -|             -|    -|
    |     o C_drain_IO_L1_out_wrapper_4_3_x1_loop_6           |       -|  -2.43|         90|    299.970|        18|          -|       5|        no|         -|         -|             -|             -|    -|
    |      o C_drain_IO_L1_out_wrapper_4_3_x1_loop_7          |       -|  -2.43|         16|     53.328|         2|          -|       8|        no|         -|         -|             -|             -|    -|
    |      o C_drain_IO_L1_out_wrapper_4_3_x1_loop_8          |       -|  -2.43|         16|     53.328|         2|          -|       8|        no|         -|         -|             -|             -|    -|
    |  + grp_C_drain_IO_L1_out_wrapper_5_4_x1_fu_3067         |  Timing|   0.00|     285473|  9.515e+05|         -|     285473|       -|        no|         -|         -|     468 (~0%)|     638 (~0%)|    -|
    |   o C_drain_IO_L1_out_wrapper_5_4_x1_loop_1             |       -|  -2.43|     285472|  9.515e+05|     17842|          -|      16|        no|         -|         -|             -|             -|    -|
    |    o C_drain_IO_L1_out_wrapper_5_4_x1_loop_2            |       -|  -2.43|      17840|  5.946e+04|      1115|          -|      16|        no|         -|         -|             -|             -|    -|
    |     o C_drain_IO_L1_out_wrapper_5_4_x1_loop_3           |       -|  -2.43|       1040|  3.466e+03|       130|          -|       8|        no|         -|         -|             -|             -|    -|
    |      o C_drain_IO_L1_out_wrapper_5_4_x1_loop_4          |       -|  -2.43|        128|    426.624|        16|          -|       8|        no|         -|         -|             -|             -|    -|
    |       o C_drain_IO_L1_out_wrapper_5_4_x1_loop_5         |       -|  -2.43|          8|     26.664|         1|          -|       8|        no|         -|         -|             -|             -|    -|
    |     o C_drain_IO_L1_out_wrapper_5_4_x1_loop_6           |       -|  -2.43|         72|    239.976|        18|          -|       4|        no|         -|         -|             -|             -|    -|
    |      o C_drain_IO_L1_out_wrapper_5_4_x1_loop_7          |       -|  -2.43|         16|     53.328|         2|          -|       8|        no|         -|         -|             -|             -|    -|
    |      o C_drain_IO_L1_out_wrapper_5_4_x1_loop_8          |       -|  -2.43|         16|     53.328|         2|          -|       8|        no|         -|         -|             -|             -|    -|
    |  + grp_C_drain_IO_L1_out_wrapper_6_5_x1_fu_3074         |  Timing|   0.00|     280865|  9.361e+05|         -|     280865|       -|        no|         -|         -|     468 (~0%)|     638 (~0%)|    -|
    |   o C_drain_IO_L1_out_wrapper_6_5_x1_loop_1             |       -|  -2.43|     280864|  9.361e+05|     17554|          -|      16|        no|         -|         -|             -|             -|    -|
    |    o C_drain_IO_L1_out_wrapper_6_5_x1_loop_2            |       -|  -2.43|      17552|  5.850e+04|      1097|          -|      16|        no|         -|         -|             -|             -|    -|
    |     o C_drain_IO_L1_out_wrapper_6_5_x1_loop_3           |       -|  -2.43|       1040|  3.466e+03|       130|          -|       8|        no|         -|         -|             -|             -|    -|
    |      o C_drain_IO_L1_out_wrapper_6_5_x1_loop_4          |       -|  -2.43|        128|    426.624|        16|          -|       8|        no|         -|         -|             -|             -|    -|
    |       o C_drain_IO_L1_out_wrapper_6_5_x1_loop_5         |       -|  -2.43|          8|     26.664|         1|          -|       8|        no|         -|         -|             -|             -|    -|
    |     o C_drain_IO_L1_out_wrapper_6_5_x1_loop_6           |       -|  -2.43|         54|    179.982|        18|          -|       3|        no|         -|         -|             -|             -|    -|
    |      o C_drain_IO_L1_out_wrapper_6_5_x1_loop_7          |       -|  -2.43|         16|     53.328|         2|          -|       8|        no|         -|         -|             -|             -|    -|
    |      o C_drain_IO_L1_out_wrapper_6_5_x1_loop_8          |       -|  -2.43|         16|     53.328|         2|          -|       8|        no|         -|         -|             -|             -|    -|
    |  + grp_C_drain_IO_L1_out_wrapper_7_6_x1_fu_3081         |  Timing|   0.00|     276257|  9.208e+05|         -|     276257|       -|        no|         -|         -|     468 (~0%)|     638 (~0%)|    -|
    |   o C_drain_IO_L1_out_wrapper_7_6_x1_loop_1             |       -|  -2.43|     276256|  9.208e+05|     17266|          -|      16|        no|         -|         -|             -|             -|    -|
    |    o C_drain_IO_L1_out_wrapper_7_6_x1_loop_2            |       -|  -2.43|      17264|  5.754e+04|      1079|          -|      16|        no|         -|         -|             -|             -|    -|
    |     o C_drain_IO_L1_out_wrapper_7_6_x1_loop_3           |       -|  -2.43|       1040|  3.466e+03|       130|          -|       8|        no|         -|         -|             -|             -|    -|
    |      o C_drain_IO_L1_out_wrapper_7_6_x1_loop_4          |       -|  -2.43|        128|    426.624|        16|          -|       8|        no|         -|         -|             -|             -|    -|
    |       o C_drain_IO_L1_out_wrapper_7_6_x1_loop_5         |       -|  -2.43|          8|     26.664|         1|          -|       8|        no|         -|         -|             -|             -|    -|
    |     o C_drain_IO_L1_out_wrapper_7_6_x1_loop_6           |       -|  -2.43|         36|    119.988|        18|          -|       2|        no|         -|         -|             -|             -|    -|
    |      o C_drain_IO_L1_out_wrapper_7_6_x1_loop_7          |       -|  -2.43|         16|     53.328|         2|          -|       8|        no|         -|         -|             -|             -|    -|
    |      o C_drain_IO_L1_out_wrapper_7_6_x1_loop_8          |       -|  -2.43|         16|     53.328|         2|          -|       8|        no|         -|         -|             -|             -|    -|
    |  + grp_C_drain_IO_L1_out_wrapper_3_1_x1_fu_3088         |  Timing|   0.00|     299297|  9.976e+05|         -|     299297|       -|        no|         -|         -|     468 (~0%)|     638 (~0%)|    -|
    |   o C_drain_IO_L1_out_wrapper_3_1_x1_loop_1             |       -|  -2.43|     299296|  9.976e+05|     18706|          -|      16|        no|         -|         -|             -|             -|    -|
    |    o C_drain_IO_L1_out_wrapper_3_1_x1_loop_2            |       -|  -2.43|      18704|  6.234e+04|      1169|          -|      16|        no|         -|         -|             -|             -|    -|
    |     o C_drain_IO_L1_out_wrapper_3_1_x1_loop_3           |       -|  -2.43|       1040|  3.466e+03|       130|          -|       8|        no|         -|         -|             -|             -|    -|
    |      o C_drain_IO_L1_out_wrapper_3_1_x1_loop_4          |       -|  -2.43|        128|    426.624|        16|          -|       8|        no|         -|         -|             -|             -|    -|
    |       o C_drain_IO_L1_out_wrapper_3_1_x1_loop_5         |       -|  -2.43|          8|     26.664|         1|          -|       8|        no|         -|         -|             -|             -|    -|
    |     o C_drain_IO_L1_out_wrapper_3_1_x1_loop_6           |       -|  -2.43|        126|    419.958|        18|          -|       7|        no|         -|         -|             -|             -|    -|
    |      o C_drain_IO_L1_out_wrapper_3_1_x1_loop_7          |       -|  -2.43|         16|     53.328|         2|          -|       8|        no|         -|         -|             -|             -|    -|
    |      o C_drain_IO_L1_out_wrapper_3_1_x1_loop_8          |       -|  -2.43|         16|     53.328|         2|          -|       8|        no|         -|         -|             -|             -|    -|
    |  + grp_C_drain_IO_L1_out_wrapper_4_2_x1_fu_3095         |  Timing|   0.00|     294689|  9.822e+05|         -|     294689|       -|        no|         -|         -|     468 (~0%)|     638 (~0%)|    -|
    |   o C_drain_IO_L1_out_wrapper_4_2_x1_loop_1             |       -|  -2.43|     294688|  9.822e+05|     18418|          -|      16|        no|         -|         -|             -|             -|    -|
    |    o C_drain_IO_L1_out_wrapper_4_2_x1_loop_2            |       -|  -2.43|      18416|  6.138e+04|      1151|          -|      16|        no|         -|         -|             -|             -|    -|
    |     o C_drain_IO_L1_out_wrapper_4_2_x1_loop_3           |       -|  -2.43|       1040|  3.466e+03|       130|          -|       8|        no|         -|         -|             -|             -|    -|
    |      o C_drain_IO_L1_out_wrapper_4_2_x1_loop_4          |       -|  -2.43|        128|    426.624|        16|          -|       8|        no|         -|         -|             -|             -|    -|
    |       o C_drain_IO_L1_out_wrapper_4_2_x1_loop_5         |       -|  -2.43|          8|     26.664|         1|          -|       8|        no|         -|         -|             -|             -|    -|
    |     o C_drain_IO_L1_out_wrapper_4_2_x1_loop_6           |       -|  -2.43|        108|    359.964|        18|          -|       6|        no|         -|         -|             -|             -|    -|
    |      o C_drain_IO_L1_out_wrapper_4_2_x1_loop_7          |       -|  -2.43|         16|     53.328|         2|          -|       8|        no|         -|         -|             -|             -|    -|
    |      o C_drain_IO_L1_out_wrapper_4_2_x1_loop_8          |       -|  -2.43|         16|     53.328|         2|          -|       8|        no|         -|         -|             -|             -|    -|
    |  + grp_C_drain_IO_L1_out_wrapper_5_3_x1_fu_3102         |  Timing|   0.00|     290081|  9.668e+05|         -|     290081|       -|        no|         -|         -|     468 (~0%)|     638 (~0%)|    -|
    |   o C_drain_IO_L1_out_wrapper_5_3_x1_loop_1             |       -|  -2.43|     290080|  9.668e+05|     18130|          -|      16|        no|         -|         -|             -|             -|    -|
    |    o C_drain_IO_L1_out_wrapper_5_3_x1_loop_2            |       -|  -2.43|      18128|  6.042e+04|      1133|          -|      16|        no|         -|         -|             -|             -|    -|
    |     o C_drain_IO_L1_out_wrapper_5_3_x1_loop_3           |       -|  -2.43|       1040|  3.466e+03|       130|          -|       8|        no|         -|         -|             -|             -|    -|
    |      o C_drain_IO_L1_out_wrapper_5_3_x1_loop_4          |       -|  -2.43|        128|    426.624|        16|          -|       8|        no|         -|         -|             -|             -|    -|
    |       o C_drain_IO_L1_out_wrapper_5_3_x1_loop_5         |       -|  -2.43|          8|     26.664|         1|          -|       8|        no|         -|         -|             -|             -|    -|
    |     o C_drain_IO_L1_out_wrapper_5_3_x1_loop_6           |       -|  -2.43|         90|    299.970|        18|          -|       5|        no|         -|         -|             -|             -|    -|
    |      o C_drain_IO_L1_out_wrapper_5_3_x1_loop_7          |       -|  -2.43|         16|     53.328|         2|          -|       8|        no|         -|         -|             -|             -|    -|
    |      o C_drain_IO_L1_out_wrapper_5_3_x1_loop_8          |       -|  -2.43|         16|     53.328|         2|          -|       8|        no|         -|         -|             -|             -|    -|
    |  + grp_C_drain_IO_L1_out_wrapper_6_4_x1_fu_3109         |  Timing|   0.00|     285473|  9.515e+05|         -|     285473|       -|        no|         -|         -|     468 (~0%)|     638 (~0%)|    -|
    |   o C_drain_IO_L1_out_wrapper_6_4_x1_loop_1             |       -|  -2.43|     285472|  9.515e+05|     17842|          -|      16|        no|         -|         -|             -|             -|    -|
    |    o C_drain_IO_L1_out_wrapper_6_4_x1_loop_2            |       -|  -2.43|      17840|  5.946e+04|      1115|          -|      16|        no|         -|         -|             -|             -|    -|
    |     o C_drain_IO_L1_out_wrapper_6_4_x1_loop_3           |       -|  -2.43|       1040|  3.466e+03|       130|          -|       8|        no|         -|         -|             -|             -|    -|
    |      o C_drain_IO_L1_out_wrapper_6_4_x1_loop_4          |       -|  -2.43|        128|    426.624|        16|          -|       8|        no|         -|         -|             -|             -|    -|
    |       o C_drain_IO_L1_out_wrapper_6_4_x1_loop_5         |       -|  -2.43|          8|     26.664|         1|          -|       8|        no|         -|         -|             -|             -|    -|
    |     o C_drain_IO_L1_out_wrapper_6_4_x1_loop_6           |       -|  -2.43|         72|    239.976|        18|          -|       4|        no|         -|         -|             -|             -|    -|
    |      o C_drain_IO_L1_out_wrapper_6_4_x1_loop_7          |       -|  -2.43|         16|     53.328|         2|          -|       8|        no|         -|         -|             -|             -|    -|
    |      o C_drain_IO_L1_out_wrapper_6_4_x1_loop_8          |       -|  -2.43|         16|     53.328|         2|          -|       8|        no|         -|         -|             -|             -|    -|
    |  + grp_C_drain_IO_L1_out_wrapper_7_5_x1_fu_3116         |  Timing|   0.00|     280865|  9.361e+05|         -|     280865|       -|        no|         -|         -|     468 (~0%)|     638 (~0%)|    -|
    |   o C_drain_IO_L1_out_wrapper_7_5_x1_loop_1             |       -|  -2.43|     280864|  9.361e+05|     17554|          -|      16|        no|         -|         -|             -|             -|    -|
    |    o C_drain_IO_L1_out_wrapper_7_5_x1_loop_2            |       -|  -2.43|      17552|  5.850e+04|      1097|          -|      16|        no|         -|         -|             -|             -|    -|
    |     o C_drain_IO_L1_out_wrapper_7_5_x1_loop_3           |       -|  -2.43|       1040|  3.466e+03|       130|          -|       8|        no|         -|         -|             -|             -|    -|
    |      o C_drain_IO_L1_out_wrapper_7_5_x1_loop_4          |       -|  -2.43|        128|    426.624|        16|          -|       8|        no|         -|         -|             -|             -|    -|
    |       o C_drain_IO_L1_out_wrapper_7_5_x1_loop_5         |       -|  -2.43|          8|     26.664|         1|          -|       8|        no|         -|         -|             -|             -|    -|
    |     o C_drain_IO_L1_out_wrapper_7_5_x1_loop_6           |       -|  -2.43|         54|    179.982|        18|          -|       3|        no|         -|         -|             -|             -|    -|
    |      o C_drain_IO_L1_out_wrapper_7_5_x1_loop_7          |       -|  -2.43|         16|     53.328|         2|          -|       8|        no|         -|         -|             -|             -|    -|
    |      o C_drain_IO_L1_out_wrapper_7_5_x1_loop_8          |       -|  -2.43|         16|     53.328|         2|          -|       8|        no|         -|         -|             -|             -|    -|
    |  + grp_C_drain_IO_L1_out_wrapper_4_1_x1_fu_3123         |  Timing|   0.00|     299297|  9.976e+05|         -|     299297|       -|        no|         -|         -|     468 (~0%)|     638 (~0%)|    -|
    |   o C_drain_IO_L1_out_wrapper_4_1_x1_loop_1             |       -|  -2.43|     299296|  9.976e+05|     18706|          -|      16|        no|         -|         -|             -|             -|    -|
    |    o C_drain_IO_L1_out_wrapper_4_1_x1_loop_2            |       -|  -2.43|      18704|  6.234e+04|      1169|          -|      16|        no|         -|         -|             -|             -|    -|
    |     o C_drain_IO_L1_out_wrapper_4_1_x1_loop_3           |       -|  -2.43|       1040|  3.466e+03|       130|          -|       8|        no|         -|         -|             -|             -|    -|
    |      o C_drain_IO_L1_out_wrapper_4_1_x1_loop_4          |       -|  -2.43|        128|    426.624|        16|          -|       8|        no|         -|         -|             -|             -|    -|
    |       o C_drain_IO_L1_out_wrapper_4_1_x1_loop_5         |       -|  -2.43|          8|     26.664|         1|          -|       8|        no|         -|         -|             -|             -|    -|
    |     o C_drain_IO_L1_out_wrapper_4_1_x1_loop_6           |       -|  -2.43|        126|    419.958|        18|          -|       7|        no|         -|         -|             -|             -|    -|
    |      o C_drain_IO_L1_out_wrapper_4_1_x1_loop_7          |       -|  -2.43|         16|     53.328|         2|          -|       8|        no|         -|         -|             -|             -|    -|
    |      o C_drain_IO_L1_out_wrapper_4_1_x1_loop_8          |       -|  -2.43|         16|     53.328|         2|          -|       8|        no|         -|         -|             -|             -|    -|
    |  + grp_C_drain_IO_L1_out_wrapper_5_2_x1_fu_3130         |  Timing|   0.00|     294689|  9.822e+05|         -|     294689|       -|        no|         -|         -|     468 (~0%)|     638 (~0%)|    -|
    |   o C_drain_IO_L1_out_wrapper_5_2_x1_loop_1             |       -|  -2.43|     294688|  9.822e+05|     18418|          -|      16|        no|         -|         -|             -|             -|    -|
    |    o C_drain_IO_L1_out_wrapper_5_2_x1_loop_2            |       -|  -2.43|      18416|  6.138e+04|      1151|          -|      16|        no|         -|         -|             -|             -|    -|
    |     o C_drain_IO_L1_out_wrapper_5_2_x1_loop_3           |       -|  -2.43|       1040|  3.466e+03|       130|          -|       8|        no|         -|         -|             -|             -|    -|
    |      o C_drain_IO_L1_out_wrapper_5_2_x1_loop_4          |       -|  -2.43|        128|    426.624|        16|          -|       8|        no|         -|         -|             -|             -|    -|
    |       o C_drain_IO_L1_out_wrapper_5_2_x1_loop_5         |       -|  -2.43|          8|     26.664|         1|          -|       8|        no|         -|         -|             -|             -|    -|
    |     o C_drain_IO_L1_out_wrapper_5_2_x1_loop_6           |       -|  -2.43|        108|    359.964|        18|          -|       6|        no|         -|         -|             -|             -|    -|
    |      o C_drain_IO_L1_out_wrapper_5_2_x1_loop_7          |       -|  -2.43|         16|     53.328|         2|          -|       8|        no|         -|         -|             -|             -|    -|
    |      o C_drain_IO_L1_out_wrapper_5_2_x1_loop_8          |       -|  -2.43|         16|     53.328|         2|          -|       8|        no|         -|         -|             -|             -|    -|
    |  + grp_C_drain_IO_L1_out_wrapper_6_3_x1_fu_3137         |  Timing|   0.00|     290081|  9.668e+05|         -|     290081|       -|        no|         -|         -|     468 (~0%)|     638 (~0%)|    -|
    |   o C_drain_IO_L1_out_wrapper_6_3_x1_loop_1             |       -|  -2.43|     290080|  9.668e+05|     18130|          -|      16|        no|         -|         -|             -|             -|    -|
    |    o C_drain_IO_L1_out_wrapper_6_3_x1_loop_2            |       -|  -2.43|      18128|  6.042e+04|      1133|          -|      16|        no|         -|         -|             -|             -|    -|
    |     o C_drain_IO_L1_out_wrapper_6_3_x1_loop_3           |       -|  -2.43|       1040|  3.466e+03|       130|          -|       8|        no|         -|         -|             -|             -|    -|
    |      o C_drain_IO_L1_out_wrapper_6_3_x1_loop_4          |       -|  -2.43|        128|    426.624|        16|          -|       8|        no|         -|         -|             -|             -|    -|
    |       o C_drain_IO_L1_out_wrapper_6_3_x1_loop_5         |       -|  -2.43|          8|     26.664|         1|          -|       8|        no|         -|         -|             -|             -|    -|
    |     o C_drain_IO_L1_out_wrapper_6_3_x1_loop_6           |       -|  -2.43|         90|    299.970|        18|          -|       5|        no|         -|         -|             -|             -|    -|
    |      o C_drain_IO_L1_out_wrapper_6_3_x1_loop_7          |       -|  -2.43|         16|     53.328|         2|          -|       8|        no|         -|         -|             -|             -|    -|
    |      o C_drain_IO_L1_out_wrapper_6_3_x1_loop_8          |       -|  -2.43|         16|     53.328|         2|          -|       8|        no|         -|         -|             -|             -|    -|
    |  + grp_C_drain_IO_L1_out_wrapper_7_4_x1_fu_3144         |  Timing|   0.00|     285473|  9.515e+05|         -|     285473|       -|        no|         -|         -|     468 (~0%)|     638 (~0%)|    -|
    |   o C_drain_IO_L1_out_wrapper_7_4_x1_loop_1             |       -|  -2.43|     285472|  9.515e+05|     17842|          -|      16|        no|         -|         -|             -|             -|    -|
    |    o C_drain_IO_L1_out_wrapper_7_4_x1_loop_2            |       -|  -2.43|      17840|  5.946e+04|      1115|          -|      16|        no|         -|         -|             -|             -|    -|
    |     o C_drain_IO_L1_out_wrapper_7_4_x1_loop_3           |       -|  -2.43|       1040|  3.466e+03|       130|          -|       8|        no|         -|         -|             -|             -|    -|
    |      o C_drain_IO_L1_out_wrapper_7_4_x1_loop_4          |       -|  -2.43|        128|    426.624|        16|          -|       8|        no|         -|         -|             -|             -|    -|
    |       o C_drain_IO_L1_out_wrapper_7_4_x1_loop_5         |       -|  -2.43|          8|     26.664|         1|          -|       8|        no|         -|         -|             -|             -|    -|
    |     o C_drain_IO_L1_out_wrapper_7_4_x1_loop_6           |       -|  -2.43|         72|    239.976|        18|          -|       4|        no|         -|         -|             -|             -|    -|
    |      o C_drain_IO_L1_out_wrapper_7_4_x1_loop_7          |       -|  -2.43|         16|     53.328|         2|          -|       8|        no|         -|         -|             -|             -|    -|
    |      o C_drain_IO_L1_out_wrapper_7_4_x1_loop_8          |       -|  -2.43|         16|     53.328|         2|          -|       8|        no|         -|         -|             -|             -|    -|
    |  + grp_C_drain_IO_L1_out_wrapper_5_1_x1_fu_3151         |  Timing|   0.00|     299297|  9.976e+05|         -|     299297|       -|        no|         -|         -|     468 (~0%)|     638 (~0%)|    -|
    |   o C_drain_IO_L1_out_wrapper_5_1_x1_loop_1             |       -|  -2.43|     299296|  9.976e+05|     18706|          -|      16|        no|         -|         -|             -|             -|    -|
    |    o C_drain_IO_L1_out_wrapper_5_1_x1_loop_2            |       -|  -2.43|      18704|  6.234e+04|      1169|          -|      16|        no|         -|         -|             -|             -|    -|
    |     o C_drain_IO_L1_out_wrapper_5_1_x1_loop_3           |       -|  -2.43|       1040|  3.466e+03|       130|          -|       8|        no|         -|         -|             -|             -|    -|
    |      o C_drain_IO_L1_out_wrapper_5_1_x1_loop_4          |       -|  -2.43|        128|    426.624|        16|          -|       8|        no|         -|         -|             -|             -|    -|
    |       o C_drain_IO_L1_out_wrapper_5_1_x1_loop_5         |       -|  -2.43|          8|     26.664|         1|          -|       8|        no|         -|         -|             -|             -|    -|
    |     o C_drain_IO_L1_out_wrapper_5_1_x1_loop_6           |       -|  -2.43|        126|    419.958|        18|          -|       7|        no|         -|         -|             -|             -|    -|
    |      o C_drain_IO_L1_out_wrapper_5_1_x1_loop_7          |       -|  -2.43|         16|     53.328|         2|          -|       8|        no|         -|         -|             -|             -|    -|
    |      o C_drain_IO_L1_out_wrapper_5_1_x1_loop_8          |       -|  -2.43|         16|     53.328|         2|          -|       8|        no|         -|         -|             -|             -|    -|
    |  + grp_C_drain_IO_L1_out_wrapper_6_2_x1_fu_3158         |  Timing|   0.00|     294689|  9.822e+05|         -|     294689|       -|        no|         -|         -|     468 (~0%)|     638 (~0%)|    -|
    |   o C_drain_IO_L1_out_wrapper_6_2_x1_loop_1             |       -|  -2.43|     294688|  9.822e+05|     18418|          -|      16|        no|         -|         -|             -|             -|    -|
    |    o C_drain_IO_L1_out_wrapper_6_2_x1_loop_2            |       -|  -2.43|      18416|  6.138e+04|      1151|          -|      16|        no|         -|         -|             -|             -|    -|
    |     o C_drain_IO_L1_out_wrapper_6_2_x1_loop_3           |       -|  -2.43|       1040|  3.466e+03|       130|          -|       8|        no|         -|         -|             -|             -|    -|
    |      o C_drain_IO_L1_out_wrapper_6_2_x1_loop_4          |       -|  -2.43|        128|    426.624|        16|          -|       8|        no|         -|         -|             -|             -|    -|
    |       o C_drain_IO_L1_out_wrapper_6_2_x1_loop_5         |       -|  -2.43|          8|     26.664|         1|          -|       8|        no|         -|         -|             -|             -|    -|
    |     o C_drain_IO_L1_out_wrapper_6_2_x1_loop_6           |       -|  -2.43|        108|    359.964|        18|          -|       6|        no|         -|         -|             -|             -|    -|
    |      o C_drain_IO_L1_out_wrapper_6_2_x1_loop_7          |       -|  -2.43|         16|     53.328|         2|          -|       8|        no|         -|         -|             -|             -|    -|
    |      o C_drain_IO_L1_out_wrapper_6_2_x1_loop_8          |       -|  -2.43|         16|     53.328|         2|          -|       8|        no|         -|         -|             -|             -|    -|
    |  + grp_C_drain_IO_L1_out_wrapper_7_3_x1_fu_3165         |  Timing|   0.00|     290081|  9.668e+05|         -|     290081|       -|        no|         -|         -|     468 (~0%)|     638 (~0%)|    -|
    |   o C_drain_IO_L1_out_wrapper_7_3_x1_loop_1             |       -|  -2.43|     290080|  9.668e+05|     18130|          -|      16|        no|         -|         -|             -|             -|    -|
    |    o C_drain_IO_L1_out_wrapper_7_3_x1_loop_2            |       -|  -2.43|      18128|  6.042e+04|      1133|          -|      16|        no|         -|         -|             -|             -|    -|
    |     o C_drain_IO_L1_out_wrapper_7_3_x1_loop_3           |       -|  -2.43|       1040|  3.466e+03|       130|          -|       8|        no|         -|         -|             -|             -|    -|
    |      o C_drain_IO_L1_out_wrapper_7_3_x1_loop_4          |       -|  -2.43|        128|    426.624|        16|          -|       8|        no|         -|         -|             -|             -|    -|
    |       o C_drain_IO_L1_out_wrapper_7_3_x1_loop_5         |       -|  -2.43|          8|     26.664|         1|          -|       8|        no|         -|         -|             -|             -|    -|
    |     o C_drain_IO_L1_out_wrapper_7_3_x1_loop_6           |       -|  -2.43|         90|    299.970|        18|          -|       5|        no|         -|         -|             -|             -|    -|
    |      o C_drain_IO_L1_out_wrapper_7_3_x1_loop_7          |       -|  -2.43|         16|     53.328|         2|          -|       8|        no|         -|         -|             -|             -|    -|
    |      o C_drain_IO_L1_out_wrapper_7_3_x1_loop_8          |       -|  -2.43|         16|     53.328|         2|          -|       8|        no|         -|         -|             -|             -|    -|
    |  + grp_C_drain_IO_L1_out_wrapper_6_1_x1_fu_3172         |  Timing|   0.00|     299297|  9.976e+05|         -|     299297|       -|        no|         -|         -|     468 (~0%)|     638 (~0%)|    -|
    |   o C_drain_IO_L1_out_wrapper_6_1_x1_loop_1             |       -|  -2.43|     299296|  9.976e+05|     18706|          -|      16|        no|         -|         -|             -|             -|    -|
    |    o C_drain_IO_L1_out_wrapper_6_1_x1_loop_2            |       -|  -2.43|      18704|  6.234e+04|      1169|          -|      16|        no|         -|         -|             -|             -|    -|
    |     o C_drain_IO_L1_out_wrapper_6_1_x1_loop_3           |       -|  -2.43|       1040|  3.466e+03|       130|          -|       8|        no|         -|         -|             -|             -|    -|
    |      o C_drain_IO_L1_out_wrapper_6_1_x1_loop_4          |       -|  -2.43|        128|    426.624|        16|          -|       8|        no|         -|         -|             -|             -|    -|
    |       o C_drain_IO_L1_out_wrapper_6_1_x1_loop_5         |       -|  -2.43|          8|     26.664|         1|          -|       8|        no|         -|         -|             -|             -|    -|
    |     o C_drain_IO_L1_out_wrapper_6_1_x1_loop_6           |       -|  -2.43|        126|    419.958|        18|          -|       7|        no|         -|         -|             -|             -|    -|
    |      o C_drain_IO_L1_out_wrapper_6_1_x1_loop_7          |       -|  -2.43|         16|     53.328|         2|          -|       8|        no|         -|         -|             -|             -|    -|
    |      o C_drain_IO_L1_out_wrapper_6_1_x1_loop_8          |       -|  -2.43|         16|     53.328|         2|          -|       8|        no|         -|         -|             -|             -|    -|
    |  + grp_C_drain_IO_L1_out_wrapper_7_2_x1_fu_3179         |  Timing|   0.00|     294689|  9.822e+05|         -|     294689|       -|        no|         -|         -|     468 (~0%)|     638 (~0%)|    -|
    |   o C_drain_IO_L1_out_wrapper_7_2_x1_loop_1             |       -|  -2.43|     294688|  9.822e+05|     18418|          -|      16|        no|         -|         -|             -|             -|    -|
    |    o C_drain_IO_L1_out_wrapper_7_2_x1_loop_2            |       -|  -2.43|      18416|  6.138e+04|      1151|          -|      16|        no|         -|         -|             -|             -|    -|
    |     o C_drain_IO_L1_out_wrapper_7_2_x1_loop_3           |       -|  -2.43|       1040|  3.466e+03|       130|          -|       8|        no|         -|         -|             -|             -|    -|
    |      o C_drain_IO_L1_out_wrapper_7_2_x1_loop_4          |       -|  -2.43|        128|    426.624|        16|          -|       8|        no|         -|         -|             -|             -|    -|
    |       o C_drain_IO_L1_out_wrapper_7_2_x1_loop_5         |       -|  -2.43|          8|     26.664|         1|          -|       8|        no|         -|         -|             -|             -|    -|
    |     o C_drain_IO_L1_out_wrapper_7_2_x1_loop_6           |       -|  -2.43|        108|    359.964|        18|          -|       6|        no|         -|         -|             -|             -|    -|
    |      o C_drain_IO_L1_out_wrapper_7_2_x1_loop_7          |       -|  -2.43|         16|     53.328|         2|          -|       8|        no|         -|         -|             -|             -|    -|
    |      o C_drain_IO_L1_out_wrapper_7_2_x1_loop_8          |       -|  -2.43|         16|     53.328|         2|          -|       8|        no|         -|         -|             -|             -|    -|
    |  + grp_C_drain_IO_L1_out_wrapper_7_1_x1_fu_3186         |  Timing|   0.00|     299297|  9.976e+05|         -|     299297|       -|        no|         -|         -|     468 (~0%)|     638 (~0%)|    -|
    |   o C_drain_IO_L1_out_wrapper_7_1_x1_loop_1             |       -|  -2.43|     299296|  9.976e+05|     18706|          -|      16|        no|         -|         -|             -|             -|    -|
    |    o C_drain_IO_L1_out_wrapper_7_1_x1_loop_2            |       -|  -2.43|      18704|  6.234e+04|      1169|          -|      16|        no|         -|         -|             -|             -|    -|
    |     o C_drain_IO_L1_out_wrapper_7_1_x1_loop_3           |       -|  -2.43|       1040|  3.466e+03|       130|          -|       8|        no|         -|         -|             -|             -|    -|
    |      o C_drain_IO_L1_out_wrapper_7_1_x1_loop_4          |       -|  -2.43|        128|    426.624|        16|          -|       8|        no|         -|         -|             -|             -|    -|
    |       o C_drain_IO_L1_out_wrapper_7_1_x1_loop_5         |       -|  -2.43|          8|     26.664|         1|          -|       8|        no|         -|         -|             -|             -|    -|
    |     o C_drain_IO_L1_out_wrapper_7_1_x1_loop_6           |       -|  -2.43|        126|    419.958|        18|          -|       7|        no|         -|         -|             -|             -|    -|
    |      o C_drain_IO_L1_out_wrapper_7_1_x1_loop_7          |       -|  -2.43|         16|     53.328|         2|          -|       8|        no|         -|         -|             -|             -|    -|
    |      o C_drain_IO_L1_out_wrapper_7_1_x1_loop_8          |       -|  -2.43|         16|     53.328|         2|          -|       8|        no|         -|         -|             -|             -|    -|
    |  + grp_C_drain_IO_L1_out_wrapper_0_0_x1_fu_3193         |  Timing|   0.00|     303905|  1.013e+06|         -|     303905|       -|        no|         -|         -|     472 (~0%)|     638 (~0%)|    -|
    |   o C_drain_IO_L1_out_wrapper_0_0_x1_loop_1             |       -|  -2.43|     303904|  1.013e+06|     18994|          -|      16|        no|         -|         -|             -|             -|    -|
    |    o C_drain_IO_L1_out_wrapper_0_0_x1_loop_2            |       -|  -2.43|      18992|  6.330e+04|      1187|          -|      16|        no|         -|         -|             -|             -|    -|
    |     o C_drain_IO_L1_out_wrapper_0_0_x1_loop_3           |       -|  -2.43|       1040|  3.466e+03|       130|          -|       8|        no|         -|         -|             -|             -|    -|
    |      o C_drain_IO_L1_out_wrapper_0_0_x1_loop_4          |       -|  -2.43|        128|    426.624|        16|          -|       8|        no|         -|         -|             -|             -|    -|
    |       o C_drain_IO_L1_out_wrapper_0_0_x1_loop_5         |       -|  -2.43|          8|     26.664|         1|          -|       8|        no|         -|         -|             -|             -|    -|
    |     o C_drain_IO_L1_out_wrapper_0_0_x1_loop_6           |       -|  -2.43|        144|    479.952|        18|          -|       8|        no|         -|         -|             -|             -|    -|
    |      o C_drain_IO_L1_out_wrapper_0_0_x1_loop_7          |       -|  -2.43|         16|     53.328|         2|          -|       8|        no|         -|         -|             -|             -|    -|
    |      o C_drain_IO_L1_out_wrapper_0_0_x1_loop_8          |       -|  -2.43|         16|     53.328|         2|          -|       8|        no|         -|         -|             -|             -|    -|
    |  + grp_C_drain_IO_L1_out_wrapper_1_0_x1_fu_3200         |  Timing|   0.00|     303905|  1.013e+06|         -|     303905|       -|        no|         -|         -|     472 (~0%)|     638 (~0%)|    -|
    |   o C_drain_IO_L1_out_wrapper_1_0_x1_loop_1             |       -|  -2.43|     303904|  1.013e+06|     18994|          -|      16|        no|         -|         -|             -|             -|    -|
    |    o C_drain_IO_L1_out_wrapper_1_0_x1_loop_2            |       -|  -2.43|      18992|  6.330e+04|      1187|          -|      16|        no|         -|         -|             -|             -|    -|
    |     o C_drain_IO_L1_out_wrapper_1_0_x1_loop_3           |       -|  -2.43|       1040|  3.466e+03|       130|          -|       8|        no|         -|         -|             -|             -|    -|
    |      o C_drain_IO_L1_out_wrapper_1_0_x1_loop_4          |       -|  -2.43|        128|    426.624|        16|          -|       8|        no|         -|         -|             -|             -|    -|
    |       o C_drain_IO_L1_out_wrapper_1_0_x1_loop_5         |       -|  -2.43|          8|     26.664|         1|          -|       8|        no|         -|         -|             -|             -|    -|
    |     o C_drain_IO_L1_out_wrapper_1_0_x1_loop_6           |       -|  -2.43|        144|    479.952|        18|          -|       8|        no|         -|         -|             -|             -|    -|
    |      o C_drain_IO_L1_out_wrapper_1_0_x1_loop_7          |       -|  -2.43|         16|     53.328|         2|          -|       8|        no|         -|         -|             -|             -|    -|
    |      o C_drain_IO_L1_out_wrapper_1_0_x1_loop_8          |       -|  -2.43|         16|     53.328|         2|          -|       8|        no|         -|         -|             -|             -|    -|
    |  + grp_C_drain_IO_L1_out_wrapper_2_0_x1_fu_3207         |  Timing|   0.00|     303905|  1.013e+06|         -|     303905|       -|        no|         -|         -|     472 (~0%)|     638 (~0%)|    -|
    |   o C_drain_IO_L1_out_wrapper_2_0_x1_loop_1             |       -|  -2.43|     303904|  1.013e+06|     18994|          -|      16|        no|         -|         -|             -|             -|    -|
    |    o C_drain_IO_L1_out_wrapper_2_0_x1_loop_2            |       -|  -2.43|      18992|  6.330e+04|      1187|          -|      16|        no|         -|         -|             -|             -|    -|
    |     o C_drain_IO_L1_out_wrapper_2_0_x1_loop_3           |       -|  -2.43|       1040|  3.466e+03|       130|          -|       8|        no|         -|         -|             -|             -|    -|
    |      o C_drain_IO_L1_out_wrapper_2_0_x1_loop_4          |       -|  -2.43|        128|    426.624|        16|          -|       8|        no|         -|         -|             -|             -|    -|
    |       o C_drain_IO_L1_out_wrapper_2_0_x1_loop_5         |       -|  -2.43|          8|     26.664|         1|          -|       8|        no|         -|         -|             -|             -|    -|
    |     o C_drain_IO_L1_out_wrapper_2_0_x1_loop_6           |       -|  -2.43|        144|    479.952|        18|          -|       8|        no|         -|         -|             -|             -|    -|
    |      o C_drain_IO_L1_out_wrapper_2_0_x1_loop_7          |       -|  -2.43|         16|     53.328|         2|          -|       8|        no|         -|         -|             -|             -|    -|
    |      o C_drain_IO_L1_out_wrapper_2_0_x1_loop_8          |       -|  -2.43|         16|     53.328|         2|          -|       8|        no|         -|         -|             -|             -|    -|
    |  + grp_C_drain_IO_L1_out_wrapper_3_0_x1_fu_3214         |  Timing|   0.00|     303905|  1.013e+06|         -|     303905|       -|        no|         -|         -|     472 (~0%)|     638 (~0%)|    -|
    |   o C_drain_IO_L1_out_wrapper_3_0_x1_loop_1             |       -|  -2.43|     303904|  1.013e+06|     18994|          -|      16|        no|         -|         -|             -|             -|    -|
    |    o C_drain_IO_L1_out_wrapper_3_0_x1_loop_2            |       -|  -2.43|      18992|  6.330e+04|      1187|          -|      16|        no|         -|         -|             -|             -|    -|
    |     o C_drain_IO_L1_out_wrapper_3_0_x1_loop_3           |       -|  -2.43|       1040|  3.466e+03|       130|          -|       8|        no|         -|         -|             -|             -|    -|
    |      o C_drain_IO_L1_out_wrapper_3_0_x1_loop_4          |       -|  -2.43|        128|    426.624|        16|          -|       8|        no|         -|         -|             -|             -|    -|
    |       o C_drain_IO_L1_out_wrapper_3_0_x1_loop_5         |       -|  -2.43|          8|     26.664|         1|          -|       8|        no|         -|         -|             -|             -|    -|
    |     o C_drain_IO_L1_out_wrapper_3_0_x1_loop_6           |       -|  -2.43|        144|    479.952|        18|          -|       8|        no|         -|         -|             -|             -|    -|
    |      o C_drain_IO_L1_out_wrapper_3_0_x1_loop_7          |       -|  -2.43|         16|     53.328|         2|          -|       8|        no|         -|         -|             -|             -|    -|
    |      o C_drain_IO_L1_out_wrapper_3_0_x1_loop_8          |       -|  -2.43|         16|     53.328|         2|          -|       8|        no|         -|         -|             -|             -|    -|
    |  + grp_C_drain_IO_L1_out_wrapper_4_0_x1_fu_3221         |  Timing|   0.00|     303905|  1.013e+06|         -|     303905|       -|        no|         -|         -|     472 (~0%)|     638 (~0%)|    -|
    |   o C_drain_IO_L1_out_wrapper_4_0_x1_loop_1             |       -|  -2.43|     303904|  1.013e+06|     18994|          -|      16|        no|         -|         -|             -|             -|    -|
    |    o C_drain_IO_L1_out_wrapper_4_0_x1_loop_2            |       -|  -2.43|      18992|  6.330e+04|      1187|          -|      16|        no|         -|         -|             -|             -|    -|
    |     o C_drain_IO_L1_out_wrapper_4_0_x1_loop_3           |       -|  -2.43|       1040|  3.466e+03|       130|          -|       8|        no|         -|         -|             -|             -|    -|
    |      o C_drain_IO_L1_out_wrapper_4_0_x1_loop_4          |       -|  -2.43|        128|    426.624|        16|          -|       8|        no|         -|         -|             -|             -|    -|
    |       o C_drain_IO_L1_out_wrapper_4_0_x1_loop_5         |       -|  -2.43|          8|     26.664|         1|          -|       8|        no|         -|         -|             -|             -|    -|
    |     o C_drain_IO_L1_out_wrapper_4_0_x1_loop_6           |       -|  -2.43|        144|    479.952|        18|          -|       8|        no|         -|         -|             -|             -|    -|
    |      o C_drain_IO_L1_out_wrapper_4_0_x1_loop_7          |       -|  -2.43|         16|     53.328|         2|          -|       8|        no|         -|         -|             -|             -|    -|
    |      o C_drain_IO_L1_out_wrapper_4_0_x1_loop_8          |       -|  -2.43|         16|     53.328|         2|          -|       8|        no|         -|         -|             -|             -|    -|
    |  + grp_C_drain_IO_L1_out_wrapper_5_0_x1_fu_3228         |  Timing|   0.00|     303905|  1.013e+06|         -|     303905|       -|        no|         -|         -|     472 (~0%)|     638 (~0%)|    -|
    |   o C_drain_IO_L1_out_wrapper_5_0_x1_loop_1             |       -|  -2.43|     303904|  1.013e+06|     18994|          -|      16|        no|         -|         -|             -|             -|    -|
    |    o C_drain_IO_L1_out_wrapper_5_0_x1_loop_2            |       -|  -2.43|      18992|  6.330e+04|      1187|          -|      16|        no|         -|         -|             -|             -|    -|
    |     o C_drain_IO_L1_out_wrapper_5_0_x1_loop_3           |       -|  -2.43|       1040|  3.466e+03|       130|          -|       8|        no|         -|         -|             -|             -|    -|
    |      o C_drain_IO_L1_out_wrapper_5_0_x1_loop_4          |       -|  -2.43|        128|    426.624|        16|          -|       8|        no|         -|         -|             -|             -|    -|
    |       o C_drain_IO_L1_out_wrapper_5_0_x1_loop_5         |       -|  -2.43|          8|     26.664|         1|          -|       8|        no|         -|         -|             -|             -|    -|
    |     o C_drain_IO_L1_out_wrapper_5_0_x1_loop_6           |       -|  -2.43|        144|    479.952|        18|          -|       8|        no|         -|         -|             -|             -|    -|
    |      o C_drain_IO_L1_out_wrapper_5_0_x1_loop_7          |       -|  -2.43|         16|     53.328|         2|          -|       8|        no|         -|         -|             -|             -|    -|
    |      o C_drain_IO_L1_out_wrapper_5_0_x1_loop_8          |       -|  -2.43|         16|     53.328|         2|          -|       8|        no|         -|         -|             -|             -|    -|
    |  + grp_C_drain_IO_L1_out_wrapper_6_0_x1_fu_3235         |  Timing|   0.00|     303905|  1.013e+06|         -|     303905|       -|        no|         -|         -|     472 (~0%)|     638 (~0%)|    -|
    |   o C_drain_IO_L1_out_wrapper_6_0_x1_loop_1             |       -|  -2.43|     303904|  1.013e+06|     18994|          -|      16|        no|         -|         -|             -|             -|    -|
    |    o C_drain_IO_L1_out_wrapper_6_0_x1_loop_2            |       -|  -2.43|      18992|  6.330e+04|      1187|          -|      16|        no|         -|         -|             -|             -|    -|
    |     o C_drain_IO_L1_out_wrapper_6_0_x1_loop_3           |       -|  -2.43|       1040|  3.466e+03|       130|          -|       8|        no|         -|         -|             -|             -|    -|
    |      o C_drain_IO_L1_out_wrapper_6_0_x1_loop_4          |       -|  -2.43|        128|    426.624|        16|          -|       8|        no|         -|         -|             -|             -|    -|
    |       o C_drain_IO_L1_out_wrapper_6_0_x1_loop_5         |       -|  -2.43|          8|     26.664|         1|          -|       8|        no|         -|         -|             -|             -|    -|
    |     o C_drain_IO_L1_out_wrapper_6_0_x1_loop_6           |       -|  -2.43|        144|    479.952|        18|          -|       8|        no|         -|         -|             -|             -|    -|
    |      o C_drain_IO_L1_out_wrapper_6_0_x1_loop_7          |       -|  -2.43|         16|     53.328|         2|          -|       8|        no|         -|         -|             -|             -|    -|
    |      o C_drain_IO_L1_out_wrapper_6_0_x1_loop_8          |       -|  -2.43|         16|     53.328|         2|          -|       8|        no|         -|         -|             -|             -|    -|
    |  + grp_C_drain_IO_L1_out_wrapper_7_0_x1_fu_3242         |  Timing|   0.00|     303905|  1.013e+06|         -|     303905|       -|        no|         -|         -|     472 (~0%)|     638 (~0%)|    -|
    |   o C_drain_IO_L1_out_wrapper_7_0_x1_loop_1             |       -|  -2.43|     303904|  1.013e+06|     18994|          -|      16|        no|         -|         -|             -|             -|    -|
    |    o C_drain_IO_L1_out_wrapper_7_0_x1_loop_2            |       -|  -2.43|      18992|  6.330e+04|      1187|          -|      16|        no|         -|         -|             -|             -|    -|
    |     o C_drain_IO_L1_out_wrapper_7_0_x1_loop_3           |       -|  -2.43|       1040|  3.466e+03|       130|          -|       8|        no|         -|         -|             -|             -|    -|
    |      o C_drain_IO_L1_out_wrapper_7_0_x1_loop_4          |       -|  -2.43|        128|    426.624|        16|          -|       8|        no|         -|         -|             -|             -|    -|
    |       o C_drain_IO_L1_out_wrapper_7_0_x1_loop_5         |       -|  -2.43|          8|     26.664|         1|          -|       8|        no|         -|         -|             -|             -|    -|
    |     o C_drain_IO_L1_out_wrapper_7_0_x1_loop_6           |       -|  -2.43|        144|    479.952|        18|          -|       8|        no|         -|         -|             -|             -|    -|
    |      o C_drain_IO_L1_out_wrapper_7_0_x1_loop_7          |       -|  -2.43|         16|     53.328|         2|          -|       8|        no|         -|         -|             -|             -|    -|
    |      o C_drain_IO_L1_out_wrapper_7_0_x1_loop_8          |       -|  -2.43|         16|     53.328|         2|          -|       8|        no|         -|         -|             -|             -|    -|
    |  + grp_C_drain_IO_L1_out_boundary_wrapper_0_x1_fu_3249  |       -|  -0.49|     271137|  9.037e+05|         -|     271137|       -|        no|         -|         -|     453 (~0%)|     528 (~0%)|    -|
    |   o C_drain_IO_L1_out_boundary_wrapper_0_x1_loop_1      |       -|  -2.43|     271136|  9.037e+05|     16946|          -|      16|        no|         -|         -|             -|             -|    -|
    |    o C_drain_IO_L1_out_boundary_wrapper_0_x1_loop_2     |       -|  -2.43|      16944|  5.647e+04|      1059|          -|      16|        no|         -|         -|             -|             -|    -|
    |     o C_drain_IO_L1_out_boundary_wrapper_0_x1_loop_3    |       -|  -2.43|       1040|  3.466e+03|       130|          -|       8|        no|         -|         -|             -|             -|    -|
    |      o C_drain_IO_L1_out_boundary_wrapper_0_x1_loop_4   |       -|  -2.43|        128|    426.624|        16|          -|       8|        no|         -|         -|             -|             -|    -|
    |       o C_drain_IO_L1_out_boundary_wrapper_0_x1_loop_5  |       -|  -2.43|          8|     26.664|         1|          -|       8|        no|         -|         -|             -|             -|    -|
    |     o C_drain_IO_L1_out_boundary_wrapper_0_x1_loop_7    |       -|  -2.43|         16|     53.328|         2|          -|       8|        no|         -|         -|             -|             -|    -|
    |  + grp_C_drain_IO_L1_out_boundary_wrapper_1_x1_fu_3255  |       -|  -0.49|     271137|  9.037e+05|         -|     271137|       -|        no|         -|         -|     453 (~0%)|     528 (~0%)|    -|
    |   o C_drain_IO_L1_out_boundary_wrapper_1_x1_loop_1      |       -|  -2.43|     271136|  9.037e+05|     16946|          -|      16|        no|         -|         -|             -|             -|    -|
    |    o C_drain_IO_L1_out_boundary_wrapper_1_x1_loop_2     |       -|  -2.43|      16944|  5.647e+04|      1059|          -|      16|        no|         -|         -|             -|             -|    -|
    |     o C_drain_IO_L1_out_boundary_wrapper_1_x1_loop_3    |       -|  -2.43|       1040|  3.466e+03|       130|          -|       8|        no|         -|         -|             -|             -|    -|
    |      o C_drain_IO_L1_out_boundary_wrapper_1_x1_loop_4   |       -|  -2.43|        128|    426.624|        16|          -|       8|        no|         -|         -|             -|             -|    -|
    |       o C_drain_IO_L1_out_boundary_wrapper_1_x1_loop_5  |       -|  -2.43|          8|     26.664|         1|          -|       8|        no|         -|         -|             -|             -|    -|
    |     o C_drain_IO_L1_out_boundary_wrapper_1_x1_loop_7    |       -|  -2.43|         16|     53.328|         2|          -|       8|        no|         -|         -|             -|             -|    -|
    |  + grp_C_drain_IO_L1_out_boundary_wrapper_2_x1_fu_3261  |       -|  -0.49|     271137|  9.037e+05|         -|     271137|       -|        no|         -|         -|     453 (~0%)|     528 (~0%)|    -|
    |   o C_drain_IO_L1_out_boundary_wrapper_2_x1_loop_1      |       -|  -2.43|     271136|  9.037e+05|     16946|          -|      16|        no|         -|         -|             -|             -|    -|
    |    o C_drain_IO_L1_out_boundary_wrapper_2_x1_loop_2     |       -|  -2.43|      16944|  5.647e+04|      1059|          -|      16|        no|         -|         -|             -|             -|    -|
    |     o C_drain_IO_L1_out_boundary_wrapper_2_x1_loop_3    |       -|  -2.43|       1040|  3.466e+03|       130|          -|       8|        no|         -|         -|             -|             -|    -|
    |      o C_drain_IO_L1_out_boundary_wrapper_2_x1_loop_4   |       -|  -2.43|        128|    426.624|        16|          -|       8|        no|         -|         -|             -|             -|    -|
    |       o C_drain_IO_L1_out_boundary_wrapper_2_x1_loop_5  |       -|  -2.43|          8|     26.664|         1|          -|       8|        no|         -|         -|             -|             -|    -|
    |     o C_drain_IO_L1_out_boundary_wrapper_2_x1_loop_7    |       -|  -2.43|         16|     53.328|         2|          -|       8|        no|         -|         -|             -|             -|    -|
    |  + grp_C_drain_IO_L1_out_boundary_wrapper_3_x1_fu_3267  |       -|  -0.49|     271137|  9.037e+05|         -|     271137|       -|        no|         -|         -|     453 (~0%)|     528 (~0%)|    -|
    |   o C_drain_IO_L1_out_boundary_wrapper_3_x1_loop_1      |       -|  -2.43|     271136|  9.037e+05|     16946|          -|      16|        no|         -|         -|             -|             -|    -|
    |    o C_drain_IO_L1_out_boundary_wrapper_3_x1_loop_2     |       -|  -2.43|      16944|  5.647e+04|      1059|          -|      16|        no|         -|         -|             -|             -|    -|
    |     o C_drain_IO_L1_out_boundary_wrapper_3_x1_loop_3    |       -|  -2.43|       1040|  3.466e+03|       130|          -|       8|        no|         -|         -|             -|             -|    -|
    |      o C_drain_IO_L1_out_boundary_wrapper_3_x1_loop_4   |       -|  -2.43|        128|    426.624|        16|          -|       8|        no|         -|         -|             -|             -|    -|
    |       o C_drain_IO_L1_out_boundary_wrapper_3_x1_loop_5  |       -|  -2.43|          8|     26.664|         1|          -|       8|        no|         -|         -|             -|             -|    -|
    |     o C_drain_IO_L1_out_boundary_wrapper_3_x1_loop_7    |       -|  -2.43|         16|     53.328|         2|          -|       8|        no|         -|         -|             -|             -|    -|
    |  + grp_C_drain_IO_L1_out_boundary_wrapper_4_x1_fu_3273  |       -|  -0.49|     271137|  9.037e+05|         -|     271137|       -|        no|         -|         -|     453 (~0%)|     528 (~0%)|    -|
    |   o C_drain_IO_L1_out_boundary_wrapper_4_x1_loop_1      |       -|  -2.43|     271136|  9.037e+05|     16946|          -|      16|        no|         -|         -|             -|             -|    -|
    |    o C_drain_IO_L1_out_boundary_wrapper_4_x1_loop_2     |       -|  -2.43|      16944|  5.647e+04|      1059|          -|      16|        no|         -|         -|             -|             -|    -|
    |     o C_drain_IO_L1_out_boundary_wrapper_4_x1_loop_3    |       -|  -2.43|       1040|  3.466e+03|       130|          -|       8|        no|         -|         -|             -|             -|    -|
    |      o C_drain_IO_L1_out_boundary_wrapper_4_x1_loop_4   |       -|  -2.43|        128|    426.624|        16|          -|       8|        no|         -|         -|             -|             -|    -|
    |       o C_drain_IO_L1_out_boundary_wrapper_4_x1_loop_5  |       -|  -2.43|          8|     26.664|         1|          -|       8|        no|         -|         -|             -|             -|    -|
    |     o C_drain_IO_L1_out_boundary_wrapper_4_x1_loop_7    |       -|  -2.43|         16|     53.328|         2|          -|       8|        no|         -|         -|             -|             -|    -|
    |  + grp_C_drain_IO_L1_out_boundary_wrapper_5_x1_fu_3279  |       -|  -0.49|     271137|  9.037e+05|         -|     271137|       -|        no|         -|         -|     453 (~0%)|     528 (~0%)|    -|
    |   o C_drain_IO_L1_out_boundary_wrapper_5_x1_loop_1      |       -|  -2.43|     271136|  9.037e+05|     16946|          -|      16|        no|         -|         -|             -|             -|    -|
    |    o C_drain_IO_L1_out_boundary_wrapper_5_x1_loop_2     |       -|  -2.43|      16944|  5.647e+04|      1059|          -|      16|        no|         -|         -|             -|             -|    -|
    |     o C_drain_IO_L1_out_boundary_wrapper_5_x1_loop_3    |       -|  -2.43|       1040|  3.466e+03|       130|          -|       8|        no|         -|         -|             -|             -|    -|
    |      o C_drain_IO_L1_out_boundary_wrapper_5_x1_loop_4   |       -|  -2.43|        128|    426.624|        16|          -|       8|        no|         -|         -|             -|             -|    -|
    |       o C_drain_IO_L1_out_boundary_wrapper_5_x1_loop_5  |       -|  -2.43|          8|     26.664|         1|          -|       8|        no|         -|         -|             -|             -|    -|
    |     o C_drain_IO_L1_out_boundary_wrapper_5_x1_loop_7    |       -|  -2.43|         16|     53.328|         2|          -|       8|        no|         -|         -|             -|             -|    -|
    |  + grp_C_drain_IO_L1_out_boundary_wrapper_6_x1_fu_3285  |       -|  -0.49|     271137|  9.037e+05|         -|     271137|       -|        no|         -|         -|     453 (~0%)|     528 (~0%)|    -|
    |   o C_drain_IO_L1_out_boundary_wrapper_6_x1_loop_1      |       -|  -2.43|     271136|  9.037e+05|     16946|          -|      16|        no|         -|         -|             -|             -|    -|
    |    o C_drain_IO_L1_out_boundary_wrapper_6_x1_loop_2     |       -|  -2.43|      16944|  5.647e+04|      1059|          -|      16|        no|         -|         -|             -|             -|    -|
    |     o C_drain_IO_L1_out_boundary_wrapper_6_x1_loop_3    |       -|  -2.43|       1040|  3.466e+03|       130|          -|       8|        no|         -|         -|             -|             -|    -|
    |      o C_drain_IO_L1_out_boundary_wrapper_6_x1_loop_4   |       -|  -2.43|        128|    426.624|        16|          -|       8|        no|         -|         -|             -|             -|    -|
    |       o C_drain_IO_L1_out_boundary_wrapper_6_x1_loop_5  |       -|  -2.43|          8|     26.664|         1|          -|       8|        no|         -|         -|             -|             -|    -|
    |     o C_drain_IO_L1_out_boundary_wrapper_6_x1_loop_7    |       -|  -2.43|         16|     53.328|         2|          -|       8|        no|         -|         -|             -|             -|    -|
    |  + grp_C_drain_IO_L1_out_boundary_wrapper_7_x1_fu_3291  |       -|  -0.49|     271137|  9.037e+05|         -|     271137|       -|        no|         -|         -|     453 (~0%)|     528 (~0%)|    -|
    |   o C_drain_IO_L1_out_boundary_wrapper_7_x1_loop_1      |       -|  -2.43|     271136|  9.037e+05|     16946|          -|      16|        no|         -|         -|             -|             -|    -|
    |    o C_drain_IO_L1_out_boundary_wrapper_7_x1_loop_2     |       -|  -2.43|      16944|  5.647e+04|      1059|          -|      16|        no|         -|         -|             -|             -|    -|
    |     o C_drain_IO_L1_out_boundary_wrapper_7_x1_loop_3    |       -|  -2.43|       1040|  3.466e+03|       130|          -|       8|        no|         -|         -|             -|             -|    -|
    |      o C_drain_IO_L1_out_boundary_wrapper_7_x1_loop_4   |       -|  -2.43|        128|    426.624|        16|          -|       8|        no|         -|         -|             -|             -|    -|
    |       o C_drain_IO_L1_out_boundary_wrapper_7_x1_loop_5  |       -|  -2.43|          8|     26.664|         1|          -|       8|        no|         -|         -|             -|             -|    -|
    |     o C_drain_IO_L1_out_boundary_wrapper_7_x1_loop_7    |       -|  -2.43|         16|     53.328|         2|          -|       8|        no|         -|         -|             -|             -|    -|
    |  + grp_A_IO_L2_in_1_x1_fu_3297                          |  Timing|   0.00|    2294450|  7.647e+06|         -|    2294450|       -|        no|         -|         -|     663 (~0%)|    1224 (~0%)|    -|
    |   o A_IO_L2_in_1_x1_loop_1                              |       -|  -2.43|    2294304|  7.647e+06|    143394|          -|      16|        no|         -|         -|             -|             -|    -|
    |    o A_IO_L2_in_1_x1_loop_2                             |       -|  -2.43|     143392|  4.779e+05|      8962|          -|      16|        no|         -|         -|             -|             -|    -|
    |     o A_IO_L2_in_1_x1_loop_3                            |       -|  -2.43|       8960|  2.986e+04|       280|          -|      32|        no|         -|         -|             -|             -|    -|
    |      o A_IO_L2_in_1_x1_loop_4                           |       -|  -2.43|        133|    443.289|        19|          -|       7|        no|         -|         -|             -|             -|    -|
    |       o A_IO_L2_in_1_x1_loop_5                          |       -|  -2.43|         17|     56.661|         2|          -|       8|        no|         -|         -|             -|             -|    -|
    |       o A_IO_L2_in_1_x1_loop_6                          |       -|  -2.43|         16|     53.328|         2|          -|       8|        no|         -|         -|             -|             -|    -|
    |      o A_IO_L2_in_1_x1_loop_7                           |       -|  -2.43|        144|    479.952|        18|          -|       8|        no|         -|         -|             -|             -|    -|
    |       o A_IO_L2_in_1_x1_loop_8                          |       -|  -2.43|         16|     53.328|         2|          -|       8|        no|         -|         -|             -|             -|    -|
    |      o A_IO_L2_in_1_x1_loop_9                           |       -|  -2.43|        133|    443.289|        19|          -|       7|        no|         -|         -|             -|             -|    -|
    |       o A_IO_L2_in_1_x1_loop_10                         |       -|  -2.43|         17|     56.661|         2|          -|       8|        no|         -|         -|             -|             -|    -|
    |       o A_IO_L2_in_1_x1_loop_11                         |       -|  -2.43|         16|     53.328|         2|          -|       8|        no|         -|         -|             -|             -|    -|
    |      o A_IO_L2_in_1_x1_loop_12                          |       -|  -2.43|        144|    479.952|        18|          -|       8|        no|         -|         -|             -|             -|    -|
    |       o A_IO_L2_in_1_x1_loop_13                         |       -|  -2.43|         16|     53.328|         2|          -|       8|        no|         -|         -|             -|             -|    -|
    |   o A_IO_L2_in_1_x1_loop_14                             |       -|  -2.43|        144|    479.952|        18|          -|       8|        no|         -|         -|             -|             -|    -|
    |    o A_IO_L2_in_1_x1_loop_15                            |       -|  -2.43|         16|     53.328|         2|          -|       8|        no|         -|         -|             -|             -|    -|
    |  + grp_A_IO_L2_in_2_x1_fu_3304                          |  Timing|   0.00|    2138802|  7.129e+06|         -|    2138802|       -|        no|         -|         -|     663 (~0%)|    1224 (~0%)|    -|
    |   o A_IO_L2_in_2_x1_loop_1                              |       -|  -2.43|    2138656|  7.128e+06|    133666|          -|      16|        no|         -|         -|             -|             -|    -|
    |    o A_IO_L2_in_2_x1_loop_2                             |       -|  -2.43|     133664|  4.455e+05|      8354|          -|      16|        no|         -|         -|             -|             -|    -|
    |     o A_IO_L2_in_2_x1_loop_3                            |       -|  -2.43|       8352|  2.784e+04|       261|          -|      32|        no|         -|         -|             -|             -|    -|
    |      o A_IO_L2_in_2_x1_loop_4                           |       -|  -2.43|        114|    379.962|        19|          -|       6|        no|         -|         -|             -|             -|    -|
    |       o A_IO_L2_in_2_x1_loop_5                          |       -|  -2.43|         17|     56.661|         2|          -|       8|        no|         -|         -|             -|             -|    -|
    |       o A_IO_L2_in_2_x1_loop_6                          |       -|  -2.43|         16|     53.328|         2|          -|       8|        no|         -|         -|             -|             -|    -|
    |      o A_IO_L2_in_2_x1_loop_7                           |       -|  -2.43|        144|    479.952|        18|          -|       8|        no|         -|         -|             -|             -|    -|
    |       o A_IO_L2_in_2_x1_loop_8                          |       -|  -2.43|         16|     53.328|         2|          -|       8|        no|         -|         -|             -|             -|    -|
    |      o A_IO_L2_in_2_x1_loop_9                           |       -|  -2.43|        114|    379.962|        19|          -|       6|        no|         -|         -|             -|             -|    -|
    |       o A_IO_L2_in_2_x1_loop_10                         |       -|  -2.43|         17|     56.661|         2|          -|       8|        no|         -|         -|             -|             -|    -|
    |       o A_IO_L2_in_2_x1_loop_11                         |       -|  -2.43|         16|     53.328|         2|          -|       8|        no|         -|         -|             -|             -|    -|
    |      o A_IO_L2_in_2_x1_loop_12                          |       -|  -2.43|        144|    479.952|        18|          -|       8|        no|         -|         -|             -|             -|    -|
    |       o A_IO_L2_in_2_x1_loop_13                         |       -|  -2.43|         16|     53.328|         2|          -|       8|        no|         -|         -|             -|             -|    -|
    |   o A_IO_L2_in_2_x1_loop_14                             |       -|  -2.43|        144|    479.952|        18|          -|       8|        no|         -|         -|             -|             -|    -|
    |    o A_IO_L2_in_2_x1_loop_15                            |       -|  -2.43|         16|     53.328|         2|          -|       8|        no|         -|         -|             -|             -|    -|
    |  + grp_A_IO_L2_in_3_x1_fu_3311                          |  Timing|   0.00|    1983154|  6.610e+06|         -|    1983154|       -|        no|         -|         -|     663 (~0%)|    1224 (~0%)|    -|
    |   o A_IO_L2_in_3_x1_loop_1                              |       -|  -2.43|    1983008|  6.609e+06|    123938|          -|      16|        no|         -|         -|             -|             -|    -|
    |    o A_IO_L2_in_3_x1_loop_2                             |       -|  -2.43|     123936|  4.131e+05|      7746|          -|      16|        no|         -|         -|             -|             -|    -|
    |     o A_IO_L2_in_3_x1_loop_3                            |       -|  -2.43|       7744|  2.581e+04|       242|          -|      32|        no|         -|         -|             -|             -|    -|
    |      o A_IO_L2_in_3_x1_loop_4                           |       -|  -2.43|         95|    316.635|        19|          -|       5|        no|         -|         -|             -|             -|    -|
    |       o A_IO_L2_in_3_x1_loop_5                          |       -|  -2.43|         17|     56.661|         2|          -|       8|        no|         -|         -|             -|             -|    -|
    |       o A_IO_L2_in_3_x1_loop_6                          |       -|  -2.43|         16|     53.328|         2|          -|       8|        no|         -|         -|             -|             -|    -|
    |      o A_IO_L2_in_3_x1_loop_7                           |       -|  -2.43|        144|    479.952|        18|          -|       8|        no|         -|         -|             -|             -|    -|
    |       o A_IO_L2_in_3_x1_loop_8                          |       -|  -2.43|         16|     53.328|         2|          -|       8|        no|         -|         -|             -|             -|    -|
    |      o A_IO_L2_in_3_x1_loop_9                           |       -|  -2.43|         95|    316.635|        19|          -|       5|        no|         -|         -|             -|             -|    -|
    |       o A_IO_L2_in_3_x1_loop_10                         |       -|  -2.43|         17|     56.661|         2|          -|       8|        no|         -|         -|             -|             -|    -|
    |       o A_IO_L2_in_3_x1_loop_11                         |       -|  -2.43|         16|     53.328|         2|          -|       8|        no|         -|         -|             -|             -|    -|
    |      o A_IO_L2_in_3_x1_loop_12                          |       -|  -2.43|        144|    479.952|        18|          -|       8|        no|         -|         -|             -|             -|    -|
    |       o A_IO_L2_in_3_x1_loop_13                         |       -|  -2.43|         16|     53.328|         2|          -|       8|        no|         -|         -|             -|             -|    -|
    |   o A_IO_L2_in_3_x1_loop_14                             |       -|  -2.43|        144|    479.952|        18|          -|       8|        no|         -|         -|             -|             -|    -|
    |    o A_IO_L2_in_3_x1_loop_15                            |       -|  -2.43|         16|     53.328|         2|          -|       8|        no|         -|         -|             -|             -|    -|
    |  + grp_A_IO_L2_in_4_x1_fu_3318                          |  Timing|   0.00|    1827506|  6.091e+06|         -|    1827506|       -|        no|         -|         -|     663 (~0%)|    1224 (~0%)|    -|
    |   o A_IO_L2_in_4_x1_loop_1                              |       -|  -2.43|    1827360|  6.091e+06|    114210|          -|      16|        no|         -|         -|             -|             -|    -|
    |    o A_IO_L2_in_4_x1_loop_2                             |       -|  -2.43|     114208|  3.807e+05|      7138|          -|      16|        no|         -|         -|             -|             -|    -|
    |     o A_IO_L2_in_4_x1_loop_3                            |       -|  -2.43|       7136|  2.378e+04|       223|          -|      32|        no|         -|         -|             -|             -|    -|
    |      o A_IO_L2_in_4_x1_loop_4                           |       -|  -2.43|         76|    253.308|        19|          -|       4|        no|         -|         -|             -|             -|    -|
    |       o A_IO_L2_in_4_x1_loop_5                          |       -|  -2.43|         17|     56.661|         2|          -|       8|        no|         -|         -|             -|             -|    -|
    |       o A_IO_L2_in_4_x1_loop_6                          |       -|  -2.43|         16|     53.328|         2|          -|       8|        no|         -|         -|             -|             -|    -|
    |      o A_IO_L2_in_4_x1_loop_7                           |       -|  -2.43|        144|    479.952|        18|          -|       8|        no|         -|         -|             -|             -|    -|
    |       o A_IO_L2_in_4_x1_loop_8                          |       -|  -2.43|         16|     53.328|         2|          -|       8|        no|         -|         -|             -|             -|    -|
    |      o A_IO_L2_in_4_x1_loop_9                           |       -|  -2.43|         76|    253.308|        19|          -|       4|        no|         -|         -|             -|             -|    -|
    |       o A_IO_L2_in_4_x1_loop_10                         |       -|  -2.43|         17|     56.661|         2|          -|       8|        no|         -|         -|             -|             -|    -|
    |       o A_IO_L2_in_4_x1_loop_11                         |       -|  -2.43|         16|     53.328|         2|          -|       8|        no|         -|         -|             -|             -|    -|
    |      o A_IO_L2_in_4_x1_loop_12                          |       -|  -2.43|        144|    479.952|        18|          -|       8|        no|         -|         -|             -|             -|    -|
    |       o A_IO_L2_in_4_x1_loop_13                         |       -|  -2.43|         16|     53.328|         2|          -|       8|        no|         -|         -|             -|             -|    -|
    |   o A_IO_L2_in_4_x1_loop_14                             |       -|  -2.43|        144|    479.952|        18|          -|       8|        no|         -|         -|             -|             -|    -|
    |    o A_IO_L2_in_4_x1_loop_15                            |       -|  -2.43|         16|     53.328|         2|          -|       8|        no|         -|         -|             -|             -|    -|
    |  + grp_A_IO_L2_in_5_x1_fu_3325                          |  Timing|   0.00|    1671858|  5.572e+06|         -|    1671858|       -|        no|         -|         -|     663 (~0%)|    1224 (~0%)|    -|
    |   o A_IO_L2_in_5_x1_loop_1                              |       -|  -2.43|    1671712|  5.572e+06|    104482|          -|      16|        no|         -|         -|             -|             -|    -|
    |    o A_IO_L2_in_5_x1_loop_2                             |       -|  -2.43|     104480|  3.482e+05|      6530|          -|      16|        no|         -|         -|             -|             -|    -|
    |     o A_IO_L2_in_5_x1_loop_3                            |       -|  -2.43|       6528|  2.176e+04|       204|          -|      32|        no|         -|         -|             -|             -|    -|
    |      o A_IO_L2_in_5_x1_loop_4                           |       -|  -2.43|         57|    189.981|        19|          -|       3|        no|         -|         -|             -|             -|    -|
    |       o A_IO_L2_in_5_x1_loop_5                          |       -|  -2.43|         17|     56.661|         2|          -|       8|        no|         -|         -|             -|             -|    -|
    |       o A_IO_L2_in_5_x1_loop_6                          |       -|  -2.43|         16|     53.328|         2|          -|       8|        no|         -|         -|             -|             -|    -|
    |      o A_IO_L2_in_5_x1_loop_7                           |       -|  -2.43|        144|    479.952|        18|          -|       8|        no|         -|         -|             -|             -|    -|
    |       o A_IO_L2_in_5_x1_loop_8                          |       -|  -2.43|         16|     53.328|         2|          -|       8|        no|         -|         -|             -|             -|    -|
    |      o A_IO_L2_in_5_x1_loop_9                           |       -|  -2.43|         57|    189.981|        19|          -|       3|        no|         -|         -|             -|             -|    -|
    |       o A_IO_L2_in_5_x1_loop_10                         |       -|  -2.43|         17|     56.661|         2|          -|       8|        no|         -|         -|             -|             -|    -|
    |       o A_IO_L2_in_5_x1_loop_11                         |       -|  -2.43|         16|     53.328|         2|          -|       8|        no|         -|         -|             -|             -|    -|
    |      o A_IO_L2_in_5_x1_loop_12                          |       -|  -2.43|        144|    479.952|        18|          -|       8|        no|         -|         -|             -|             -|    -|
    |       o A_IO_L2_in_5_x1_loop_13                         |       -|  -2.43|         16|     53.328|         2|          -|       8|        no|         -|         -|             -|             -|    -|
    |   o A_IO_L2_in_5_x1_loop_14                             |       -|  -2.43|        144|    479.952|        18|          -|       8|        no|         -|         -|             -|             -|    -|
    |    o A_IO_L2_in_5_x1_loop_15                            |       -|  -2.43|         16|     53.328|         2|          -|       8|        no|         -|         -|             -|             -|    -|
    |  + grp_A_IO_L2_in_6_x1_fu_3332                          |  Timing|   0.00|    1516210|  5.054e+06|         -|    1516210|       -|        no|         -|         -|     663 (~0%)|    1224 (~0%)|    -|
    |   o A_IO_L2_in_6_x1_loop_1                              |       -|  -2.43|    1516064|  5.053e+06|     94754|          -|      16|        no|         -|         -|             -|             -|    -|
    |    o A_IO_L2_in_6_x1_loop_2                             |       -|  -2.43|      94752|  3.158e+05|      5922|          -|      16|        no|         -|         -|             -|             -|    -|
    |     o A_IO_L2_in_6_x1_loop_3                            |       -|  -2.43|       5920|  1.973e+04|       185|          -|      32|        no|         -|         -|             -|             -|    -|
    |      o A_IO_L2_in_6_x1_loop_4                           |       -|  -2.43|         38|    126.654|        19|          -|       2|        no|         -|         -|             -|             -|    -|
    |       o A_IO_L2_in_6_x1_loop_5                          |       -|  -2.43|         17|     56.661|         2|          -|       8|        no|         -|         -|             -|             -|    -|
    |       o A_IO_L2_in_6_x1_loop_6                          |       -|  -2.43|         16|     53.328|         2|          -|       8|        no|         -|         -|             -|             -|    -|
    |      o A_IO_L2_in_6_x1_loop_7                           |       -|  -2.43|        144|    479.952|        18|          -|       8|        no|         -|         -|             -|             -|    -|
    |       o A_IO_L2_in_6_x1_loop_8                          |       -|  -2.43|         16|     53.328|         2|          -|       8|        no|         -|         -|             -|             -|    -|
    |      o A_IO_L2_in_6_x1_loop_9                           |       -|  -2.43|         38|    126.654|        19|          -|       2|        no|         -|         -|             -|             -|    -|
    |       o A_IO_L2_in_6_x1_loop_10                         |       -|  -2.43|         17|     56.661|         2|          -|       8|        no|         -|         -|             -|             -|    -|
    |       o A_IO_L2_in_6_x1_loop_11                         |       -|  -2.43|         16|     53.328|         2|          -|       8|        no|         -|         -|             -|             -|    -|
    |      o A_IO_L2_in_6_x1_loop_12                          |       -|  -2.43|        144|    479.952|        18|          -|       8|        no|         -|         -|             -|             -|    -|
    |       o A_IO_L2_in_6_x1_loop_13                         |       -|  -2.43|         16|     53.328|         2|          -|       8|        no|         -|         -|             -|             -|    -|
    |   o A_IO_L2_in_6_x1_loop_14                             |       -|  -2.43|        144|    479.952|        18|          -|       8|        no|         -|         -|             -|             -|    -|
    |    o A_IO_L2_in_6_x1_loop_15                            |       -|  -2.43|         16|     53.328|         2|          -|       8|        no|         -|         -|             -|             -|    -|
    |  + grp_A_IO_L2_in_0_x1_fu_3339                          |  Timing|   0.00|    2450098|  8.166e+06|         -|    2450098|       -|        no|         -|         -|     671 (~0%)|    1224 (~0%)|    -|
    |   o A_IO_L2_in_0_x1_loop_1                              |       -|  -2.43|    2449952|  8.166e+06|    153122|          -|      16|        no|         -|         -|             -|             -|    -|
    |    o A_IO_L2_in_0_x1_loop_2                             |       -|  -2.43|     153120|  5.103e+05|      9570|          -|      16|        no|         -|         -|             -|             -|    -|
    |     o A_IO_L2_in_0_x1_loop_3                            |       -|  -2.43|       9568|  3.189e+04|       299|          -|      32|        no|         -|         -|             -|             -|    -|
    |      o A_IO_L2_in_0_x1_loop_4                           |       -|  -2.43|        152|    506.616|        19|          -|       8|        no|         -|         -|             -|             -|    -|
    |       o A_IO_L2_in_0_x1_loop_5                          |       -|  -2.43|         17|     56.661|         2|          -|       8|        no|         -|         -|             -|             -|    -|
    |       o A_IO_L2_in_0_x1_loop_6                          |       -|  -2.43|         16|     53.328|         2|          -|       8|        no|         -|         -|             -|             -|    -|
    |      o A_IO_L2_in_0_x1_loop_7                           |       -|  -2.43|        144|    479.952|        18|          -|       8|        no|         -|         -|             -|             -|    -|
    |       o A_IO_L2_in_0_x1_loop_8                          |       -|  -2.43|         16|     53.328|         2|          -|       8|        no|         -|         -|             -|             -|    -|
    |      o A_IO_L2_in_0_x1_loop_9                           |       -|  -2.43|        152|    506.616|        19|          -|       8|        no|         -|         -|             -|             -|    -|
    |       o A_IO_L2_in_0_x1_loop_10                         |       -|  -2.43|         17|     56.661|         2|          -|       8|        no|         -|         -|             -|             -|    -|
    |       o A_IO_L2_in_0_x1_loop_11                         |       -|  -2.43|         16|     53.328|         2|          -|       8|        no|         -|         -|             -|             -|    -|
    |      o A_IO_L2_in_0_x1_loop_12                          |       -|  -2.43|        144|    479.952|        18|          -|       8|        no|         -|         -|             -|             -|    -|
    |       o A_IO_L2_in_0_x1_loop_13                         |       -|  -2.43|         16|     53.328|         2|          -|       8|        no|         -|         -|             -|             -|    -|
    |   o A_IO_L2_in_0_x1_loop_14                             |       -|  -2.43|        144|    479.952|        18|          -|       8|        no|         -|         -|             -|             -|    -|
    |    o A_IO_L2_in_0_x1_loop_15                            |       -|  -2.43|         16|     53.328|         2|          -|       8|        no|         -|         -|             -|             -|    -|
    |  + grp_A_IO_L2_in_boundary_x1_fu_3346                   |       -|  -0.47|    1335986|  4.453e+06|         -|    1335986|       -|        no|         -|         -|     637 (~0%)|    1035 (~0%)|    -|
    |   o A_IO_L2_in_boundary_x1_loop_1                       |       -|  -2.43|    1335840|  4.452e+06|     83490|          -|      16|        no|         -|         -|             -|             -|    -|
    |    o A_IO_L2_in_boundary_x1_loop_2                      |       -|  -2.43|      83488|  2.783e+05|      5218|          -|      16|        no|         -|         -|             -|             -|    -|
    |     o A_IO_L2_in_boundary_x1_loop_3                     |       -|  -2.43|       5216|  1.738e+04|       163|          -|      32|        no|         -|         -|             -|             -|    -|
    |      o A_IO_L2_in_boundary_x1_loop_5                    |       -|  -2.43|         16|     53.328|         2|          -|       8|        no|         -|         -|             -|             -|    -|
    |      o A_IO_L2_in_boundary_x1_loop_6                    |       -|  -2.43|        144|    479.952|        18|          -|       8|        no|         -|         -|             -|             -|    -|
    |       o A_IO_L2_in_boundary_x1_loop_7                   |       -|  -2.43|         16|     53.328|         2|          -|       8|        no|         -|         -|             -|             -|    -|
    |      o A_IO_L2_in_boundary_x1_loop_9                    |       -|  -2.43|         16|     53.328|         2|          -|       8|        no|         -|         -|             -|             -|    -|
    |      o A_IO_L2_in_boundary_x1_loop_10                   |       -|  -2.43|        144|    479.952|        18|          -|       8|        no|         -|         -|             -|             -|    -|
    |       o A_IO_L2_in_boundary_x1_loop_11                  |       -|  -2.43|         16|     53.328|         2|          -|       8|        no|         -|         -|             -|             -|    -|
    |   o A_IO_L2_in_boundary_x1_loop_12                      |       -|  -2.43|        144|    479.952|        18|          -|       8|        no|         -|         -|             -|             -|    -|
    |    o A_IO_L2_in_boundary_x1_loop_13                     |       -|  -2.43|         16|     53.328|         2|          -|       8|        no|         -|         -|             -|             -|    -|
    |  + grp_C_drain_IO_L2_out_6_x1_fu_3352                   |  Timing|   0.00|      75297|  2.510e+05|         -|      75297|       -|        no|         -|         -|      67 (~0%)|     331 (~0%)|    -|
    |   o C_drain_IO_L2_out_6_x1_loop_1                       |       -|  -2.43|      75296|  2.510e+05|      4706|          -|      16|        no|         -|         -|             -|             -|    -|
    |    o C_drain_IO_L2_out_6_x1_loop_2                      |       -|  -2.43|       4704|  1.568e+04|       294|          -|      16|        no|         -|         -|             -|             -|    -|
    |     o C_drain_IO_L2_out_6_x1_loop_3                     |       -|  -2.43|        292|    973.236|       146|          -|       2|        no|         -|         -|             -|             -|    -|
    |      o C_drain_IO_L2_out_6_x1_loop_4                    |       -|  -2.43|        144|    479.952|        18|          -|       8|        no|         -|         -|             -|             -|    -|
    |       o C_drain_IO_L2_out_6_x1_loop_5                   |       -|  -2.43|         16|     53.328|         2|          -|       8|        no|         -|         -|             -|             -|    -|
    |      o C_drain_IO_L2_out_6_x1_loop_6                    |       -|  -2.43|        144|    479.952|        18|          -|       8|        no|         -|         -|             -|             -|    -|
    |       o C_drain_IO_L2_out_6_x1_loop_7                   |       -|  -2.43|         16|     53.328|         2|          -|       8|        no|         -|         -|             -|             -|    -|
    |  + grp_C_drain_IO_L2_out_5_x1_fu_3359                   |  Timing|   0.00|     112673|  3.755e+05|         -|     112673|       -|        no|         -|         -|      67 (~0%)|     331 (~0%)|    -|
    |   o C_drain_IO_L2_out_5_x1_loop_1                       |       -|  -2.43|     112672|  3.755e+05|      7042|          -|      16|        no|         -|         -|             -|             -|    -|
    |    o C_drain_IO_L2_out_5_x1_loop_2                      |       -|  -2.43|       7040|  2.346e+04|       440|          -|      16|        no|         -|         -|             -|             -|    -|
    |     o C_drain_IO_L2_out_5_x1_loop_3                     |       -|  -2.43|        438|  1.460e+03|       146|          -|       3|        no|         -|         -|             -|             -|    -|
    |      o C_drain_IO_L2_out_5_x1_loop_4                    |       -|  -2.43|        144|    479.952|        18|          -|       8|        no|         -|         -|             -|             -|    -|
    |       o C_drain_IO_L2_out_5_x1_loop_5                   |       -|  -2.43|         16|     53.328|         2|          -|       8|        no|         -|         -|             -|             -|    -|
    |      o C_drain_IO_L2_out_5_x1_loop_6                    |       -|  -2.43|        144|    479.952|        18|          -|       8|        no|         -|         -|             -|             -|    -|
    |       o C_drain_IO_L2_out_5_x1_loop_7                   |       -|  -2.43|         16|     53.328|         2|          -|       8|        no|         -|         -|             -|             -|    -|
    |  + grp_C_drain_IO_L2_out_4_x1_fu_3366                   |  Timing|   0.00|     150049|  5.001e+05|         -|     150049|       -|        no|         -|         -|      67 (~0%)|     331 (~0%)|    -|
    |   o C_drain_IO_L2_out_4_x1_loop_1                       |       -|  -2.43|     150048|  5.001e+05|      9378|          -|      16|        no|         -|         -|             -|             -|    -|
    |    o C_drain_IO_L2_out_4_x1_loop_2                      |       -|  -2.43|       9376|  3.125e+04|       586|          -|      16|        no|         -|         -|             -|             -|    -|
    |     o C_drain_IO_L2_out_4_x1_loop_3                     |       -|  -2.43|        584|  1.946e+03|       146|          -|       4|        no|         -|         -|             -|             -|    -|
    |      o C_drain_IO_L2_out_4_x1_loop_4                    |       -|  -2.43|        144|    479.952|        18|          -|       8|        no|         -|         -|             -|             -|    -|
    |       o C_drain_IO_L2_out_4_x1_loop_5                   |       -|  -2.43|         16|     53.328|         2|          -|       8|        no|         -|         -|             -|             -|    -|
    |      o C_drain_IO_L2_out_4_x1_loop_6                    |       -|  -2.43|        144|    479.952|        18|          -|       8|        no|         -|         -|             -|             -|    -|
    |       o C_drain_IO_L2_out_4_x1_loop_7                   |       -|  -2.43|         16|     53.328|         2|          -|       8|        no|         -|         -|             -|             -|    -|
    |  + grp_C_drain_IO_L2_out_3_x1_fu_3373                   |  Timing|   0.00|     187425|  6.247e+05|         -|     187425|       -|        no|         -|         -|      67 (~0%)|     331 (~0%)|    -|
    |   o C_drain_IO_L2_out_3_x1_loop_1                       |       -|  -2.43|     187424|  6.247e+05|     11714|          -|      16|        no|         -|         -|             -|             -|    -|
    |    o C_drain_IO_L2_out_3_x1_loop_2                      |       -|  -2.43|      11712|  3.904e+04|       732|          -|      16|        no|         -|         -|             -|             -|    -|
    |     o C_drain_IO_L2_out_3_x1_loop_3                     |       -|  -2.43|        730|  2.433e+03|       146|          -|       5|        no|         -|         -|             -|             -|    -|
    |      o C_drain_IO_L2_out_3_x1_loop_4                    |       -|  -2.43|        144|    479.952|        18|          -|       8|        no|         -|         -|             -|             -|    -|
    |       o C_drain_IO_L2_out_3_x1_loop_5                   |       -|  -2.43|         16|     53.328|         2|          -|       8|        no|         -|         -|             -|             -|    -|
    |      o C_drain_IO_L2_out_3_x1_loop_6                    |       -|  -2.43|        144|    479.952|        18|          -|       8|        no|         -|         -|             -|             -|    -|
    |       o C_drain_IO_L2_out_3_x1_loop_7                   |       -|  -2.43|         16|     53.328|         2|          -|       8|        no|         -|         -|             -|             -|    -|
    |  + grp_C_drain_IO_L2_out_2_x1_fu_3380                   |  Timing|   0.00|     224801|  7.493e+05|         -|     224801|       -|        no|         -|         -|      67 (~0%)|     331 (~0%)|    -|
    |   o C_drain_IO_L2_out_2_x1_loop_1                       |       -|  -2.43|     224800|  7.493e+05|     14050|          -|      16|        no|         -|         -|             -|             -|    -|
    |    o C_drain_IO_L2_out_2_x1_loop_2                      |       -|  -2.43|      14048|  4.682e+04|       878|          -|      16|        no|         -|         -|             -|             -|    -|
    |     o C_drain_IO_L2_out_2_x1_loop_3                     |       -|  -2.43|        876|  2.920e+03|       146|          -|       6|        no|         -|         -|             -|             -|    -|
    |      o C_drain_IO_L2_out_2_x1_loop_4                    |       -|  -2.43|        144|    479.952|        18|          -|       8|        no|         -|         -|             -|             -|    -|
    |       o C_drain_IO_L2_out_2_x1_loop_5                   |       -|  -2.43|         16|     53.328|         2|          -|       8|        no|         -|         -|             -|             -|    -|
    |      o C_drain_IO_L2_out_2_x1_loop_6                    |       -|  -2.43|        144|    479.952|        18|          -|       8|        no|         -|         -|             -|             -|    -|
    |       o C_drain_IO_L2_out_2_x1_loop_7                   |       -|  -2.43|         16|     53.328|         2|          -|       8|        no|         -|         -|             -|             -|    -|
    |  + grp_C_drain_IO_L2_out_1_x1_fu_3387                   |  Timing|   0.00|     262177|  8.738e+05|         -|     262177|       -|        no|         -|         -|      67 (~0%)|     331 (~0%)|    -|
    |   o C_drain_IO_L2_out_1_x1_loop_1                       |       -|  -2.43|     262176|  8.738e+05|     16386|          -|      16|        no|         -|         -|             -|             -|    -|
    |    o C_drain_IO_L2_out_1_x1_loop_2                      |       -|  -2.43|      16384|  5.461e+04|      1024|          -|      16|        no|         -|         -|             -|             -|    -|
    |     o C_drain_IO_L2_out_1_x1_loop_3                     |       -|  -2.43|       1022|  3.406e+03|       146|          -|       7|        no|         -|         -|             -|             -|    -|
    |      o C_drain_IO_L2_out_1_x1_loop_4                    |       -|  -2.43|        144|    479.952|        18|          -|       8|        no|         -|         -|             -|             -|    -|
    |       o C_drain_IO_L2_out_1_x1_loop_5                   |       -|  -2.43|         16|     53.328|         2|          -|       8|        no|         -|         -|             -|             -|    -|
    |      o C_drain_IO_L2_out_1_x1_loop_6                    |       -|  -2.43|        144|    479.952|        18|          -|       8|        no|         -|         -|             -|             -|    -|
    |       o C_drain_IO_L2_out_1_x1_loop_7                   |       -|  -2.43|         16|     53.328|         2|          -|       8|        no|         -|         -|             -|             -|    -|
    |  + grp_C_drain_IO_L2_out_0_x1_fu_3394                   |  Timing|   0.00|     299553|  9.984e+05|         -|     299553|       -|        no|         -|         -|      71 (~0%)|     331 (~0%)|    -|
    |   o C_drain_IO_L2_out_0_x1_loop_1                       |       -|  -2.43|     299552|  9.984e+05|     18722|          -|      16|        no|         -|         -|             -|             -|    -|
    |    o C_drain_IO_L2_out_0_x1_loop_2                      |       -|  -2.43|      18720|  6.239e+04|      1170|          -|      16|        no|         -|         -|             -|             -|    -|
    |     o C_drain_IO_L2_out_0_x1_loop_3                     |       -|  -2.43|       1168|  3.893e+03|       146|          -|       8|        no|         -|         -|             -|             -|    -|
    |      o C_drain_IO_L2_out_0_x1_loop_4                    |       -|  -2.43|        144|    479.952|        18|          -|       8|        no|         -|         -|             -|             -|    -|
    |       o C_drain_IO_L2_out_0_x1_loop_5                   |       -|  -2.43|         16|     53.328|         2|          -|       8|        no|         -|         -|             -|             -|    -|
    |      o C_drain_IO_L2_out_0_x1_loop_6                    |       -|  -2.43|        144|    479.952|        18|          -|       8|        no|         -|         -|             -|             -|    -|
    |       o C_drain_IO_L2_out_0_x1_loop_7                   |       -|  -2.43|         16|     53.328|         2|          -|       8|        no|         -|         -|             -|             -|    -|
    |  + grp_A_IO_L3_in_x1_fu_3401                            |  Timing|   0.00|    1196577|  3.988e+06|         -|    1196577|       -|        no|         -|         -|      56 (~0%)|     228 (~0%)|    -|
    |   o A_IO_L3_in_x1_loop_1                                |       -|  -2.43|    1196576|  3.988e+06|     74786|          -|      16|        no|         -|         -|             -|             -|    -|
    |    o A_IO_L3_in_x1_loop_2                               |       -|  -2.43|      74784|  2.493e+05|      4674|          -|      16|        no|         -|         -|             -|             -|    -|
    |     o A_IO_L3_in_x1_loop_3                              |       -|  -2.43|       4672|  1.557e+04|       146|          -|      32|        no|         -|         -|             -|             -|    -|
    |      o A_IO_L3_in_x1_loop_4                             |       -|  -2.43|        144|    479.952|        18|          -|       8|        no|         -|         -|             -|             -|    -|
    |       o A_IO_L3_in_x1_loop_5                            |       -|  -2.43|         16|     53.328|         2|          -|       8|        no|         -|         -|             -|             -|    -|
    |  + grp_B_IO_L3_in_x1_fu_3407                            |  Timing|   0.00|    1196577|  3.988e+06|         -|    1196577|       -|        no|         -|         -|      56 (~0%)|     228 (~0%)|    -|
    |   o B_IO_L3_in_x1_loop_1                                |       -|  -2.43|    1196576|  3.988e+06|     74786|          -|      16|        no|         -|         -|             -|             -|    -|
    |    o B_IO_L3_in_x1_loop_2                               |       -|  -2.43|      74784|  2.493e+05|      4674|          -|      16|        no|         -|         -|             -|             -|    -|
    |     o B_IO_L3_in_x1_loop_3                              |       -|  -2.43|       4672|  1.557e+04|       146|          -|      32|        no|         -|         -|             -|             -|    -|
    |      o B_IO_L3_in_x1_loop_4                             |       -|  -2.43|        144|    479.952|        18|          -|       8|        no|         -|         -|             -|             -|    -|
    |       o B_IO_L3_in_x1_loop_5                            |       -|  -2.43|         16|     53.328|         2|          -|       8|        no|         -|         -|             -|             -|    -|
    |  + grp_A_PE_dummy_in_0_x1_fu_3413                       |       -|  -0.56|     672289|  2.241e+06|         -|     672289|       -|        no|         -|         -|      51 (~0%)|     213 (~0%)|    -|
    |   o A_PE_dummy_in_0_x1_loop_1                           |       -|  -2.43|     672288|  2.241e+06|     42018|          -|      16|        no|         -|         -|             -|             -|    -|
    |    o A_PE_dummy_in_0_x1_loop_2                          |       -|  -2.43|      42016|  1.400e+05|      2626|          -|      16|        no|         -|         -|             -|             -|    -|
    |     o A_PE_dummy_in_0_x1_loop_3                         |       -|  -2.43|       2624|  8.746e+03|        82|          -|      32|        no|         -|         -|             -|             -|    -|
    |      o A_PE_dummy_in_0_x1_loop_4                        |       -|  -2.43|         80|    266.640|        10|          -|       8|        no|         -|         -|             -|             -|    -|
    |       o A_PE_dummy_in_0_x1_loop_5                       |       -|  -2.43|          8|     26.664|         1|          -|       8|        no|         -|         -|             -|             -|    -|
    |  + grp_B_PE_dummy_in_0_x1_fu_3418                       |       -|  -0.56|     672289|  2.241e+06|         -|     672289|       -|        no|         -|         -|      51 (~0%)|     213 (~0%)|    -|
    |   o B_PE_dummy_in_0_x1_loop_1                           |       -|  -2.43|     672288|  2.241e+06|     42018|          -|      16|        no|         -|         -|             -|             -|    -|
    |    o B_PE_dummy_in_0_x1_loop_2                          |       -|  -2.43|      42016|  1.400e+05|      2626|          -|      16|        no|         -|         -|             -|             -|    -|
    |     o B_PE_dummy_in_0_x1_loop_3                         |       -|  -2.43|       2624|  8.746e+03|        82|          -|      32|        no|         -|         -|             -|             -|    -|
    |      o B_PE_dummy_in_0_x1_loop_4                        |       -|  -2.43|         80|    266.640|        10|          -|       8|        no|         -|         -|             -|             -|    -|
    |       o B_PE_dummy_in_0_x1_loop_5                       |       -|  -2.43|          8|     26.664|         1|          -|       8|        no|         -|         -|             -|             -|    -|
    |  + grp_A_PE_dummy_in_1_x1_fu_3423                       |       -|  -0.56|     672289|  2.241e+06|         -|     672289|       -|        no|         -|         -|      51 (~0%)|     213 (~0%)|    -|
    |   o A_PE_dummy_in_1_x1_loop_1                           |       -|  -2.43|     672288|  2.241e+06|     42018|          -|      16|        no|         -|         -|             -|             -|    -|
    |    o A_PE_dummy_in_1_x1_loop_2                          |       -|  -2.43|      42016|  1.400e+05|      2626|          -|      16|        no|         -|         -|             -|             -|    -|
    |     o A_PE_dummy_in_1_x1_loop_3                         |       -|  -2.43|       2624|  8.746e+03|        82|          -|      32|        no|         -|         -|             -|             -|    -|
    |      o A_PE_dummy_in_1_x1_loop_4                        |       -|  -2.43|         80|    266.640|        10|          -|       8|        no|         -|         -|             -|             -|    -|
    |       o A_PE_dummy_in_1_x1_loop_5                       |       -|  -2.43|          8|     26.664|         1|          -|       8|        no|         -|         -|             -|             -|    -|
    |  + grp_B_PE_dummy_in_1_x1_fu_3428                       |       -|  -0.56|     672289|  2.241e+06|         -|     672289|       -|        no|         -|         -|      51 (~0%)|     213 (~0%)|    -|
    |   o B_PE_dummy_in_1_x1_loop_1                           |       -|  -2.43|     672288|  2.241e+06|     42018|          -|      16|        no|         -|         -|             -|             -|    -|
    |    o B_PE_dummy_in_1_x1_loop_2                          |       -|  -2.43|      42016|  1.400e+05|      2626|          -|      16|        no|         -|         -|             -|             -|    -|
    |     o B_PE_dummy_in_1_x1_loop_3                         |       -|  -2.43|       2624|  8.746e+03|        82|          -|      32|        no|         -|         -|             -|             -|    -|
    |      o B_PE_dummy_in_1_x1_loop_4                        |       -|  -2.43|         80|    266.640|        10|          -|       8|        no|         -|         -|             -|             -|    -|
    |       o B_PE_dummy_in_1_x1_loop_5                       |       -|  -2.43|          8|     26.664|         1|          -|       8|        no|         -|         -|             -|             -|    -|
    |  + grp_A_PE_dummy_in_2_x1_fu_3433                       |       -|  -0.56|     672289|  2.241e+06|         -|     672289|       -|        no|         -|         -|      51 (~0%)|     213 (~0%)|    -|
    |   o A_PE_dummy_in_2_x1_loop_1                           |       -|  -2.43|     672288|  2.241e+06|     42018|          -|      16|        no|         -|         -|             -|             -|    -|
    |    o A_PE_dummy_in_2_x1_loop_2                          |       -|  -2.43|      42016|  1.400e+05|      2626|          -|      16|        no|         -|         -|             -|             -|    -|
    |     o A_PE_dummy_in_2_x1_loop_3                         |       -|  -2.43|       2624|  8.746e+03|        82|          -|      32|        no|         -|         -|             -|             -|    -|
    |      o A_PE_dummy_in_2_x1_loop_4                        |       -|  -2.43|         80|    266.640|        10|          -|       8|        no|         -|         -|             -|             -|    -|
    |       o A_PE_dummy_in_2_x1_loop_5                       |       -|  -2.43|          8|     26.664|         1|          -|       8|        no|         -|         -|             -|             -|    -|
    |  + grp_B_PE_dummy_in_2_x1_fu_3438                       |       -|  -0.56|     672289|  2.241e+06|         -|     672289|       -|        no|         -|         -|      51 (~0%)|     213 (~0%)|    -|
    |   o B_PE_dummy_in_2_x1_loop_1                           |       -|  -2.43|     672288|  2.241e+06|     42018|          -|      16|        no|         -|         -|             -|             -|    -|
    |    o B_PE_dummy_in_2_x1_loop_2                          |       -|  -2.43|      42016|  1.400e+05|      2626|          -|      16|        no|         -|         -|             -|             -|    -|
    |     o B_PE_dummy_in_2_x1_loop_3                         |       -|  -2.43|       2624|  8.746e+03|        82|          -|      32|        no|         -|         -|             -|             -|    -|
    |      o B_PE_dummy_in_2_x1_loop_4                        |       -|  -2.43|         80|    266.640|        10|          -|       8|        no|         -|         -|             -|             -|    -|
    |       o B_PE_dummy_in_2_x1_loop_5                       |       -|  -2.43|          8|     26.664|         1|          -|       8|        no|         -|         -|             -|             -|    -|
    |  + grp_A_PE_dummy_in_3_x1_fu_3443                       |       -|  -0.56|     672289|  2.241e+06|         -|     672289|       -|        no|         -|         -|      51 (~0%)|     213 (~0%)|    -|
    |   o A_PE_dummy_in_3_x1_loop_1                           |       -|  -2.43|     672288|  2.241e+06|     42018|          -|      16|        no|         -|         -|             -|             -|    -|
    |    o A_PE_dummy_in_3_x1_loop_2                          |       -|  -2.43|      42016|  1.400e+05|      2626|          -|      16|        no|         -|         -|             -|             -|    -|
    |     o A_PE_dummy_in_3_x1_loop_3                         |       -|  -2.43|       2624|  8.746e+03|        82|          -|      32|        no|         -|         -|             -|             -|    -|
    |      o A_PE_dummy_in_3_x1_loop_4                        |       -|  -2.43|         80|    266.640|        10|          -|       8|        no|         -|         -|             -|             -|    -|
    |       o A_PE_dummy_in_3_x1_loop_5                       |       -|  -2.43|          8|     26.664|         1|          -|       8|        no|         -|         -|             -|             -|    -|
    |  + grp_B_PE_dummy_in_3_x1_fu_3448                       |       -|  -0.56|     672289|  2.241e+06|         -|     672289|       -|        no|         -|         -|      51 (~0%)|     213 (~0%)|    -|
    |   o B_PE_dummy_in_3_x1_loop_1                           |       -|  -2.43|     672288|  2.241e+06|     42018|          -|      16|        no|         -|         -|             -|             -|    -|
    |    o B_PE_dummy_in_3_x1_loop_2                          |       -|  -2.43|      42016|  1.400e+05|      2626|          -|      16|        no|         -|         -|             -|             -|    -|
    |     o B_PE_dummy_in_3_x1_loop_3                         |       -|  -2.43|       2624|  8.746e+03|        82|          -|      32|        no|         -|         -|             -|             -|    -|
    |      o B_PE_dummy_in_3_x1_loop_4                        |       -|  -2.43|         80|    266.640|        10|          -|       8|        no|         -|         -|             -|             -|    -|
    |       o B_PE_dummy_in_3_x1_loop_5                       |       -|  -2.43|          8|     26.664|         1|          -|       8|        no|         -|         -|             -|             -|    -|
    |  + grp_A_PE_dummy_in_4_x1_fu_3453                       |       -|  -0.56|     672289|  2.241e+06|         -|     672289|       -|        no|         -|         -|      51 (~0%)|     213 (~0%)|    -|
    |   o A_PE_dummy_in_4_x1_loop_1                           |       -|  -2.43|     672288|  2.241e+06|     42018|          -|      16|        no|         -|         -|             -|             -|    -|
    |    o A_PE_dummy_in_4_x1_loop_2                          |       -|  -2.43|      42016|  1.400e+05|      2626|          -|      16|        no|         -|         -|             -|             -|    -|
    |     o A_PE_dummy_in_4_x1_loop_3                         |       -|  -2.43|       2624|  8.746e+03|        82|          -|      32|        no|         -|         -|             -|             -|    -|
    |      o A_PE_dummy_in_4_x1_loop_4                        |       -|  -2.43|         80|    266.640|        10|          -|       8|        no|         -|         -|             -|             -|    -|
    |       o A_PE_dummy_in_4_x1_loop_5                       |       -|  -2.43|          8|     26.664|         1|          -|       8|        no|         -|         -|             -|             -|    -|
    |  + grp_B_PE_dummy_in_4_x1_fu_3458                       |       -|  -0.56|     672289|  2.241e+06|         -|     672289|       -|        no|         -|         -|      51 (~0%)|     213 (~0%)|    -|
    |   o B_PE_dummy_in_4_x1_loop_1                           |       -|  -2.43|     672288|  2.241e+06|     42018|          -|      16|        no|         -|         -|             -|             -|    -|
    |    o B_PE_dummy_in_4_x1_loop_2                          |       -|  -2.43|      42016|  1.400e+05|      2626|          -|      16|        no|         -|         -|             -|             -|    -|
    |     o B_PE_dummy_in_4_x1_loop_3                         |       -|  -2.43|       2624|  8.746e+03|        82|          -|      32|        no|         -|         -|             -|             -|    -|
    |      o B_PE_dummy_in_4_x1_loop_4                        |       -|  -2.43|         80|    266.640|        10|          -|       8|        no|         -|         -|             -|             -|    -|
    |       o B_PE_dummy_in_4_x1_loop_5                       |       -|  -2.43|          8|     26.664|         1|          -|       8|        no|         -|         -|             -|             -|    -|
    |  + grp_A_PE_dummy_in_5_x1_fu_3463                       |       -|  -0.56|     672289|  2.241e+06|         -|     672289|       -|        no|         -|         -|      51 (~0%)|     213 (~0%)|    -|
    |   o A_PE_dummy_in_5_x1_loop_1                           |       -|  -2.43|     672288|  2.241e+06|     42018|          -|      16|        no|         -|         -|             -|             -|    -|
    |    o A_PE_dummy_in_5_x1_loop_2                          |       -|  -2.43|      42016|  1.400e+05|      2626|          -|      16|        no|         -|         -|             -|             -|    -|
    |     o A_PE_dummy_in_5_x1_loop_3                         |       -|  -2.43|       2624|  8.746e+03|        82|          -|      32|        no|         -|         -|             -|             -|    -|
    |      o A_PE_dummy_in_5_x1_loop_4                        |       -|  -2.43|         80|    266.640|        10|          -|       8|        no|         -|         -|             -|             -|    -|
    |       o A_PE_dummy_in_5_x1_loop_5                       |       -|  -2.43|          8|     26.664|         1|          -|       8|        no|         -|         -|             -|             -|    -|
    |  + grp_B_PE_dummy_in_5_x1_fu_3468                       |       -|  -0.56|     672289|  2.241e+06|         -|     672289|       -|        no|         -|         -|      51 (~0%)|     213 (~0%)|    -|
    |   o B_PE_dummy_in_5_x1_loop_1                           |       -|  -2.43|     672288|  2.241e+06|     42018|          -|      16|        no|         -|         -|             -|             -|    -|
    |    o B_PE_dummy_in_5_x1_loop_2                          |       -|  -2.43|      42016|  1.400e+05|      2626|          -|      16|        no|         -|         -|             -|             -|    -|
    |     o B_PE_dummy_in_5_x1_loop_3                         |       -|  -2.43|       2624|  8.746e+03|        82|          -|      32|        no|         -|         -|             -|             -|    -|
    |      o B_PE_dummy_in_5_x1_loop_4                        |       -|  -2.43|         80|    266.640|        10|          -|       8|        no|         -|         -|             -|             -|    -|
    |       o B_PE_dummy_in_5_x1_loop_5                       |       -|  -2.43|          8|     26.664|         1|          -|       8|        no|         -|         -|             -|             -|    -|
    |  + grp_A_PE_dummy_in_6_x1_fu_3473                       |       -|  -0.56|     672289|  2.241e+06|         -|     672289|       -|        no|         -|         -|      51 (~0%)|     213 (~0%)|    -|
    |   o A_PE_dummy_in_6_x1_loop_1                           |       -|  -2.43|     672288|  2.241e+06|     42018|          -|      16|        no|         -|         -|             -|             -|    -|
    |    o A_PE_dummy_in_6_x1_loop_2                          |       -|  -2.43|      42016|  1.400e+05|      2626|          -|      16|        no|         -|         -|             -|             -|    -|
    |     o A_PE_dummy_in_6_x1_loop_3                         |       -|  -2.43|       2624|  8.746e+03|        82|          -|      32|        no|         -|         -|             -|             -|    -|
    |      o A_PE_dummy_in_6_x1_loop_4                        |       -|  -2.43|         80|    266.640|        10|          -|       8|        no|         -|         -|             -|             -|    -|
    |       o A_PE_dummy_in_6_x1_loop_5                       |       -|  -2.43|          8|     26.664|         1|          -|       8|        no|         -|         -|             -|             -|    -|
    |  + grp_B_PE_dummy_in_6_x1_fu_3478                       |       -|  -0.56|     672289|  2.241e+06|         -|     672289|       -|        no|         -|         -|      51 (~0%)|     213 (~0%)|    -|
    |   o B_PE_dummy_in_6_x1_loop_1                           |       -|  -2.43|     672288|  2.241e+06|     42018|          -|      16|        no|         -|         -|             -|             -|    -|
    |    o B_PE_dummy_in_6_x1_loop_2                          |       -|  -2.43|      42016|  1.400e+05|      2626|          -|      16|        no|         -|         -|             -|             -|    -|
    |     o B_PE_dummy_in_6_x1_loop_3                         |       -|  -2.43|       2624|  8.746e+03|        82|          -|      32|        no|         -|         -|             -|             -|    -|
    |      o B_PE_dummy_in_6_x1_loop_4                        |       -|  -2.43|         80|    266.640|        10|          -|       8|        no|         -|         -|             -|             -|    -|
    |       o B_PE_dummy_in_6_x1_loop_5                       |       -|  -2.43|          8|     26.664|         1|          -|       8|        no|         -|         -|             -|             -|    -|
    |  + grp_A_PE_dummy_in_7_x1_fu_3483                       |       -|  -0.56|     672289|  2.241e+06|         -|     672289|       -|        no|         -|         -|      51 (~0%)|     213 (~0%)|    -|
    |   o A_PE_dummy_in_7_x1_loop_1                           |       -|  -2.43|     672288|  2.241e+06|     42018|          -|      16|        no|         -|         -|             -|             -|    -|
    |    o A_PE_dummy_in_7_x1_loop_2                          |       -|  -2.43|      42016|  1.400e+05|      2626|          -|      16|        no|         -|         -|             -|             -|    -|
    |     o A_PE_dummy_in_7_x1_loop_3                         |       -|  -2.43|       2624|  8.746e+03|        82|          -|      32|        no|         -|         -|             -|             -|    -|
    |      o A_PE_dummy_in_7_x1_loop_4                        |       -|  -2.43|         80|    266.640|        10|          -|       8|        no|         -|         -|             -|             -|    -|
    |       o A_PE_dummy_in_7_x1_loop_5                       |       -|  -2.43|          8|     26.664|         1|          -|       8|        no|         -|         -|             -|             -|    -|
    |  + grp_B_PE_dummy_in_7_x1_fu_3488                       |       -|  -0.56|     672289|  2.241e+06|         -|     672289|       -|        no|         -|         -|      51 (~0%)|     213 (~0%)|    -|
    |   o B_PE_dummy_in_7_x1_loop_1                           |       -|  -2.43|     672288|  2.241e+06|     42018|          -|      16|        no|         -|         -|             -|             -|    -|
    |    o B_PE_dummy_in_7_x1_loop_2                          |       -|  -2.43|      42016|  1.400e+05|      2626|          -|      16|        no|         -|         -|             -|             -|    -|
    |     o B_PE_dummy_in_7_x1_loop_3                         |       -|  -2.43|       2624|  8.746e+03|        82|          -|      32|        no|         -|         -|             -|             -|    -|
    |      o B_PE_dummy_in_7_x1_loop_4                        |       -|  -2.43|         80|    266.640|        10|          -|       8|        no|         -|         -|             -|             -|    -|
    |       o B_PE_dummy_in_7_x1_loop_5                       |       -|  -2.43|          8|     26.664|         1|          -|       8|        no|         -|         -|             -|             -|    -|
    |  + grp_C_drain_IO_L3_out_x1_fu_3493                     |  Timing|   0.00|     299553|  9.984e+05|         -|     299553|       -|        no|         -|         -|      52 (~0%)|     226 (~0%)|    -|
    |   o C_drain_IO_L3_out_x1_loop_1                         |       -|  -2.43|     299552|  9.984e+05|     18722|          -|      16|        no|         -|         -|             -|             -|    -|
    |    o C_drain_IO_L3_out_x1_loop_2                        |       -|  -2.43|      18720|  6.239e+04|      1170|          -|      16|        no|         -|         -|             -|             -|    -|
    |     o C_drain_IO_L3_out_x1_loop_3                       |       -|  -2.43|       1168|  3.893e+03|       146|          -|       8|        no|         -|         -|             -|             -|    -|
    |      o C_drain_IO_L3_out_x1_loop_4                      |       -|  -2.43|        144|    479.952|        18|          -|       8|        no|         -|         -|             -|             -|    -|
    |       o C_drain_IO_L3_out_x1_loop_5                     |       -|  -2.43|         16|     53.328|         2|          -|       8|        no|         -|         -|             -|             -|    -|
    |  + grp_C_drain_IO_L2_out_boundary_x1_fu_3499            |  Timing|   0.00|      37409|  1.247e+05|         -|      37409|       -|        no|         -|         -|      43 (~0%)|     190 (~0%)|    -|
    |   o C_drain_IO_L2_out_boundary_x1_loop_1                |       -|  -2.43|      37408|  1.247e+05|      2338|          -|      16|        no|         -|         -|             -|             -|    -|
    |    o C_drain_IO_L2_out_boundary_x1_loop_2               |       -|  -2.43|       2336|  7.786e+03|       146|          -|      16|        no|         -|         -|             -|             -|    -|
    |     o C_drain_IO_L2_out_boundary_x1_loop_4              |       -|  -2.43|        144|    479.952|        18|          -|       8|        no|         -|         -|             -|             -|    -|
    |      o C_drain_IO_L2_out_boundary_x1_loop_5             |       -|  -2.43|         16|     53.328|         2|          -|       8|        no|         -|         -|             -|             -|    -|
    |  + grp_A_IO_L3_in_serialize_x1_fu_3505                  |       -|  -0.02|    1048577|  3.495e+06|         -|    1048577|       -|        no|         -|         -|      44 (~0%)|      91 (~0%)|    -|
    |   o A_IO_L3_in_serialize_x1_loop_1                      |       -|  -2.43|    1048576|  3.495e+06|         2|          -|  524288|        no|         -|         -|             -|             -|    -|
    |  + grp_B_IO_L3_in_serialize_x1_fu_3512                  |       -|  -0.02|    1048577|  3.495e+06|         -|    1048577|       -|        no|         -|         -|      44 (~0%)|      91 (~0%)|    -|
    |   o B_IO_L3_in_serialize_x1_loop_1                      |       -|  -2.43|    1048576|  3.495e+06|         2|          -|  524288|        no|         -|         -|             -|             -|    -|
    |  + call_ln37832_kernel0_x1_entry12_fu_3519              |       -|  -1.22|          0|      0.000|         -|          0|       -|        no|         -|         -|       2 (~0%)|      20 (~0%)|    -|
    |  + call_ln37832_kernel0_x1_entry22_fu_3526              |       -|  -0.09|          0|      0.000|         -|          0|       -|        no|         -|         -|       2 (~0%)|      29 (~0%)|    -|
    | + grp_nondf_kernel_2mm_x0_fu_113                        |  Timing|   0.00|     469353|  1.564e+06|         -|     469353|       -|        no|  38 (~0%)|         -|    3639 (~0%)|    1252 (~0%)|    -|
    |  o nondf_kernel_2mm_x0_loop_1                           |       -|  -2.43|       3168|  1.056e+04|        99|          -|      32|        no|         -|         -|             -|             -|    -|
    |   o nondf_kernel_2mm_x0_loop_2                          |       -|  -2.43|         97|    323.301|         3|          -|      32|        no|         -|         -|             -|             -|    -|
    |  o nondf_kernel_2mm_x0_loop_3                           |       -|  -2.43|     297024|  9.900e+05|      9282|          -|      32|        no|         -|         -|             -|             -|    -|
    |   o nondf_kernel_2mm_x0_loop_4                          |       -|  -2.43|       9280|  3.093e+04|       290|          -|      32|        no|         -|         -|             -|             -|    -|
    |    o nondf_kernel_2mm_x0_loop_5                         |       -|  -2.43|        288|    959.904|         9|          -|      32|        no|         -|         -|             -|             -|    -|
    |  o nondf_kernel_2mm_x0_loop_6                           |       -|  -2.43|     166976|  5.565e+05|      5218|          -|      32|        no|         -|         -|             -|             -|    -|
    |   o nondf_kernel_2mm_x0_loop_7                          |       -|  -2.43|       5216|  1.738e+04|       163|          -|      32|        no|         -|         -|             -|             -|    -|
    |    o nondf_kernel_2mm_x0_loop_8                         |       -|  -2.43|        160|    533.280|         5|          -|      32|        no|         -|         -|             -|             -|    -|
    |  o nondf_kernel_2mm_x0_loop_9                           |       -|  -2.43|       2112|  7.039e+03|        66|          -|      32|        no|         -|         -|             -|             -|    -|
    |   o nondf_kernel_2mm_x0_loop_10                         |       -|  -2.43|         64|    213.312|         2|          -|      32|        no|         -|         -|             -|             -|    -|
    | + grp_nondf_kernel_2mm_x1_fu_121                        |       -|  -0.03|     468228|  1.561e+06|         -|     468228|       -|        no|  38 (~0%)|         -|    3014 (~0%)|     881 (~0%)|    -|
    |  o nondf_kernel_2mm_x1_loop_1                           |       -|  -2.43|       2112|  7.039e+03|        66|          -|      32|        no|         -|         -|             -|             -|    -|
    |   o nondf_kernel_2mm_x1_loop_2                          |       -|  -2.43|         64|    213.312|         2|          -|      32|        no|         -|         -|             -|             -|    -|
    |  o nondf_kernel_2mm_x1_loop_3                           |       -|  -2.43|     297024|  9.900e+05|      9282|          -|      32|        no|         -|         -|             -|             -|    -|
    |   o nondf_kernel_2mm_x1_loop_4                          |       -|  -2.43|       9280|  3.093e+04|       290|          -|      32|        no|         -|         -|             -|             -|    -|
    |    o nondf_kernel_2mm_x1_loop_5                         |       -|  -2.43|        288|    959.904|         9|          -|      32|        no|         -|         -|             -|             -|    -|
    |  o nondf_kernel_2mm_x1_loop_6                           |       -|  -2.43|     166976|  5.565e+05|      5218|          -|      32|        no|         -|         -|             -|             -|    -|
    |   o nondf_kernel_2mm_x1_loop_7                          |       -|  -2.43|       5216|  1.738e+04|       163|          -|      32|        no|         -|         -|             -|             -|    -|
    |    o nondf_kernel_2mm_x1_loop_8                         |       -|  -2.43|        160|    533.280|         5|          -|      32|        no|         -|         -|             -|             -|    -|
    |  o nondf_kernel_2mm_x1_loop_9                           |       -|  -2.43|       2112|  7.039e+03|        66|          -|      32|        no|         -|         -|             -|             -|    -|
    |   o nondf_kernel_2mm_x1_loop_10                         |       -|  -2.43|         64|    213.312|         2|          -|      32|        no|         -|         -|             -|             -|    -|
    +---------------------------------------------------------+--------+-------+-----------+-----------+----------+-----------+--------+----------+----------+----------+--------------+--------------+-----+

