

================================================================
== Vitis HLS Report for 'PE_wrapper_7_3_x0'
================================================================
* Date:           Sun Sep 18 20:03:32 2022

* Version:        2020.2 (Build 3064766 on Wed Nov 18 09:12:47 MST 2020)
* Project:        top
* Solution:       solution (Vitis Kernel Flow Target)
* Product family: virtexuplus
* Target device:  xcu250-figd2104-2L-e


================================================================
== Performance Estimates
================================================================
+ Timing: 
    * Summary: 
    +--------+---------+----------+------------+
    |  Clock |  Target | Estimated| Uncertainty|
    +--------+---------+----------+------------+
    |ap_clk  |  3.33 ns|  1.900 ns|     0.90 ns|
    +--------+---------+----------+------------+

+ Latency: 
    * Summary: 
    +-----------+-----------+-----------+-----------+-----------+-----------+---------+
    |    Latency (cycles)   |   Latency (absolute)  |        Interval       | Pipeline|
    |    min    |    max    |    min    |    max    |    min    |    max    |   Type  |
    +-----------+-----------+-----------+-----------+-----------+-----------+---------+
    |  129122849|  129122849|  0.430 sec|  0.430 sec|  129122849|  129122849|     none|
    +-----------+-----------+-----------+-----------+-----------+-----------+---------+

    + Detail: 
        * Instance: 
        N/A

        * Loop: 
        +-------------------------------------+-----------+-----------+----------+-----------+-----------+------+----------+
        |                                     |    Latency (cycles)   | Iteration|  Initiation Interval  | Trip |          |
        |              Loop Name              |    min    |    max    |  Latency |  achieved |   target  | Count| Pipelined|
        +-------------------------------------+-----------+-----------+----------+-----------+-----------+------+----------+
        |- PE_wrapper_7_3_x0_loop_1           |  129122848|  129122848|   8070178|          -|          -|    16|        no|
        | + PE_wrapper_7_3_x0_loop_2          |    8070176|    8070176|    504386|          -|          -|    16|        no|
        |  ++ PE_wrapper_7_3_x0_loop_3        |     504384|     504384|     15762|          -|          -|    32|        no|
        |   +++ PE_wrapper_7_3_x0_loop_4      |      15760|      15760|      1970|          -|          -|     8|        no|
        |    ++++ PE_wrapper_7_3_x0_loop_5    |       1968|       1968|       246|          -|          -|     8|        no|
        |     +++++ PE_wrapper_7_3_x0_loop_6  |         32|         32|         1|          -|          -|    32|        no|
        |     +++++ PE_wrapper_7_3_x0_loop_7  |         32|         32|         1|          -|          -|    32|        no|
        |     +++++ PE_wrapper_7_3_x0_loop_8  |        160|        160|         5|          -|          -|    32|        no|
        +-------------------------------------+-----------+-----------+----------+-----------+-----------+------+----------+

============================================================
+ Verbose Summary: Synthesis Manager
============================================================
InlineROM: 1
ExposeGlobal: 0
============================================================
+ Verbose Summary: CDFG Model
============================================================
IsTopModel: 0
ResetActiveHigh: 1
IsCombinational: 2
IsDatapathOnly: 0
HasWiredReturn: 1
HasMFsm: 0
HasVarLatency: 1
IsPipeline: 0
IsRtlPipelined: 0
IsInstanceOverlapped: 0
IsDontTouch: 0
HasImplIP: 0
IsGatedGlobalClock: 0


============================================================
+ Verbose Summary: Schedule
============================================================
* Number of FSM states : 31
* Pipeline : 0
* Dataflow Pipeline: 0

* FSM state transitions: 
1 --> 2 
2 --> 3 
3 --> 4 2 
4 --> 5 3 
5 --> 6 4 
6 --> 7 5 
7 --> 7 8 
8 --> 8 9 
9 --> 10 
10 --> 11 
11 --> 12 16 
12 --> 13 
13 --> 14 
14 --> 15 
15 --> 11 
16 --> 17 
17 --> 18 
18 --> 19 
19 --> 20 
20 --> 21 
21 --> 22 
22 --> 23 
23 --> 24 
24 --> 25 
25 --> 26 
26 --> 27 
27 --> 28 
28 --> 29 
29 --> 30 
30 --> 31 
31 --> 6 

* FSM state operations: 

State 1 <SV = 0> <Delay = 0.38>
ST_1 : Operation 32 [1/1] (0.00ns)   --->   "%specmemcore_ln0 = specmemcore void @_ssdm_op_SpecMemCore, i16 %fifo_C_drain_PE_7_3_x0195, i64 666, i64 10, i64 18446744073709551615"   --->   Operation 32 'specmemcore' 'specmemcore_ln0' <Predicate = true> <Delay = 0.00>
ST_1 : Operation 33 [1/1] (0.00ns)   --->   "%specmemcore_ln0 = specmemcore void @_ssdm_op_SpecMemCore, i512 %fifo_B_PE_8_3_x0127, i64 666, i64 10, i64 18446744073709551615"   --->   Operation 33 'specmemcore' 'specmemcore_ln0' <Predicate = true> <Delay = 0.00>
ST_1 : Operation 34 [1/1] (0.00ns)   --->   "%specmemcore_ln0 = specmemcore void @_ssdm_op_SpecMemCore, i512 %fifo_B_PE_7_3_x0126, i64 666, i64 10, i64 18446744073709551615"   --->   Operation 34 'specmemcore' 'specmemcore_ln0' <Predicate = true> <Delay = 0.00>
ST_1 : Operation 35 [1/1] (0.00ns)   --->   "%specmemcore_ln0 = specmemcore void @_ssdm_op_SpecMemCore, i512 %fifo_A_PE_7_4_x087, i64 666, i64 10, i64 18446744073709551615"   --->   Operation 35 'specmemcore' 'specmemcore_ln0' <Predicate = true> <Delay = 0.00>
ST_1 : Operation 36 [1/1] (0.00ns)   --->   "%specmemcore_ln0 = specmemcore void @_ssdm_op_SpecMemCore, i512 %fifo_A_PE_7_3_x086, i64 666, i64 10, i64 18446744073709551615"   --->   Operation 36 'specmemcore' 'specmemcore_ln0' <Predicate = true> <Delay = 0.00>
ST_1 : Operation 37 [1/1] (0.00ns)   --->   "%specinterface_ln0 = specinterface void @_ssdm_op_SpecInterface, i16 %fifo_C_drain_PE_7_3_x0195, void @empty_2013, i32 0, i32 0, void @empty_1979, i32 0, i32 0, void @empty_1979, void @empty_1979, void @empty_1979, i32 0, i32 0, i32 0, i32 0, void @empty_1979, void @empty_1979"   --->   Operation 37 'specinterface' 'specinterface_ln0' <Predicate = true> <Delay = 0.00>
ST_1 : Operation 38 [1/1] (0.00ns)   --->   "%specinterface_ln0 = specinterface void @_ssdm_op_SpecInterface, i512 %fifo_B_PE_8_3_x0127, void @empty_2013, i32 0, i32 0, void @empty_1979, i32 0, i32 0, void @empty_1979, void @empty_1979, void @empty_1979, i32 0, i32 0, i32 0, i32 0, void @empty_1979, void @empty_1979"   --->   Operation 38 'specinterface' 'specinterface_ln0' <Predicate = true> <Delay = 0.00>
ST_1 : Operation 39 [1/1] (0.00ns)   --->   "%specinterface_ln0 = specinterface void @_ssdm_op_SpecInterface, i512 %fifo_B_PE_7_3_x0126, void @empty_2013, i32 0, i32 0, void @empty_1979, i32 0, i32 0, void @empty_1979, void @empty_1979, void @empty_1979, i32 0, i32 0, i32 0, i32 0, void @empty_1979, void @empty_1979"   --->   Operation 39 'specinterface' 'specinterface_ln0' <Predicate = true> <Delay = 0.00>
ST_1 : Operation 40 [1/1] (0.00ns)   --->   "%specinterface_ln0 = specinterface void @_ssdm_op_SpecInterface, i512 %fifo_A_PE_7_4_x087, void @empty_2013, i32 0, i32 0, void @empty_1979, i32 0, i32 0, void @empty_1979, void @empty_1979, void @empty_1979, i32 0, i32 0, i32 0, i32 0, void @empty_1979, void @empty_1979"   --->   Operation 40 'specinterface' 'specinterface_ln0' <Predicate = true> <Delay = 0.00>
ST_1 : Operation 41 [1/1] (0.00ns)   --->   "%specinterface_ln0 = specinterface void @_ssdm_op_SpecInterface, i512 %fifo_A_PE_7_3_x086, void @empty_2013, i32 0, i32 0, void @empty_1979, i32 0, i32 0, void @empty_1979, void @empty_1979, void @empty_1979, i32 0, i32 0, i32 0, i32 0, void @empty_1979, void @empty_1979"   --->   Operation 41 'specinterface' 'specinterface_ln0' <Predicate = true> <Delay = 0.00>
ST_1 : Operation 42 [1/1] (0.00ns)   --->   "%local_A_0 = alloca i64 1" [./dut.cpp:11484]   --->   Operation 42 'alloca' 'local_A_0' <Predicate = true> <Delay = 0.00> <CoreInst = "RAM">   --->   Core 83 'RAM' <Latency = 1> <II = 1> <Delay = 0.68> <Storage> <Opcode : 'load' 'store'> <Ports = 2> <Width = 16> <Depth = 32> <RAM>
ST_1 : Operation 43 [1/1] (0.00ns)   --->   "%local_B_0 = alloca i64 1" [./dut.cpp:11486]   --->   Operation 43 'alloca' 'local_B_0' <Predicate = true> <Delay = 0.00> <CoreInst = "RAM">   --->   Core 83 'RAM' <Latency = 1> <II = 1> <Delay = 0.68> <Storage> <Opcode : 'load' 'store'> <Ports = 2> <Width = 16> <Depth = 32> <RAM>
ST_1 : Operation 44 [1/1] (0.00ns)   --->   "%local_C = alloca i64 1" [./dut.cpp:11488]   --->   Operation 44 'alloca' 'local_C' <Predicate = true> <Delay = 0.00> <CoreInst = "RAM">   --->   Core 83 'RAM' <Latency = 1> <II = 1> <Delay = 0.68> <Storage> <Opcode : 'load' 'store'> <Ports = 2> <Width = 16> <Depth = 64> <RAM>
ST_1 : Operation 45 [1/1] (0.00ns)   --->   "%local_B_0_addr = getelementptr i16 %local_B_0, i64 0, i64 31"   --->   Operation 45 'getelementptr' 'local_B_0_addr' <Predicate = true> <Delay = 0.00>
ST_1 : Operation 46 [1/1] (0.00ns)   --->   "%local_B_0_addr_298 = getelementptr i16 %local_B_0, i64 0, i64 30"   --->   Operation 46 'getelementptr' 'local_B_0_addr_298' <Predicate = true> <Delay = 0.00>
ST_1 : Operation 47 [1/1] (0.00ns)   --->   "%local_B_0_addr_299 = getelementptr i16 %local_B_0, i64 0, i64 29"   --->   Operation 47 'getelementptr' 'local_B_0_addr_299' <Predicate = true> <Delay = 0.00>
ST_1 : Operation 48 [1/1] (0.00ns)   --->   "%local_B_0_addr_300 = getelementptr i16 %local_B_0, i64 0, i64 28"   --->   Operation 48 'getelementptr' 'local_B_0_addr_300' <Predicate = true> <Delay = 0.00>
ST_1 : Operation 49 [1/1] (0.00ns)   --->   "%local_B_0_addr_301 = getelementptr i16 %local_B_0, i64 0, i64 27"   --->   Operation 49 'getelementptr' 'local_B_0_addr_301' <Predicate = true> <Delay = 0.00>
ST_1 : Operation 50 [1/1] (0.00ns)   --->   "%local_B_0_addr_302 = getelementptr i16 %local_B_0, i64 0, i64 26"   --->   Operation 50 'getelementptr' 'local_B_0_addr_302' <Predicate = true> <Delay = 0.00>
ST_1 : Operation 51 [1/1] (0.00ns)   --->   "%local_B_0_addr_303 = getelementptr i16 %local_B_0, i64 0, i64 25"   --->   Operation 51 'getelementptr' 'local_B_0_addr_303' <Predicate = true> <Delay = 0.00>
ST_1 : Operation 52 [1/1] (0.00ns)   --->   "%local_B_0_addr_304 = getelementptr i16 %local_B_0, i64 0, i64 24"   --->   Operation 52 'getelementptr' 'local_B_0_addr_304' <Predicate = true> <Delay = 0.00>
ST_1 : Operation 53 [1/1] (0.00ns)   --->   "%local_B_0_addr_305 = getelementptr i16 %local_B_0, i64 0, i64 23"   --->   Operation 53 'getelementptr' 'local_B_0_addr_305' <Predicate = true> <Delay = 0.00>
ST_1 : Operation 54 [1/1] (0.00ns)   --->   "%local_B_0_addr_306 = getelementptr i16 %local_B_0, i64 0, i64 22"   --->   Operation 54 'getelementptr' 'local_B_0_addr_306' <Predicate = true> <Delay = 0.00>
ST_1 : Operation 55 [1/1] (0.00ns)   --->   "%local_B_0_addr_307 = getelementptr i16 %local_B_0, i64 0, i64 21"   --->   Operation 55 'getelementptr' 'local_B_0_addr_307' <Predicate = true> <Delay = 0.00>
ST_1 : Operation 56 [1/1] (0.00ns)   --->   "%local_B_0_addr_308 = getelementptr i16 %local_B_0, i64 0, i64 20"   --->   Operation 56 'getelementptr' 'local_B_0_addr_308' <Predicate = true> <Delay = 0.00>
ST_1 : Operation 57 [1/1] (0.00ns)   --->   "%local_B_0_addr_309 = getelementptr i16 %local_B_0, i64 0, i64 19"   --->   Operation 57 'getelementptr' 'local_B_0_addr_309' <Predicate = true> <Delay = 0.00>
ST_1 : Operation 58 [1/1] (0.00ns)   --->   "%local_B_0_addr_310 = getelementptr i16 %local_B_0, i64 0, i64 18"   --->   Operation 58 'getelementptr' 'local_B_0_addr_310' <Predicate = true> <Delay = 0.00>
ST_1 : Operation 59 [1/1] (0.00ns)   --->   "%local_B_0_addr_311 = getelementptr i16 %local_B_0, i64 0, i64 17"   --->   Operation 59 'getelementptr' 'local_B_0_addr_311' <Predicate = true> <Delay = 0.00>
ST_1 : Operation 60 [1/1] (0.00ns)   --->   "%local_B_0_addr_312 = getelementptr i16 %local_B_0, i64 0, i64 16"   --->   Operation 60 'getelementptr' 'local_B_0_addr_312' <Predicate = true> <Delay = 0.00>
ST_1 : Operation 61 [1/1] (0.00ns)   --->   "%local_B_0_addr_313 = getelementptr i16 %local_B_0, i64 0, i64 15"   --->   Operation 61 'getelementptr' 'local_B_0_addr_313' <Predicate = true> <Delay = 0.00>
ST_1 : Operation 62 [1/1] (0.00ns)   --->   "%local_B_0_addr_314 = getelementptr i16 %local_B_0, i64 0, i64 14"   --->   Operation 62 'getelementptr' 'local_B_0_addr_314' <Predicate = true> <Delay = 0.00>
ST_1 : Operation 63 [1/1] (0.00ns)   --->   "%local_B_0_addr_315 = getelementptr i16 %local_B_0, i64 0, i64 13"   --->   Operation 63 'getelementptr' 'local_B_0_addr_315' <Predicate = true> <Delay = 0.00>
ST_1 : Operation 64 [1/1] (0.00ns)   --->   "%local_B_0_addr_316 = getelementptr i16 %local_B_0, i64 0, i64 12"   --->   Operation 64 'getelementptr' 'local_B_0_addr_316' <Predicate = true> <Delay = 0.00>
ST_1 : Operation 65 [1/1] (0.00ns)   --->   "%local_B_0_addr_317 = getelementptr i16 %local_B_0, i64 0, i64 11"   --->   Operation 65 'getelementptr' 'local_B_0_addr_317' <Predicate = true> <Delay = 0.00>
ST_1 : Operation 66 [1/1] (0.00ns)   --->   "%local_B_0_addr_318 = getelementptr i16 %local_B_0, i64 0, i64 10"   --->   Operation 66 'getelementptr' 'local_B_0_addr_318' <Predicate = true> <Delay = 0.00>
ST_1 : Operation 67 [1/1] (0.00ns)   --->   "%local_B_0_addr_319 = getelementptr i16 %local_B_0, i64 0, i64 9"   --->   Operation 67 'getelementptr' 'local_B_0_addr_319' <Predicate = true> <Delay = 0.00>
ST_1 : Operation 68 [1/1] (0.00ns)   --->   "%local_B_0_addr_320 = getelementptr i16 %local_B_0, i64 0, i64 8"   --->   Operation 68 'getelementptr' 'local_B_0_addr_320' <Predicate = true> <Delay = 0.00>
ST_1 : Operation 69 [1/1] (0.00ns)   --->   "%local_B_0_addr_321 = getelementptr i16 %local_B_0, i64 0, i64 7"   --->   Operation 69 'getelementptr' 'local_B_0_addr_321' <Predicate = true> <Delay = 0.00>
ST_1 : Operation 70 [1/1] (0.00ns)   --->   "%local_B_0_addr_322 = getelementptr i16 %local_B_0, i64 0, i64 6"   --->   Operation 70 'getelementptr' 'local_B_0_addr_322' <Predicate = true> <Delay = 0.00>
ST_1 : Operation 71 [1/1] (0.00ns)   --->   "%local_B_0_addr_323 = getelementptr i16 %local_B_0, i64 0, i64 5"   --->   Operation 71 'getelementptr' 'local_B_0_addr_323' <Predicate = true> <Delay = 0.00>
ST_1 : Operation 72 [1/1] (0.00ns)   --->   "%local_B_0_addr_324 = getelementptr i16 %local_B_0, i64 0, i64 4"   --->   Operation 72 'getelementptr' 'local_B_0_addr_324' <Predicate = true> <Delay = 0.00>
ST_1 : Operation 73 [1/1] (0.00ns)   --->   "%local_B_0_addr_325 = getelementptr i16 %local_B_0, i64 0, i64 3"   --->   Operation 73 'getelementptr' 'local_B_0_addr_325' <Predicate = true> <Delay = 0.00>
ST_1 : Operation 74 [1/1] (0.00ns)   --->   "%local_B_0_addr_326 = getelementptr i16 %local_B_0, i64 0, i64 2"   --->   Operation 74 'getelementptr' 'local_B_0_addr_326' <Predicate = true> <Delay = 0.00>
ST_1 : Operation 75 [1/1] (0.00ns)   --->   "%local_B_0_addr_327 = getelementptr i16 %local_B_0, i64 0, i64 1"   --->   Operation 75 'getelementptr' 'local_B_0_addr_327' <Predicate = true> <Delay = 0.00>
ST_1 : Operation 76 [1/1] (0.00ns)   --->   "%local_B_0_addr_328 = getelementptr i16 %local_B_0, i64 0, i64 0"   --->   Operation 76 'getelementptr' 'local_B_0_addr_328' <Predicate = true> <Delay = 0.00>
ST_1 : Operation 77 [1/1] (0.00ns)   --->   "%local_A_0_addr = getelementptr i16 %local_A_0, i64 0, i64 31"   --->   Operation 77 'getelementptr' 'local_A_0_addr' <Predicate = true> <Delay = 0.00>
ST_1 : Operation 78 [1/1] (0.00ns)   --->   "%local_A_0_addr_298 = getelementptr i16 %local_A_0, i64 0, i64 30"   --->   Operation 78 'getelementptr' 'local_A_0_addr_298' <Predicate = true> <Delay = 0.00>
ST_1 : Operation 79 [1/1] (0.00ns)   --->   "%local_A_0_addr_299 = getelementptr i16 %local_A_0, i64 0, i64 29"   --->   Operation 79 'getelementptr' 'local_A_0_addr_299' <Predicate = true> <Delay = 0.00>
ST_1 : Operation 80 [1/1] (0.00ns)   --->   "%local_A_0_addr_300 = getelementptr i16 %local_A_0, i64 0, i64 28"   --->   Operation 80 'getelementptr' 'local_A_0_addr_300' <Predicate = true> <Delay = 0.00>
ST_1 : Operation 81 [1/1] (0.00ns)   --->   "%local_A_0_addr_301 = getelementptr i16 %local_A_0, i64 0, i64 27"   --->   Operation 81 'getelementptr' 'local_A_0_addr_301' <Predicate = true> <Delay = 0.00>
ST_1 : Operation 82 [1/1] (0.00ns)   --->   "%local_A_0_addr_302 = getelementptr i16 %local_A_0, i64 0, i64 26"   --->   Operation 82 'getelementptr' 'local_A_0_addr_302' <Predicate = true> <Delay = 0.00>
ST_1 : Operation 83 [1/1] (0.00ns)   --->   "%local_A_0_addr_303 = getelementptr i16 %local_A_0, i64 0, i64 25"   --->   Operation 83 'getelementptr' 'local_A_0_addr_303' <Predicate = true> <Delay = 0.00>
ST_1 : Operation 84 [1/1] (0.00ns)   --->   "%local_A_0_addr_304 = getelementptr i16 %local_A_0, i64 0, i64 24"   --->   Operation 84 'getelementptr' 'local_A_0_addr_304' <Predicate = true> <Delay = 0.00>
ST_1 : Operation 85 [1/1] (0.00ns)   --->   "%local_A_0_addr_305 = getelementptr i16 %local_A_0, i64 0, i64 23"   --->   Operation 85 'getelementptr' 'local_A_0_addr_305' <Predicate = true> <Delay = 0.00>
ST_1 : Operation 86 [1/1] (0.00ns)   --->   "%local_A_0_addr_306 = getelementptr i16 %local_A_0, i64 0, i64 22"   --->   Operation 86 'getelementptr' 'local_A_0_addr_306' <Predicate = true> <Delay = 0.00>
ST_1 : Operation 87 [1/1] (0.00ns)   --->   "%local_A_0_addr_307 = getelementptr i16 %local_A_0, i64 0, i64 21"   --->   Operation 87 'getelementptr' 'local_A_0_addr_307' <Predicate = true> <Delay = 0.00>
ST_1 : Operation 88 [1/1] (0.00ns)   --->   "%local_A_0_addr_308 = getelementptr i16 %local_A_0, i64 0, i64 20"   --->   Operation 88 'getelementptr' 'local_A_0_addr_308' <Predicate = true> <Delay = 0.00>
ST_1 : Operation 89 [1/1] (0.00ns)   --->   "%local_A_0_addr_309 = getelementptr i16 %local_A_0, i64 0, i64 19"   --->   Operation 89 'getelementptr' 'local_A_0_addr_309' <Predicate = true> <Delay = 0.00>
ST_1 : Operation 90 [1/1] (0.00ns)   --->   "%local_A_0_addr_310 = getelementptr i16 %local_A_0, i64 0, i64 18"   --->   Operation 90 'getelementptr' 'local_A_0_addr_310' <Predicate = true> <Delay = 0.00>
ST_1 : Operation 91 [1/1] (0.00ns)   --->   "%local_A_0_addr_311 = getelementptr i16 %local_A_0, i64 0, i64 17"   --->   Operation 91 'getelementptr' 'local_A_0_addr_311' <Predicate = true> <Delay = 0.00>
ST_1 : Operation 92 [1/1] (0.00ns)   --->   "%local_A_0_addr_312 = getelementptr i16 %local_A_0, i64 0, i64 16"   --->   Operation 92 'getelementptr' 'local_A_0_addr_312' <Predicate = true> <Delay = 0.00>
ST_1 : Operation 93 [1/1] (0.00ns)   --->   "%local_A_0_addr_313 = getelementptr i16 %local_A_0, i64 0, i64 15"   --->   Operation 93 'getelementptr' 'local_A_0_addr_313' <Predicate = true> <Delay = 0.00>
ST_1 : Operation 94 [1/1] (0.00ns)   --->   "%local_A_0_addr_314 = getelementptr i16 %local_A_0, i64 0, i64 14"   --->   Operation 94 'getelementptr' 'local_A_0_addr_314' <Predicate = true> <Delay = 0.00>
ST_1 : Operation 95 [1/1] (0.00ns)   --->   "%local_A_0_addr_315 = getelementptr i16 %local_A_0, i64 0, i64 13"   --->   Operation 95 'getelementptr' 'local_A_0_addr_315' <Predicate = true> <Delay = 0.00>
ST_1 : Operation 96 [1/1] (0.00ns)   --->   "%local_A_0_addr_316 = getelementptr i16 %local_A_0, i64 0, i64 12"   --->   Operation 96 'getelementptr' 'local_A_0_addr_316' <Predicate = true> <Delay = 0.00>
ST_1 : Operation 97 [1/1] (0.00ns)   --->   "%local_A_0_addr_317 = getelementptr i16 %local_A_0, i64 0, i64 11"   --->   Operation 97 'getelementptr' 'local_A_0_addr_317' <Predicate = true> <Delay = 0.00>
ST_1 : Operation 98 [1/1] (0.00ns)   --->   "%local_A_0_addr_318 = getelementptr i16 %local_A_0, i64 0, i64 10"   --->   Operation 98 'getelementptr' 'local_A_0_addr_318' <Predicate = true> <Delay = 0.00>
ST_1 : Operation 99 [1/1] (0.00ns)   --->   "%local_A_0_addr_319 = getelementptr i16 %local_A_0, i64 0, i64 9"   --->   Operation 99 'getelementptr' 'local_A_0_addr_319' <Predicate = true> <Delay = 0.00>
ST_1 : Operation 100 [1/1] (0.00ns)   --->   "%local_A_0_addr_320 = getelementptr i16 %local_A_0, i64 0, i64 8"   --->   Operation 100 'getelementptr' 'local_A_0_addr_320' <Predicate = true> <Delay = 0.00>
ST_1 : Operation 101 [1/1] (0.00ns)   --->   "%local_A_0_addr_321 = getelementptr i16 %local_A_0, i64 0, i64 7"   --->   Operation 101 'getelementptr' 'local_A_0_addr_321' <Predicate = true> <Delay = 0.00>
ST_1 : Operation 102 [1/1] (0.00ns)   --->   "%local_A_0_addr_322 = getelementptr i16 %local_A_0, i64 0, i64 6"   --->   Operation 102 'getelementptr' 'local_A_0_addr_322' <Predicate = true> <Delay = 0.00>
ST_1 : Operation 103 [1/1] (0.00ns)   --->   "%local_A_0_addr_323 = getelementptr i16 %local_A_0, i64 0, i64 5"   --->   Operation 103 'getelementptr' 'local_A_0_addr_323' <Predicate = true> <Delay = 0.00>
ST_1 : Operation 104 [1/1] (0.00ns)   --->   "%local_A_0_addr_324 = getelementptr i16 %local_A_0, i64 0, i64 4"   --->   Operation 104 'getelementptr' 'local_A_0_addr_324' <Predicate = true> <Delay = 0.00>
ST_1 : Operation 105 [1/1] (0.00ns)   --->   "%local_A_0_addr_325 = getelementptr i16 %local_A_0, i64 0, i64 3"   --->   Operation 105 'getelementptr' 'local_A_0_addr_325' <Predicate = true> <Delay = 0.00>
ST_1 : Operation 106 [1/1] (0.00ns)   --->   "%local_A_0_addr_326 = getelementptr i16 %local_A_0, i64 0, i64 2"   --->   Operation 106 'getelementptr' 'local_A_0_addr_326' <Predicate = true> <Delay = 0.00>
ST_1 : Operation 107 [1/1] (0.00ns)   --->   "%local_A_0_addr_327 = getelementptr i16 %local_A_0, i64 0, i64 1"   --->   Operation 107 'getelementptr' 'local_A_0_addr_327' <Predicate = true> <Delay = 0.00>
ST_1 : Operation 108 [1/1] (0.00ns)   --->   "%local_A_0_addr_328 = getelementptr i16 %local_A_0, i64 0, i64 0"   --->   Operation 108 'getelementptr' 'local_A_0_addr_328' <Predicate = true> <Delay = 0.00>
ST_1 : Operation 109 [1/1] (0.38ns)   --->   "%br_ln11492 = br void" [./dut.cpp:11492]   --->   Operation 109 'br' 'br_ln11492' <Predicate = true> <Delay = 0.38>

State 2 <SV = 1> <Delay = 0.70>
ST_2 : Operation 110 [1/1] (0.00ns)   --->   "%c0_V = phi i5 0, void, i5 %add_ln691, void"   --->   Operation 110 'phi' 'c0_V' <Predicate = true> <Delay = 0.00>
ST_2 : Operation 111 [1/1] (0.70ns)   --->   "%add_ln691 = add i5 %c0_V, i5 1"   --->   Operation 111 'add' 'add_ln691' <Predicate = true> <Delay = 0.70> <CoreInst = "Adder">   --->   Core 1 'Adder' <Latency = 0> <II = 1> <Delay = 0.70> <FuncUnit> <Opcode : 'add' 'sub'> <InPorts = 2> <OutPorts = 1>
ST_2 : Operation 112 [1/1] (0.63ns)   --->   "%icmp_ln890 = icmp_eq  i5 %c0_V, i5 16"   --->   Operation 112 'icmp' 'icmp_ln890' <Predicate = true> <Delay = 0.63> <CoreInst = "Cmp">   --->   Core 9 'Cmp' <Latency = 0> <II = 1> <Delay = 0.61> <FuncUnit> <Opcode : 'icmp'> <InPorts = 2> <OutPorts = 1>
ST_2 : Operation 113 [1/1] (0.00ns)   --->   "%speclooptripcount_ln0 = speclooptripcount void @_ssdm_op_SpecLoopTripCount, i64 16, i64 16, i64 16"   --->   Operation 113 'speclooptripcount' 'speclooptripcount_ln0' <Predicate = true> <Delay = 0.00>
ST_2 : Operation 114 [1/1] (0.00ns)   --->   "%br_ln11492 = br i1 %icmp_ln890, void %.split201, void" [./dut.cpp:11492]   --->   Operation 114 'br' 'br_ln11492' <Predicate = true> <Delay = 0.00>
ST_2 : Operation 115 [1/1] (0.00ns)   --->   "%specloopname_ln11545 = specloopname void @_ssdm_op_SpecLoopName, void @empty_639" [./dut.cpp:11545]   --->   Operation 115 'specloopname' 'specloopname_ln11545' <Predicate = (!icmp_ln890)> <Delay = 0.00>
ST_2 : Operation 116 [1/1] (0.38ns)   --->   "%br_ln11493 = br void" [./dut.cpp:11493]   --->   Operation 116 'br' 'br_ln11493' <Predicate = (!icmp_ln890)> <Delay = 0.38>
ST_2 : Operation 117 [1/1] (0.00ns)   --->   "%ret_ln11626 = ret" [./dut.cpp:11626]   --->   Operation 117 'ret' 'ret_ln11626' <Predicate = (icmp_ln890)> <Delay = 0.00>

State 3 <SV = 2> <Delay = 0.70>
ST_3 : Operation 118 [1/1] (0.00ns)   --->   "%c1_V = phi i5 0, void %.split201, i5 %add_ln691_64, void"   --->   Operation 118 'phi' 'c1_V' <Predicate = true> <Delay = 0.00>
ST_3 : Operation 119 [1/1] (0.70ns)   --->   "%add_ln691_64 = add i5 %c1_V, i5 1"   --->   Operation 119 'add' 'add_ln691_64' <Predicate = true> <Delay = 0.70> <CoreInst = "Adder">   --->   Core 1 'Adder' <Latency = 0> <II = 1> <Delay = 0.70> <FuncUnit> <Opcode : 'add' 'sub'> <InPorts = 2> <OutPorts = 1>
ST_3 : Operation 120 [1/1] (0.63ns)   --->   "%icmp_ln890_46 = icmp_eq  i5 %c1_V, i5 16"   --->   Operation 120 'icmp' 'icmp_ln890_46' <Predicate = true> <Delay = 0.63> <CoreInst = "Cmp">   --->   Core 9 'Cmp' <Latency = 0> <II = 1> <Delay = 0.61> <FuncUnit> <Opcode : 'icmp'> <InPorts = 2> <OutPorts = 1>
ST_3 : Operation 121 [1/1] (0.00ns)   --->   "%speclooptripcount_ln0 = speclooptripcount void @_ssdm_op_SpecLoopTripCount, i64 16, i64 16, i64 16"   --->   Operation 121 'speclooptripcount' 'speclooptripcount_ln0' <Predicate = true> <Delay = 0.00>
ST_3 : Operation 122 [1/1] (0.00ns)   --->   "%br_ln11493 = br i1 %icmp_ln890_46, void %.split199, void" [./dut.cpp:11493]   --->   Operation 122 'br' 'br_ln11493' <Predicate = true> <Delay = 0.00>
ST_3 : Operation 123 [1/1] (0.00ns)   --->   "%specloopname_ln11545 = specloopname void @_ssdm_op_SpecLoopName, void @empty_836" [./dut.cpp:11545]   --->   Operation 123 'specloopname' 'specloopname_ln11545' <Predicate = (!icmp_ln890_46)> <Delay = 0.00>
ST_3 : Operation 124 [1/1] (0.38ns)   --->   "%br_ln11494 = br void" [./dut.cpp:11494]   --->   Operation 124 'br' 'br_ln11494' <Predicate = (!icmp_ln890_46)> <Delay = 0.38>
ST_3 : Operation 125 [1/1] (0.00ns)   --->   "%br_ln0 = br void"   --->   Operation 125 'br' 'br_ln0' <Predicate = (icmp_ln890_46)> <Delay = 0.00>

State 4 <SV = 3> <Delay = 0.70>
ST_4 : Operation 126 [1/1] (0.00ns)   --->   "%c2_V = phi i6 0, void %.split199, i6 %add_ln691_65, void"   --->   Operation 126 'phi' 'c2_V' <Predicate = true> <Delay = 0.00>
ST_4 : Operation 127 [1/1] (0.70ns)   --->   "%add_ln691_65 = add i6 %c2_V, i6 1"   --->   Operation 127 'add' 'add_ln691_65' <Predicate = true> <Delay = 0.70> <CoreInst = "Adder">   --->   Core 1 'Adder' <Latency = 0> <II = 1> <Delay = 0.70> <FuncUnit> <Opcode : 'add' 'sub'> <InPorts = 2> <OutPorts = 1>
ST_4 : Operation 128 [1/1] (0.61ns)   --->   "%icmp_ln890_47 = icmp_eq  i6 %c2_V, i6 32"   --->   Operation 128 'icmp' 'icmp_ln890_47' <Predicate = true> <Delay = 0.61> <CoreInst = "Cmp">   --->   Core 9 'Cmp' <Latency = 0> <II = 1> <Delay = 0.61> <FuncUnit> <Opcode : 'icmp'> <InPorts = 2> <OutPorts = 1>
ST_4 : Operation 129 [1/1] (0.00ns)   --->   "%speclooptripcount_ln0 = speclooptripcount void @_ssdm_op_SpecLoopTripCount, i64 32, i64 32, i64 32"   --->   Operation 129 'speclooptripcount' 'speclooptripcount_ln0' <Predicate = true> <Delay = 0.00>
ST_4 : Operation 130 [1/1] (0.00ns)   --->   "%br_ln11494 = br i1 %icmp_ln890_47, void %.split197, void" [./dut.cpp:11494]   --->   Operation 130 'br' 'br_ln11494' <Predicate = true> <Delay = 0.00>
ST_4 : Operation 131 [1/1] (0.00ns)   --->   "%specloopname_ln11545 = specloopname void @_ssdm_op_SpecLoopName, void @empty_585" [./dut.cpp:11545]   --->   Operation 131 'specloopname' 'specloopname_ln11545' <Predicate = (!icmp_ln890_47)> <Delay = 0.00>
ST_4 : Operation 132 [1/1] (0.61ns)   --->   "%cmp_i_i1359 = icmp_eq  i6 %c2_V, i6 0"   --->   Operation 132 'icmp' 'cmp_i_i1359' <Predicate = (!icmp_ln890_47)> <Delay = 0.61> <CoreInst = "Cmp">   --->   Core 9 'Cmp' <Latency = 0> <II = 1> <Delay = 0.61> <FuncUnit> <Opcode : 'icmp'> <InPorts = 2> <OutPorts = 1>
ST_4 : Operation 133 [1/1] (0.61ns)   --->   "%cmp_i_i = icmp_eq  i6 %c2_V, i6 31"   --->   Operation 133 'icmp' 'cmp_i_i' <Predicate = (!icmp_ln890_47)> <Delay = 0.61> <CoreInst = "Cmp">   --->   Core 9 'Cmp' <Latency = 0> <II = 1> <Delay = 0.61> <FuncUnit> <Opcode : 'icmp'> <InPorts = 2> <OutPorts = 1>
ST_4 : Operation 134 [1/1] (0.38ns)   --->   "%br_ln11498 = br void" [./dut.cpp:11498]   --->   Operation 134 'br' 'br_ln11498' <Predicate = (!icmp_ln890_47)> <Delay = 0.38>
ST_4 : Operation 135 [1/1] (0.00ns)   --->   "%br_ln0 = br void"   --->   Operation 135 'br' 'br_ln0' <Predicate = (icmp_ln890_47)> <Delay = 0.00>

State 5 <SV = 4> <Delay = 0.70>
ST_5 : Operation 136 [1/1] (0.00ns)   --->   "%c6_V = phi i4 0, void %.split197, i4 %add_ln691_66, void"   --->   Operation 136 'phi' 'c6_V' <Predicate = true> <Delay = 0.00>
ST_5 : Operation 137 [1/1] (0.70ns)   --->   "%add_ln691_66 = add i4 %c6_V, i4 1"   --->   Operation 137 'add' 'add_ln691_66' <Predicate = true> <Delay = 0.70> <CoreInst = "Adder">   --->   Core 1 'Adder' <Latency = 0> <II = 1> <Delay = 0.70> <FuncUnit> <Opcode : 'add' 'sub'> <InPorts = 2> <OutPorts = 1>
ST_5 : Operation 138 [1/1] (0.00ns)   --->   "%zext_ln890 = zext i4 %c6_V"   --->   Operation 138 'zext' 'zext_ln890' <Predicate = true> <Delay = 0.00>
ST_5 : Operation 139 [1/1] (0.65ns)   --->   "%icmp_ln890_48 = icmp_eq  i4 %c6_V, i4 8"   --->   Operation 139 'icmp' 'icmp_ln890_48' <Predicate = true> <Delay = 0.65> <CoreInst = "Cmp">   --->   Core 9 'Cmp' <Latency = 0> <II = 1> <Delay = 0.61> <FuncUnit> <Opcode : 'icmp'> <InPorts = 2> <OutPorts = 1>
ST_5 : Operation 140 [1/1] (0.00ns)   --->   "%speclooptripcount_ln0 = speclooptripcount void @_ssdm_op_SpecLoopTripCount, i64 8, i64 8, i64 8"   --->   Operation 140 'speclooptripcount' 'speclooptripcount_ln0' <Predicate = true> <Delay = 0.00>
ST_5 : Operation 141 [1/1] (0.00ns)   --->   "%br_ln11498 = br i1 %icmp_ln890_48, void %.split195, void" [./dut.cpp:11498]   --->   Operation 141 'br' 'br_ln11498' <Predicate = true> <Delay = 0.00>
ST_5 : Operation 142 [1/1] (0.00ns)   --->   "%specloopname_ln11545 = specloopname void @_ssdm_op_SpecLoopName, void @empty_1517" [./dut.cpp:11545]   --->   Operation 142 'specloopname' 'specloopname_ln11545' <Predicate = (!icmp_ln890_48)> <Delay = 0.00>
ST_5 : Operation 143 [1/1] (0.38ns)   --->   "%br_ln11500 = br void" [./dut.cpp:11500]   --->   Operation 143 'br' 'br_ln11500' <Predicate = (!icmp_ln890_48)> <Delay = 0.38>
ST_5 : Operation 144 [1/1] (0.00ns)   --->   "%br_ln0 = br void"   --->   Operation 144 'br' 'br_ln0' <Predicate = (icmp_ln890_48)> <Delay = 0.00>

State 6 <SV = 5> <Delay = 1.87>
ST_6 : Operation 145 [1/1] (0.00ns)   --->   "%c7_V = phi i4 0, void %.split195, i4 %add_ln691_70, void %._crit_edge1"   --->   Operation 145 'phi' 'c7_V' <Predicate = true> <Delay = 0.00>
ST_6 : Operation 146 [1/1] (0.70ns)   --->   "%add_ln691_70 = add i4 %c7_V, i4 1"   --->   Operation 146 'add' 'add_ln691_70' <Predicate = true> <Delay = 0.70> <CoreInst = "Adder">   --->   Core 1 'Adder' <Latency = 0> <II = 1> <Delay = 0.70> <FuncUnit> <Opcode : 'add' 'sub'> <InPorts = 2> <OutPorts = 1>
ST_6 : Operation 147 [1/1] (0.00ns)   --->   "%empty = trunc i4 %c7_V"   --->   Operation 147 'trunc' 'empty' <Predicate = true> <Delay = 0.00>
ST_6 : Operation 148 [1/1] (0.00ns)   --->   "%tmp_57_cast = bitconcatenate i6 @_ssdm_op_BitConcatenate.i6.i3.i3, i3 %empty, i3 0"   --->   Operation 148 'bitconcatenate' 'tmp_57_cast' <Predicate = true> <Delay = 0.00>
ST_6 : Operation 149 [1/1] (0.70ns)   --->   "%empty_3201 = add i6 %tmp_57_cast, i6 %zext_ln890"   --->   Operation 149 'add' 'empty_3201' <Predicate = true> <Delay = 0.70> <CoreInst = "Adder">   --->   Core 1 'Adder' <Latency = 0> <II = 1> <Delay = 0.70> <FuncUnit> <Opcode : 'add' 'sub'> <InPorts = 2> <OutPorts = 1>
ST_6 : Operation 150 [1/1] (0.00ns)   --->   "%p_cast = zext i6 %empty_3201"   --->   Operation 150 'zext' 'p_cast' <Predicate = true> <Delay = 0.00>
ST_6 : Operation 151 [1/1] (0.00ns)   --->   "%local_C_addr = getelementptr i16 %local_C, i64 0, i64 %p_cast"   --->   Operation 151 'getelementptr' 'local_C_addr' <Predicate = true> <Delay = 0.00>
ST_6 : Operation 152 [1/1] (0.65ns)   --->   "%icmp_ln890_49 = icmp_eq  i4 %c7_V, i4 8"   --->   Operation 152 'icmp' 'icmp_ln890_49' <Predicate = true> <Delay = 0.65> <CoreInst = "Cmp">   --->   Core 9 'Cmp' <Latency = 0> <II = 1> <Delay = 0.61> <FuncUnit> <Opcode : 'icmp'> <InPorts = 2> <OutPorts = 1>
ST_6 : Operation 153 [1/1] (0.00ns)   --->   "%speclooptripcount_ln0 = speclooptripcount void @_ssdm_op_SpecLoopTripCount, i64 8, i64 8, i64 8"   --->   Operation 153 'speclooptripcount' 'speclooptripcount_ln0' <Predicate = true> <Delay = 0.00>
ST_6 : Operation 154 [1/1] (0.00ns)   --->   "%br_ln11500 = br i1 %icmp_ln890_49, void %.split193, void" [./dut.cpp:11500]   --->   Operation 154 'br' 'br_ln11500' <Predicate = true> <Delay = 0.00>
ST_6 : Operation 155 [1/1] (0.00ns)   --->   "%specloopname_ln11545 = specloopname void @_ssdm_op_SpecLoopName, void @empty_176" [./dut.cpp:11545]   --->   Operation 155 'specloopname' 'specloopname_ln11545' <Predicate = (!icmp_ln890_49)> <Delay = 0.00>
ST_6 : Operation 156 [1/1] (1.21ns)   --->   "%tmp = read i512 @_ssdm_op_Read.ap_fifo.volatile.i512P0A, i512 %fifo_A_PE_7_3_x086" [/home/rcslfpgaserver/Softwares/Xilinx/Vitis_HLS/2020.2/common/technology/autopilot/hls_stream_39.h:145]   --->   Operation 156 'read' 'tmp' <Predicate = (!icmp_ln890_49)> <Delay = 1.21> <CoreInst = "FIFO_SRL">   --->   Core 81 'FIFO_SRL' <Latency = 0> <II = 1> <Delay = 1.41> <Storage> <Opcode : 'read' 'write' 'nbread' 'nbwrite'> <Ports = 0> <Width = 512> <Depth = 2> <FIFO>
ST_6 : Operation 157 [1/1] (0.38ns)   --->   "%br_ln11505 = br void" [./dut.cpp:11505]   --->   Operation 157 'br' 'br_ln11505' <Predicate = (!icmp_ln890_49)> <Delay = 0.38>
ST_6 : Operation 158 [1/1] (0.00ns)   --->   "%br_ln0 = br void"   --->   Operation 158 'br' 'br_ln0' <Predicate = (icmp_ln890_49)> <Delay = 0.00>

State 7 <SV = 6> <Delay = 1.83>
ST_7 : Operation 159 [1/1] (0.00ns)   --->   "%n_V = phi i6 %add_ln691_67, void %.split, i6 0, void %.split193"   --->   Operation 159 'phi' 'n_V' <Predicate = true> <Delay = 0.00>
ST_7 : Operation 160 [1/1] (0.00ns)   --->   "%p_Val2_s = phi i512 %zext_ln1497, void %.split, i512 %tmp, void %.split193"   --->   Operation 160 'phi' 'p_Val2_s' <Predicate = true> <Delay = 0.00>
ST_7 : Operation 161 [1/1] (0.70ns)   --->   "%add_ln691_67 = add i6 %n_V, i6 1"   --->   Operation 161 'add' 'add_ln691_67' <Predicate = true> <Delay = 0.70> <CoreInst = "Adder">   --->   Core 1 'Adder' <Latency = 0> <II = 1> <Delay = 0.70> <FuncUnit> <Opcode : 'add' 'sub'> <InPorts = 2> <OutPorts = 1>
ST_7 : Operation 162 [1/1] (0.00ns)   --->   "%zext_ln878 = zext i6 %n_V"   --->   Operation 162 'zext' 'zext_ln878' <Predicate = true> <Delay = 0.00>
ST_7 : Operation 163 [1/1] (0.61ns)   --->   "%icmp_ln878 = icmp_eq  i6 %n_V, i6 32"   --->   Operation 163 'icmp' 'icmp_ln878' <Predicate = true> <Delay = 0.61> <CoreInst = "Cmp">   --->   Core 9 'Cmp' <Latency = 0> <II = 1> <Delay = 0.61> <FuncUnit> <Opcode : 'icmp'> <InPorts = 2> <OutPorts = 1>
ST_7 : Operation 164 [1/1] (0.00ns)   --->   "%speclooptripcount_ln0 = speclooptripcount void @_ssdm_op_SpecLoopTripCount, i64 32, i64 32, i64 32"   --->   Operation 164 'speclooptripcount' 'speclooptripcount_ln0' <Predicate = true> <Delay = 0.00>
ST_7 : Operation 165 [1/1] (0.00ns)   --->   "%br_ln11505 = br i1 %icmp_ln878, void %.split, void" [./dut.cpp:11505]   --->   Operation 165 'br' 'br_ln11505' <Predicate = true> <Delay = 0.00>
ST_7 : Operation 166 [1/1] (0.00ns)   --->   "%specloopname_ln708 = specloopname void @_ssdm_op_SpecLoopName, void @empty_169"   --->   Operation 166 'specloopname' 'specloopname_ln708' <Predicate = (!icmp_ln878)> <Delay = 0.00>
ST_7 : Operation 167 [1/1] (0.00ns)   --->   "%trunc_ln708 = trunc i512 %p_Val2_s"   --->   Operation 167 'trunc' 'trunc_ln708' <Predicate = (!icmp_ln878)> <Delay = 0.00>
ST_7 : Operation 168 [1/1] (0.00ns)   --->   "%local_A_0_addr_329 = getelementptr i16 %local_A_0, i64 0, i64 %zext_ln878" [./dut.cpp:11511]   --->   Operation 168 'getelementptr' 'local_A_0_addr_329' <Predicate = (!icmp_ln878)> <Delay = 0.00>
ST_7 : Operation 169 [1/1] (0.68ns)   --->   "%store_ln11511 = store i16 %trunc_ln708, i5 %local_A_0_addr_329" [./dut.cpp:11511]   --->   Operation 169 'store' 'store_ln11511' <Predicate = (!icmp_ln878)> <Delay = 0.68> <CoreInst = "RAM">   --->   Core 83 'RAM' <Latency = 1> <II = 1> <Delay = 0.68> <Storage> <Opcode : 'load' 'store'> <Ports = 2> <Width = 16> <Depth = 32> <RAM>
ST_7 : Operation 170 [1/1] (0.00ns)   --->   "%r = partselect i496 @_ssdm_op_PartSelect.i496.i512.i32.i32, i512 %p_Val2_s, i32 16, i32 511"   --->   Operation 170 'partselect' 'r' <Predicate = (!icmp_ln878)> <Delay = 0.00>
ST_7 : Operation 171 [1/1] (0.00ns)   --->   "%zext_ln1497 = zext i496 %r"   --->   Operation 171 'zext' 'zext_ln1497' <Predicate = (!icmp_ln878)> <Delay = 0.00>
ST_7 : Operation 172 [1/1] (0.00ns)   --->   "%br_ln0 = br void"   --->   Operation 172 'br' 'br_ln0' <Predicate = (!icmp_ln878)> <Delay = 0.00>
ST_7 : Operation 173 [1/1] (1.21ns)   --->   "%tmp_16 = read i512 @_ssdm_op_Read.ap_fifo.volatile.i512P0A, i512 %fifo_B_PE_7_3_x0126" [/home/rcslfpgaserver/Softwares/Xilinx/Vitis_HLS/2020.2/common/technology/autopilot/hls_stream_39.h:145]   --->   Operation 173 'read' 'tmp_16' <Predicate = (icmp_ln878)> <Delay = 1.21> <CoreInst = "FIFO_SRL">   --->   Core 81 'FIFO_SRL' <Latency = 0> <II = 1> <Delay = 1.41> <Storage> <Opcode : 'read' 'write' 'nbread' 'nbwrite'> <Ports = 0> <Width = 512> <Depth = 2> <FIFO>
ST_7 : Operation 174 [1/1] (0.38ns)   --->   "%br_ln11518 = br void" [./dut.cpp:11518]   --->   Operation 174 'br' 'br_ln11518' <Predicate = (icmp_ln878)> <Delay = 0.38>

State 8 <SV = 7> <Delay = 1.30>
ST_8 : Operation 175 [1/1] (0.00ns)   --->   "%n_V_10 = phi i6 %add_ln691_68, void %.split189, i6 0, void"   --->   Operation 175 'phi' 'n_V_10' <Predicate = true> <Delay = 0.00>
ST_8 : Operation 176 [1/1] (0.00ns)   --->   "%p_Val2_10 = phi i512 %zext_ln1497_10, void %.split189, i512 %tmp_16, void"   --->   Operation 176 'phi' 'p_Val2_10' <Predicate = true> <Delay = 0.00>
ST_8 : Operation 177 [1/1] (0.70ns)   --->   "%add_ln691_68 = add i6 %n_V_10, i6 1"   --->   Operation 177 'add' 'add_ln691_68' <Predicate = true> <Delay = 0.70> <CoreInst = "Adder">   --->   Core 1 'Adder' <Latency = 0> <II = 1> <Delay = 0.70> <FuncUnit> <Opcode : 'add' 'sub'> <InPorts = 2> <OutPorts = 1>
ST_8 : Operation 178 [1/1] (0.00ns)   --->   "%zext_ln878_10 = zext i6 %n_V_10"   --->   Operation 178 'zext' 'zext_ln878_10' <Predicate = true> <Delay = 0.00>
ST_8 : Operation 179 [1/1] (0.61ns)   --->   "%icmp_ln878_10 = icmp_eq  i6 %n_V_10, i6 32"   --->   Operation 179 'icmp' 'icmp_ln878_10' <Predicate = true> <Delay = 0.61> <CoreInst = "Cmp">   --->   Core 9 'Cmp' <Latency = 0> <II = 1> <Delay = 0.61> <FuncUnit> <Opcode : 'icmp'> <InPorts = 2> <OutPorts = 1>
ST_8 : Operation 180 [1/1] (0.00ns)   --->   "%speclooptripcount_ln0 = speclooptripcount void @_ssdm_op_SpecLoopTripCount, i64 32, i64 32, i64 32"   --->   Operation 180 'speclooptripcount' 'speclooptripcount_ln0' <Predicate = true> <Delay = 0.00>
ST_8 : Operation 181 [1/1] (0.00ns)   --->   "%br_ln11518 = br i1 %icmp_ln878_10, void %.split189, void" [./dut.cpp:11518]   --->   Operation 181 'br' 'br_ln11518' <Predicate = true> <Delay = 0.00>
ST_8 : Operation 182 [1/1] (0.00ns)   --->   "%specloopname_ln708 = specloopname void @_ssdm_op_SpecLoopName, void @empty_179"   --->   Operation 182 'specloopname' 'specloopname_ln708' <Predicate = (!icmp_ln878_10)> <Delay = 0.00>
ST_8 : Operation 183 [1/1] (0.00ns)   --->   "%trunc_ln708_10 = trunc i512 %p_Val2_10"   --->   Operation 183 'trunc' 'trunc_ln708_10' <Predicate = (!icmp_ln878_10)> <Delay = 0.00>
ST_8 : Operation 184 [1/1] (0.00ns)   --->   "%local_B_0_addr_329 = getelementptr i16 %local_B_0, i64 0, i64 %zext_ln878_10" [./dut.cpp:11524]   --->   Operation 184 'getelementptr' 'local_B_0_addr_329' <Predicate = (!icmp_ln878_10)> <Delay = 0.00>
ST_8 : Operation 185 [1/1] (0.68ns)   --->   "%store_ln11524 = store i16 %trunc_ln708_10, i5 %local_B_0_addr_329" [./dut.cpp:11524]   --->   Operation 185 'store' 'store_ln11524' <Predicate = (!icmp_ln878_10)> <Delay = 0.68> <CoreInst = "RAM">   --->   Core 83 'RAM' <Latency = 1> <II = 1> <Delay = 0.68> <Storage> <Opcode : 'load' 'store'> <Ports = 2> <Width = 16> <Depth = 32> <RAM>
ST_8 : Operation 186 [1/1] (0.00ns)   --->   "%r_10 = partselect i496 @_ssdm_op_PartSelect.i496.i512.i32.i32, i512 %p_Val2_10, i32 16, i32 511"   --->   Operation 186 'partselect' 'r_10' <Predicate = (!icmp_ln878_10)> <Delay = 0.00>
ST_8 : Operation 187 [1/1] (0.00ns)   --->   "%zext_ln1497_10 = zext i496 %r_10"   --->   Operation 187 'zext' 'zext_ln1497_10' <Predicate = (!icmp_ln878_10)> <Delay = 0.00>
ST_8 : Operation 188 [1/1] (0.00ns)   --->   "%br_ln0 = br void"   --->   Operation 188 'br' 'br_ln0' <Predicate = (!icmp_ln878_10)> <Delay = 0.00>
ST_8 : Operation 189 [1/1] (0.00ns)   --->   "%br_ln11530 = br i1 %cmp_i_i1359, void %._crit_edge, void" [./dut.cpp:11530]   --->   Operation 189 'br' 'br_ln11530' <Predicate = (icmp_ln878_10)> <Delay = 0.00>
ST_8 : Operation 190 [1/1] (0.68ns)   --->   "%store_ln11532 = store i16 0, i6 %local_C_addr" [./dut.cpp:11532]   --->   Operation 190 'store' 'store_ln11532' <Predicate = (icmp_ln878_10 & cmp_i_i1359)> <Delay = 0.68> <CoreInst = "RAM">   --->   Core 83 'RAM' <Latency = 1> <II = 1> <Delay = 0.68> <Storage> <Opcode : 'load' 'store'> <Ports = 2> <Width = 16> <Depth = 64> <RAM>
ST_8 : Operation 191 [1/1] (0.00ns)   --->   "%br_ln11533 = br void %._crit_edge" [./dut.cpp:11533]   --->   Operation 191 'br' 'br_ln11533' <Predicate = (icmp_ln878_10 & cmp_i_i1359)> <Delay = 0.00>

State 9 <SV = 8> <Delay = 0.68>
ST_9 : Operation 192 [2/2] (0.68ns)   --->   "%local_C_load = load i6 %local_C_addr" [./dut.cpp:11535]   --->   Operation 192 'load' 'local_C_load' <Predicate = true> <Delay = 0.68> <CoreInst = "RAM">   --->   Core 83 'RAM' <Latency = 1> <II = 1> <Delay = 0.68> <Storage> <Opcode : 'load' 'store'> <Ports = 2> <Width = 16> <Depth = 64> <RAM>

State 10 <SV = 9> <Delay = 0.68>
ST_10 : Operation 193 [1/2] (0.68ns)   --->   "%local_C_load = load i6 %local_C_addr" [./dut.cpp:11535]   --->   Operation 193 'load' 'local_C_load' <Predicate = true> <Delay = 0.68> <CoreInst = "RAM">   --->   Core 83 'RAM' <Latency = 1> <II = 1> <Delay = 0.68> <Storage> <Opcode : 'load' 'store'> <Ports = 2> <Width = 16> <Depth = 64> <RAM>
ST_10 : Operation 194 [1/1] (0.38ns)   --->   "%br_ln11534 = br void" [./dut.cpp:11534]   --->   Operation 194 'br' 'br_ln11534' <Predicate = true> <Delay = 0.38>

State 11 <SV = 10> <Delay = 1.83>
ST_11 : Operation 195 [1/1] (0.00ns)   --->   "%c8_V = phi i6 %add_ln691_69, void %.split191, i6 0, void %._crit_edge"   --->   Operation 195 'phi' 'c8_V' <Predicate = true> <Delay = 0.00>
ST_11 : Operation 196 [1/1] (0.00ns)   --->   "%empty_3202 = phi i16 %add_ln11535, void %.split191, i16 %local_C_load, void %._crit_edge" [./dut.cpp:11535]   --->   Operation 196 'phi' 'empty_3202' <Predicate = true> <Delay = 0.00>
ST_11 : Operation 197 [1/1] (0.70ns)   --->   "%add_ln691_69 = add i6 %c8_V, i6 1"   --->   Operation 197 'add' 'add_ln691_69' <Predicate = true> <Delay = 0.70> <CoreInst = "Adder">   --->   Core 1 'Adder' <Latency = 0> <II = 1> <Delay = 0.70> <FuncUnit> <Opcode : 'add' 'sub'> <InPorts = 2> <OutPorts = 1>
ST_11 : Operation 198 [1/1] (0.00ns)   --->   "%zext_ln890_10 = zext i6 %c8_V"   --->   Operation 198 'zext' 'zext_ln890_10' <Predicate = true> <Delay = 0.00>
ST_11 : Operation 199 [1/1] (0.61ns)   --->   "%icmp_ln890_50 = icmp_eq  i6 %c8_V, i6 32"   --->   Operation 199 'icmp' 'icmp_ln890_50' <Predicate = true> <Delay = 0.61> <CoreInst = "Cmp">   --->   Core 9 'Cmp' <Latency = 0> <II = 1> <Delay = 0.61> <FuncUnit> <Opcode : 'icmp'> <InPorts = 2> <OutPorts = 1>
ST_11 : Operation 200 [1/1] (0.00ns)   --->   "%speclooptripcount_ln0 = speclooptripcount void @_ssdm_op_SpecLoopTripCount, i64 32, i64 32, i64 32"   --->   Operation 200 'speclooptripcount' 'speclooptripcount_ln0' <Predicate = true> <Delay = 0.00>
ST_11 : Operation 201 [1/1] (0.00ns)   --->   "%br_ln11534 = br i1 %icmp_ln890_50, void %.split191, void" [./dut.cpp:11534]   --->   Operation 201 'br' 'br_ln11534' <Predicate = true> <Delay = 0.00>
ST_11 : Operation 202 [1/1] (0.00ns)   --->   "%local_A_0_addr_330 = getelementptr i16 %local_A_0, i64 0, i64 %zext_ln890_10" [./dut.cpp:11535]   --->   Operation 202 'getelementptr' 'local_A_0_addr_330' <Predicate = (!icmp_ln890_50)> <Delay = 0.00>
ST_11 : Operation 203 [2/2] (0.68ns)   --->   "%local_A_0_load = load i5 %local_A_0_addr_330" [./dut.cpp:11535]   --->   Operation 203 'load' 'local_A_0_load' <Predicate = (!icmp_ln890_50)> <Delay = 0.68> <CoreInst = "RAM">   --->   Core 83 'RAM' <Latency = 1> <II = 1> <Delay = 0.68> <Storage> <Opcode : 'load' 'store'> <Ports = 2> <Width = 16> <Depth = 32> <RAM>
ST_11 : Operation 204 [1/1] (0.00ns)   --->   "%local_B_0_addr_330 = getelementptr i16 %local_B_0, i64 0, i64 %zext_ln890_10" [./dut.cpp:11535]   --->   Operation 204 'getelementptr' 'local_B_0_addr_330' <Predicate = (!icmp_ln890_50)> <Delay = 0.00>
ST_11 : Operation 205 [2/2] (0.68ns)   --->   "%local_B_0_load = load i5 %local_B_0_addr_330" [./dut.cpp:11535]   --->   Operation 205 'load' 'local_B_0_load' <Predicate = (!icmp_ln890_50)> <Delay = 0.68> <CoreInst = "RAM">   --->   Core 83 'RAM' <Latency = 1> <II = 1> <Delay = 0.68> <Storage> <Opcode : 'load' 'store'> <Ports = 2> <Width = 16> <Depth = 32> <RAM>
ST_11 : Operation 206 [1/1] (0.68ns)   --->   "%store_ln11535 = store i16 %empty_3202, i6 %local_C_addr" [./dut.cpp:11535]   --->   Operation 206 'store' 'store_ln11535' <Predicate = (icmp_ln890_50)> <Delay = 0.68> <CoreInst = "RAM">   --->   Core 83 'RAM' <Latency = 1> <II = 1> <Delay = 0.68> <Storage> <Opcode : 'load' 'store'> <Ports = 2> <Width = 16> <Depth = 64> <RAM>
ST_11 : Operation 207 [1/1] (0.00ns)   --->   "%br_ln11538 = br i1 %cmp_i_i, void %._crit_edge1, void" [./dut.cpp:11538]   --->   Operation 207 'br' 'br_ln11538' <Predicate = (icmp_ln890_50)> <Delay = 0.00>
ST_11 : Operation 208 [1/1] (1.21ns)   --->   "%write_ln174 = write void @_ssdm_op_Write.ap_fifo.volatile.i16P0A, i16 %fifo_C_drain_PE_7_3_x0195, i16 %empty_3202" [/home/rcslfpgaserver/Softwares/Xilinx/Vitis_HLS/2020.2/common/technology/autopilot/hls_stream_39.h:174]   --->   Operation 208 'write' 'write_ln174' <Predicate = (icmp_ln890_50 & cmp_i_i)> <Delay = 1.21> <CoreInst = "FIFO_SRL">   --->   Core 81 'FIFO_SRL' <Latency = 0> <II = 1> <Delay = 1.34> <Storage> <Opcode : 'read' 'write' 'nbread' 'nbwrite'> <Ports = 0> <Width = 16> <Depth = 2> <FIFO>
ST_11 : Operation 209 [1/1] (0.00ns)   --->   "%br_ln11539 = br void %._crit_edge1" [./dut.cpp:11539]   --->   Operation 209 'br' 'br_ln11539' <Predicate = (icmp_ln890_50 & cmp_i_i)> <Delay = 0.00>
ST_11 : Operation 210 [2/2] (0.68ns)   --->   "%v1_V = load i5 %local_B_0_addr" [./dut.cpp:11546]   --->   Operation 210 'load' 'v1_V' <Predicate = (icmp_ln890_50)> <Delay = 0.68> <CoreInst = "RAM">   --->   Core 83 'RAM' <Latency = 1> <II = 1> <Delay = 0.68> <Storage> <Opcode : 'load' 'store'> <Ports = 2> <Width = 16> <Depth = 32> <RAM>
ST_11 : Operation 211 [2/2] (0.68ns)   --->   "%v2_V_1179 = load i5 %local_B_0_addr_298" [./dut.cpp:11547]   --->   Operation 211 'load' 'v2_V_1179' <Predicate = (icmp_ln890_50)> <Delay = 0.68> <CoreInst = "RAM">   --->   Core 83 'RAM' <Latency = 1> <II = 1> <Delay = 0.68> <Storage> <Opcode : 'load' 'store'> <Ports = 2> <Width = 16> <Depth = 32> <RAM>
ST_11 : Operation 212 [2/2] (0.68ns)   --->   "%v1_V_10 = load i5 %local_A_0_addr" [./dut.cpp:11587]   --->   Operation 212 'load' 'v1_V_10' <Predicate = (icmp_ln890_50)> <Delay = 0.68> <CoreInst = "RAM">   --->   Core 83 'RAM' <Latency = 1> <II = 1> <Delay = 0.68> <Storage> <Opcode : 'load' 'store'> <Ports = 2> <Width = 16> <Depth = 32> <RAM>
ST_11 : Operation 213 [2/2] (0.68ns)   --->   "%v2_V_1210 = load i5 %local_A_0_addr_298" [./dut.cpp:11588]   --->   Operation 213 'load' 'v2_V_1210' <Predicate = (icmp_ln890_50)> <Delay = 0.68> <CoreInst = "RAM">   --->   Core 83 'RAM' <Latency = 1> <II = 1> <Delay = 0.68> <Storage> <Opcode : 'load' 'store'> <Ports = 2> <Width = 16> <Depth = 32> <RAM>

State 12 <SV = 11> <Delay = 1.67>
ST_12 : Operation 214 [1/2] (0.68ns)   --->   "%local_A_0_load = load i5 %local_A_0_addr_330" [./dut.cpp:11535]   --->   Operation 214 'load' 'local_A_0_load' <Predicate = true> <Delay = 0.68> <CoreInst = "RAM">   --->   Core 83 'RAM' <Latency = 1> <II = 1> <Delay = 0.68> <Storage> <Opcode : 'load' 'store'> <Ports = 2> <Width = 16> <Depth = 32> <RAM>
ST_12 : Operation 215 [1/2] (0.68ns)   --->   "%local_B_0_load = load i5 %local_B_0_addr_330" [./dut.cpp:11535]   --->   Operation 215 'load' 'local_B_0_load' <Predicate = true> <Delay = 0.68> <CoreInst = "RAM">   --->   Core 83 'RAM' <Latency = 1> <II = 1> <Delay = 0.68> <Storage> <Opcode : 'load' 'store'> <Ports = 2> <Width = 16> <Depth = 32> <RAM>
ST_12 : Operation 216 [3/3] (0.99ns) (grouped into DSP with root node add_ln11535)   --->   "%mul_ln11535 = mul i16 %local_B_0_load, i16 %local_A_0_load" [./dut.cpp:11535]   --->   Operation 216 'mul' 'mul_ln11535' <Predicate = true> <Delay = 0.99> <CoreInst = "DSP48">   --->   Core 127 'DSP48' <Latency = 3> <II = 1> <Delay = 0.53> <IPBlock> <Opcode : 'mul' 'add' 'sub' 'select'> <InPorts = 0> <OutPorts = 1> <Sync> <CReg>

State 13 <SV = 12> <Delay = 0.99>
ST_13 : Operation 217 [2/3] (0.99ns) (grouped into DSP with root node add_ln11535)   --->   "%mul_ln11535 = mul i16 %local_B_0_load, i16 %local_A_0_load" [./dut.cpp:11535]   --->   Operation 217 'mul' 'mul_ln11535' <Predicate = true> <Delay = 0.99> <CoreInst = "DSP48">   --->   Core 127 'DSP48' <Latency = 3> <II = 1> <Delay = 0.53> <IPBlock> <Opcode : 'mul' 'add' 'sub' 'select'> <InPorts = 0> <OutPorts = 1> <Sync> <CReg>

State 14 <SV = 13> <Delay = 0.64>
ST_14 : Operation 218 [1/3] (0.00ns) (grouped into DSP with root node add_ln11535)   --->   "%mul_ln11535 = mul i16 %local_B_0_load, i16 %local_A_0_load" [./dut.cpp:11535]   --->   Operation 218 'mul' 'mul_ln11535' <Predicate = true> <Delay = 0.00> <CoreInst = "DSP48">   --->   Core 127 'DSP48' <Latency = 3> <II = 1> <Delay = 0.53> <IPBlock> <Opcode : 'mul' 'add' 'sub' 'select'> <InPorts = 0> <OutPorts = 1> <Sync> <CReg>
ST_14 : Operation 219 [2/2] (0.64ns) (root node of the DSP)   --->   "%add_ln11535 = add i16 %mul_ln11535, i16 %empty_3202" [./dut.cpp:11535]   --->   Operation 219 'add' 'add_ln11535' <Predicate = true> <Delay = 0.64> <CoreInst = "DSP48">   --->   Core 127 'DSP48' <Latency = 3> <II = 1> <Delay = 0.53> <IPBlock> <Opcode : 'mul' 'add' 'sub' 'select'> <InPorts = 0> <OutPorts = 1> <Sync> <CReg>

State 15 <SV = 14> <Delay = 0.64>
ST_15 : Operation 220 [1/1] (0.00ns)   --->   "%specloopname_ln11534 = specloopname void @_ssdm_op_SpecLoopName, void @empty_572" [./dut.cpp:11534]   --->   Operation 220 'specloopname' 'specloopname_ln11534' <Predicate = true> <Delay = 0.00>
ST_15 : Operation 221 [1/2] (0.64ns) (root node of the DSP)   --->   "%add_ln11535 = add i16 %mul_ln11535, i16 %empty_3202" [./dut.cpp:11535]   --->   Operation 221 'add' 'add_ln11535' <Predicate = true> <Delay = 0.64> <CoreInst = "DSP48">   --->   Core 127 'DSP48' <Latency = 3> <II = 1> <Delay = 0.53> <IPBlock> <Opcode : 'mul' 'add' 'sub' 'select'> <InPorts = 0> <OutPorts = 1> <Sync> <CReg>
ST_15 : Operation 222 [1/1] (0.00ns)   --->   "%br_ln0 = br void"   --->   Operation 222 'br' 'br_ln0' <Predicate = true> <Delay = 0.00>

State 16 <SV = 11> <Delay = 0.68>
ST_16 : Operation 223 [1/2] (0.68ns)   --->   "%v1_V = load i5 %local_B_0_addr" [./dut.cpp:11546]   --->   Operation 223 'load' 'v1_V' <Predicate = true> <Delay = 0.68> <CoreInst = "RAM">   --->   Core 83 'RAM' <Latency = 1> <II = 1> <Delay = 0.68> <Storage> <Opcode : 'load' 'store'> <Ports = 2> <Width = 16> <Depth = 32> <RAM>
ST_16 : Operation 224 [1/2] (0.68ns)   --->   "%v2_V_1179 = load i5 %local_B_0_addr_298" [./dut.cpp:11547]   --->   Operation 224 'load' 'v2_V_1179' <Predicate = true> <Delay = 0.68> <CoreInst = "RAM">   --->   Core 83 'RAM' <Latency = 1> <II = 1> <Delay = 0.68> <Storage> <Opcode : 'load' 'store'> <Ports = 2> <Width = 16> <Depth = 32> <RAM>
ST_16 : Operation 225 [2/2] (0.68ns)   --->   "%v2_V_1178 = load i5 %local_B_0_addr_299" [./dut.cpp:11548]   --->   Operation 225 'load' 'v2_V_1178' <Predicate = true> <Delay = 0.68> <CoreInst = "RAM">   --->   Core 83 'RAM' <Latency = 1> <II = 1> <Delay = 0.68> <Storage> <Opcode : 'load' 'store'> <Ports = 2> <Width = 16> <Depth = 32> <RAM>
ST_16 : Operation 226 [2/2] (0.68ns)   --->   "%v2_V_1177 = load i5 %local_B_0_addr_300" [./dut.cpp:11549]   --->   Operation 226 'load' 'v2_V_1177' <Predicate = true> <Delay = 0.68> <CoreInst = "RAM">   --->   Core 83 'RAM' <Latency = 1> <II = 1> <Delay = 0.68> <Storage> <Opcode : 'load' 'store'> <Ports = 2> <Width = 16> <Depth = 32> <RAM>
ST_16 : Operation 227 [1/2] (0.68ns)   --->   "%v1_V_10 = load i5 %local_A_0_addr" [./dut.cpp:11587]   --->   Operation 227 'load' 'v1_V_10' <Predicate = true> <Delay = 0.68> <CoreInst = "RAM">   --->   Core 83 'RAM' <Latency = 1> <II = 1> <Delay = 0.68> <Storage> <Opcode : 'load' 'store'> <Ports = 2> <Width = 16> <Depth = 32> <RAM>
ST_16 : Operation 228 [1/2] (0.68ns)   --->   "%v2_V_1210 = load i5 %local_A_0_addr_298" [./dut.cpp:11588]   --->   Operation 228 'load' 'v2_V_1210' <Predicate = true> <Delay = 0.68> <CoreInst = "RAM">   --->   Core 83 'RAM' <Latency = 1> <II = 1> <Delay = 0.68> <Storage> <Opcode : 'load' 'store'> <Ports = 2> <Width = 16> <Depth = 32> <RAM>
ST_16 : Operation 229 [2/2] (0.68ns)   --->   "%v2_V_1209 = load i5 %local_A_0_addr_299" [./dut.cpp:11589]   --->   Operation 229 'load' 'v2_V_1209' <Predicate = true> <Delay = 0.68> <CoreInst = "RAM">   --->   Core 83 'RAM' <Latency = 1> <II = 1> <Delay = 0.68> <Storage> <Opcode : 'load' 'store'> <Ports = 2> <Width = 16> <Depth = 32> <RAM>
ST_16 : Operation 230 [2/2] (0.68ns)   --->   "%v2_V_1208 = load i5 %local_A_0_addr_300" [./dut.cpp:11590]   --->   Operation 230 'load' 'v2_V_1208' <Predicate = true> <Delay = 0.68> <CoreInst = "RAM">   --->   Core 83 'RAM' <Latency = 1> <II = 1> <Delay = 0.68> <Storage> <Opcode : 'load' 'store'> <Ports = 2> <Width = 16> <Depth = 32> <RAM>

State 17 <SV = 12> <Delay = 0.68>
ST_17 : Operation 231 [1/2] (0.68ns)   --->   "%v2_V_1178 = load i5 %local_B_0_addr_299" [./dut.cpp:11548]   --->   Operation 231 'load' 'v2_V_1178' <Predicate = true> <Delay = 0.68> <CoreInst = "RAM">   --->   Core 83 'RAM' <Latency = 1> <II = 1> <Delay = 0.68> <Storage> <Opcode : 'load' 'store'> <Ports = 2> <Width = 16> <Depth = 32> <RAM>
ST_17 : Operation 232 [1/2] (0.68ns)   --->   "%v2_V_1177 = load i5 %local_B_0_addr_300" [./dut.cpp:11549]   --->   Operation 232 'load' 'v2_V_1177' <Predicate = true> <Delay = 0.68> <CoreInst = "RAM">   --->   Core 83 'RAM' <Latency = 1> <II = 1> <Delay = 0.68> <Storage> <Opcode : 'load' 'store'> <Ports = 2> <Width = 16> <Depth = 32> <RAM>
ST_17 : Operation 233 [2/2] (0.68ns)   --->   "%v2_V_1176 = load i5 %local_B_0_addr_301" [./dut.cpp:11550]   --->   Operation 233 'load' 'v2_V_1176' <Predicate = true> <Delay = 0.68> <CoreInst = "RAM">   --->   Core 83 'RAM' <Latency = 1> <II = 1> <Delay = 0.68> <Storage> <Opcode : 'load' 'store'> <Ports = 2> <Width = 16> <Depth = 32> <RAM>
ST_17 : Operation 234 [2/2] (0.68ns)   --->   "%v2_V_1175 = load i5 %local_B_0_addr_302" [./dut.cpp:11551]   --->   Operation 234 'load' 'v2_V_1175' <Predicate = true> <Delay = 0.68> <CoreInst = "RAM">   --->   Core 83 'RAM' <Latency = 1> <II = 1> <Delay = 0.68> <Storage> <Opcode : 'load' 'store'> <Ports = 2> <Width = 16> <Depth = 32> <RAM>
ST_17 : Operation 235 [1/2] (0.68ns)   --->   "%v2_V_1209 = load i5 %local_A_0_addr_299" [./dut.cpp:11589]   --->   Operation 235 'load' 'v2_V_1209' <Predicate = true> <Delay = 0.68> <CoreInst = "RAM">   --->   Core 83 'RAM' <Latency = 1> <II = 1> <Delay = 0.68> <Storage> <Opcode : 'load' 'store'> <Ports = 2> <Width = 16> <Depth = 32> <RAM>
ST_17 : Operation 236 [1/2] (0.68ns)   --->   "%v2_V_1208 = load i5 %local_A_0_addr_300" [./dut.cpp:11590]   --->   Operation 236 'load' 'v2_V_1208' <Predicate = true> <Delay = 0.68> <CoreInst = "RAM">   --->   Core 83 'RAM' <Latency = 1> <II = 1> <Delay = 0.68> <Storage> <Opcode : 'load' 'store'> <Ports = 2> <Width = 16> <Depth = 32> <RAM>
ST_17 : Operation 237 [2/2] (0.68ns)   --->   "%v2_V_1207 = load i5 %local_A_0_addr_301" [./dut.cpp:11591]   --->   Operation 237 'load' 'v2_V_1207' <Predicate = true> <Delay = 0.68> <CoreInst = "RAM">   --->   Core 83 'RAM' <Latency = 1> <II = 1> <Delay = 0.68> <Storage> <Opcode : 'load' 'store'> <Ports = 2> <Width = 16> <Depth = 32> <RAM>
ST_17 : Operation 238 [2/2] (0.68ns)   --->   "%v2_V_1206 = load i5 %local_A_0_addr_302" [./dut.cpp:11592]   --->   Operation 238 'load' 'v2_V_1206' <Predicate = true> <Delay = 0.68> <CoreInst = "RAM">   --->   Core 83 'RAM' <Latency = 1> <II = 1> <Delay = 0.68> <Storage> <Opcode : 'load' 'store'> <Ports = 2> <Width = 16> <Depth = 32> <RAM>

State 18 <SV = 13> <Delay = 0.68>
ST_18 : Operation 239 [1/2] (0.68ns)   --->   "%v2_V_1176 = load i5 %local_B_0_addr_301" [./dut.cpp:11550]   --->   Operation 239 'load' 'v2_V_1176' <Predicate = true> <Delay = 0.68> <CoreInst = "RAM">   --->   Core 83 'RAM' <Latency = 1> <II = 1> <Delay = 0.68> <Storage> <Opcode : 'load' 'store'> <Ports = 2> <Width = 16> <Depth = 32> <RAM>
ST_18 : Operation 240 [1/2] (0.68ns)   --->   "%v2_V_1175 = load i5 %local_B_0_addr_302" [./dut.cpp:11551]   --->   Operation 240 'load' 'v2_V_1175' <Predicate = true> <Delay = 0.68> <CoreInst = "RAM">   --->   Core 83 'RAM' <Latency = 1> <II = 1> <Delay = 0.68> <Storage> <Opcode : 'load' 'store'> <Ports = 2> <Width = 16> <Depth = 32> <RAM>
ST_18 : Operation 241 [2/2] (0.68ns)   --->   "%v2_V_1174 = load i5 %local_B_0_addr_303" [./dut.cpp:11552]   --->   Operation 241 'load' 'v2_V_1174' <Predicate = true> <Delay = 0.68> <CoreInst = "RAM">   --->   Core 83 'RAM' <Latency = 1> <II = 1> <Delay = 0.68> <Storage> <Opcode : 'load' 'store'> <Ports = 2> <Width = 16> <Depth = 32> <RAM>
ST_18 : Operation 242 [2/2] (0.68ns)   --->   "%v2_V_1173 = load i5 %local_B_0_addr_304" [./dut.cpp:11553]   --->   Operation 242 'load' 'v2_V_1173' <Predicate = true> <Delay = 0.68> <CoreInst = "RAM">   --->   Core 83 'RAM' <Latency = 1> <II = 1> <Delay = 0.68> <Storage> <Opcode : 'load' 'store'> <Ports = 2> <Width = 16> <Depth = 32> <RAM>
ST_18 : Operation 243 [1/2] (0.68ns)   --->   "%v2_V_1207 = load i5 %local_A_0_addr_301" [./dut.cpp:11591]   --->   Operation 243 'load' 'v2_V_1207' <Predicate = true> <Delay = 0.68> <CoreInst = "RAM">   --->   Core 83 'RAM' <Latency = 1> <II = 1> <Delay = 0.68> <Storage> <Opcode : 'load' 'store'> <Ports = 2> <Width = 16> <Depth = 32> <RAM>
ST_18 : Operation 244 [1/2] (0.68ns)   --->   "%v2_V_1206 = load i5 %local_A_0_addr_302" [./dut.cpp:11592]   --->   Operation 244 'load' 'v2_V_1206' <Predicate = true> <Delay = 0.68> <CoreInst = "RAM">   --->   Core 83 'RAM' <Latency = 1> <II = 1> <Delay = 0.68> <Storage> <Opcode : 'load' 'store'> <Ports = 2> <Width = 16> <Depth = 32> <RAM>
ST_18 : Operation 245 [2/2] (0.68ns)   --->   "%v2_V_1205 = load i5 %local_A_0_addr_303" [./dut.cpp:11593]   --->   Operation 245 'load' 'v2_V_1205' <Predicate = true> <Delay = 0.68> <CoreInst = "RAM">   --->   Core 83 'RAM' <Latency = 1> <II = 1> <Delay = 0.68> <Storage> <Opcode : 'load' 'store'> <Ports = 2> <Width = 16> <Depth = 32> <RAM>
ST_18 : Operation 246 [2/2] (0.68ns)   --->   "%v2_V_1204 = load i5 %local_A_0_addr_304" [./dut.cpp:11594]   --->   Operation 246 'load' 'v2_V_1204' <Predicate = true> <Delay = 0.68> <CoreInst = "RAM">   --->   Core 83 'RAM' <Latency = 1> <II = 1> <Delay = 0.68> <Storage> <Opcode : 'load' 'store'> <Ports = 2> <Width = 16> <Depth = 32> <RAM>

State 19 <SV = 14> <Delay = 0.68>
ST_19 : Operation 247 [1/2] (0.68ns)   --->   "%v2_V_1174 = load i5 %local_B_0_addr_303" [./dut.cpp:11552]   --->   Operation 247 'load' 'v2_V_1174' <Predicate = true> <Delay = 0.68> <CoreInst = "RAM">   --->   Core 83 'RAM' <Latency = 1> <II = 1> <Delay = 0.68> <Storage> <Opcode : 'load' 'store'> <Ports = 2> <Width = 16> <Depth = 32> <RAM>
ST_19 : Operation 248 [1/2] (0.68ns)   --->   "%v2_V_1173 = load i5 %local_B_0_addr_304" [./dut.cpp:11553]   --->   Operation 248 'load' 'v2_V_1173' <Predicate = true> <Delay = 0.68> <CoreInst = "RAM">   --->   Core 83 'RAM' <Latency = 1> <II = 1> <Delay = 0.68> <Storage> <Opcode : 'load' 'store'> <Ports = 2> <Width = 16> <Depth = 32> <RAM>
ST_19 : Operation 249 [2/2] (0.68ns)   --->   "%v2_V_1172 = load i5 %local_B_0_addr_305" [./dut.cpp:11554]   --->   Operation 249 'load' 'v2_V_1172' <Predicate = true> <Delay = 0.68> <CoreInst = "RAM">   --->   Core 83 'RAM' <Latency = 1> <II = 1> <Delay = 0.68> <Storage> <Opcode : 'load' 'store'> <Ports = 2> <Width = 16> <Depth = 32> <RAM>
ST_19 : Operation 250 [2/2] (0.68ns)   --->   "%v2_V_1171 = load i5 %local_B_0_addr_306" [./dut.cpp:11555]   --->   Operation 250 'load' 'v2_V_1171' <Predicate = true> <Delay = 0.68> <CoreInst = "RAM">   --->   Core 83 'RAM' <Latency = 1> <II = 1> <Delay = 0.68> <Storage> <Opcode : 'load' 'store'> <Ports = 2> <Width = 16> <Depth = 32> <RAM>
ST_19 : Operation 251 [1/2] (0.68ns)   --->   "%v2_V_1205 = load i5 %local_A_0_addr_303" [./dut.cpp:11593]   --->   Operation 251 'load' 'v2_V_1205' <Predicate = true> <Delay = 0.68> <CoreInst = "RAM">   --->   Core 83 'RAM' <Latency = 1> <II = 1> <Delay = 0.68> <Storage> <Opcode : 'load' 'store'> <Ports = 2> <Width = 16> <Depth = 32> <RAM>
ST_19 : Operation 252 [1/2] (0.68ns)   --->   "%v2_V_1204 = load i5 %local_A_0_addr_304" [./dut.cpp:11594]   --->   Operation 252 'load' 'v2_V_1204' <Predicate = true> <Delay = 0.68> <CoreInst = "RAM">   --->   Core 83 'RAM' <Latency = 1> <II = 1> <Delay = 0.68> <Storage> <Opcode : 'load' 'store'> <Ports = 2> <Width = 16> <Depth = 32> <RAM>
ST_19 : Operation 253 [2/2] (0.68ns)   --->   "%v2_V_1203 = load i5 %local_A_0_addr_305" [./dut.cpp:11595]   --->   Operation 253 'load' 'v2_V_1203' <Predicate = true> <Delay = 0.68> <CoreInst = "RAM">   --->   Core 83 'RAM' <Latency = 1> <II = 1> <Delay = 0.68> <Storage> <Opcode : 'load' 'store'> <Ports = 2> <Width = 16> <Depth = 32> <RAM>
ST_19 : Operation 254 [2/2] (0.68ns)   --->   "%v2_V_1202 = load i5 %local_A_0_addr_306" [./dut.cpp:11596]   --->   Operation 254 'load' 'v2_V_1202' <Predicate = true> <Delay = 0.68> <CoreInst = "RAM">   --->   Core 83 'RAM' <Latency = 1> <II = 1> <Delay = 0.68> <Storage> <Opcode : 'load' 'store'> <Ports = 2> <Width = 16> <Depth = 32> <RAM>

State 20 <SV = 15> <Delay = 0.68>
ST_20 : Operation 255 [1/2] (0.68ns)   --->   "%v2_V_1172 = load i5 %local_B_0_addr_305" [./dut.cpp:11554]   --->   Operation 255 'load' 'v2_V_1172' <Predicate = true> <Delay = 0.68> <CoreInst = "RAM">   --->   Core 83 'RAM' <Latency = 1> <II = 1> <Delay = 0.68> <Storage> <Opcode : 'load' 'store'> <Ports = 2> <Width = 16> <Depth = 32> <RAM>
ST_20 : Operation 256 [1/2] (0.68ns)   --->   "%v2_V_1171 = load i5 %local_B_0_addr_306" [./dut.cpp:11555]   --->   Operation 256 'load' 'v2_V_1171' <Predicate = true> <Delay = 0.68> <CoreInst = "RAM">   --->   Core 83 'RAM' <Latency = 1> <II = 1> <Delay = 0.68> <Storage> <Opcode : 'load' 'store'> <Ports = 2> <Width = 16> <Depth = 32> <RAM>
ST_20 : Operation 257 [2/2] (0.68ns)   --->   "%v2_V_1170 = load i5 %local_B_0_addr_307" [./dut.cpp:11556]   --->   Operation 257 'load' 'v2_V_1170' <Predicate = true> <Delay = 0.68> <CoreInst = "RAM">   --->   Core 83 'RAM' <Latency = 1> <II = 1> <Delay = 0.68> <Storage> <Opcode : 'load' 'store'> <Ports = 2> <Width = 16> <Depth = 32> <RAM>
ST_20 : Operation 258 [2/2] (0.68ns)   --->   "%v2_V_1169 = load i5 %local_B_0_addr_308" [./dut.cpp:11557]   --->   Operation 258 'load' 'v2_V_1169' <Predicate = true> <Delay = 0.68> <CoreInst = "RAM">   --->   Core 83 'RAM' <Latency = 1> <II = 1> <Delay = 0.68> <Storage> <Opcode : 'load' 'store'> <Ports = 2> <Width = 16> <Depth = 32> <RAM>
ST_20 : Operation 259 [1/2] (0.68ns)   --->   "%v2_V_1203 = load i5 %local_A_0_addr_305" [./dut.cpp:11595]   --->   Operation 259 'load' 'v2_V_1203' <Predicate = true> <Delay = 0.68> <CoreInst = "RAM">   --->   Core 83 'RAM' <Latency = 1> <II = 1> <Delay = 0.68> <Storage> <Opcode : 'load' 'store'> <Ports = 2> <Width = 16> <Depth = 32> <RAM>
ST_20 : Operation 260 [1/2] (0.68ns)   --->   "%v2_V_1202 = load i5 %local_A_0_addr_306" [./dut.cpp:11596]   --->   Operation 260 'load' 'v2_V_1202' <Predicate = true> <Delay = 0.68> <CoreInst = "RAM">   --->   Core 83 'RAM' <Latency = 1> <II = 1> <Delay = 0.68> <Storage> <Opcode : 'load' 'store'> <Ports = 2> <Width = 16> <Depth = 32> <RAM>
ST_20 : Operation 261 [2/2] (0.68ns)   --->   "%v2_V_1201 = load i5 %local_A_0_addr_307" [./dut.cpp:11597]   --->   Operation 261 'load' 'v2_V_1201' <Predicate = true> <Delay = 0.68> <CoreInst = "RAM">   --->   Core 83 'RAM' <Latency = 1> <II = 1> <Delay = 0.68> <Storage> <Opcode : 'load' 'store'> <Ports = 2> <Width = 16> <Depth = 32> <RAM>
ST_20 : Operation 262 [2/2] (0.68ns)   --->   "%v2_V_1200 = load i5 %local_A_0_addr_308" [./dut.cpp:11598]   --->   Operation 262 'load' 'v2_V_1200' <Predicate = true> <Delay = 0.68> <CoreInst = "RAM">   --->   Core 83 'RAM' <Latency = 1> <II = 1> <Delay = 0.68> <Storage> <Opcode : 'load' 'store'> <Ports = 2> <Width = 16> <Depth = 32> <RAM>

State 21 <SV = 16> <Delay = 0.68>
ST_21 : Operation 263 [1/2] (0.68ns)   --->   "%v2_V_1170 = load i5 %local_B_0_addr_307" [./dut.cpp:11556]   --->   Operation 263 'load' 'v2_V_1170' <Predicate = true> <Delay = 0.68> <CoreInst = "RAM">   --->   Core 83 'RAM' <Latency = 1> <II = 1> <Delay = 0.68> <Storage> <Opcode : 'load' 'store'> <Ports = 2> <Width = 16> <Depth = 32> <RAM>
ST_21 : Operation 264 [1/2] (0.68ns)   --->   "%v2_V_1169 = load i5 %local_B_0_addr_308" [./dut.cpp:11557]   --->   Operation 264 'load' 'v2_V_1169' <Predicate = true> <Delay = 0.68> <CoreInst = "RAM">   --->   Core 83 'RAM' <Latency = 1> <II = 1> <Delay = 0.68> <Storage> <Opcode : 'load' 'store'> <Ports = 2> <Width = 16> <Depth = 32> <RAM>
ST_21 : Operation 265 [2/2] (0.68ns)   --->   "%v2_V_1168 = load i5 %local_B_0_addr_309" [./dut.cpp:11558]   --->   Operation 265 'load' 'v2_V_1168' <Predicate = true> <Delay = 0.68> <CoreInst = "RAM">   --->   Core 83 'RAM' <Latency = 1> <II = 1> <Delay = 0.68> <Storage> <Opcode : 'load' 'store'> <Ports = 2> <Width = 16> <Depth = 32> <RAM>
ST_21 : Operation 266 [2/2] (0.68ns)   --->   "%v2_V_1167 = load i5 %local_B_0_addr_310" [./dut.cpp:11559]   --->   Operation 266 'load' 'v2_V_1167' <Predicate = true> <Delay = 0.68> <CoreInst = "RAM">   --->   Core 83 'RAM' <Latency = 1> <II = 1> <Delay = 0.68> <Storage> <Opcode : 'load' 'store'> <Ports = 2> <Width = 16> <Depth = 32> <RAM>
ST_21 : Operation 267 [1/2] (0.68ns)   --->   "%v2_V_1201 = load i5 %local_A_0_addr_307" [./dut.cpp:11597]   --->   Operation 267 'load' 'v2_V_1201' <Predicate = true> <Delay = 0.68> <CoreInst = "RAM">   --->   Core 83 'RAM' <Latency = 1> <II = 1> <Delay = 0.68> <Storage> <Opcode : 'load' 'store'> <Ports = 2> <Width = 16> <Depth = 32> <RAM>
ST_21 : Operation 268 [1/2] (0.68ns)   --->   "%v2_V_1200 = load i5 %local_A_0_addr_308" [./dut.cpp:11598]   --->   Operation 268 'load' 'v2_V_1200' <Predicate = true> <Delay = 0.68> <CoreInst = "RAM">   --->   Core 83 'RAM' <Latency = 1> <II = 1> <Delay = 0.68> <Storage> <Opcode : 'load' 'store'> <Ports = 2> <Width = 16> <Depth = 32> <RAM>
ST_21 : Operation 269 [2/2] (0.68ns)   --->   "%v2_V_1199 = load i5 %local_A_0_addr_309" [./dut.cpp:11599]   --->   Operation 269 'load' 'v2_V_1199' <Predicate = true> <Delay = 0.68> <CoreInst = "RAM">   --->   Core 83 'RAM' <Latency = 1> <II = 1> <Delay = 0.68> <Storage> <Opcode : 'load' 'store'> <Ports = 2> <Width = 16> <Depth = 32> <RAM>
ST_21 : Operation 270 [2/2] (0.68ns)   --->   "%v2_V_1198 = load i5 %local_A_0_addr_310" [./dut.cpp:11600]   --->   Operation 270 'load' 'v2_V_1198' <Predicate = true> <Delay = 0.68> <CoreInst = "RAM">   --->   Core 83 'RAM' <Latency = 1> <II = 1> <Delay = 0.68> <Storage> <Opcode : 'load' 'store'> <Ports = 2> <Width = 16> <Depth = 32> <RAM>

State 22 <SV = 17> <Delay = 0.68>
ST_22 : Operation 271 [1/2] (0.68ns)   --->   "%v2_V_1168 = load i5 %local_B_0_addr_309" [./dut.cpp:11558]   --->   Operation 271 'load' 'v2_V_1168' <Predicate = true> <Delay = 0.68> <CoreInst = "RAM">   --->   Core 83 'RAM' <Latency = 1> <II = 1> <Delay = 0.68> <Storage> <Opcode : 'load' 'store'> <Ports = 2> <Width = 16> <Depth = 32> <RAM>
ST_22 : Operation 272 [1/2] (0.68ns)   --->   "%v2_V_1167 = load i5 %local_B_0_addr_310" [./dut.cpp:11559]   --->   Operation 272 'load' 'v2_V_1167' <Predicate = true> <Delay = 0.68> <CoreInst = "RAM">   --->   Core 83 'RAM' <Latency = 1> <II = 1> <Delay = 0.68> <Storage> <Opcode : 'load' 'store'> <Ports = 2> <Width = 16> <Depth = 32> <RAM>
ST_22 : Operation 273 [2/2] (0.68ns)   --->   "%v2_V_1166 = load i5 %local_B_0_addr_311" [./dut.cpp:11560]   --->   Operation 273 'load' 'v2_V_1166' <Predicate = true> <Delay = 0.68> <CoreInst = "RAM">   --->   Core 83 'RAM' <Latency = 1> <II = 1> <Delay = 0.68> <Storage> <Opcode : 'load' 'store'> <Ports = 2> <Width = 16> <Depth = 32> <RAM>
ST_22 : Operation 274 [2/2] (0.68ns)   --->   "%v2_V_1165 = load i5 %local_B_0_addr_312" [./dut.cpp:11561]   --->   Operation 274 'load' 'v2_V_1165' <Predicate = true> <Delay = 0.68> <CoreInst = "RAM">   --->   Core 83 'RAM' <Latency = 1> <II = 1> <Delay = 0.68> <Storage> <Opcode : 'load' 'store'> <Ports = 2> <Width = 16> <Depth = 32> <RAM>
ST_22 : Operation 275 [1/2] (0.68ns)   --->   "%v2_V_1199 = load i5 %local_A_0_addr_309" [./dut.cpp:11599]   --->   Operation 275 'load' 'v2_V_1199' <Predicate = true> <Delay = 0.68> <CoreInst = "RAM">   --->   Core 83 'RAM' <Latency = 1> <II = 1> <Delay = 0.68> <Storage> <Opcode : 'load' 'store'> <Ports = 2> <Width = 16> <Depth = 32> <RAM>
ST_22 : Operation 276 [1/2] (0.68ns)   --->   "%v2_V_1198 = load i5 %local_A_0_addr_310" [./dut.cpp:11600]   --->   Operation 276 'load' 'v2_V_1198' <Predicate = true> <Delay = 0.68> <CoreInst = "RAM">   --->   Core 83 'RAM' <Latency = 1> <II = 1> <Delay = 0.68> <Storage> <Opcode : 'load' 'store'> <Ports = 2> <Width = 16> <Depth = 32> <RAM>
ST_22 : Operation 277 [2/2] (0.68ns)   --->   "%v2_V_1197 = load i5 %local_A_0_addr_311" [./dut.cpp:11601]   --->   Operation 277 'load' 'v2_V_1197' <Predicate = true> <Delay = 0.68> <CoreInst = "RAM">   --->   Core 83 'RAM' <Latency = 1> <II = 1> <Delay = 0.68> <Storage> <Opcode : 'load' 'store'> <Ports = 2> <Width = 16> <Depth = 32> <RAM>
ST_22 : Operation 278 [2/2] (0.68ns)   --->   "%v2_V_1196 = load i5 %local_A_0_addr_312" [./dut.cpp:11602]   --->   Operation 278 'load' 'v2_V_1196' <Predicate = true> <Delay = 0.68> <CoreInst = "RAM">   --->   Core 83 'RAM' <Latency = 1> <II = 1> <Delay = 0.68> <Storage> <Opcode : 'load' 'store'> <Ports = 2> <Width = 16> <Depth = 32> <RAM>

State 23 <SV = 18> <Delay = 0.68>
ST_23 : Operation 279 [1/2] (0.68ns)   --->   "%v2_V_1166 = load i5 %local_B_0_addr_311" [./dut.cpp:11560]   --->   Operation 279 'load' 'v2_V_1166' <Predicate = true> <Delay = 0.68> <CoreInst = "RAM">   --->   Core 83 'RAM' <Latency = 1> <II = 1> <Delay = 0.68> <Storage> <Opcode : 'load' 'store'> <Ports = 2> <Width = 16> <Depth = 32> <RAM>
ST_23 : Operation 280 [1/2] (0.68ns)   --->   "%v2_V_1165 = load i5 %local_B_0_addr_312" [./dut.cpp:11561]   --->   Operation 280 'load' 'v2_V_1165' <Predicate = true> <Delay = 0.68> <CoreInst = "RAM">   --->   Core 83 'RAM' <Latency = 1> <II = 1> <Delay = 0.68> <Storage> <Opcode : 'load' 'store'> <Ports = 2> <Width = 16> <Depth = 32> <RAM>
ST_23 : Operation 281 [2/2] (0.68ns)   --->   "%v2_V_1164 = load i5 %local_B_0_addr_313" [./dut.cpp:11562]   --->   Operation 281 'load' 'v2_V_1164' <Predicate = true> <Delay = 0.68> <CoreInst = "RAM">   --->   Core 83 'RAM' <Latency = 1> <II = 1> <Delay = 0.68> <Storage> <Opcode : 'load' 'store'> <Ports = 2> <Width = 16> <Depth = 32> <RAM>
ST_23 : Operation 282 [2/2] (0.68ns)   --->   "%v2_V_1163 = load i5 %local_B_0_addr_314" [./dut.cpp:11563]   --->   Operation 282 'load' 'v2_V_1163' <Predicate = true> <Delay = 0.68> <CoreInst = "RAM">   --->   Core 83 'RAM' <Latency = 1> <II = 1> <Delay = 0.68> <Storage> <Opcode : 'load' 'store'> <Ports = 2> <Width = 16> <Depth = 32> <RAM>
ST_23 : Operation 283 [1/2] (0.68ns)   --->   "%v2_V_1197 = load i5 %local_A_0_addr_311" [./dut.cpp:11601]   --->   Operation 283 'load' 'v2_V_1197' <Predicate = true> <Delay = 0.68> <CoreInst = "RAM">   --->   Core 83 'RAM' <Latency = 1> <II = 1> <Delay = 0.68> <Storage> <Opcode : 'load' 'store'> <Ports = 2> <Width = 16> <Depth = 32> <RAM>
ST_23 : Operation 284 [1/2] (0.68ns)   --->   "%v2_V_1196 = load i5 %local_A_0_addr_312" [./dut.cpp:11602]   --->   Operation 284 'load' 'v2_V_1196' <Predicate = true> <Delay = 0.68> <CoreInst = "RAM">   --->   Core 83 'RAM' <Latency = 1> <II = 1> <Delay = 0.68> <Storage> <Opcode : 'load' 'store'> <Ports = 2> <Width = 16> <Depth = 32> <RAM>
ST_23 : Operation 285 [2/2] (0.68ns)   --->   "%v2_V_1195 = load i5 %local_A_0_addr_313" [./dut.cpp:11603]   --->   Operation 285 'load' 'v2_V_1195' <Predicate = true> <Delay = 0.68> <CoreInst = "RAM">   --->   Core 83 'RAM' <Latency = 1> <II = 1> <Delay = 0.68> <Storage> <Opcode : 'load' 'store'> <Ports = 2> <Width = 16> <Depth = 32> <RAM>
ST_23 : Operation 286 [2/2] (0.68ns)   --->   "%v2_V_1194 = load i5 %local_A_0_addr_314" [./dut.cpp:11604]   --->   Operation 286 'load' 'v2_V_1194' <Predicate = true> <Delay = 0.68> <CoreInst = "RAM">   --->   Core 83 'RAM' <Latency = 1> <II = 1> <Delay = 0.68> <Storage> <Opcode : 'load' 'store'> <Ports = 2> <Width = 16> <Depth = 32> <RAM>

State 24 <SV = 19> <Delay = 0.68>
ST_24 : Operation 287 [1/2] (0.68ns)   --->   "%v2_V_1164 = load i5 %local_B_0_addr_313" [./dut.cpp:11562]   --->   Operation 287 'load' 'v2_V_1164' <Predicate = true> <Delay = 0.68> <CoreInst = "RAM">   --->   Core 83 'RAM' <Latency = 1> <II = 1> <Delay = 0.68> <Storage> <Opcode : 'load' 'store'> <Ports = 2> <Width = 16> <Depth = 32> <RAM>
ST_24 : Operation 288 [1/2] (0.68ns)   --->   "%v2_V_1163 = load i5 %local_B_0_addr_314" [./dut.cpp:11563]   --->   Operation 288 'load' 'v2_V_1163' <Predicate = true> <Delay = 0.68> <CoreInst = "RAM">   --->   Core 83 'RAM' <Latency = 1> <II = 1> <Delay = 0.68> <Storage> <Opcode : 'load' 'store'> <Ports = 2> <Width = 16> <Depth = 32> <RAM>
ST_24 : Operation 289 [2/2] (0.68ns)   --->   "%v2_V_1162 = load i5 %local_B_0_addr_315" [./dut.cpp:11564]   --->   Operation 289 'load' 'v2_V_1162' <Predicate = true> <Delay = 0.68> <CoreInst = "RAM">   --->   Core 83 'RAM' <Latency = 1> <II = 1> <Delay = 0.68> <Storage> <Opcode : 'load' 'store'> <Ports = 2> <Width = 16> <Depth = 32> <RAM>
ST_24 : Operation 290 [2/2] (0.68ns)   --->   "%v2_V_1161 = load i5 %local_B_0_addr_316" [./dut.cpp:11565]   --->   Operation 290 'load' 'v2_V_1161' <Predicate = true> <Delay = 0.68> <CoreInst = "RAM">   --->   Core 83 'RAM' <Latency = 1> <II = 1> <Delay = 0.68> <Storage> <Opcode : 'load' 'store'> <Ports = 2> <Width = 16> <Depth = 32> <RAM>
ST_24 : Operation 291 [1/2] (0.68ns)   --->   "%v2_V_1195 = load i5 %local_A_0_addr_313" [./dut.cpp:11603]   --->   Operation 291 'load' 'v2_V_1195' <Predicate = true> <Delay = 0.68> <CoreInst = "RAM">   --->   Core 83 'RAM' <Latency = 1> <II = 1> <Delay = 0.68> <Storage> <Opcode : 'load' 'store'> <Ports = 2> <Width = 16> <Depth = 32> <RAM>
ST_24 : Operation 292 [1/2] (0.68ns)   --->   "%v2_V_1194 = load i5 %local_A_0_addr_314" [./dut.cpp:11604]   --->   Operation 292 'load' 'v2_V_1194' <Predicate = true> <Delay = 0.68> <CoreInst = "RAM">   --->   Core 83 'RAM' <Latency = 1> <II = 1> <Delay = 0.68> <Storage> <Opcode : 'load' 'store'> <Ports = 2> <Width = 16> <Depth = 32> <RAM>
ST_24 : Operation 293 [2/2] (0.68ns)   --->   "%v2_V_1193 = load i5 %local_A_0_addr_315" [./dut.cpp:11605]   --->   Operation 293 'load' 'v2_V_1193' <Predicate = true> <Delay = 0.68> <CoreInst = "RAM">   --->   Core 83 'RAM' <Latency = 1> <II = 1> <Delay = 0.68> <Storage> <Opcode : 'load' 'store'> <Ports = 2> <Width = 16> <Depth = 32> <RAM>
ST_24 : Operation 294 [2/2] (0.68ns)   --->   "%v2_V_1192 = load i5 %local_A_0_addr_316" [./dut.cpp:11606]   --->   Operation 294 'load' 'v2_V_1192' <Predicate = true> <Delay = 0.68> <CoreInst = "RAM">   --->   Core 83 'RAM' <Latency = 1> <II = 1> <Delay = 0.68> <Storage> <Opcode : 'load' 'store'> <Ports = 2> <Width = 16> <Depth = 32> <RAM>

State 25 <SV = 20> <Delay = 0.68>
ST_25 : Operation 295 [1/2] (0.68ns)   --->   "%v2_V_1162 = load i5 %local_B_0_addr_315" [./dut.cpp:11564]   --->   Operation 295 'load' 'v2_V_1162' <Predicate = true> <Delay = 0.68> <CoreInst = "RAM">   --->   Core 83 'RAM' <Latency = 1> <II = 1> <Delay = 0.68> <Storage> <Opcode : 'load' 'store'> <Ports = 2> <Width = 16> <Depth = 32> <RAM>
ST_25 : Operation 296 [1/2] (0.68ns)   --->   "%v2_V_1161 = load i5 %local_B_0_addr_316" [./dut.cpp:11565]   --->   Operation 296 'load' 'v2_V_1161' <Predicate = true> <Delay = 0.68> <CoreInst = "RAM">   --->   Core 83 'RAM' <Latency = 1> <II = 1> <Delay = 0.68> <Storage> <Opcode : 'load' 'store'> <Ports = 2> <Width = 16> <Depth = 32> <RAM>
ST_25 : Operation 297 [2/2] (0.68ns)   --->   "%v2_V_1160 = load i5 %local_B_0_addr_317" [./dut.cpp:11566]   --->   Operation 297 'load' 'v2_V_1160' <Predicate = true> <Delay = 0.68> <CoreInst = "RAM">   --->   Core 83 'RAM' <Latency = 1> <II = 1> <Delay = 0.68> <Storage> <Opcode : 'load' 'store'> <Ports = 2> <Width = 16> <Depth = 32> <RAM>
ST_25 : Operation 298 [2/2] (0.68ns)   --->   "%v2_V_1159 = load i5 %local_B_0_addr_318" [./dut.cpp:11567]   --->   Operation 298 'load' 'v2_V_1159' <Predicate = true> <Delay = 0.68> <CoreInst = "RAM">   --->   Core 83 'RAM' <Latency = 1> <II = 1> <Delay = 0.68> <Storage> <Opcode : 'load' 'store'> <Ports = 2> <Width = 16> <Depth = 32> <RAM>
ST_25 : Operation 299 [1/2] (0.68ns)   --->   "%v2_V_1193 = load i5 %local_A_0_addr_315" [./dut.cpp:11605]   --->   Operation 299 'load' 'v2_V_1193' <Predicate = true> <Delay = 0.68> <CoreInst = "RAM">   --->   Core 83 'RAM' <Latency = 1> <II = 1> <Delay = 0.68> <Storage> <Opcode : 'load' 'store'> <Ports = 2> <Width = 16> <Depth = 32> <RAM>
ST_25 : Operation 300 [1/2] (0.68ns)   --->   "%v2_V_1192 = load i5 %local_A_0_addr_316" [./dut.cpp:11606]   --->   Operation 300 'load' 'v2_V_1192' <Predicate = true> <Delay = 0.68> <CoreInst = "RAM">   --->   Core 83 'RAM' <Latency = 1> <II = 1> <Delay = 0.68> <Storage> <Opcode : 'load' 'store'> <Ports = 2> <Width = 16> <Depth = 32> <RAM>
ST_25 : Operation 301 [2/2] (0.68ns)   --->   "%v2_V_1191 = load i5 %local_A_0_addr_317" [./dut.cpp:11607]   --->   Operation 301 'load' 'v2_V_1191' <Predicate = true> <Delay = 0.68> <CoreInst = "RAM">   --->   Core 83 'RAM' <Latency = 1> <II = 1> <Delay = 0.68> <Storage> <Opcode : 'load' 'store'> <Ports = 2> <Width = 16> <Depth = 32> <RAM>
ST_25 : Operation 302 [2/2] (0.68ns)   --->   "%v2_V_1190 = load i5 %local_A_0_addr_318" [./dut.cpp:11608]   --->   Operation 302 'load' 'v2_V_1190' <Predicate = true> <Delay = 0.68> <CoreInst = "RAM">   --->   Core 83 'RAM' <Latency = 1> <II = 1> <Delay = 0.68> <Storage> <Opcode : 'load' 'store'> <Ports = 2> <Width = 16> <Depth = 32> <RAM>

State 26 <SV = 21> <Delay = 0.68>
ST_26 : Operation 303 [1/2] (0.68ns)   --->   "%v2_V_1160 = load i5 %local_B_0_addr_317" [./dut.cpp:11566]   --->   Operation 303 'load' 'v2_V_1160' <Predicate = true> <Delay = 0.68> <CoreInst = "RAM">   --->   Core 83 'RAM' <Latency = 1> <II = 1> <Delay = 0.68> <Storage> <Opcode : 'load' 'store'> <Ports = 2> <Width = 16> <Depth = 32> <RAM>
ST_26 : Operation 304 [1/2] (0.68ns)   --->   "%v2_V_1159 = load i5 %local_B_0_addr_318" [./dut.cpp:11567]   --->   Operation 304 'load' 'v2_V_1159' <Predicate = true> <Delay = 0.68> <CoreInst = "RAM">   --->   Core 83 'RAM' <Latency = 1> <II = 1> <Delay = 0.68> <Storage> <Opcode : 'load' 'store'> <Ports = 2> <Width = 16> <Depth = 32> <RAM>
ST_26 : Operation 305 [2/2] (0.68ns)   --->   "%v2_V_1158 = load i5 %local_B_0_addr_319" [./dut.cpp:11568]   --->   Operation 305 'load' 'v2_V_1158' <Predicate = true> <Delay = 0.68> <CoreInst = "RAM">   --->   Core 83 'RAM' <Latency = 1> <II = 1> <Delay = 0.68> <Storage> <Opcode : 'load' 'store'> <Ports = 2> <Width = 16> <Depth = 32> <RAM>
ST_26 : Operation 306 [2/2] (0.68ns)   --->   "%v2_V_1157 = load i5 %local_B_0_addr_320" [./dut.cpp:11569]   --->   Operation 306 'load' 'v2_V_1157' <Predicate = true> <Delay = 0.68> <CoreInst = "RAM">   --->   Core 83 'RAM' <Latency = 1> <II = 1> <Delay = 0.68> <Storage> <Opcode : 'load' 'store'> <Ports = 2> <Width = 16> <Depth = 32> <RAM>
ST_26 : Operation 307 [1/2] (0.68ns)   --->   "%v2_V_1191 = load i5 %local_A_0_addr_317" [./dut.cpp:11607]   --->   Operation 307 'load' 'v2_V_1191' <Predicate = true> <Delay = 0.68> <CoreInst = "RAM">   --->   Core 83 'RAM' <Latency = 1> <II = 1> <Delay = 0.68> <Storage> <Opcode : 'load' 'store'> <Ports = 2> <Width = 16> <Depth = 32> <RAM>
ST_26 : Operation 308 [1/2] (0.68ns)   --->   "%v2_V_1190 = load i5 %local_A_0_addr_318" [./dut.cpp:11608]   --->   Operation 308 'load' 'v2_V_1190' <Predicate = true> <Delay = 0.68> <CoreInst = "RAM">   --->   Core 83 'RAM' <Latency = 1> <II = 1> <Delay = 0.68> <Storage> <Opcode : 'load' 'store'> <Ports = 2> <Width = 16> <Depth = 32> <RAM>
ST_26 : Operation 309 [2/2] (0.68ns)   --->   "%v2_V_1189 = load i5 %local_A_0_addr_319" [./dut.cpp:11609]   --->   Operation 309 'load' 'v2_V_1189' <Predicate = true> <Delay = 0.68> <CoreInst = "RAM">   --->   Core 83 'RAM' <Latency = 1> <II = 1> <Delay = 0.68> <Storage> <Opcode : 'load' 'store'> <Ports = 2> <Width = 16> <Depth = 32> <RAM>
ST_26 : Operation 310 [2/2] (0.68ns)   --->   "%v2_V_1188 = load i5 %local_A_0_addr_320" [./dut.cpp:11610]   --->   Operation 310 'load' 'v2_V_1188' <Predicate = true> <Delay = 0.68> <CoreInst = "RAM">   --->   Core 83 'RAM' <Latency = 1> <II = 1> <Delay = 0.68> <Storage> <Opcode : 'load' 'store'> <Ports = 2> <Width = 16> <Depth = 32> <RAM>

State 27 <SV = 22> <Delay = 0.68>
ST_27 : Operation 311 [1/2] (0.68ns)   --->   "%v2_V_1158 = load i5 %local_B_0_addr_319" [./dut.cpp:11568]   --->   Operation 311 'load' 'v2_V_1158' <Predicate = true> <Delay = 0.68> <CoreInst = "RAM">   --->   Core 83 'RAM' <Latency = 1> <II = 1> <Delay = 0.68> <Storage> <Opcode : 'load' 'store'> <Ports = 2> <Width = 16> <Depth = 32> <RAM>
ST_27 : Operation 312 [1/2] (0.68ns)   --->   "%v2_V_1157 = load i5 %local_B_0_addr_320" [./dut.cpp:11569]   --->   Operation 312 'load' 'v2_V_1157' <Predicate = true> <Delay = 0.68> <CoreInst = "RAM">   --->   Core 83 'RAM' <Latency = 1> <II = 1> <Delay = 0.68> <Storage> <Opcode : 'load' 'store'> <Ports = 2> <Width = 16> <Depth = 32> <RAM>
ST_27 : Operation 313 [2/2] (0.68ns)   --->   "%v2_V_1156 = load i5 %local_B_0_addr_321" [./dut.cpp:11570]   --->   Operation 313 'load' 'v2_V_1156' <Predicate = true> <Delay = 0.68> <CoreInst = "RAM">   --->   Core 83 'RAM' <Latency = 1> <II = 1> <Delay = 0.68> <Storage> <Opcode : 'load' 'store'> <Ports = 2> <Width = 16> <Depth = 32> <RAM>
ST_27 : Operation 314 [2/2] (0.68ns)   --->   "%v2_V_1155 = load i5 %local_B_0_addr_322" [./dut.cpp:11571]   --->   Operation 314 'load' 'v2_V_1155' <Predicate = true> <Delay = 0.68> <CoreInst = "RAM">   --->   Core 83 'RAM' <Latency = 1> <II = 1> <Delay = 0.68> <Storage> <Opcode : 'load' 'store'> <Ports = 2> <Width = 16> <Depth = 32> <RAM>
ST_27 : Operation 315 [1/2] (0.68ns)   --->   "%v2_V_1189 = load i5 %local_A_0_addr_319" [./dut.cpp:11609]   --->   Operation 315 'load' 'v2_V_1189' <Predicate = true> <Delay = 0.68> <CoreInst = "RAM">   --->   Core 83 'RAM' <Latency = 1> <II = 1> <Delay = 0.68> <Storage> <Opcode : 'load' 'store'> <Ports = 2> <Width = 16> <Depth = 32> <RAM>
ST_27 : Operation 316 [1/2] (0.68ns)   --->   "%v2_V_1188 = load i5 %local_A_0_addr_320" [./dut.cpp:11610]   --->   Operation 316 'load' 'v2_V_1188' <Predicate = true> <Delay = 0.68> <CoreInst = "RAM">   --->   Core 83 'RAM' <Latency = 1> <II = 1> <Delay = 0.68> <Storage> <Opcode : 'load' 'store'> <Ports = 2> <Width = 16> <Depth = 32> <RAM>
ST_27 : Operation 317 [2/2] (0.68ns)   --->   "%v2_V_1187 = load i5 %local_A_0_addr_321" [./dut.cpp:11611]   --->   Operation 317 'load' 'v2_V_1187' <Predicate = true> <Delay = 0.68> <CoreInst = "RAM">   --->   Core 83 'RAM' <Latency = 1> <II = 1> <Delay = 0.68> <Storage> <Opcode : 'load' 'store'> <Ports = 2> <Width = 16> <Depth = 32> <RAM>
ST_27 : Operation 318 [2/2] (0.68ns)   --->   "%v2_V_1186 = load i5 %local_A_0_addr_322" [./dut.cpp:11612]   --->   Operation 318 'load' 'v2_V_1186' <Predicate = true> <Delay = 0.68> <CoreInst = "RAM">   --->   Core 83 'RAM' <Latency = 1> <II = 1> <Delay = 0.68> <Storage> <Opcode : 'load' 'store'> <Ports = 2> <Width = 16> <Depth = 32> <RAM>

State 28 <SV = 23> <Delay = 0.68>
ST_28 : Operation 319 [1/2] (0.68ns)   --->   "%v2_V_1156 = load i5 %local_B_0_addr_321" [./dut.cpp:11570]   --->   Operation 319 'load' 'v2_V_1156' <Predicate = true> <Delay = 0.68> <CoreInst = "RAM">   --->   Core 83 'RAM' <Latency = 1> <II = 1> <Delay = 0.68> <Storage> <Opcode : 'load' 'store'> <Ports = 2> <Width = 16> <Depth = 32> <RAM>
ST_28 : Operation 320 [1/2] (0.68ns)   --->   "%v2_V_1155 = load i5 %local_B_0_addr_322" [./dut.cpp:11571]   --->   Operation 320 'load' 'v2_V_1155' <Predicate = true> <Delay = 0.68> <CoreInst = "RAM">   --->   Core 83 'RAM' <Latency = 1> <II = 1> <Delay = 0.68> <Storage> <Opcode : 'load' 'store'> <Ports = 2> <Width = 16> <Depth = 32> <RAM>
ST_28 : Operation 321 [2/2] (0.68ns)   --->   "%v2_V_1154 = load i5 %local_B_0_addr_323" [./dut.cpp:11572]   --->   Operation 321 'load' 'v2_V_1154' <Predicate = true> <Delay = 0.68> <CoreInst = "RAM">   --->   Core 83 'RAM' <Latency = 1> <II = 1> <Delay = 0.68> <Storage> <Opcode : 'load' 'store'> <Ports = 2> <Width = 16> <Depth = 32> <RAM>
ST_28 : Operation 322 [2/2] (0.68ns)   --->   "%v2_V_1153 = load i5 %local_B_0_addr_324" [./dut.cpp:11573]   --->   Operation 322 'load' 'v2_V_1153' <Predicate = true> <Delay = 0.68> <CoreInst = "RAM">   --->   Core 83 'RAM' <Latency = 1> <II = 1> <Delay = 0.68> <Storage> <Opcode : 'load' 'store'> <Ports = 2> <Width = 16> <Depth = 32> <RAM>
ST_28 : Operation 323 [1/2] (0.68ns)   --->   "%v2_V_1187 = load i5 %local_A_0_addr_321" [./dut.cpp:11611]   --->   Operation 323 'load' 'v2_V_1187' <Predicate = true> <Delay = 0.68> <CoreInst = "RAM">   --->   Core 83 'RAM' <Latency = 1> <II = 1> <Delay = 0.68> <Storage> <Opcode : 'load' 'store'> <Ports = 2> <Width = 16> <Depth = 32> <RAM>
ST_28 : Operation 324 [1/2] (0.68ns)   --->   "%v2_V_1186 = load i5 %local_A_0_addr_322" [./dut.cpp:11612]   --->   Operation 324 'load' 'v2_V_1186' <Predicate = true> <Delay = 0.68> <CoreInst = "RAM">   --->   Core 83 'RAM' <Latency = 1> <II = 1> <Delay = 0.68> <Storage> <Opcode : 'load' 'store'> <Ports = 2> <Width = 16> <Depth = 32> <RAM>
ST_28 : Operation 325 [2/2] (0.68ns)   --->   "%v2_V_1185 = load i5 %local_A_0_addr_323" [./dut.cpp:11613]   --->   Operation 325 'load' 'v2_V_1185' <Predicate = true> <Delay = 0.68> <CoreInst = "RAM">   --->   Core 83 'RAM' <Latency = 1> <II = 1> <Delay = 0.68> <Storage> <Opcode : 'load' 'store'> <Ports = 2> <Width = 16> <Depth = 32> <RAM>
ST_28 : Operation 326 [2/2] (0.68ns)   --->   "%v2_V_1184 = load i5 %local_A_0_addr_324" [./dut.cpp:11614]   --->   Operation 326 'load' 'v2_V_1184' <Predicate = true> <Delay = 0.68> <CoreInst = "RAM">   --->   Core 83 'RAM' <Latency = 1> <II = 1> <Delay = 0.68> <Storage> <Opcode : 'load' 'store'> <Ports = 2> <Width = 16> <Depth = 32> <RAM>

State 29 <SV = 24> <Delay = 0.68>
ST_29 : Operation 327 [1/2] (0.68ns)   --->   "%v2_V_1154 = load i5 %local_B_0_addr_323" [./dut.cpp:11572]   --->   Operation 327 'load' 'v2_V_1154' <Predicate = true> <Delay = 0.68> <CoreInst = "RAM">   --->   Core 83 'RAM' <Latency = 1> <II = 1> <Delay = 0.68> <Storage> <Opcode : 'load' 'store'> <Ports = 2> <Width = 16> <Depth = 32> <RAM>
ST_29 : Operation 328 [1/2] (0.68ns)   --->   "%v2_V_1153 = load i5 %local_B_0_addr_324" [./dut.cpp:11573]   --->   Operation 328 'load' 'v2_V_1153' <Predicate = true> <Delay = 0.68> <CoreInst = "RAM">   --->   Core 83 'RAM' <Latency = 1> <II = 1> <Delay = 0.68> <Storage> <Opcode : 'load' 'store'> <Ports = 2> <Width = 16> <Depth = 32> <RAM>
ST_29 : Operation 329 [2/2] (0.68ns)   --->   "%v2_V_1152 = load i5 %local_B_0_addr_325" [./dut.cpp:11574]   --->   Operation 329 'load' 'v2_V_1152' <Predicate = true> <Delay = 0.68> <CoreInst = "RAM">   --->   Core 83 'RAM' <Latency = 1> <II = 1> <Delay = 0.68> <Storage> <Opcode : 'load' 'store'> <Ports = 2> <Width = 16> <Depth = 32> <RAM>
ST_29 : Operation 330 [2/2] (0.68ns)   --->   "%v2_V_1151 = load i5 %local_B_0_addr_326" [./dut.cpp:11575]   --->   Operation 330 'load' 'v2_V_1151' <Predicate = true> <Delay = 0.68> <CoreInst = "RAM">   --->   Core 83 'RAM' <Latency = 1> <II = 1> <Delay = 0.68> <Storage> <Opcode : 'load' 'store'> <Ports = 2> <Width = 16> <Depth = 32> <RAM>
ST_29 : Operation 331 [1/2] (0.68ns)   --->   "%v2_V_1185 = load i5 %local_A_0_addr_323" [./dut.cpp:11613]   --->   Operation 331 'load' 'v2_V_1185' <Predicate = true> <Delay = 0.68> <CoreInst = "RAM">   --->   Core 83 'RAM' <Latency = 1> <II = 1> <Delay = 0.68> <Storage> <Opcode : 'load' 'store'> <Ports = 2> <Width = 16> <Depth = 32> <RAM>
ST_29 : Operation 332 [1/2] (0.68ns)   --->   "%v2_V_1184 = load i5 %local_A_0_addr_324" [./dut.cpp:11614]   --->   Operation 332 'load' 'v2_V_1184' <Predicate = true> <Delay = 0.68> <CoreInst = "RAM">   --->   Core 83 'RAM' <Latency = 1> <II = 1> <Delay = 0.68> <Storage> <Opcode : 'load' 'store'> <Ports = 2> <Width = 16> <Depth = 32> <RAM>
ST_29 : Operation 333 [2/2] (0.68ns)   --->   "%v2_V_1183 = load i5 %local_A_0_addr_325" [./dut.cpp:11615]   --->   Operation 333 'load' 'v2_V_1183' <Predicate = true> <Delay = 0.68> <CoreInst = "RAM">   --->   Core 83 'RAM' <Latency = 1> <II = 1> <Delay = 0.68> <Storage> <Opcode : 'load' 'store'> <Ports = 2> <Width = 16> <Depth = 32> <RAM>
ST_29 : Operation 334 [2/2] (0.68ns)   --->   "%v2_V_1182 = load i5 %local_A_0_addr_326" [./dut.cpp:11616]   --->   Operation 334 'load' 'v2_V_1182' <Predicate = true> <Delay = 0.68> <CoreInst = "RAM">   --->   Core 83 'RAM' <Latency = 1> <II = 1> <Delay = 0.68> <Storage> <Opcode : 'load' 'store'> <Ports = 2> <Width = 16> <Depth = 32> <RAM>

State 30 <SV = 25> <Delay = 0.68>
ST_30 : Operation 335 [1/2] (0.68ns)   --->   "%v2_V_1152 = load i5 %local_B_0_addr_325" [./dut.cpp:11574]   --->   Operation 335 'load' 'v2_V_1152' <Predicate = true> <Delay = 0.68> <CoreInst = "RAM">   --->   Core 83 'RAM' <Latency = 1> <II = 1> <Delay = 0.68> <Storage> <Opcode : 'load' 'store'> <Ports = 2> <Width = 16> <Depth = 32> <RAM>
ST_30 : Operation 336 [1/2] (0.68ns)   --->   "%v2_V_1151 = load i5 %local_B_0_addr_326" [./dut.cpp:11575]   --->   Operation 336 'load' 'v2_V_1151' <Predicate = true> <Delay = 0.68> <CoreInst = "RAM">   --->   Core 83 'RAM' <Latency = 1> <II = 1> <Delay = 0.68> <Storage> <Opcode : 'load' 'store'> <Ports = 2> <Width = 16> <Depth = 32> <RAM>
ST_30 : Operation 337 [2/2] (0.68ns)   --->   "%v2_V_1150 = load i5 %local_B_0_addr_327" [./dut.cpp:11576]   --->   Operation 337 'load' 'v2_V_1150' <Predicate = true> <Delay = 0.68> <CoreInst = "RAM">   --->   Core 83 'RAM' <Latency = 1> <II = 1> <Delay = 0.68> <Storage> <Opcode : 'load' 'store'> <Ports = 2> <Width = 16> <Depth = 32> <RAM>
ST_30 : Operation 338 [2/2] (0.68ns)   --->   "%v2_V = load i5 %local_B_0_addr_328" [./dut.cpp:11577]   --->   Operation 338 'load' 'v2_V' <Predicate = true> <Delay = 0.68> <CoreInst = "RAM">   --->   Core 83 'RAM' <Latency = 1> <II = 1> <Delay = 0.68> <Storage> <Opcode : 'load' 'store'> <Ports = 2> <Width = 16> <Depth = 32> <RAM>
ST_30 : Operation 339 [1/2] (0.68ns)   --->   "%v2_V_1183 = load i5 %local_A_0_addr_325" [./dut.cpp:11615]   --->   Operation 339 'load' 'v2_V_1183' <Predicate = true> <Delay = 0.68> <CoreInst = "RAM">   --->   Core 83 'RAM' <Latency = 1> <II = 1> <Delay = 0.68> <Storage> <Opcode : 'load' 'store'> <Ports = 2> <Width = 16> <Depth = 32> <RAM>
ST_30 : Operation 340 [1/2] (0.68ns)   --->   "%v2_V_1182 = load i5 %local_A_0_addr_326" [./dut.cpp:11616]   --->   Operation 340 'load' 'v2_V_1182' <Predicate = true> <Delay = 0.68> <CoreInst = "RAM">   --->   Core 83 'RAM' <Latency = 1> <II = 1> <Delay = 0.68> <Storage> <Opcode : 'load' 'store'> <Ports = 2> <Width = 16> <Depth = 32> <RAM>
ST_30 : Operation 341 [2/2] (0.68ns)   --->   "%v2_V_1181 = load i5 %local_A_0_addr_327" [./dut.cpp:11617]   --->   Operation 341 'load' 'v2_V_1181' <Predicate = true> <Delay = 0.68> <CoreInst = "RAM">   --->   Core 83 'RAM' <Latency = 1> <II = 1> <Delay = 0.68> <Storage> <Opcode : 'load' 'store'> <Ports = 2> <Width = 16> <Depth = 32> <RAM>
ST_30 : Operation 342 [2/2] (0.68ns)   --->   "%v2_V_1180 = load i5 %local_A_0_addr_328" [./dut.cpp:11618]   --->   Operation 342 'load' 'v2_V_1180' <Predicate = true> <Delay = 0.68> <CoreInst = "RAM">   --->   Core 83 'RAM' <Latency = 1> <II = 1> <Delay = 0.68> <Storage> <Opcode : 'load' 'store'> <Ports = 2> <Width = 16> <Depth = 32> <RAM>

State 31 <SV = 26> <Delay = 1.89>
ST_31 : Operation 343 [1/2] (0.68ns)   --->   "%v2_V_1150 = load i5 %local_B_0_addr_327" [./dut.cpp:11576]   --->   Operation 343 'load' 'v2_V_1150' <Predicate = true> <Delay = 0.68> <CoreInst = "RAM">   --->   Core 83 'RAM' <Latency = 1> <II = 1> <Delay = 0.68> <Storage> <Opcode : 'load' 'store'> <Ports = 2> <Width = 16> <Depth = 32> <RAM>
ST_31 : Operation 344 [1/2] (0.68ns)   --->   "%v2_V = load i5 %local_B_0_addr_328" [./dut.cpp:11577]   --->   Operation 344 'load' 'v2_V' <Predicate = true> <Delay = 0.68> <CoreInst = "RAM">   --->   Core 83 'RAM' <Latency = 1> <II = 1> <Delay = 0.68> <Storage> <Opcode : 'load' 'store'> <Ports = 2> <Width = 16> <Depth = 32> <RAM>
ST_31 : Operation 345 [1/1] (0.00ns)   --->   "%p_Result_s = bitconcatenate i512 @_ssdm_op_BitConcatenate.i512.i16.i16.i16.i16.i16.i16.i16.i16.i16.i16.i16.i16.i16.i16.i16.i16.i16.i16.i16.i16.i16.i16.i16.i16.i16.i16.i16.i16.i16.i16.i16.i16, i16 %v1_V, i16 %v2_V_1179, i16 %v2_V_1178, i16 %v2_V_1177, i16 %v2_V_1176, i16 %v2_V_1175, i16 %v2_V_1174, i16 %v2_V_1173, i16 %v2_V_1172, i16 %v2_V_1171, i16 %v2_V_1170, i16 %v2_V_1169, i16 %v2_V_1168, i16 %v2_V_1167, i16 %v2_V_1166, i16 %v2_V_1165, i16 %v2_V_1164, i16 %v2_V_1163, i16 %v2_V_1162, i16 %v2_V_1161, i16 %v2_V_1160, i16 %v2_V_1159, i16 %v2_V_1158, i16 %v2_V_1157, i16 %v2_V_1156, i16 %v2_V_1155, i16 %v2_V_1154, i16 %v2_V_1153, i16 %v2_V_1152, i16 %v2_V_1151, i16 %v2_V_1150, i16 %v2_V"   --->   Operation 345 'bitconcatenate' 'p_Result_s' <Predicate = true> <Delay = 0.00>
ST_31 : Operation 346 [1/1] (1.21ns)   --->   "%write_ln174 = write void @_ssdm_op_Write.ap_fifo.volatile.i512P0A, i512 %fifo_B_PE_8_3_x0127, i512 %p_Result_s" [/home/rcslfpgaserver/Softwares/Xilinx/Vitis_HLS/2020.2/common/technology/autopilot/hls_stream_39.h:174]   --->   Operation 346 'write' 'write_ln174' <Predicate = true> <Delay = 1.21> <CoreInst = "FIFO_SRL">   --->   Core 81 'FIFO_SRL' <Latency = 0> <II = 1> <Delay = 1.41> <Storage> <Opcode : 'read' 'write' 'nbread' 'nbwrite'> <Ports = 0> <Width = 512> <Depth = 2> <FIFO>
ST_31 : Operation 347 [1/2] (0.68ns)   --->   "%v2_V_1181 = load i5 %local_A_0_addr_327" [./dut.cpp:11617]   --->   Operation 347 'load' 'v2_V_1181' <Predicate = true> <Delay = 0.68> <CoreInst = "RAM">   --->   Core 83 'RAM' <Latency = 1> <II = 1> <Delay = 0.68> <Storage> <Opcode : 'load' 'store'> <Ports = 2> <Width = 16> <Depth = 32> <RAM>
ST_31 : Operation 348 [1/2] (0.68ns)   --->   "%v2_V_1180 = load i5 %local_A_0_addr_328" [./dut.cpp:11618]   --->   Operation 348 'load' 'v2_V_1180' <Predicate = true> <Delay = 0.68> <CoreInst = "RAM">   --->   Core 83 'RAM' <Latency = 1> <II = 1> <Delay = 0.68> <Storage> <Opcode : 'load' 'store'> <Ports = 2> <Width = 16> <Depth = 32> <RAM>
ST_31 : Operation 349 [1/1] (0.00ns)   --->   "%p_Result_10 = bitconcatenate i512 @_ssdm_op_BitConcatenate.i512.i16.i16.i16.i16.i16.i16.i16.i16.i16.i16.i16.i16.i16.i16.i16.i16.i16.i16.i16.i16.i16.i16.i16.i16.i16.i16.i16.i16.i16.i16.i16.i16, i16 %v1_V_10, i16 %v2_V_1210, i16 %v2_V_1209, i16 %v2_V_1208, i16 %v2_V_1207, i16 %v2_V_1206, i16 %v2_V_1205, i16 %v2_V_1204, i16 %v2_V_1203, i16 %v2_V_1202, i16 %v2_V_1201, i16 %v2_V_1200, i16 %v2_V_1199, i16 %v2_V_1198, i16 %v2_V_1197, i16 %v2_V_1196, i16 %v2_V_1195, i16 %v2_V_1194, i16 %v2_V_1193, i16 %v2_V_1192, i16 %v2_V_1191, i16 %v2_V_1190, i16 %v2_V_1189, i16 %v2_V_1188, i16 %v2_V_1187, i16 %v2_V_1186, i16 %v2_V_1185, i16 %v2_V_1184, i16 %v2_V_1183, i16 %v2_V_1182, i16 %v2_V_1181, i16 %v2_V_1180"   --->   Operation 349 'bitconcatenate' 'p_Result_10' <Predicate = true> <Delay = 0.00>
ST_31 : Operation 350 [1/1] (1.21ns)   --->   "%write_ln174 = write void @_ssdm_op_Write.ap_fifo.volatile.i512P0A, i512 %fifo_A_PE_7_4_x087, i512 %p_Result_10" [/home/rcslfpgaserver/Softwares/Xilinx/Vitis_HLS/2020.2/common/technology/autopilot/hls_stream_39.h:174]   --->   Operation 350 'write' 'write_ln174' <Predicate = true> <Delay = 1.21> <CoreInst = "FIFO_SRL">   --->   Core 81 'FIFO_SRL' <Latency = 0> <II = 1> <Delay = 1.41> <Storage> <Opcode : 'read' 'write' 'nbread' 'nbwrite'> <Ports = 0> <Width = 512> <Depth = 2> <FIFO>
ST_31 : Operation 351 [1/1] (0.00ns)   --->   "%br_ln0 = br void"   --->   Operation 351 'br' 'br_ln0' <Predicate = true> <Delay = 0.00>


============================================================
+ Verbose Summary: Timing violations
============================================================
Target clock period: 3.33ns, clock uncertainty: 0.9ns.

 <State 1>: 0.387ns
The critical path consists of the following:
	multiplexor before 'phi' operation ('c0.V') with incoming values : ('add_ln691') [85]  (0.387 ns)

 <State 2>: 0.707ns
The critical path consists of the following:
	'phi' operation ('c0.V') with incoming values : ('add_ln691') [85]  (0 ns)
	'add' operation ('add_ln691') [86]  (0.707 ns)

 <State 3>: 0.707ns
The critical path consists of the following:
	'phi' operation ('c1.V') with incoming values : ('add_ln691_64') [94]  (0 ns)
	'add' operation ('add_ln691_64') [95]  (0.707 ns)

 <State 4>: 0.706ns
The critical path consists of the following:
	'phi' operation ('c2.V') with incoming values : ('add_ln691_65') [103]  (0 ns)
	'add' operation ('add_ln691_65') [104]  (0.706 ns)

 <State 5>: 0.708ns
The critical path consists of the following:
	'phi' operation ('c6.V') with incoming values : ('add_ln691_66') [114]  (0 ns)
	'add' operation ('add_ln691_66') [115]  (0.708 ns)

 <State 6>: 1.87ns
The critical path consists of the following:
	fifo read on port 'fifo_A_PE_7_3_x086' (/home/rcslfpgaserver/Softwares/Xilinx/Vitis_HLS/2020.2/common/technology/autopilot/hls_stream_39.h:145) [136]  (1.22 ns)
	blocking operation 0.656 ns on control path)

 <State 7>: 1.84ns
The critical path consists of the following:
	fifo read on port 'fifo_B_PE_7_3_x0126' (/home/rcslfpgaserver/Softwares/Xilinx/Vitis_HLS/2020.2/common/technology/autopilot/hls_stream_39.h:145) [155]  (1.22 ns)
	blocking operation 0.619 ns on control path)

 <State 8>: 1.3ns
The critical path consists of the following:
	'phi' operation ('n.V') with incoming values : ('add_ln691_68') [158]  (0 ns)
	'add' operation ('add_ln691_68') [160]  (0.706 ns)
	blocking operation 0.595 ns on control path)

 <State 9>: 0.683ns
The critical path consists of the following:
	'load' operation ('local_C_load', ./dut.cpp:11535) on array 'local_C', ./dut.cpp:11488 [179]  (0.683 ns)

 <State 10>: 0.683ns
The critical path consists of the following:
	'load' operation ('local_C_load', ./dut.cpp:11535) on array 'local_C', ./dut.cpp:11488 [179]  (0.683 ns)

 <State 11>: 1.84ns
The critical path consists of the following:
	'phi' operation ('empty_3202', ./dut.cpp:11535) with incoming values : ('local_C_load', ./dut.cpp:11535) ('add_ln11535', ./dut.cpp:11535) [183]  (0 ns)
	fifo write on port 'fifo_C_drain_PE_7_3_x0195' (/home/rcslfpgaserver/Softwares/Xilinx/Vitis_HLS/2020.2/common/technology/autopilot/hls_stream_39.h:174) [202]  (1.22 ns)
	blocking operation 0.619 ns on control path)

 <State 12>: 1.68ns
The critical path consists of the following:
	'load' operation ('local_A_0_load', ./dut.cpp:11535) on array 'local_A[0]', ./dut.cpp:11484 [192]  (0.683 ns)
	'mul' operation of DSP[196] ('mul_ln11535', ./dut.cpp:11535) [195]  (0.996 ns)

 <State 13>: 0.996ns
The critical path consists of the following:
	'mul' operation of DSP[196] ('mul_ln11535', ./dut.cpp:11535) [195]  (0.996 ns)

 <State 14>: 0.645ns
The critical path consists of the following:
	'mul' operation of DSP[196] ('mul_ln11535', ./dut.cpp:11535) [195]  (0 ns)
	'add' operation of DSP[196] ('add_ln11535', ./dut.cpp:11535) [196]  (0.645 ns)

 <State 15>: 0.645ns
The critical path consists of the following:
	'add' operation of DSP[196] ('add_ln11535', ./dut.cpp:11535) [196]  (0.645 ns)

 <State 16>: 0.683ns
The critical path consists of the following:
	'load' operation ('v1.V', ./dut.cpp:11546) on array 'local_B[0]', ./dut.cpp:11486 [205]  (0.683 ns)

 <State 17>: 0.683ns
The critical path consists of the following:
	'load' operation ('v2.V', ./dut.cpp:11548) on array 'local_B[0]', ./dut.cpp:11486 [207]  (0.683 ns)

 <State 18>: 0.683ns
The critical path consists of the following:
	'load' operation ('v2.V', ./dut.cpp:11550) on array 'local_B[0]', ./dut.cpp:11486 [209]  (0.683 ns)

 <State 19>: 0.683ns
The critical path consists of the following:
	'load' operation ('v2.V', ./dut.cpp:11552) on array 'local_B[0]', ./dut.cpp:11486 [211]  (0.683 ns)

 <State 20>: 0.683ns
The critical path consists of the following:
	'load' operation ('v2.V', ./dut.cpp:11554) on array 'local_B[0]', ./dut.cpp:11486 [213]  (0.683 ns)

 <State 21>: 0.683ns
The critical path consists of the following:
	'load' operation ('v2.V', ./dut.cpp:11556) on array 'local_B[0]', ./dut.cpp:11486 [215]  (0.683 ns)

 <State 22>: 0.683ns
The critical path consists of the following:
	'load' operation ('v2.V', ./dut.cpp:11558) on array 'local_B[0]', ./dut.cpp:11486 [217]  (0.683 ns)

 <State 23>: 0.683ns
The critical path consists of the following:
	'load' operation ('v2.V', ./dut.cpp:11560) on array 'local_B[0]', ./dut.cpp:11486 [219]  (0.683 ns)

 <State 24>: 0.683ns
The critical path consists of the following:
	'load' operation ('v2.V', ./dut.cpp:11562) on array 'local_B[0]', ./dut.cpp:11486 [221]  (0.683 ns)

 <State 25>: 0.683ns
The critical path consists of the following:
	'load' operation ('v2.V', ./dut.cpp:11564) on array 'local_B[0]', ./dut.cpp:11486 [223]  (0.683 ns)

 <State 26>: 0.683ns
The critical path consists of the following:
	'load' operation ('v2.V', ./dut.cpp:11566) on array 'local_B[0]', ./dut.cpp:11486 [225]  (0.683 ns)

 <State 27>: 0.683ns
The critical path consists of the following:
	'load' operation ('v2.V', ./dut.cpp:11568) on array 'local_B[0]', ./dut.cpp:11486 [227]  (0.683 ns)

 <State 28>: 0.683ns
The critical path consists of the following:
	'load' operation ('v2.V', ./dut.cpp:11570) on array 'local_B[0]', ./dut.cpp:11486 [229]  (0.683 ns)

 <State 29>: 0.683ns
The critical path consists of the following:
	'load' operation ('v2.V', ./dut.cpp:11572) on array 'local_B[0]', ./dut.cpp:11486 [231]  (0.683 ns)

 <State 30>: 0.683ns
The critical path consists of the following:
	'load' operation ('v2.V', ./dut.cpp:11574) on array 'local_B[0]', ./dut.cpp:11486 [233]  (0.683 ns)

 <State 31>: 1.9ns
The critical path consists of the following:
	'load' operation ('v2.V', ./dut.cpp:11576) on array 'local_B[0]', ./dut.cpp:11486 [235]  (0.683 ns)
	fifo write on port 'fifo_B_PE_8_3_x0127' (/home/rcslfpgaserver/Softwares/Xilinx/Vitis_HLS/2020.2/common/technology/autopilot/hls_stream_39.h:174) [238]  (1.22 ns)


============================================================
+ Verbose Summary: Binding
============================================================
N/A
* FSMD analyzer results:
  - Output states:
 - Input state : 
  - Chain level:
	State 1
	State 2
	State 3
	State 4
	State 5
	State 6
	State 7
	State 8
	State 9
	State 10
	State 11
	State 12
	State 13
	State 14
	State 15
	State 16
	State 17
	State 18
	State 19
	State 20
	State 21
	State 22
	State 23
	State 24
	State 25
	State 26
	State 27
	State 28
	State 29
	State 30
	State 31


============================================================
+ Verbose Summary: Datapath Resource usage 
============================================================
N/A
