

================================================================
== Vitis HLS Report for 'top'
================================================================
* Date:           Fri Sep 16 22:30:43 2022

* Version:        2020.2 (Build 3064766 on Wed Nov 18 09:12:47 MST 2020)
* Project:        top
* Solution:       solution (Vitis Kernel Flow Target)
* Product family: virtexuplus
* Target device:  xcu250-figd2104-2L-e


================================================================
== Performance Estimates
================================================================
+ Timing: 
    * Summary: 
    +--------+---------+----------+------------+
    |  Clock |  Target | Estimated| Uncertainty|
    +--------+---------+----------+------------+
    |ap_clk  |  3.33 ns|  2.433 ns|     0.90 ns|
    +--------+---------+----------+------------+

+ Latency: 
    * Summary: 
    +----------+----------+-----------+-----------+----------+----------+---------+
    |   Latency (cycles)  |   Latency (absolute)  |       Interval      | Pipeline|
    |    min   |    max   |    min    |    max    |    min   |    max   |   Type  |
    +----------+----------+-----------+-----------+----------+----------+---------+
    |  66720915|  66733747|  0.222 sec|  0.222 sec|  66720916|  66733748|     none|
    +----------+----------+-----------+-----------+----------+----------+---------+

    + Detail: 
        * Instance: 
        +--------------------------------+---------------------+----------+----------+-----------+-----------+----------+----------+----------+
        |                                |                     |   Latency (cycles)  |   Latency (absolute)  |       Interval      | Pipeline |
        |            Instance            |        Module       |    min   |    max   |    min    |    max    |    min   |    max   |   Type   |
        +--------------------------------+---------------------+----------+----------+-----------+-----------+----------+----------+----------+
        |grp_kernel0_x1_fu_96            |kernel0_x1           |  65053957|  65053957|  0.217 sec|  0.217 sec|  65011714|  65011714|  dataflow|
        |grp_kernel0_x0_fu_104           |kernel0_x0           |   1615289|   1628121|   5.384 ms|   5.427 ms|   1572936|   1572936|  dataflow|
        |grp_nondf_kernel_2mm_x1_fu_113  |nondf_kernel_2mm_x1  |     18500|     18500|  61.660 us|  61.660 us|     18500|     18500|      none|
        |grp_nondf_kernel_2mm_x0_fu_119  |nondf_kernel_2mm_x0  |     33161|     33161|   0.111 ms|   0.111 ms|     33161|     33161|      none|
        +--------------------------------+---------------------+----------+----------+-----------+-----------+----------+----------+----------+

        * Loop: 
        N/A



================================================================
== Utilization Estimates
================================================================
* Summary: 
+---------------------+---------+-------+---------+---------+------+
|         Name        | BRAM_18K|  DSP  |    FF   |   LUT   | URAM |
+---------------------+---------+-------+---------+---------+------+
|DSP                  |        -|      -|        -|        -|     -|
|Expression           |        -|      -|        0|       10|     -|
|FIFO                 |        -|      -|        -|        -|     -|
|Instance             |      774|   2112|   818880|   482458|    16|
|Memory               |       19|      -|        0|        0|     -|
|Multiplexer          |        -|      -|        -|     2790|     -|
|Register             |        -|      -|      213|        -|     -|
+---------------------+---------+-------+---------+---------+------+
|Total                |      793|   2112|   819093|   485258|    16|
+---------------------+---------+-------+---------+---------+------+
|Available SLR        |     1344|   3072|   864000|   432000|   320|
+---------------------+---------+-------+---------+---------+------+
|Utilization SLR (%)  |       59|     68|       94|      112|     5|
+---------------------+---------+-------+---------+---------+------+
|Available            |     5376|  12288|  3456000|  1728000|  1280|
+---------------------+---------+-------+---------+---------+------+
|Utilization (%)      |       14|     17|       23|       28|     1|
+---------------------+---------+-------+---------+---------+------+

+ Detail: 
    * Instance: 
    +--------------------------------+---------------------+---------+------+--------+--------+-----+
    |            Instance            |        Module       | BRAM_18K|  DSP |   FF   |   LUT  | URAM|
    +--------------------------------+---------------------+---------+------+--------+--------+-----+
    |control_s_axi_U                 |control_s_axi        |        0|     0|     246|     424|    0|
    |gmem_A_m_axi_U                  |gmem_A_m_axi         |       30|     0|    1415|    1585|    0|
    |gmem_B_m_axi_U                  |gmem_B_m_axi         |       30|     0|    1415|    1585|    0|
    |gmem_C_m_axi_U                  |gmem_C_m_axi         |       30|     0|    1415|    1585|    0|
    |grp_kernel0_x0_fu_104           |kernel0_x0           |      288|  2048|  381160|  220482|   16|
    |grp_kernel0_x1_fu_96            |kernel0_x1           |       64|    64|  387123|  239213|    0|
    |mul_32s_32s_32_2_1_U4167        |mul_32s_32s_32_2_1   |        0|     0|     165|      49|    0|
    |mul_32s_32s_32_2_1_U4168        |mul_32s_32s_32_2_1   |        0|     0|     165|      49|    0|
    |mul_32s_32s_32_2_1_U4169        |mul_32s_32s_32_2_1   |        0|     0|     165|      49|    0|
    |mul_32s_32s_32_2_1_U4170        |mul_32s_32s_32_2_1   |        0|     0|     165|      49|    0|
    |mul_32s_32s_32_2_1_U4171        |mul_32s_32s_32_2_1   |        0|     0|     165|      49|    0|
    |mul_32s_32s_32_2_1_U4172        |mul_32s_32s_32_2_1   |        0|     0|     165|      49|    0|
    |mul_32s_32s_32_2_1_U4173        |mul_32s_32s_32_2_1   |        0|     0|     165|      49|    0|
    |mul_32s_32s_32_2_1_U4174        |mul_32s_32s_32_2_1   |        0|     0|     165|      49|    0|
    |mul_32s_32s_32_2_1_U4175        |mul_32s_32s_32_2_1   |        0|     0|     165|      49|    0|
    |mul_32s_32s_32_2_1_U4176        |mul_32s_32s_32_2_1   |        0|     0|     165|      49|    0|
    |mul_32s_32s_32_2_1_U4177        |mul_32s_32s_32_2_1   |        0|     0|     165|      49|    0|
    |mul_32s_32s_32_2_1_U4178        |mul_32s_32s_32_2_1   |        0|     0|     165|      49|    0|
    |mul_32s_32s_32_2_1_U4179        |mul_32s_32s_32_2_1   |        0|     0|     165|      49|    0|
    |mul_32s_32s_32_2_1_U4180        |mul_32s_32s_32_2_1   |        0|     0|     165|      49|    0|
    |mul_32s_32s_32_2_1_U4181        |mul_32s_32s_32_2_1   |        0|     0|     165|      49|    0|
    |mul_32s_32s_32_2_1_U4182        |mul_32s_32s_32_2_1   |        0|     0|     165|      49|    0|
    |mul_32s_32s_32_2_1_U4183        |mul_32s_32s_32_2_1   |        0|     0|     165|      49|    0|
    |mul_32s_32s_32_2_1_U4184        |mul_32s_32s_32_2_1   |        0|     0|     165|      49|    0|
    |mul_32s_32s_32_2_1_U4185        |mul_32s_32s_32_2_1   |        0|     0|     165|      49|    0|
    |mul_32s_32s_32_2_1_U4186        |mul_32s_32s_32_2_1   |        0|     0|     165|      49|    0|
    |mul_32s_32s_32_2_1_U4187        |mul_32s_32s_32_2_1   |        0|     0|     165|      49|    0|
    |mul_32s_32s_32_2_1_U4188        |mul_32s_32s_32_2_1   |        0|     0|     165|      49|    0|
    |mul_32s_32s_32_2_1_U4189        |mul_32s_32s_32_2_1   |        0|     0|     165|      49|    0|
    |mul_32s_32s_32_2_1_U4190        |mul_32s_32s_32_2_1   |        0|     0|     165|      49|    0|
    |mul_32s_32s_32_2_1_U4191        |mul_32s_32s_32_2_1   |        0|     0|     165|      49|    0|
    |mul_32s_32s_32_2_1_U4192        |mul_32s_32s_32_2_1   |        0|     0|     165|      49|    0|
    |mul_32s_32s_32_2_1_U4193        |mul_32s_32s_32_2_1   |        0|     0|     165|      49|    0|
    |mul_32s_32s_32_2_1_U4194        |mul_32s_32s_32_2_1   |        0|     0|     165|      49|    0|
    |mul_32s_32s_32_2_1_U4195        |mul_32s_32s_32_2_1   |        0|     0|     165|      49|    0|
    |mul_32s_32s_32_2_1_U4196        |mul_32s_32s_32_2_1   |        0|     0|     165|      49|    0|
    |mul_32s_32s_32_2_1_U4197        |mul_32s_32s_32_2_1   |        0|     0|     165|      49|    0|
    |mul_32s_32s_32_2_1_U4198        |mul_32s_32s_32_2_1   |        0|     0|     165|      49|    0|
    |mul_32s_32s_32_2_1_U4199        |mul_32s_32s_32_2_1   |        0|     0|     165|      49|    0|
    |mul_32s_32s_32_2_1_U4200        |mul_32s_32s_32_2_1   |        0|     0|     165|      49|    0|
    |mul_32s_32s_32_2_1_U4201        |mul_32s_32s_32_2_1   |        0|     0|     165|      49|    0|
    |mul_32s_32s_32_2_1_U4202        |mul_32s_32s_32_2_1   |        0|     0|     165|      49|    0|
    |mul_32s_32s_32_2_1_U4203        |mul_32s_32s_32_2_1   |        0|     0|     165|      49|    0|
    |mul_32s_32s_32_2_1_U4204        |mul_32s_32s_32_2_1   |        0|     0|     165|      49|    0|
    |mul_32s_32s_32_2_1_U4205        |mul_32s_32s_32_2_1   |        0|     0|     165|      49|    0|
    |mul_32s_32s_32_2_1_U4206        |mul_32s_32s_32_2_1   |        0|     0|     165|      49|    0|
    |mul_32s_32s_32_2_1_U4207        |mul_32s_32s_32_2_1   |        0|     0|     165|      49|    0|
    |mul_32s_32s_32_2_1_U4208        |mul_32s_32s_32_2_1   |        0|     0|     165|      49|    0|
    |mul_32s_32s_32_2_1_U4209        |mul_32s_32s_32_2_1   |        0|     0|     165|      49|    0|
    |mul_32s_32s_32_2_1_U4210        |mul_32s_32s_32_2_1   |        0|     0|     165|      49|    0|
    |mul_32s_32s_32_2_1_U4211        |mul_32s_32s_32_2_1   |        0|     0|     165|      49|    0|
    |mul_32s_32s_32_2_1_U4212        |mul_32s_32s_32_2_1   |        0|     0|     165|      49|    0|
    |mul_32s_32s_32_2_1_U4213        |mul_32s_32s_32_2_1   |        0|     0|     165|      49|    0|
    |mul_32s_32s_32_2_1_U4214        |mul_32s_32s_32_2_1   |        0|     0|     165|      49|    0|
    |mul_32s_32s_32_2_1_U4215        |mul_32s_32s_32_2_1   |        0|     0|     165|      49|    0|
    |mul_32s_32s_32_2_1_U4216        |mul_32s_32s_32_2_1   |        0|     0|     165|      49|    0|
    |mul_32s_32s_32_2_1_U4217        |mul_32s_32s_32_2_1   |        0|     0|     165|      49|    0|
    |mul_32s_32s_32_2_1_U4218        |mul_32s_32s_32_2_1   |        0|     0|     165|      49|    0|
    |mul_32s_32s_32_2_1_U4219        |mul_32s_32s_32_2_1   |        0|     0|     165|      49|    0|
    |mul_32s_32s_32_2_1_U4220        |mul_32s_32s_32_2_1   |        0|     0|     165|      49|    0|
    |mul_32s_32s_32_2_1_U4221        |mul_32s_32s_32_2_1   |        0|     0|     165|      49|    0|
    |mul_32s_32s_32_2_1_U4222        |mul_32s_32s_32_2_1   |        0|     0|     165|      49|    0|
    |mul_32s_32s_32_2_1_U4223        |mul_32s_32s_32_2_1   |        0|     0|     165|      49|    0|
    |mul_32s_32s_32_2_1_U4224        |mul_32s_32s_32_2_1   |        0|     0|     165|      49|    0|
    |mul_32s_32s_32_2_1_U4225        |mul_32s_32s_32_2_1   |        0|     0|     165|      49|    0|
    |mul_32s_32s_32_2_1_U4226        |mul_32s_32s_32_2_1   |        0|     0|     165|      49|    0|
    |mul_32s_32s_32_2_1_U4227        |mul_32s_32s_32_2_1   |        0|     0|     165|      49|    0|
    |mul_32s_32s_32_2_1_U4228        |mul_32s_32s_32_2_1   |        0|     0|     165|      49|    0|
    |mul_32s_32s_32_2_1_U4229        |mul_32s_32s_32_2_1   |        0|     0|     165|      49|    0|
    |mul_32s_32s_32_2_1_U4230        |mul_32s_32s_32_2_1   |        0|     0|     165|      49|    0|
    |mul_32s_32s_32_2_1_U4231        |mul_32s_32s_32_2_1   |        0|     0|     165|      49|    0|
    |mul_32s_32s_32_2_1_U4232        |mul_32s_32s_32_2_1   |        0|     0|     165|      49|    0|
    |mul_32s_32s_32_2_1_U4233        |mul_32s_32s_32_2_1   |        0|     0|     165|      49|    0|
    |mul_32s_32s_32_2_1_U4234        |mul_32s_32s_32_2_1   |        0|     0|     165|      49|    0|
    |mul_32s_32s_32_2_1_U4235        |mul_32s_32s_32_2_1   |        0|     0|     165|      49|    0|
    |mul_32s_32s_32_2_1_U4236        |mul_32s_32s_32_2_1   |        0|     0|     165|      49|    0|
    |mul_32s_32s_32_2_1_U4237        |mul_32s_32s_32_2_1   |        0|     0|     165|      49|    0|
    |mul_32s_32s_32_2_1_U4238        |mul_32s_32s_32_2_1   |        0|     0|     165|      49|    0|
    |mul_32s_32s_32_2_1_U4239        |mul_32s_32s_32_2_1   |        0|     0|     165|      49|    0|
    |mul_32s_32s_32_2_1_U4240        |mul_32s_32s_32_2_1   |        0|     0|     165|      49|    0|
    |mul_32s_32s_32_2_1_U4241        |mul_32s_32s_32_2_1   |        0|     0|     165|      49|    0|
    |mul_32s_32s_32_2_1_U4242        |mul_32s_32s_32_2_1   |        0|     0|     165|      49|    0|
    |mul_32s_32s_32_2_1_U4243        |mul_32s_32s_32_2_1   |        0|     0|     165|      49|    0|
    |mul_32s_32s_32_2_1_U4244        |mul_32s_32s_32_2_1   |        0|     0|     165|      49|    0|
    |mul_32s_32s_32_2_1_U4245        |mul_32s_32s_32_2_1   |        0|     0|     165|      49|    0|
    |mul_32s_32s_32_2_1_U4246        |mul_32s_32s_32_2_1   |        0|     0|     165|      49|    0|
    |mul_32s_32s_32_2_1_U4247        |mul_32s_32s_32_2_1   |        0|     0|     165|      49|    0|
    |mul_32s_32s_32_2_1_U4248        |mul_32s_32s_32_2_1   |        0|     0|     165|      49|    0|
    |mul_32s_32s_32_2_1_U4249        |mul_32s_32s_32_2_1   |        0|     0|     165|      49|    0|
    |mul_32s_32s_32_2_1_U4250        |mul_32s_32s_32_2_1   |        0|     0|     165|      49|    0|
    |mul_32s_32s_32_2_1_U4251        |mul_32s_32s_32_2_1   |        0|     0|     165|      49|    0|
    |mul_32s_32s_32_2_1_U4252        |mul_32s_32s_32_2_1   |        0|     0|     165|      49|    0|
    |mul_32s_32s_32_2_1_U4253        |mul_32s_32s_32_2_1   |        0|     0|     165|      49|    0|
    |mul_32s_32s_32_2_1_U4254        |mul_32s_32s_32_2_1   |        0|     0|     165|      49|    0|
    |mul_32s_32s_32_2_1_U4255        |mul_32s_32s_32_2_1   |        0|     0|     165|      49|    0|
    |mul_32s_32s_32_2_1_U4256        |mul_32s_32s_32_2_1   |        0|     0|     165|      49|    0|
    |mul_32s_32s_32_2_1_U4257        |mul_32s_32s_32_2_1   |        0|     0|     165|      49|    0|
    |mul_32s_32s_32_2_1_U4258        |mul_32s_32s_32_2_1   |        0|     0|     165|      49|    0|
    |mul_32s_32s_32_2_1_U4259        |mul_32s_32s_32_2_1   |        0|     0|     165|      49|    0|
    |mul_32s_32s_32_2_1_U4260        |mul_32s_32s_32_2_1   |        0|     0|     165|      49|    0|
    |mul_32s_32s_32_2_1_U4261        |mul_32s_32s_32_2_1   |        0|     0|     165|      49|    0|
    |mul_32s_32s_32_2_1_U4262        |mul_32s_32s_32_2_1   |        0|     0|     165|      49|    0|
    |mul_32s_32s_32_2_1_U4263        |mul_32s_32s_32_2_1   |        0|     0|     165|      49|    0|
    |mul_32s_32s_32_2_1_U4264        |mul_32s_32s_32_2_1   |        0|     0|     165|      49|    0|
    |mul_32s_32s_32_2_1_U4265        |mul_32s_32s_32_2_1   |        0|     0|     165|      49|    0|
    |mul_32s_32s_32_2_1_U4266        |mul_32s_32s_32_2_1   |        0|     0|     165|      49|    0|
    |mul_32s_32s_32_2_1_U4267        |mul_32s_32s_32_2_1   |        0|     0|     165|      49|    0|
    |mul_32s_32s_32_2_1_U4268        |mul_32s_32s_32_2_1   |        0|     0|     165|      49|    0|
    |mul_32s_32s_32_2_1_U4269        |mul_32s_32s_32_2_1   |        0|     0|     165|      49|    0|
    |mul_32s_32s_32_2_1_U4270        |mul_32s_32s_32_2_1   |        0|     0|     165|      49|    0|
    |mul_32s_32s_32_2_1_U4271        |mul_32s_32s_32_2_1   |        0|     0|     165|      49|    0|
    |mul_32s_32s_32_2_1_U4272        |mul_32s_32s_32_2_1   |        0|     0|     165|      49|    0|
    |mul_32s_32s_32_2_1_U4273        |mul_32s_32s_32_2_1   |        0|     0|     165|      49|    0|
    |mul_32s_32s_32_2_1_U4274        |mul_32s_32s_32_2_1   |        0|     0|     165|      49|    0|
    |mul_32s_32s_32_2_1_U4275        |mul_32s_32s_32_2_1   |        0|     0|     165|      49|    0|
    |mul_32s_32s_32_2_1_U4276        |mul_32s_32s_32_2_1   |        0|     0|     165|      49|    0|
    |mul_32s_32s_32_2_1_U4277        |mul_32s_32s_32_2_1   |        0|     0|     165|      49|    0|
    |mul_32s_32s_32_2_1_U4278        |mul_32s_32s_32_2_1   |        0|     0|     165|      49|    0|
    |mul_32s_32s_32_2_1_U4279        |mul_32s_32s_32_2_1   |        0|     0|     165|      49|    0|
    |mul_32s_32s_32_2_1_U4280        |mul_32s_32s_32_2_1   |        0|     0|     165|      49|    0|
    |mul_32s_32s_32_2_1_U4281        |mul_32s_32s_32_2_1   |        0|     0|     165|      49|    0|
    |mul_32s_32s_32_2_1_U4282        |mul_32s_32s_32_2_1   |        0|     0|     165|      49|    0|
    |mul_32s_32s_32_2_1_U4283        |mul_32s_32s_32_2_1   |        0|     0|     165|      49|    0|
    |mul_32s_32s_32_2_1_U4284        |mul_32s_32s_32_2_1   |        0|     0|     165|      49|    0|
    |mul_32s_32s_32_2_1_U4285        |mul_32s_32s_32_2_1   |        0|     0|     165|      49|    0|
    |mul_32s_32s_32_2_1_U4286        |mul_32s_32s_32_2_1   |        0|     0|     165|      49|    0|
    |mul_32s_32s_32_2_1_U4287        |mul_32s_32s_32_2_1   |        0|     0|     165|      49|    0|
    |mul_32s_32s_32_2_1_U4288        |mul_32s_32s_32_2_1   |        0|     0|     165|      49|    0|
    |mul_32s_32s_32_2_1_U4289        |mul_32s_32s_32_2_1   |        0|     0|     165|      49|    0|
    |mul_32s_32s_32_2_1_U4290        |mul_32s_32s_32_2_1   |        0|     0|     165|      49|    0|
    |mul_32s_32s_32_2_1_U4291        |mul_32s_32s_32_2_1   |        0|     0|     165|      49|    0|
    |mul_32s_32s_32_2_1_U4292        |mul_32s_32s_32_2_1   |        0|     0|     165|      49|    0|
    |mul_32s_32s_32_2_1_U4293        |mul_32s_32s_32_2_1   |        0|     0|     165|      49|    0|
    |mul_32s_32s_32_2_1_U4294        |mul_32s_32s_32_2_1   |        0|     0|     165|      49|    0|
    |mul_32s_32s_32_2_1_U4295        |mul_32s_32s_32_2_1   |        0|     0|     165|      49|    0|
    |mul_32s_32s_32_2_1_U4296        |mul_32s_32s_32_2_1   |        0|     0|     165|      49|    0|
    |mul_32s_32s_32_2_1_U4297        |mul_32s_32s_32_2_1   |        0|     0|     165|      49|    0|
    |mul_32s_32s_32_2_1_U4298        |mul_32s_32s_32_2_1   |        0|     0|     165|      49|    0|
    |mul_32s_32s_32_2_1_U4299        |mul_32s_32s_32_2_1   |        0|     0|     165|      49|    0|
    |mul_32s_32s_32_2_1_U4300        |mul_32s_32s_32_2_1   |        0|     0|     165|      49|    0|
    |mul_32s_32s_32_2_1_U4301        |mul_32s_32s_32_2_1   |        0|     0|     165|      49|    0|
    |mul_32s_32s_32_2_1_U4302        |mul_32s_32s_32_2_1   |        0|     0|     165|      49|    0|
    |mul_32s_32s_32_2_1_U4303        |mul_32s_32s_32_2_1   |        0|     0|     165|      49|    0|
    |mul_32s_32s_32_2_1_U4304        |mul_32s_32s_32_2_1   |        0|     0|     165|      49|    0|
    |mul_32s_32s_32_2_1_U4305        |mul_32s_32s_32_2_1   |        0|     0|     165|      49|    0|
    |mul_32s_32s_32_2_1_U4306        |mul_32s_32s_32_2_1   |        0|     0|     165|      49|    0|
    |mul_32s_32s_32_2_1_U4307        |mul_32s_32s_32_2_1   |        0|     0|     165|      49|    0|
    |mul_32s_32s_32_2_1_U4308        |mul_32s_32s_32_2_1   |        0|     0|     165|      49|    0|
    |mul_32s_32s_32_2_1_U4309        |mul_32s_32s_32_2_1   |        0|     0|     165|      49|    0|
    |mul_32s_32s_32_2_1_U4310        |mul_32s_32s_32_2_1   |        0|     0|     165|      49|    0|
    |mul_32s_32s_32_2_1_U4311        |mul_32s_32s_32_2_1   |        0|     0|     165|      49|    0|
    |mul_32s_32s_32_2_1_U4312        |mul_32s_32s_32_2_1   |        0|     0|     165|      49|    0|
    |mul_32s_32s_32_2_1_U4313        |mul_32s_32s_32_2_1   |        0|     0|     165|      49|    0|
    |mul_32s_32s_32_2_1_U4314        |mul_32s_32s_32_2_1   |        0|     0|     165|      49|    0|
    |mul_32s_32s_32_2_1_U4315        |mul_32s_32s_32_2_1   |        0|     0|     165|      49|    0|
    |mul_32s_32s_32_2_1_U4316        |mul_32s_32s_32_2_1   |        0|     0|     165|      49|    0|
    |mul_32s_32s_32_2_1_U4317        |mul_32s_32s_32_2_1   |        0|     0|     165|      49|    0|
    |mul_32s_32s_32_2_1_U4318        |mul_32s_32s_32_2_1   |        0|     0|     165|      49|    0|
    |mul_32s_32s_32_2_1_U4319        |mul_32s_32s_32_2_1   |        0|     0|     165|      49|    0|
    |mul_32s_32s_32_2_1_U4320        |mul_32s_32s_32_2_1   |        0|     0|     165|      49|    0|
    |mul_32s_32s_32_2_1_U4321        |mul_32s_32s_32_2_1   |        0|     0|     165|      49|    0|
    |mul_32s_32s_32_2_1_U4322        |mul_32s_32s_32_2_1   |        0|     0|     165|      49|    0|
    |mul_32s_32s_32_2_1_U4323        |mul_32s_32s_32_2_1   |        0|     0|     165|      49|    0|
    |mul_32s_32s_32_2_1_U4324        |mul_32s_32s_32_2_1   |        0|     0|     165|      49|    0|
    |mul_32s_32s_32_2_1_U4325        |mul_32s_32s_32_2_1   |        0|     0|     165|      49|    0|
    |mul_32s_32s_32_2_1_U4326        |mul_32s_32s_32_2_1   |        0|     0|     165|      49|    0|
    |grp_nondf_kernel_2mm_x0_fu_119  |nondf_kernel_2mm_x0  |      100|     0|    5469|    2958|    0|
    |grp_nondf_kernel_2mm_x1_fu_113  |nondf_kernel_2mm_x1  |      232|     0|   14237|    6786|    0|
    +--------------------------------+---------------------+---------+------+--------+--------+-----+
    |Total                           |                     |      774|  2112|  818880|  482458|   16|
    +--------------------------------+---------------------+---------+------+--------+--------+-----+

    * DSP: 
    N/A

    * Memory: 
    +-------------+-----------+---------+---+----+-----+------+-----+------+-------------+
    |    Memory   |   Module  | BRAM_18K| FF| LUT| URAM| Words| Bits| Banks| W*Bits*Banks|
    +-------------+-----------+---------+---+----+-----+------+-----+------+-------------+
    |temp_X0_V_U  |temp_X0_V  |        2|  0|   0|    0|  1024|   32|     1|        32768|
    |temp_X1_V_U  |temp_X0_V  |        2|  0|   0|    0|  1024|   32|     1|        32768|
    |temp_X2_V_U  |temp_X2_V  |       15|  0|   0|    0|  1024|  512|     1|       524288|
    +-------------+-----------+---------+---+----+-----+------+-----+------+-------------+
    |Total        |           |       19|  0|   0|    0|  3072|  576|     3|       589824|
    +-------------+-----------+---------+---+----+-----+------+-----+------+-------------+

    * FIFO: 
    N/A

    * Expression: 
    +----------------------------------------+----------+----+---+----+------------+------------+
    |              Variable Name             | Operation| DSP| FF| LUT| Bitwidth P0| Bitwidth P1|
    +----------------------------------------+----------+----+---+----+------------+------------+
    |ap_block_state1                         |        or|   0|  0|   2|           1|           1|
    |ap_sync_grp_kernel0_x0_fu_104_ap_done   |        or|   0|  0|   2|           1|           1|
    |ap_sync_grp_kernel0_x0_fu_104_ap_ready  |        or|   0|  0|   2|           1|           1|
    |ap_sync_grp_kernel0_x1_fu_96_ap_done    |        or|   0|  0|   2|           1|           1|
    |ap_sync_grp_kernel0_x1_fu_96_ap_ready   |        or|   0|  0|   2|           1|           1|
    +----------------------------------------+----------+----+---+----+------------+------------+
    |Total                                   |          |   0|  0|  10|           5|           5|
    +----------------------------------------+----------+----+---+----+------------+------------+

    * Multiplexer: 
    +--------------------+----+-----------+-----+-----------+
    |        Name        | LUT| Input Size| Bits| Total Bits|
    +--------------------+----+-----------+-----+-----------+
    |ap_NS_fsm           |  54|         10|    1|         10|
    |ap_done             |   9|          2|    1|          2|
    |gmem_A_ARVALID      |   9|          2|    1|          2|
    |gmem_A_RREADY       |   9|          2|    1|          2|
    |gmem_B_ARVALID      |   9|          2|    1|          2|
    |gmem_B_RREADY       |   9|          2|    1|          2|
    |gmem_C_AWVALID      |   9|          2|    1|          2|
    |gmem_C_BREADY       |   9|          2|    1|          2|
    |gmem_C_WVALID       |   9|          2|    1|          2|
    |grp_fu_142_ce       |  14|          3|    1|          3|
    |grp_fu_142_p0       |   9|          2|   32|         64|
    |grp_fu_142_p1       |   9|          2|   32|         64|
    |grp_fu_146_ce       |  14|          3|    1|          3|
    |grp_fu_146_p0       |   9|          2|   32|         64|
    |grp_fu_146_p1       |   9|          2|   32|         64|
    |grp_fu_150_ce       |  14|          3|    1|          3|
    |grp_fu_150_p0       |   9|          2|   32|         64|
    |grp_fu_150_p1       |   9|          2|   32|         64|
    |grp_fu_154_ce       |  14|          3|    1|          3|
    |grp_fu_154_p0       |   9|          2|   32|         64|
    |grp_fu_154_p1       |   9|          2|   32|         64|
    |grp_fu_158_ce       |  14|          3|    1|          3|
    |grp_fu_158_p0       |   9|          2|   32|         64|
    |grp_fu_158_p1       |   9|          2|   32|         64|
    |grp_fu_162_ce       |  14|          3|    1|          3|
    |grp_fu_162_p0       |   9|          2|   32|         64|
    |grp_fu_162_p1       |   9|          2|   32|         64|
    |grp_fu_166_ce       |  14|          3|    1|          3|
    |grp_fu_166_p0       |   9|          2|   32|         64|
    |grp_fu_166_p1       |   9|          2|   32|         64|
    |grp_fu_170_ce       |  14|          3|    1|          3|
    |grp_fu_170_p0       |   9|          2|   32|         64|
    |grp_fu_170_p1       |   9|          2|   32|         64|
    |grp_fu_174_ce       |  14|          3|    1|          3|
    |grp_fu_174_p0       |   9|          2|   32|         64|
    |grp_fu_174_p1       |   9|          2|   32|         64|
    |grp_fu_178_ce       |  14|          3|    1|          3|
    |grp_fu_178_p0       |   9|          2|   32|         64|
    |grp_fu_178_p1       |   9|          2|   32|         64|
    |grp_fu_182_ce       |  14|          3|    1|          3|
    |grp_fu_182_p0       |   9|          2|   32|         64|
    |grp_fu_182_p1       |   9|          2|   32|         64|
    |grp_fu_186_ce       |  14|          3|    1|          3|
    |grp_fu_186_p0       |   9|          2|   32|         64|
    |grp_fu_186_p1       |   9|          2|   32|         64|
    |grp_fu_190_ce       |  14|          3|    1|          3|
    |grp_fu_190_p0       |   9|          2|   32|         64|
    |grp_fu_190_p1       |   9|          2|   32|         64|
    |grp_fu_194_ce       |  14|          3|    1|          3|
    |grp_fu_194_p0       |   9|          2|   32|         64|
    |grp_fu_194_p1       |   9|          2|   32|         64|
    |grp_fu_198_ce       |  14|          3|    1|          3|
    |grp_fu_198_p0       |   9|          2|   32|         64|
    |grp_fu_198_p1       |   9|          2|   32|         64|
    |grp_fu_202_ce       |  14|          3|    1|          3|
    |grp_fu_202_p0       |   9|          2|   32|         64|
    |grp_fu_202_p1       |   9|          2|   32|         64|
    |grp_fu_206_ce       |  14|          3|    1|          3|
    |grp_fu_206_p0       |   9|          2|   32|         64|
    |grp_fu_206_p1       |   9|          2|   32|         64|
    |grp_fu_210_ce       |  14|          3|    1|          3|
    |grp_fu_210_p0       |   9|          2|   32|         64|
    |grp_fu_210_p1       |   9|          2|   32|         64|
    |grp_fu_214_ce       |  14|          3|    1|          3|
    |grp_fu_214_p0       |   9|          2|   32|         64|
    |grp_fu_214_p1       |   9|          2|   32|         64|
    |grp_fu_218_ce       |  14|          3|    1|          3|
    |grp_fu_218_p0       |   9|          2|   32|         64|
    |grp_fu_218_p1       |   9|          2|   32|         64|
    |grp_fu_222_ce       |  14|          3|    1|          3|
    |grp_fu_222_p0       |   9|          2|   32|         64|
    |grp_fu_222_p1       |   9|          2|   32|         64|
    |grp_fu_226_ce       |  14|          3|    1|          3|
    |grp_fu_226_p0       |   9|          2|   32|         64|
    |grp_fu_226_p1       |   9|          2|   32|         64|
    |grp_fu_230_ce       |  14|          3|    1|          3|
    |grp_fu_230_p0       |   9|          2|   32|         64|
    |grp_fu_230_p1       |   9|          2|   32|         64|
    |grp_fu_234_ce       |  14|          3|    1|          3|
    |grp_fu_234_p0       |   9|          2|   32|         64|
    |grp_fu_234_p1       |   9|          2|   32|         64|
    |grp_fu_238_ce       |  14|          3|    1|          3|
    |grp_fu_238_p0       |   9|          2|   32|         64|
    |grp_fu_238_p1       |   9|          2|   32|         64|
    |grp_fu_242_ce       |  14|          3|    1|          3|
    |grp_fu_242_p0       |   9|          2|   32|         64|
    |grp_fu_242_p1       |   9|          2|   32|         64|
    |grp_fu_246_ce       |  14|          3|    1|          3|
    |grp_fu_246_p0       |   9|          2|   32|         64|
    |grp_fu_246_p1       |   9|          2|   32|         64|
    |grp_fu_250_ce       |  14|          3|    1|          3|
    |grp_fu_250_p0       |   9|          2|   32|         64|
    |grp_fu_250_p1       |   9|          2|   32|         64|
    |grp_fu_254_ce       |  14|          3|    1|          3|
    |grp_fu_254_p0       |   9|          2|   32|         64|
    |grp_fu_254_p1       |   9|          2|   32|         64|
    |grp_fu_258_ce       |  14|          3|    1|          3|
    |grp_fu_258_p0       |   9|          2|   32|         64|
    |grp_fu_258_p1       |   9|          2|   32|         64|
    |grp_fu_262_ce       |  14|          3|    1|          3|
    |grp_fu_262_p0       |   9|          2|   32|         64|
    |grp_fu_262_p1       |   9|          2|   32|         64|
    |grp_fu_266_ce       |  14|          3|    1|          3|
    |grp_fu_266_p0       |   9|          2|   32|         64|
    |grp_fu_266_p1       |   9|          2|   32|         64|
    |grp_fu_270_ce       |  14|          3|    1|          3|
    |grp_fu_270_p0       |   9|          2|   32|         64|
    |grp_fu_270_p1       |   9|          2|   32|         64|
    |grp_fu_274_ce       |  14|          3|    1|          3|
    |grp_fu_274_p0       |   9|          2|   32|         64|
    |grp_fu_274_p1       |   9|          2|   32|         64|
    |grp_fu_278_ce       |  14|          3|    1|          3|
    |grp_fu_278_p0       |   9|          2|   32|         64|
    |grp_fu_278_p1       |   9|          2|   32|         64|
    |grp_fu_282_ce       |  14|          3|    1|          3|
    |grp_fu_282_p0       |   9|          2|   32|         64|
    |grp_fu_282_p1       |   9|          2|   32|         64|
    |grp_fu_286_ce       |  14|          3|    1|          3|
    |grp_fu_286_p0       |   9|          2|   32|         64|
    |grp_fu_286_p1       |   9|          2|   32|         64|
    |grp_fu_290_ce       |  14|          3|    1|          3|
    |grp_fu_290_p0       |   9|          2|   32|         64|
    |grp_fu_290_p1       |   9|          2|   32|         64|
    |grp_fu_294_ce       |  14|          3|    1|          3|
    |grp_fu_294_p0       |   9|          2|   32|         64|
    |grp_fu_294_p1       |   9|          2|   32|         64|
    |grp_fu_298_ce       |  14|          3|    1|          3|
    |grp_fu_298_p0       |   9|          2|   32|         64|
    |grp_fu_298_p1       |   9|          2|   32|         64|
    |grp_fu_302_ce       |  14|          3|    1|          3|
    |grp_fu_302_p0       |   9|          2|   32|         64|
    |grp_fu_302_p1       |   9|          2|   32|         64|
    |grp_fu_306_ce       |  14|          3|    1|          3|
    |grp_fu_306_p0       |   9|          2|   32|         64|
    |grp_fu_306_p1       |   9|          2|   32|         64|
    |grp_fu_310_ce       |  14|          3|    1|          3|
    |grp_fu_310_p0       |   9|          2|   32|         64|
    |grp_fu_310_p1       |   9|          2|   32|         64|
    |grp_fu_314_ce       |  14|          3|    1|          3|
    |grp_fu_314_p0       |   9|          2|   32|         64|
    |grp_fu_314_p1       |   9|          2|   32|         64|
    |grp_fu_318_ce       |  14|          3|    1|          3|
    |grp_fu_318_p0       |   9|          2|   32|         64|
    |grp_fu_318_p1       |   9|          2|   32|         64|
    |grp_fu_322_ce       |  14|          3|    1|          3|
    |grp_fu_322_p0       |   9|          2|   32|         64|
    |grp_fu_322_p1       |   9|          2|   32|         64|
    |grp_fu_326_ce       |  14|          3|    1|          3|
    |grp_fu_326_p0       |   9|          2|   32|         64|
    |grp_fu_326_p1       |   9|          2|   32|         64|
    |grp_fu_330_ce       |  14|          3|    1|          3|
    |grp_fu_330_p0       |   9|          2|   32|         64|
    |grp_fu_330_p1       |   9|          2|   32|         64|
    |grp_fu_334_ce       |   9|          2|    1|          2|
    |grp_fu_338_ce       |   9|          2|    1|          2|
    |grp_fu_342_ce       |   9|          2|    1|          2|
    |grp_fu_346_ce       |   9|          2|    1|          2|
    |grp_fu_350_ce       |   9|          2|    1|          2|
    |grp_fu_354_ce       |   9|          2|    1|          2|
    |grp_fu_358_ce       |   9|          2|    1|          2|
    |grp_fu_362_ce       |   9|          2|    1|          2|
    |grp_fu_366_ce       |   9|          2|    1|          2|
    |grp_fu_370_ce       |   9|          2|    1|          2|
    |grp_fu_374_ce       |   9|          2|    1|          2|
    |grp_fu_378_ce       |   9|          2|    1|          2|
    |grp_fu_382_ce       |   9|          2|    1|          2|
    |grp_fu_386_ce       |   9|          2|    1|          2|
    |grp_fu_390_ce       |   9|          2|    1|          2|
    |grp_fu_394_ce       |   9|          2|    1|          2|
    |grp_fu_398_ce       |   9|          2|    1|          2|
    |grp_fu_402_ce       |   9|          2|    1|          2|
    |grp_fu_406_ce       |   9|          2|    1|          2|
    |grp_fu_410_ce       |   9|          2|    1|          2|
    |grp_fu_414_ce       |   9|          2|    1|          2|
    |grp_fu_418_ce       |   9|          2|    1|          2|
    |grp_fu_422_ce       |   9|          2|    1|          2|
    |grp_fu_426_ce       |   9|          2|    1|          2|
    |grp_fu_430_ce       |   9|          2|    1|          2|
    |grp_fu_434_ce       |   9|          2|    1|          2|
    |grp_fu_438_ce       |   9|          2|    1|          2|
    |grp_fu_442_ce       |   9|          2|    1|          2|
    |grp_fu_446_ce       |   9|          2|    1|          2|
    |grp_fu_450_ce       |   9|          2|    1|          2|
    |grp_fu_454_ce       |   9|          2|    1|          2|
    |grp_fu_458_ce       |   9|          2|    1|          2|
    |grp_fu_462_ce       |   9|          2|    1|          2|
    |grp_fu_466_ce       |   9|          2|    1|          2|
    |grp_fu_470_ce       |   9|          2|    1|          2|
    |grp_fu_474_ce       |   9|          2|    1|          2|
    |grp_fu_478_ce       |   9|          2|    1|          2|
    |grp_fu_482_ce       |   9|          2|    1|          2|
    |grp_fu_486_ce       |   9|          2|    1|          2|
    |grp_fu_490_ce       |   9|          2|    1|          2|
    |grp_fu_494_ce       |   9|          2|    1|          2|
    |grp_fu_498_ce       |   9|          2|    1|          2|
    |grp_fu_502_ce       |   9|          2|    1|          2|
    |grp_fu_506_ce       |   9|          2|    1|          2|
    |grp_fu_510_ce       |   9|          2|    1|          2|
    |grp_fu_514_ce       |   9|          2|    1|          2|
    |grp_fu_518_ce       |   9|          2|    1|          2|
    |grp_fu_522_ce       |   9|          2|    1|          2|
    |grp_fu_526_ce       |   9|          2|    1|          2|
    |grp_fu_530_ce       |   9|          2|    1|          2|
    |grp_fu_534_ce       |   9|          2|    1|          2|
    |grp_fu_538_ce       |   9|          2|    1|          2|
    |grp_fu_542_ce       |   9|          2|    1|          2|
    |grp_fu_546_ce       |   9|          2|    1|          2|
    |grp_fu_550_ce       |   9|          2|    1|          2|
    |grp_fu_554_ce       |   9|          2|    1|          2|
    |grp_fu_558_ce       |   9|          2|    1|          2|
    |grp_fu_562_ce       |   9|          2|    1|          2|
    |grp_fu_566_ce       |   9|          2|    1|          2|
    |grp_fu_570_ce       |   9|          2|    1|          2|
    |grp_fu_574_ce       |   9|          2|    1|          2|
    |grp_fu_578_ce       |   9|          2|    1|          2|
    |grp_fu_582_ce       |   9|          2|    1|          2|
    |grp_fu_586_ce       |   9|          2|    1|          2|
    |grp_fu_590_ce       |   9|          2|    1|          2|
    |grp_fu_594_ce       |   9|          2|    1|          2|
    |grp_fu_598_ce       |   9|          2|    1|          2|
    |grp_fu_602_ce       |   9|          2|    1|          2|
    |grp_fu_606_ce       |   9|          2|    1|          2|
    |grp_fu_610_ce       |   9|          2|    1|          2|
    |grp_fu_614_ce       |   9|          2|    1|          2|
    |grp_fu_618_ce       |   9|          2|    1|          2|
    |grp_fu_622_ce       |   9|          2|    1|          2|
    |grp_fu_626_ce       |   9|          2|    1|          2|
    |grp_fu_630_ce       |   9|          2|    1|          2|
    |grp_fu_634_ce       |   9|          2|    1|          2|
    |grp_fu_638_ce       |   9|          2|    1|          2|
    |grp_fu_642_ce       |   9|          2|    1|          2|
    |grp_fu_646_ce       |   9|          2|    1|          2|
    |grp_fu_650_ce       |   9|          2|    1|          2|
    |grp_fu_654_ce       |   9|          2|    1|          2|
    |grp_fu_658_ce       |   9|          2|    1|          2|
    |grp_fu_662_ce       |   9|          2|    1|          2|
    |grp_fu_666_ce       |   9|          2|    1|          2|
    |grp_fu_670_ce       |   9|          2|    1|          2|
    |grp_fu_674_ce       |   9|          2|    1|          2|
    |grp_fu_678_ce       |   9|          2|    1|          2|
    |grp_fu_682_ce       |   9|          2|    1|          2|
    |grp_fu_686_ce       |   9|          2|    1|          2|
    |grp_fu_690_ce       |   9|          2|    1|          2|
    |grp_fu_694_ce       |   9|          2|    1|          2|
    |grp_fu_698_ce       |   9|          2|    1|          2|
    |grp_fu_702_ce       |   9|          2|    1|          2|
    |grp_fu_706_ce       |   9|          2|    1|          2|
    |grp_fu_710_ce       |   9|          2|    1|          2|
    |grp_fu_714_ce       |   9|          2|    1|          2|
    |grp_fu_718_ce       |   9|          2|    1|          2|
    |grp_fu_722_ce       |   9|          2|    1|          2|
    |grp_fu_726_ce       |   9|          2|    1|          2|
    |grp_fu_730_ce       |   9|          2|    1|          2|
    |grp_fu_734_ce       |   9|          2|    1|          2|
    |grp_fu_738_ce       |   9|          2|    1|          2|
    |grp_fu_742_ce       |   9|          2|    1|          2|
    |grp_fu_746_ce       |   9|          2|    1|          2|
    |grp_fu_750_ce       |   9|          2|    1|          2|
    |grp_fu_754_ce       |   9|          2|    1|          2|
    |grp_fu_758_ce       |   9|          2|    1|          2|
    |grp_fu_762_ce       |   9|          2|    1|          2|
    |grp_fu_766_ce       |   9|          2|    1|          2|
    |grp_fu_770_ce       |   9|          2|    1|          2|
    |grp_fu_774_ce       |   9|          2|    1|          2|
    |grp_fu_778_ce       |   9|          2|    1|          2|
    |temp_X0_V_address0  |  14|          3|   10|         30|
    |temp_X0_V_ce0       |  14|          3|    1|          3|
    |temp_X0_V_we0       |   9|          2|    1|          2|
    |temp_X1_V_address0  |  14|          3|   10|         30|
    |temp_X1_V_ce0       |  14|          3|    1|          3|
    |temp_X1_V_we0       |   9|          2|    1|          2|
    |temp_X2_V_address0  |  14|          3|   10|         30|
    |temp_X2_V_ce0       |  14|          3|    1|          3|
    |temp_X2_V_ce1       |   9|          2|    1|          2|
    |temp_X2_V_we0       |   9|          2|    1|          2|
    +--------------------+----+-----------+-----+-----------+
    |Total               |2790|        612| 3278|       6645|
    +--------------------+----+-----------+-----+-----------+

    * Register: 
    +---------------------------------------------+----+----+-----+-----------+
    |                     Name                    | FF | LUT| Bits| Const Bits|
    +---------------------------------------------+----+----+-----+-----------+
    |A_read_reg_137                               |  64|   0|   64|          0|
    |B_read_reg_132                               |  64|   0|   64|          0|
    |C_read_reg_127                               |  64|   0|   64|          0|
    |ap_CS_fsm                                    |   9|   0|    9|          0|
    |ap_done_reg                                  |   1|   0|    1|          0|
    |ap_rst_n_inv                                 |   1|   0|    1|          0|
    |ap_rst_reg_1                                 |   1|   0|    1|          0|
    |ap_rst_reg_2                                 |   1|   0|    1|          0|
    |ap_sync_reg_grp_kernel0_x0_fu_104_ap_done    |   1|   0|    1|          0|
    |ap_sync_reg_grp_kernel0_x0_fu_104_ap_ready   |   1|   0|    1|          0|
    |ap_sync_reg_grp_kernel0_x1_fu_96_ap_done     |   1|   0|    1|          0|
    |ap_sync_reg_grp_kernel0_x1_fu_96_ap_ready    |   1|   0|    1|          0|
    |grp_kernel0_x0_fu_104_ap_start_reg           |   1|   0|    1|          0|
    |grp_kernel0_x1_fu_96_ap_start_reg            |   1|   0|    1|          0|
    |grp_nondf_kernel_2mm_x0_fu_119_ap_start_reg  |   1|   0|    1|          0|
    |grp_nondf_kernel_2mm_x1_fu_113_ap_start_reg  |   1|   0|    1|          0|
    +---------------------------------------------+----+----+-----+-----------+
    |Total                                        | 213|   0|  213|          0|
    +---------------------------------------------+----+----+-----+-----------+



================================================================
== Interface
================================================================
* Summary: 
+-----------------------+-----+-----+---------------+--------------+--------------+
|       RTL Ports       | Dir | Bits|    Protocol   | Source Object|    C Type    |
+-----------------------+-----+-----+---------------+--------------+--------------+
|s_axi_control_AWVALID  |   in|    1|          s_axi|       control|        scalar|
|s_axi_control_AWREADY  |  out|    1|          s_axi|       control|        scalar|
|s_axi_control_AWADDR   |   in|    6|          s_axi|       control|        scalar|
|s_axi_control_WVALID   |   in|    1|          s_axi|       control|        scalar|
|s_axi_control_WREADY   |  out|    1|          s_axi|       control|        scalar|
|s_axi_control_WDATA    |   in|   32|          s_axi|       control|        scalar|
|s_axi_control_WSTRB    |   in|    4|          s_axi|       control|        scalar|
|s_axi_control_ARVALID  |   in|    1|          s_axi|       control|        scalar|
|s_axi_control_ARREADY  |  out|    1|          s_axi|       control|        scalar|
|s_axi_control_ARADDR   |   in|    6|          s_axi|       control|        scalar|
|s_axi_control_RVALID   |  out|    1|          s_axi|       control|        scalar|
|s_axi_control_RREADY   |   in|    1|          s_axi|       control|        scalar|
|s_axi_control_RDATA    |  out|   32|          s_axi|       control|        scalar|
|s_axi_control_RRESP    |  out|    2|          s_axi|       control|        scalar|
|s_axi_control_BVALID   |  out|    1|          s_axi|       control|        scalar|
|s_axi_control_BREADY   |   in|    1|          s_axi|       control|        scalar|
|s_axi_control_BRESP    |  out|    2|          s_axi|       control|        scalar|
|ap_clk                 |   in|    1|  ap_ctrl_chain|           top|  return value|
|ap_rst_n               |   in|    1|  ap_ctrl_chain|           top|  return value|
|interrupt              |  out|    1|  ap_ctrl_chain|           top|  return value|
|m_axi_gmem_A_AWVALID   |  out|    1|          m_axi|        gmem_A|       pointer|
|m_axi_gmem_A_AWREADY   |   in|    1|          m_axi|        gmem_A|       pointer|
|m_axi_gmem_A_AWADDR    |  out|   64|          m_axi|        gmem_A|       pointer|
|m_axi_gmem_A_AWID      |  out|    1|          m_axi|        gmem_A|       pointer|
|m_axi_gmem_A_AWLEN     |  out|    8|          m_axi|        gmem_A|       pointer|
|m_axi_gmem_A_AWSIZE    |  out|    3|          m_axi|        gmem_A|       pointer|
|m_axi_gmem_A_AWBURST   |  out|    2|          m_axi|        gmem_A|       pointer|
|m_axi_gmem_A_AWLOCK    |  out|    2|          m_axi|        gmem_A|       pointer|
|m_axi_gmem_A_AWCACHE   |  out|    4|          m_axi|        gmem_A|       pointer|
|m_axi_gmem_A_AWPROT    |  out|    3|          m_axi|        gmem_A|       pointer|
|m_axi_gmem_A_AWQOS     |  out|    4|          m_axi|        gmem_A|       pointer|
|m_axi_gmem_A_AWREGION  |  out|    4|          m_axi|        gmem_A|       pointer|
|m_axi_gmem_A_AWUSER    |  out|    1|          m_axi|        gmem_A|       pointer|
|m_axi_gmem_A_WVALID    |  out|    1|          m_axi|        gmem_A|       pointer|
|m_axi_gmem_A_WREADY    |   in|    1|          m_axi|        gmem_A|       pointer|
|m_axi_gmem_A_WDATA     |  out|  512|          m_axi|        gmem_A|       pointer|
|m_axi_gmem_A_WSTRB     |  out|   64|          m_axi|        gmem_A|       pointer|
|m_axi_gmem_A_WLAST     |  out|    1|          m_axi|        gmem_A|       pointer|
|m_axi_gmem_A_WID       |  out|    1|          m_axi|        gmem_A|       pointer|
|m_axi_gmem_A_WUSER     |  out|    1|          m_axi|        gmem_A|       pointer|
|m_axi_gmem_A_ARVALID   |  out|    1|          m_axi|        gmem_A|       pointer|
|m_axi_gmem_A_ARREADY   |   in|    1|          m_axi|        gmem_A|       pointer|
|m_axi_gmem_A_ARADDR    |  out|   64|          m_axi|        gmem_A|       pointer|
|m_axi_gmem_A_ARID      |  out|    1|          m_axi|        gmem_A|       pointer|
|m_axi_gmem_A_ARLEN     |  out|    8|          m_axi|        gmem_A|       pointer|
|m_axi_gmem_A_ARSIZE    |  out|    3|          m_axi|        gmem_A|       pointer|
|m_axi_gmem_A_ARBURST   |  out|    2|          m_axi|        gmem_A|       pointer|
|m_axi_gmem_A_ARLOCK    |  out|    2|          m_axi|        gmem_A|       pointer|
|m_axi_gmem_A_ARCACHE   |  out|    4|          m_axi|        gmem_A|       pointer|
|m_axi_gmem_A_ARPROT    |  out|    3|          m_axi|        gmem_A|       pointer|
|m_axi_gmem_A_ARQOS     |  out|    4|          m_axi|        gmem_A|       pointer|
|m_axi_gmem_A_ARREGION  |  out|    4|          m_axi|        gmem_A|       pointer|
|m_axi_gmem_A_ARUSER    |  out|    1|          m_axi|        gmem_A|       pointer|
|m_axi_gmem_A_RVALID    |   in|    1|          m_axi|        gmem_A|       pointer|
|m_axi_gmem_A_RREADY    |  out|    1|          m_axi|        gmem_A|       pointer|
|m_axi_gmem_A_RDATA     |   in|  512|          m_axi|        gmem_A|       pointer|
|m_axi_gmem_A_RLAST     |   in|    1|          m_axi|        gmem_A|       pointer|
|m_axi_gmem_A_RID       |   in|    1|          m_axi|        gmem_A|       pointer|
|m_axi_gmem_A_RUSER     |   in|    1|          m_axi|        gmem_A|       pointer|
|m_axi_gmem_A_RRESP     |   in|    2|          m_axi|        gmem_A|       pointer|
|m_axi_gmem_A_BVALID    |   in|    1|          m_axi|        gmem_A|       pointer|
|m_axi_gmem_A_BREADY    |  out|    1|          m_axi|        gmem_A|       pointer|
|m_axi_gmem_A_BRESP     |   in|    2|          m_axi|        gmem_A|       pointer|
|m_axi_gmem_A_BID       |   in|    1|          m_axi|        gmem_A|       pointer|
|m_axi_gmem_A_BUSER     |   in|    1|          m_axi|        gmem_A|       pointer|
|m_axi_gmem_B_AWVALID   |  out|    1|          m_axi|        gmem_B|       pointer|
|m_axi_gmem_B_AWREADY   |   in|    1|          m_axi|        gmem_B|       pointer|
|m_axi_gmem_B_AWADDR    |  out|   64|          m_axi|        gmem_B|       pointer|
|m_axi_gmem_B_AWID      |  out|    1|          m_axi|        gmem_B|       pointer|
|m_axi_gmem_B_AWLEN     |  out|    8|          m_axi|        gmem_B|       pointer|
|m_axi_gmem_B_AWSIZE    |  out|    3|          m_axi|        gmem_B|       pointer|
|m_axi_gmem_B_AWBURST   |  out|    2|          m_axi|        gmem_B|       pointer|
|m_axi_gmem_B_AWLOCK    |  out|    2|          m_axi|        gmem_B|       pointer|
|m_axi_gmem_B_AWCACHE   |  out|    4|          m_axi|        gmem_B|       pointer|
|m_axi_gmem_B_AWPROT    |  out|    3|          m_axi|        gmem_B|       pointer|
|m_axi_gmem_B_AWQOS     |  out|    4|          m_axi|        gmem_B|       pointer|
|m_axi_gmem_B_AWREGION  |  out|    4|          m_axi|        gmem_B|       pointer|
|m_axi_gmem_B_AWUSER    |  out|    1|          m_axi|        gmem_B|       pointer|
|m_axi_gmem_B_WVALID    |  out|    1|          m_axi|        gmem_B|       pointer|
|m_axi_gmem_B_WREADY    |   in|    1|          m_axi|        gmem_B|       pointer|
|m_axi_gmem_B_WDATA     |  out|  512|          m_axi|        gmem_B|       pointer|
|m_axi_gmem_B_WSTRB     |  out|   64|          m_axi|        gmem_B|       pointer|
|m_axi_gmem_B_WLAST     |  out|    1|          m_axi|        gmem_B|       pointer|
|m_axi_gmem_B_WID       |  out|    1|          m_axi|        gmem_B|       pointer|
|m_axi_gmem_B_WUSER     |  out|    1|          m_axi|        gmem_B|       pointer|
|m_axi_gmem_B_ARVALID   |  out|    1|          m_axi|        gmem_B|       pointer|
|m_axi_gmem_B_ARREADY   |   in|    1|          m_axi|        gmem_B|       pointer|
|m_axi_gmem_B_ARADDR    |  out|   64|          m_axi|        gmem_B|       pointer|
|m_axi_gmem_B_ARID      |  out|    1|          m_axi|        gmem_B|       pointer|
|m_axi_gmem_B_ARLEN     |  out|    8|          m_axi|        gmem_B|       pointer|
|m_axi_gmem_B_ARSIZE    |  out|    3|          m_axi|        gmem_B|       pointer|
|m_axi_gmem_B_ARBURST   |  out|    2|          m_axi|        gmem_B|       pointer|
|m_axi_gmem_B_ARLOCK    |  out|    2|          m_axi|        gmem_B|       pointer|
|m_axi_gmem_B_ARCACHE   |  out|    4|          m_axi|        gmem_B|       pointer|
|m_axi_gmem_B_ARPROT    |  out|    3|          m_axi|        gmem_B|       pointer|
|m_axi_gmem_B_ARQOS     |  out|    4|          m_axi|        gmem_B|       pointer|
|m_axi_gmem_B_ARREGION  |  out|    4|          m_axi|        gmem_B|       pointer|
|m_axi_gmem_B_ARUSER    |  out|    1|          m_axi|        gmem_B|       pointer|
|m_axi_gmem_B_RVALID    |   in|    1|          m_axi|        gmem_B|       pointer|
|m_axi_gmem_B_RREADY    |  out|    1|          m_axi|        gmem_B|       pointer|
|m_axi_gmem_B_RDATA     |   in|  512|          m_axi|        gmem_B|       pointer|
|m_axi_gmem_B_RLAST     |   in|    1|          m_axi|        gmem_B|       pointer|
|m_axi_gmem_B_RID       |   in|    1|          m_axi|        gmem_B|       pointer|
|m_axi_gmem_B_RUSER     |   in|    1|          m_axi|        gmem_B|       pointer|
|m_axi_gmem_B_RRESP     |   in|    2|          m_axi|        gmem_B|       pointer|
|m_axi_gmem_B_BVALID    |   in|    1|          m_axi|        gmem_B|       pointer|
|m_axi_gmem_B_BREADY    |  out|    1|          m_axi|        gmem_B|       pointer|
|m_axi_gmem_B_BRESP     |   in|    2|          m_axi|        gmem_B|       pointer|
|m_axi_gmem_B_BID       |   in|    1|          m_axi|        gmem_B|       pointer|
|m_axi_gmem_B_BUSER     |   in|    1|          m_axi|        gmem_B|       pointer|
|m_axi_gmem_C_AWVALID   |  out|    1|          m_axi|        gmem_C|       pointer|
|m_axi_gmem_C_AWREADY   |   in|    1|          m_axi|        gmem_C|       pointer|
|m_axi_gmem_C_AWADDR    |  out|   64|          m_axi|        gmem_C|       pointer|
|m_axi_gmem_C_AWID      |  out|    1|          m_axi|        gmem_C|       pointer|
|m_axi_gmem_C_AWLEN     |  out|    8|          m_axi|        gmem_C|       pointer|
|m_axi_gmem_C_AWSIZE    |  out|    3|          m_axi|        gmem_C|       pointer|
|m_axi_gmem_C_AWBURST   |  out|    2|          m_axi|        gmem_C|       pointer|
|m_axi_gmem_C_AWLOCK    |  out|    2|          m_axi|        gmem_C|       pointer|
|m_axi_gmem_C_AWCACHE   |  out|    4|          m_axi|        gmem_C|       pointer|
|m_axi_gmem_C_AWPROT    |  out|    3|          m_axi|        gmem_C|       pointer|
|m_axi_gmem_C_AWQOS     |  out|    4|          m_axi|        gmem_C|       pointer|
|m_axi_gmem_C_AWREGION  |  out|    4|          m_axi|        gmem_C|       pointer|
|m_axi_gmem_C_AWUSER    |  out|    1|          m_axi|        gmem_C|       pointer|
|m_axi_gmem_C_WVALID    |  out|    1|          m_axi|        gmem_C|       pointer|
|m_axi_gmem_C_WREADY    |   in|    1|          m_axi|        gmem_C|       pointer|
|m_axi_gmem_C_WDATA     |  out|  512|          m_axi|        gmem_C|       pointer|
|m_axi_gmem_C_WSTRB     |  out|   64|          m_axi|        gmem_C|       pointer|
|m_axi_gmem_C_WLAST     |  out|    1|          m_axi|        gmem_C|       pointer|
|m_axi_gmem_C_WID       |  out|    1|          m_axi|        gmem_C|       pointer|
|m_axi_gmem_C_WUSER     |  out|    1|          m_axi|        gmem_C|       pointer|
|m_axi_gmem_C_ARVALID   |  out|    1|          m_axi|        gmem_C|       pointer|
|m_axi_gmem_C_ARREADY   |   in|    1|          m_axi|        gmem_C|       pointer|
|m_axi_gmem_C_ARADDR    |  out|   64|          m_axi|        gmem_C|       pointer|
|m_axi_gmem_C_ARID      |  out|    1|          m_axi|        gmem_C|       pointer|
|m_axi_gmem_C_ARLEN     |  out|    8|          m_axi|        gmem_C|       pointer|
|m_axi_gmem_C_ARSIZE    |  out|    3|          m_axi|        gmem_C|       pointer|
|m_axi_gmem_C_ARBURST   |  out|    2|          m_axi|        gmem_C|       pointer|
|m_axi_gmem_C_ARLOCK    |  out|    2|          m_axi|        gmem_C|       pointer|
|m_axi_gmem_C_ARCACHE   |  out|    4|          m_axi|        gmem_C|       pointer|
|m_axi_gmem_C_ARPROT    |  out|    3|          m_axi|        gmem_C|       pointer|
|m_axi_gmem_C_ARQOS     |  out|    4|          m_axi|        gmem_C|       pointer|
|m_axi_gmem_C_ARREGION  |  out|    4|          m_axi|        gmem_C|       pointer|
|m_axi_gmem_C_ARUSER    |  out|    1|          m_axi|        gmem_C|       pointer|
|m_axi_gmem_C_RVALID    |   in|    1|          m_axi|        gmem_C|       pointer|
|m_axi_gmem_C_RREADY    |  out|    1|          m_axi|        gmem_C|       pointer|
|m_axi_gmem_C_RDATA     |   in|  512|          m_axi|        gmem_C|       pointer|
|m_axi_gmem_C_RLAST     |   in|    1|          m_axi|        gmem_C|       pointer|
|m_axi_gmem_C_RID       |   in|    1|          m_axi|        gmem_C|       pointer|
|m_axi_gmem_C_RUSER     |   in|    1|          m_axi|        gmem_C|       pointer|
|m_axi_gmem_C_RRESP     |   in|    2|          m_axi|        gmem_C|       pointer|
|m_axi_gmem_C_BVALID    |   in|    1|          m_axi|        gmem_C|       pointer|
|m_axi_gmem_C_BREADY    |  out|    1|          m_axi|        gmem_C|       pointer|
|m_axi_gmem_C_BRESP     |   in|    2|          m_axi|        gmem_C|       pointer|
|m_axi_gmem_C_BID       |   in|    1|          m_axi|        gmem_C|       pointer|
|m_axi_gmem_C_BUSER     |   in|    1|          m_axi|        gmem_C|       pointer|
+-----------------------+-----+-----+---------------+--------------+--------------+

============================================================
+ Verbose Summary: Synthesis Manager
============================================================
InlineROM: 1
ExposeGlobal: 0
============================================================
+ Verbose Summary: CDFG Model
============================================================
IsTopModel: 1
ResetActiveHigh: 1
IsCombinational: 2
IsDatapathOnly: 2
HasWiredReturn: 1
HasMFsm: 0
HasVarLatency: 1
IsPipeline: 0
IsRtlPipelined: 0
IsInstanceOverlapped: 0
IsDontTouch: 0
HasImplIP: 0
IsGatedGlobalClock: 0


============================================================
+ Verbose Summary: Schedule
============================================================
* Number of FSM states : 9
* Pipeline : 0
* Dataflow Pipeline: 0

* FSM state transitions: 
1 --> 2 
2 --> 3 
3 --> 4 
4 --> 5 
5 --> 6 
6 --> 7 
7 --> 8 
8 --> 9 
9 --> 

* FSM state operations: 

State 1 <SV = 0> <Delay = 1.20>
ST_1 : Operation 10 [1/1] (1.00ns)   --->   "%C_read = read i64 @_ssdm_op_Read.s_axilite.i64, i64 %C"   --->   Operation 10 'read' 'C_read' <Predicate = true> <Delay = 1.00> <CoreInst = "s_axilite">   --->   Core 122 's_axilite' <Latency = 0> <II = 1> <Delay = 1.00> <Adapter> <Opcode : 'read' 'write'>
ST_1 : Operation 11 [1/1] (1.00ns)   --->   "%B_read = read i64 @_ssdm_op_Read.s_axilite.i64, i64 %B"   --->   Operation 11 'read' 'B_read' <Predicate = true> <Delay = 1.00> <CoreInst = "s_axilite">   --->   Core 122 's_axilite' <Latency = 0> <II = 1> <Delay = 1.00> <Adapter> <Opcode : 'read' 'write'>
ST_1 : Operation 12 [1/1] (1.00ns)   --->   "%A_read = read i64 @_ssdm_op_Read.s_axilite.i64, i64 %A"   --->   Operation 12 'read' 'A_read' <Predicate = true> <Delay = 1.00> <CoreInst = "s_axilite">   --->   Core 122 's_axilite' <Latency = 0> <II = 1> <Delay = 1.00> <Adapter> <Opcode : 'read' 'write'>
ST_1 : Operation 13 [1/1] (1.20ns)   --->   "%temp_X0_V = alloca i64 1" [./dut.cpp:40567]   --->   Operation 13 'alloca' 'temp_X0_V' <Predicate = true> <Delay = 1.20>
ST_1 : Operation 14 [1/1] (1.20ns)   --->   "%temp_X1_V = alloca i64 1" [./dut.cpp:40567]   --->   Operation 14 'alloca' 'temp_X1_V' <Predicate = true> <Delay = 1.20>
ST_1 : Operation 15 [1/1] (1.20ns)   --->   "%temp_X2_V = alloca i64 1" [./dut.cpp:40567]   --->   Operation 15 'alloca' 'temp_X2_V' <Predicate = true> <Delay = 1.20>

State 2 <SV = 1> <Delay = 2.43>
ST_2 : Operation 16 [2/2] (2.43ns)   --->   "%call_ln40569 = call void @nondf_kernel_2mm_x0, i512 %gmem_A, i64 %A_read, i32 %temp_X0_V" [./dut.cpp:40569]   --->   Operation 16 'call' 'call_ln40569' <Predicate = true> <Delay = 2.43> <CoreType = "Generic">   --->   Core 0 '' <Latency = 0> <II = 1> <Delay = 1.00> <Generic> <Opcode : >

State 3 <SV = 2> <Delay = 0.00>
ST_3 : Operation 17 [1/2] (0.00ns)   --->   "%call_ln40569 = call void @nondf_kernel_2mm_x0, i512 %gmem_A, i64 %A_read, i32 %temp_X0_V" [./dut.cpp:40569]   --->   Operation 17 'call' 'call_ln40569' <Predicate = true> <Delay = 0.00> <CoreType = "Generic">   --->   Core 0 '' <Latency = 0> <II = 1> <Delay = 1.00> <Generic> <Opcode : >

State 4 <SV = 3> <Delay = 0.00>
ST_4 : Operation 18 [2/2] (0.00ns)   --->   "%call_ln40570 = call void @kernel0_x0, i512 %gmem_B, i32 %temp_X0_V, i64 %B_read, i32 %temp_X1_V" [./dut.cpp:40570]   --->   Operation 18 'call' 'call_ln40570' <Predicate = true> <Delay = 0.00> <CoreType = "Generic">   --->   Core 0 '' <Latency = 0> <II = 1> <Delay = 1.00> <Generic> <Opcode : >

State 5 <SV = 4> <Delay = 0.00>
ST_5 : Operation 19 [1/2] (0.00ns)   --->   "%call_ln40570 = call void @kernel0_x0, i512 %gmem_B, i32 %temp_X0_V, i64 %B_read, i32 %temp_X1_V" [./dut.cpp:40570]   --->   Operation 19 'call' 'call_ln40570' <Predicate = true> <Delay = 0.00> <CoreType = "Generic">   --->   Core 0 '' <Latency = 0> <II = 1> <Delay = 1.00> <Generic> <Opcode : >

State 6 <SV = 5> <Delay = 0.00>
ST_6 : Operation 20 [2/2] (0.00ns)   --->   "%call_ln40571 = call void @nondf_kernel_2mm_x1, i32 %temp_X1_V, i512 %temp_X2_V" [./dut.cpp:40571]   --->   Operation 20 'call' 'call_ln40571' <Predicate = true> <Delay = 0.00> <CoreType = "Generic">   --->   Core 0 '' <Latency = 0> <II = 1> <Delay = 1.00> <Generic> <Opcode : >

State 7 <SV = 6> <Delay = 0.00>
ST_7 : Operation 21 [1/2] (0.00ns)   --->   "%call_ln40571 = call void @nondf_kernel_2mm_x1, i32 %temp_X1_V, i512 %temp_X2_V" [./dut.cpp:40571]   --->   Operation 21 'call' 'call_ln40571' <Predicate = true> <Delay = 0.00> <CoreType = "Generic">   --->   Core 0 '' <Latency = 0> <II = 1> <Delay = 1.00> <Generic> <Opcode : >

State 8 <SV = 7> <Delay = 0.00>
ST_8 : Operation 22 [2/2] (0.00ns)   --->   "%call_ln40572 = call void @kernel0_x1, i512 %gmem_C, i512 %temp_X2_V, i64 %C_read" [./dut.cpp:40572]   --->   Operation 22 'call' 'call_ln40572' <Predicate = true> <Delay = 0.00> <CoreType = "Generic">   --->   Core 0 '' <Latency = 0> <II = 1> <Delay = 1.00> <Generic> <Opcode : >

State 9 <SV = 8> <Delay = 0.00>
ST_9 : Operation 23 [1/1] (0.00ns)   --->   "%spectopmodule_ln0 = spectopmodule void @_ssdm_op_SpecTopModule, void @empty_944"   --->   Operation 23 'spectopmodule' 'spectopmodule_ln0' <Predicate = true> <Delay = 0.00>
ST_9 : Operation 24 [1/1] (0.00ns)   --->   "%specinterface_ln0 = specinterface void @_ssdm_op_SpecInterface, i32 0, void @empty_293, i32 0, i32 0, void @empty_62, i32 0, i32 0, void @empty_62, void @empty_62, void @empty_62, i32 0, i32 0, i32 0, i32 0, void @empty_62, void @empty_62"   --->   Operation 24 'specinterface' 'specinterface_ln0' <Predicate = true> <Delay = 0.00>
ST_9 : Operation 25 [1/1] (0.00ns)   --->   "%specinterface_ln0 = specinterface void @_ssdm_op_SpecInterface, i512 %gmem_A, void @empty_350, i32 0, i32 0, void @empty_62, i32 64, i32 0, void @empty_314, void @empty_557, void @empty_62, i32 16, i32 16, i32 16, i32 16, void @empty_62, void @empty_62"   --->   Operation 25 'specinterface' 'specinterface_ln0' <Predicate = true> <Delay = 0.00>
ST_9 : Operation 26 [1/1] (0.00ns)   --->   "%specbitsmap_ln0 = specbitsmap void @_ssdm_op_SpecBitsMap, i512 %gmem_A"   --->   Operation 26 'specbitsmap' 'specbitsmap_ln0' <Predicate = true> <Delay = 0.00>
ST_9 : Operation 27 [1/1] (0.00ns)   --->   "%specinterface_ln0 = specinterface void @_ssdm_op_SpecInterface, i512 %gmem_B, void @empty_350, i32 0, i32 0, void @empty_62, i32 64, i32 0, void @empty_555, void @empty_557, void @empty_62, i32 16, i32 16, i32 16, i32 16, void @empty_62, void @empty_62"   --->   Operation 27 'specinterface' 'specinterface_ln0' <Predicate = true> <Delay = 0.00>
ST_9 : Operation 28 [1/1] (0.00ns)   --->   "%specbitsmap_ln0 = specbitsmap void @_ssdm_op_SpecBitsMap, i512 %gmem_B"   --->   Operation 28 'specbitsmap' 'specbitsmap_ln0' <Predicate = true> <Delay = 0.00>
ST_9 : Operation 29 [1/1] (0.00ns)   --->   "%specinterface_ln0 = specinterface void @_ssdm_op_SpecInterface, i512 %gmem_C, void @empty_350, i32 0, i32 0, void @empty_62, i32 64, i32 0, void @empty_804, void @empty_557, void @empty_62, i32 16, i32 16, i32 16, i32 16, void @empty_62, void @empty_62"   --->   Operation 29 'specinterface' 'specinterface_ln0' <Predicate = true> <Delay = 0.00>
ST_9 : Operation 30 [1/1] (0.00ns)   --->   "%specbitsmap_ln0 = specbitsmap void @_ssdm_op_SpecBitsMap, i512 %gmem_C"   --->   Operation 30 'specbitsmap' 'specbitsmap_ln0' <Predicate = true> <Delay = 0.00>
ST_9 : Operation 31 [1/1] (0.00ns)   --->   "%specinterface_ln0 = specinterface void @_ssdm_op_SpecInterface, i64 %A, void @empty_1733, i32 0, i32 0, void @empty_62, i32 0, i32 0, void @empty_306, void @empty_970, void @empty_62, i32 0, i32 0, i32 0, i32 0, void @empty_62, void @empty_538"   --->   Operation 31 'specinterface' 'specinterface_ln0' <Predicate = true> <Delay = 0.00>
ST_9 : Operation 32 [1/1] (0.00ns)   --->   "%specinterface_ln0 = specinterface void @_ssdm_op_SpecInterface, i64 %A, void @empty_347, i32 0, i32 0, void @empty_62, i32 0, i32 0, void @empty_62, void @empty_62, void @empty_62, i32 0, i32 0, i32 0, i32 0, void @empty_62, void @empty_538"   --->   Operation 32 'specinterface' 'specinterface_ln0' <Predicate = true> <Delay = 0.00>
ST_9 : Operation 33 [1/1] (0.00ns)   --->   "%specinterface_ln0 = specinterface void @_ssdm_op_SpecInterface, i64 %B, void @empty_1733, i32 0, i32 0, void @empty_62, i32 0, i32 0, void @empty_306, void @empty_366, void @empty_62, i32 0, i32 0, i32 0, i32 0, void @empty_62, void @empty_538"   --->   Operation 33 'specinterface' 'specinterface_ln0' <Predicate = true> <Delay = 0.00>
ST_9 : Operation 34 [1/1] (0.00ns)   --->   "%specinterface_ln0 = specinterface void @_ssdm_op_SpecInterface, i64 %B, void @empty_347, i32 0, i32 0, void @empty_62, i32 0, i32 0, void @empty_62, void @empty_62, void @empty_62, i32 0, i32 0, i32 0, i32 0, void @empty_62, void @empty_538"   --->   Operation 34 'specinterface' 'specinterface_ln0' <Predicate = true> <Delay = 0.00>
ST_9 : Operation 35 [1/1] (0.00ns)   --->   "%specinterface_ln0 = specinterface void @_ssdm_op_SpecInterface, i64 %C, void @empty_1733, i32 0, i32 0, void @empty_62, i32 0, i32 0, void @empty_306, void @empty_1457, void @empty_62, i32 0, i32 0, i32 0, i32 0, void @empty_62, void @empty_538"   --->   Operation 35 'specinterface' 'specinterface_ln0' <Predicate = true> <Delay = 0.00>
ST_9 : Operation 36 [1/1] (0.00ns)   --->   "%specinterface_ln0 = specinterface void @_ssdm_op_SpecInterface, i64 %C, void @empty_347, i32 0, i32 0, void @empty_62, i32 0, i32 0, void @empty_62, void @empty_62, void @empty_62, i32 0, i32 0, i32 0, i32 0, void @empty_62, void @empty_538"   --->   Operation 36 'specinterface' 'specinterface_ln0' <Predicate = true> <Delay = 0.00>
ST_9 : Operation 37 [1/1] (0.00ns)   --->   "%specinterface_ln0 = specinterface void @_ssdm_op_SpecInterface, i32 0, void @empty_1733, i32 0, i32 0, void @empty_62, i32 0, i32 0, void @empty_306, void @empty_62, void @empty_62, i32 0, i32 0, i32 0, i32 0, void @empty_62, void @empty_62"   --->   Operation 37 'specinterface' 'specinterface_ln0' <Predicate = true> <Delay = 0.00>
ST_9 : Operation 38 [1/2] (0.00ns)   --->   "%call_ln40572 = call void @kernel0_x1, i512 %gmem_C, i512 %temp_X2_V, i64 %C_read" [./dut.cpp:40572]   --->   Operation 38 'call' 'call_ln40572' <Predicate = true> <Delay = 0.00> <CoreType = "Generic">   --->   Core 0 '' <Latency = 0> <II = 1> <Delay = 1.00> <Generic> <Opcode : >
ST_9 : Operation 39 [1/1] (0.00ns)   --->   "%ret_ln40573 = ret" [./dut.cpp:40573]   --->   Operation 39 'ret' 'ret_ln40573' <Predicate = true> <Delay = 0.00>


============================================================
+ Verbose Summary: Binding
============================================================
STG Binding: 
---------------- STG Properties BEGIN ----------------
- Is combinational: 0
- Is one-state seq: 0
- Is datapath-only: 0
- Is pipelined: 0
- Is top level: 1
Port [ Return ] is wired: 1; IO mode=ap_ctrl_chain:ce=0
Port [ gmem_A]:  wired=1; compound=1; hidden=0; nouse=0; global=0; static=0; extern=0; dir=0; type=4; pingpong=0; private_global=0; IO mode=m_axi:ce=0
Port [ gmem_B]:  wired=1; compound=1; hidden=0; nouse=0; global=0; static=0; extern=0; dir=0; type=4; pingpong=0; private_global=0; IO mode=m_axi:ce=0
Port [ gmem_C]:  wired=1; compound=1; hidden=0; nouse=0; global=0; static=0; extern=0; dir=1; type=4; pingpong=0; private_global=0; IO mode=m_axi:ce=0
Port [ A]:  wired=1; compound=0; hidden=0; nouse=0; global=0; static=0; extern=0; dir=0; type=0; pingpong=0; private_global=0; IO mode=ap_none:ce=0
Port [ B]:  wired=1; compound=0; hidden=0; nouse=0; global=0; static=0; extern=0; dir=0; type=0; pingpong=0; private_global=0; IO mode=ap_none:ce=0
Port [ C]:  wired=1; compound=0; hidden=0; nouse=0; global=0; static=0; extern=0; dir=0; type=0; pingpong=0; private_global=0; IO mode=ap_none:ce=0
---------------- STG Properties END ------------------

---------------- Datapath Model BEGIN ----------------

<LifeTime>
<method=bitvector/>
C_read            (read         ) [ 0011111111]
B_read            (read         ) [ 0011110000]
A_read            (read         ) [ 0011000000]
temp_X0_V         (alloca       ) [ 0011110000]
temp_X1_V         (alloca       ) [ 0011111100]
temp_X2_V         (alloca       ) [ 0011111111]
call_ln40569      (call         ) [ 0000000000]
call_ln40570      (call         ) [ 0000000000]
call_ln40571      (call         ) [ 0000000000]
spectopmodule_ln0 (spectopmodule) [ 0000000000]
specinterface_ln0 (specinterface) [ 0000000000]
specinterface_ln0 (specinterface) [ 0000000000]
specbitsmap_ln0   (specbitsmap  ) [ 0000000000]
specinterface_ln0 (specinterface) [ 0000000000]
specbitsmap_ln0   (specbitsmap  ) [ 0000000000]
specinterface_ln0 (specinterface) [ 0000000000]
specbitsmap_ln0   (specbitsmap  ) [ 0000000000]
specinterface_ln0 (specinterface) [ 0000000000]
specinterface_ln0 (specinterface) [ 0000000000]
specinterface_ln0 (specinterface) [ 0000000000]
specinterface_ln0 (specinterface) [ 0000000000]
specinterface_ln0 (specinterface) [ 0000000000]
specinterface_ln0 (specinterface) [ 0000000000]
specinterface_ln0 (specinterface) [ 0000000000]
call_ln40572      (call         ) [ 0000000000]
ret_ln40573       (ret          ) [ 0000000000]
</LifeTime>

<model>

<comp_list>
<comp id="0" class="1000" name="gmem_A">
<pin_list>
<pin id="1" dir="1" index="0" bw="1" slack="0"/>
</pin_list>
<bind>
<StgValue><ssdm name="gmem_A"/></StgValue>
</bind>
</comp>

<comp id="2" class="1000" name="gmem_B">
<pin_list>
<pin id="3" dir="1" index="0" bw="1" slack="0"/>
</pin_list>
<bind>
<StgValue><ssdm name="gmem_B"/></StgValue>
</bind>
</comp>

<comp id="4" class="1000" name="gmem_C">
<pin_list>
<pin id="5" dir="1" index="0" bw="1" slack="0"/>
</pin_list>
<bind>
<StgValue><ssdm name="gmem_C"/></StgValue>
</bind>
</comp>

<comp id="6" class="1000" name="A">
<pin_list>
<pin id="7" dir="1" index="0" bw="1" slack="0"/>
</pin_list>
<bind>
<StgValue><ssdm name="A"/></StgValue>
</bind>
</comp>

<comp id="8" class="1000" name="B">
<pin_list>
<pin id="9" dir="1" index="0" bw="1" slack="0"/>
</pin_list>
<bind>
<StgValue><ssdm name="B"/></StgValue>
</bind>
</comp>

<comp id="10" class="1000" name="C">
<pin_list>
<pin id="11" dir="1" index="0" bw="1" slack="0"/>
</pin_list>
<bind>
<StgValue><ssdm name="C"/></StgValue>
</bind>
</comp>

<comp id="12" class="1001" name="const_12">
<pin_list>
<pin id="13" dir="1" index="0" bw="1" slack="0"/>
</pin_list>
<bind>
<StgValue><ssdm name="_ssdm_op_Read.s_axilite.i64"/></StgValue>
</bind>
</comp>

<comp id="14" class="1001" name="const_14">
<pin_list>
<pin id="15" dir="1" index="0" bw="1" slack="0"/>
</pin_list>
<bind>
<StgValue><ssdm name=""/></StgValue>
</bind>
</comp>

<comp id="16" class="1001" name="const_16">
<pin_list>
<pin id="17" dir="1" index="0" bw="1" slack="0"/>
</pin_list>
<bind>
<StgValue><ssdm name="nondf_kernel_2mm_x0"/></StgValue>
</bind>
</comp>

<comp id="18" class="1001" name="const_18">
<pin_list>
<pin id="19" dir="1" index="0" bw="1" slack="0"/>
</pin_list>
<bind>
<StgValue><ssdm name="kernel0_x0"/></StgValue>
</bind>
</comp>

<comp id="20" class="1001" name="const_20">
<pin_list>
<pin id="21" dir="1" index="0" bw="1" slack="0"/>
</pin_list>
<bind>
<StgValue><ssdm name="nondf_kernel_2mm_x1"/></StgValue>
</bind>
</comp>

<comp id="22" class="1001" name="const_22">
<pin_list>
<pin id="23" dir="1" index="0" bw="1" slack="0"/>
</pin_list>
<bind>
<StgValue><ssdm name="kernel0_x1"/></StgValue>
</bind>
</comp>

<comp id="24" class="1001" name="const_24">
<pin_list>
<pin id="25" dir="1" index="0" bw="1" slack="2147483647"/>
</pin_list>
<bind>
<StgValue><ssdm name="_ssdm_op_SpecTopModule"/></StgValue>
</bind>
</comp>

<comp id="26" class="1001" name="const_26">
<pin_list>
<pin id="27" dir="1" index="0" bw="1" slack="2147483647"/>
</pin_list>
<bind>
<StgValue><ssdm name="empty_944"/></StgValue>
</bind>
</comp>

<comp id="28" class="1001" name="const_28">
<pin_list>
<pin id="29" dir="1" index="0" bw="1" slack="2147483647"/>
</pin_list>
<bind>
<StgValue><ssdm name="_ssdm_op_SpecInterface"/></StgValue>
</bind>
</comp>

<comp id="30" class="1001" name="const_30">
<pin_list>
<pin id="31" dir="1" index="0" bw="1" slack="2147483647"/>
</pin_list>
<bind>
<StgValue><ssdm name=""/></StgValue>
</bind>
</comp>

<comp id="32" class="1001" name="const_32">
<pin_list>
<pin id="33" dir="1" index="0" bw="1" slack="2147483647"/>
</pin_list>
<bind>
<StgValue><ssdm name="empty_293"/></StgValue>
</bind>
</comp>

<comp id="34" class="1001" name="const_34">
<pin_list>
<pin id="35" dir="1" index="0" bw="1" slack="2147483647"/>
</pin_list>
<bind>
<StgValue><ssdm name="empty_62"/></StgValue>
</bind>
</comp>

<comp id="36" class="1001" name="const_36">
<pin_list>
<pin id="37" dir="1" index="0" bw="1" slack="2147483647"/>
</pin_list>
<bind>
<StgValue><ssdm name="empty_350"/></StgValue>
</bind>
</comp>

<comp id="38" class="1001" name="const_38">
<pin_list>
<pin id="39" dir="1" index="0" bw="1" slack="2147483647"/>
</pin_list>
<bind>
<StgValue><ssdm name=""/></StgValue>
</bind>
</comp>

<comp id="40" class="1001" name="const_40">
<pin_list>
<pin id="41" dir="1" index="0" bw="1" slack="2147483647"/>
</pin_list>
<bind>
<StgValue><ssdm name="empty_314"/></StgValue>
</bind>
</comp>

<comp id="42" class="1001" name="const_42">
<pin_list>
<pin id="43" dir="1" index="0" bw="1" slack="2147483647"/>
</pin_list>
<bind>
<StgValue><ssdm name="empty_557"/></StgValue>
</bind>
</comp>

<comp id="44" class="1001" name="const_44">
<pin_list>
<pin id="45" dir="1" index="0" bw="1" slack="2147483647"/>
</pin_list>
<bind>
<StgValue><ssdm name=""/></StgValue>
</bind>
</comp>

<comp id="46" class="1001" name="const_46">
<pin_list>
<pin id="47" dir="1" index="0" bw="1" slack="2147483647"/>
</pin_list>
<bind>
<StgValue><ssdm name="_ssdm_op_SpecBitsMap"/></StgValue>
</bind>
</comp>

<comp id="48" class="1001" name="const_48">
<pin_list>
<pin id="49" dir="1" index="0" bw="1" slack="2147483647"/>
</pin_list>
<bind>
<StgValue><ssdm name="empty_555"/></StgValue>
</bind>
</comp>

<comp id="50" class="1001" name="const_50">
<pin_list>
<pin id="51" dir="1" index="0" bw="1" slack="2147483647"/>
</pin_list>
<bind>
<StgValue><ssdm name="empty_804"/></StgValue>
</bind>
</comp>

<comp id="52" class="1001" name="const_52">
<pin_list>
<pin id="53" dir="1" index="0" bw="1" slack="2147483647"/>
</pin_list>
<bind>
<StgValue><ssdm name="empty_1733"/></StgValue>
</bind>
</comp>

<comp id="54" class="1001" name="const_54">
<pin_list>
<pin id="55" dir="1" index="0" bw="1" slack="2147483647"/>
</pin_list>
<bind>
<StgValue><ssdm name="empty_306"/></StgValue>
</bind>
</comp>

<comp id="56" class="1001" name="const_56">
<pin_list>
<pin id="57" dir="1" index="0" bw="1" slack="2147483647"/>
</pin_list>
<bind>
<StgValue><ssdm name="empty_970"/></StgValue>
</bind>
</comp>

<comp id="58" class="1001" name="const_58">
<pin_list>
<pin id="59" dir="1" index="0" bw="1" slack="2147483647"/>
</pin_list>
<bind>
<StgValue><ssdm name="empty_538"/></StgValue>
</bind>
</comp>

<comp id="60" class="1001" name="const_60">
<pin_list>
<pin id="61" dir="1" index="0" bw="1" slack="2147483647"/>
</pin_list>
<bind>
<StgValue><ssdm name="empty_347"/></StgValue>
</bind>
</comp>

<comp id="62" class="1001" name="const_62">
<pin_list>
<pin id="63" dir="1" index="0" bw="1" slack="2147483647"/>
</pin_list>
<bind>
<StgValue><ssdm name="empty_366"/></StgValue>
</bind>
</comp>

<comp id="64" class="1001" name="const_64">
<pin_list>
<pin id="65" dir="1" index="0" bw="1" slack="2147483647"/>
</pin_list>
<bind>
<StgValue><ssdm name="empty_1457"/></StgValue>
</bind>
</comp>

<comp id="66" class="1004" name="temp_X0_V_alloca_fu_66">
<pin_list>
<pin id="67" dir="0" index="0" bw="1" slack="0"/>
<pin id="68" dir="1" index="1" bw="32" slack="2147483647"/>
</pin_list>
<bind>
<opcode="alloca(26) " fcode="alloca"/>
<opset="temp_X0_V/1 "/>
</bind>
</comp>

<comp id="70" class="1004" name="temp_X1_V_alloca_fu_70">
<pin_list>
<pin id="71" dir="0" index="0" bw="1" slack="0"/>
<pin id="72" dir="1" index="1" bw="32" slack="2147483647"/>
</pin_list>
<bind>
<opcode="alloca(26) " fcode="alloca"/>
<opset="temp_X1_V/1 "/>
</bind>
</comp>

<comp id="74" class="1004" name="temp_X2_V_alloca_fu_74">
<pin_list>
<pin id="75" dir="0" index="0" bw="1" slack="0"/>
<pin id="76" dir="1" index="1" bw="512" slack="2147483647"/>
</pin_list>
<bind>
<opcode="alloca(26) " fcode="alloca"/>
<opset="temp_X2_V/1 "/>
</bind>
</comp>

<comp id="78" class="1004" name="C_read_read_fu_78">
<pin_list>
<pin id="79" dir="0" index="0" bw="64" slack="0"/>
<pin id="80" dir="0" index="1" bw="64" slack="0"/>
<pin id="81" dir="1" index="2" bw="64" slack="7"/>
</pin_list>
<bind>
<opcode="read(1150) " fcode="read"/>
<opset="C_read/1 "/>
</bind>
</comp>

<comp id="84" class="1004" name="B_read_read_fu_84">
<pin_list>
<pin id="85" dir="0" index="0" bw="64" slack="0"/>
<pin id="86" dir="0" index="1" bw="64" slack="0"/>
<pin id="87" dir="1" index="2" bw="64" slack="3"/>
</pin_list>
<bind>
<opcode="read(1150) " fcode="read"/>
<opset="B_read/1 "/>
</bind>
</comp>

<comp id="90" class="1004" name="A_read_read_fu_90">
<pin_list>
<pin id="91" dir="0" index="0" bw="64" slack="0"/>
<pin id="92" dir="0" index="1" bw="64" slack="0"/>
<pin id="93" dir="1" index="2" bw="64" slack="1"/>
</pin_list>
<bind>
<opcode="read(1150) " fcode="read"/>
<opset="A_read/1 "/>
</bind>
</comp>

<comp id="96" class="1004" name="grp_kernel0_x1_fu_96">
<pin_list>
<pin id="97" dir="0" index="0" bw="0" slack="0"/>
<pin id="98" dir="0" index="1" bw="512" slack="0"/>
<pin id="99" dir="0" index="2" bw="512" slack="2147483647"/>
<pin id="100" dir="0" index="3" bw="64" slack="7"/>
<pin id="101" dir="1" index="4" bw="0" slack="2147483647"/>
</pin_list>
<bind>
<opcode="call(48) " fcode="call"/>
<opset="call_ln40572/8 "/>
</bind>
</comp>

<comp id="104" class="1004" name="grp_kernel0_x0_fu_104">
<pin_list>
<pin id="105" dir="0" index="0" bw="0" slack="0"/>
<pin id="106" dir="0" index="1" bw="512" slack="0"/>
<pin id="107" dir="0" index="2" bw="32" slack="2147483647"/>
<pin id="108" dir="0" index="3" bw="64" slack="3"/>
<pin id="109" dir="0" index="4" bw="32" slack="2147483647"/>
<pin id="110" dir="1" index="5" bw="0" slack="2147483647"/>
</pin_list>
<bind>
<opcode="call(48) " fcode="call"/>
<opset="call_ln40570/4 "/>
</bind>
</comp>

<comp id="113" class="1004" name="grp_nondf_kernel_2mm_x1_fu_113">
<pin_list>
<pin id="114" dir="0" index="0" bw="0" slack="0"/>
<pin id="115" dir="0" index="1" bw="32" slack="2147483647"/>
<pin id="116" dir="0" index="2" bw="512" slack="2147483647"/>
<pin id="117" dir="1" index="3" bw="0" slack="2147483647"/>
</pin_list>
<bind>
<opcode="call(48) " fcode="call"/>
<opset="call_ln40571/6 "/>
</bind>
</comp>

<comp id="119" class="1004" name="grp_nondf_kernel_2mm_x0_fu_119">
<pin_list>
<pin id="120" dir="0" index="0" bw="0" slack="0"/>
<pin id="121" dir="0" index="1" bw="512" slack="0"/>
<pin id="122" dir="0" index="2" bw="64" slack="1"/>
<pin id="123" dir="0" index="3" bw="32" slack="2147483647"/>
<pin id="124" dir="1" index="4" bw="0" slack="2147483647"/>
</pin_list>
<bind>
<opcode="call(48) " fcode="call"/>
<opset="call_ln40569/2 "/>
</bind>
</comp>

<comp id="127" class="1005" name="C_read_reg_127">
<pin_list>
<pin id="128" dir="0" index="0" bw="64" slack="7"/>
<pin id="129" dir="1" index="1" bw="64" slack="7"/>
</pin_list>
<bind>
<opset="C_read "/>
</bind>
</comp>

<comp id="132" class="1005" name="B_read_reg_132">
<pin_list>
<pin id="133" dir="0" index="0" bw="64" slack="3"/>
<pin id="134" dir="1" index="1" bw="64" slack="3"/>
</pin_list>
<bind>
<opset="B_read "/>
</bind>
</comp>

<comp id="137" class="1005" name="A_read_reg_137">
<pin_list>
<pin id="138" dir="0" index="0" bw="64" slack="1"/>
<pin id="139" dir="1" index="1" bw="64" slack="1"/>
</pin_list>
<bind>
<opset="A_read "/>
</bind>
</comp>

<comp id="142" class="1004" name="grp_fu_142">
<pin_list>
<pin id="143" dir="0" index="0" bw="32" slack="2147483647"/>
<pin id="144" dir="0" index="1" bw="32" slack="2147483647"/>
<pin id="145" dir="1" index="2" bw="32" slack="2147483647"/>
</pin_list>
<bind>
<opcode="mul(12) " fcode="mul"/>
<opset="mul_ln691/83 mul_ln691/12 "/>
</bind>
</comp>

<comp id="146" class="1004" name="grp_fu_146">
<pin_list>
<pin id="147" dir="0" index="0" bw="32" slack="2147483647"/>
<pin id="148" dir="0" index="1" bw="32" slack="2147483647"/>
<pin id="149" dir="1" index="2" bw="32" slack="2147483647"/>
</pin_list>
<bind>
<opcode="mul(12) " fcode="mul"/>
<opset="mul_ln691_32/83 mul_ln691_1/12 "/>
</bind>
</comp>

<comp id="150" class="1004" name="grp_fu_150">
<pin_list>
<pin id="151" dir="0" index="0" bw="32" slack="2147483647"/>
<pin id="152" dir="0" index="1" bw="32" slack="2147483647"/>
<pin id="153" dir="1" index="2" bw="32" slack="2147483647"/>
</pin_list>
<bind>
<opcode="mul(12) " fcode="mul"/>
<opset="mul_ln691_33/83 mul_ln691_2/12 "/>
</bind>
</comp>

<comp id="154" class="1004" name="grp_fu_154">
<pin_list>
<pin id="155" dir="0" index="0" bw="32" slack="2147483647"/>
<pin id="156" dir="0" index="1" bw="32" slack="2147483647"/>
<pin id="157" dir="1" index="2" bw="32" slack="2147483647"/>
</pin_list>
<bind>
<opcode="mul(12) " fcode="mul"/>
<opset="mul_ln691_34/83 mul_ln691_3/12 "/>
</bind>
</comp>

<comp id="158" class="1004" name="grp_fu_158">
<pin_list>
<pin id="159" dir="0" index="0" bw="32" slack="2147483647"/>
<pin id="160" dir="0" index="1" bw="32" slack="2147483647"/>
<pin id="161" dir="1" index="2" bw="32" slack="2147483647"/>
</pin_list>
<bind>
<opcode="mul(12) " fcode="mul"/>
<opset="mul_ln691_35/83 mul_ln691_4/12 "/>
</bind>
</comp>

<comp id="162" class="1004" name="grp_fu_162">
<pin_list>
<pin id="163" dir="0" index="0" bw="32" slack="2147483647"/>
<pin id="164" dir="0" index="1" bw="32" slack="2147483647"/>
<pin id="165" dir="1" index="2" bw="32" slack="2147483647"/>
</pin_list>
<bind>
<opcode="mul(12) " fcode="mul"/>
<opset="mul_ln691_36/83 mul_ln691_5/12 "/>
</bind>
</comp>

<comp id="166" class="1004" name="grp_fu_166">
<pin_list>
<pin id="167" dir="0" index="0" bw="32" slack="2147483647"/>
<pin id="168" dir="0" index="1" bw="32" slack="2147483647"/>
<pin id="169" dir="1" index="2" bw="32" slack="2147483647"/>
</pin_list>
<bind>
<opcode="mul(12) " fcode="mul"/>
<opset="mul_ln691_37/83 mul_ln691_6/12 "/>
</bind>
</comp>

<comp id="170" class="1004" name="grp_fu_170">
<pin_list>
<pin id="171" dir="0" index="0" bw="32" slack="2147483647"/>
<pin id="172" dir="0" index="1" bw="32" slack="2147483647"/>
<pin id="173" dir="1" index="2" bw="32" slack="2147483647"/>
</pin_list>
<bind>
<opcode="mul(12) " fcode="mul"/>
<opset="mul_ln691_38/83 mul_ln691_7/12 "/>
</bind>
</comp>

<comp id="174" class="1004" name="grp_fu_174">
<pin_list>
<pin id="175" dir="0" index="0" bw="32" slack="2147483647"/>
<pin id="176" dir="0" index="1" bw="32" slack="2147483647"/>
<pin id="177" dir="1" index="2" bw="32" slack="2147483647"/>
</pin_list>
<bind>
<opcode="mul(12) " fcode="mul"/>
<opset="mul_ln691_39/83 mul_ln691_8/12 "/>
</bind>
</comp>

<comp id="178" class="1004" name="grp_fu_178">
<pin_list>
<pin id="179" dir="0" index="0" bw="32" slack="2147483647"/>
<pin id="180" dir="0" index="1" bw="32" slack="2147483647"/>
<pin id="181" dir="1" index="2" bw="32" slack="2147483647"/>
</pin_list>
<bind>
<opcode="mul(12) " fcode="mul"/>
<opset="mul_ln691_40/83 mul_ln691_9/12 "/>
</bind>
</comp>

<comp id="182" class="1004" name="grp_fu_182">
<pin_list>
<pin id="183" dir="0" index="0" bw="32" slack="2147483647"/>
<pin id="184" dir="0" index="1" bw="32" slack="2147483647"/>
<pin id="185" dir="1" index="2" bw="32" slack="2147483647"/>
</pin_list>
<bind>
<opcode="mul(12) " fcode="mul"/>
<opset="mul_ln691_41/83 mul_ln691_10/12 "/>
</bind>
</comp>

<comp id="186" class="1004" name="grp_fu_186">
<pin_list>
<pin id="187" dir="0" index="0" bw="32" slack="2147483647"/>
<pin id="188" dir="0" index="1" bw="32" slack="2147483647"/>
<pin id="189" dir="1" index="2" bw="32" slack="2147483647"/>
</pin_list>
<bind>
<opcode="mul(12) " fcode="mul"/>
<opset="mul_ln691_42/83 mul_ln691_11/12 "/>
</bind>
</comp>

<comp id="190" class="1004" name="grp_fu_190">
<pin_list>
<pin id="191" dir="0" index="0" bw="32" slack="2147483647"/>
<pin id="192" dir="0" index="1" bw="32" slack="2147483647"/>
<pin id="193" dir="1" index="2" bw="32" slack="2147483647"/>
</pin_list>
<bind>
<opcode="mul(12) " fcode="mul"/>
<opset="mul_ln691_43/83 mul_ln691_12/12 "/>
</bind>
</comp>

<comp id="194" class="1004" name="grp_fu_194">
<pin_list>
<pin id="195" dir="0" index="0" bw="32" slack="2147483647"/>
<pin id="196" dir="0" index="1" bw="32" slack="2147483647"/>
<pin id="197" dir="1" index="2" bw="32" slack="2147483647"/>
</pin_list>
<bind>
<opcode="mul(12) " fcode="mul"/>
<opset="mul_ln691_44/83 mul_ln691_13/12 "/>
</bind>
</comp>

<comp id="198" class="1004" name="grp_fu_198">
<pin_list>
<pin id="199" dir="0" index="0" bw="32" slack="2147483647"/>
<pin id="200" dir="0" index="1" bw="32" slack="2147483647"/>
<pin id="201" dir="1" index="2" bw="32" slack="2147483647"/>
</pin_list>
<bind>
<opcode="mul(12) " fcode="mul"/>
<opset="mul_ln691_45/83 mul_ln691_14/12 "/>
</bind>
</comp>

<comp id="202" class="1004" name="grp_fu_202">
<pin_list>
<pin id="203" dir="0" index="0" bw="32" slack="2147483647"/>
<pin id="204" dir="0" index="1" bw="32" slack="2147483647"/>
<pin id="205" dir="1" index="2" bw="32" slack="2147483647"/>
</pin_list>
<bind>
<opcode="mul(12) " fcode="mul"/>
<opset="mul_ln691_46/83 mul_ln691_15/12 "/>
</bind>
</comp>

<comp id="206" class="1004" name="grp_fu_206">
<pin_list>
<pin id="207" dir="0" index="0" bw="32" slack="2147483647"/>
<pin id="208" dir="0" index="1" bw="32" slack="2147483647"/>
<pin id="209" dir="1" index="2" bw="32" slack="2147483647"/>
</pin_list>
<bind>
<opcode="mul(12) " fcode="mul"/>
<opset="mul_ln691_47/83 mul_ln691_16/12 "/>
</bind>
</comp>

<comp id="210" class="1004" name="grp_fu_210">
<pin_list>
<pin id="211" dir="0" index="0" bw="32" slack="2147483647"/>
<pin id="212" dir="0" index="1" bw="32" slack="2147483647"/>
<pin id="213" dir="1" index="2" bw="32" slack="2147483647"/>
</pin_list>
<bind>
<opcode="mul(12) " fcode="mul"/>
<opset="mul_ln691_48/83 mul_ln691_17/12 "/>
</bind>
</comp>

<comp id="214" class="1004" name="grp_fu_214">
<pin_list>
<pin id="215" dir="0" index="0" bw="32" slack="2147483647"/>
<pin id="216" dir="0" index="1" bw="32" slack="2147483647"/>
<pin id="217" dir="1" index="2" bw="32" slack="2147483647"/>
</pin_list>
<bind>
<opcode="mul(12) " fcode="mul"/>
<opset="mul_ln691_49/83 mul_ln691_18/12 "/>
</bind>
</comp>

<comp id="218" class="1004" name="grp_fu_218">
<pin_list>
<pin id="219" dir="0" index="0" bw="32" slack="2147483647"/>
<pin id="220" dir="0" index="1" bw="32" slack="2147483647"/>
<pin id="221" dir="1" index="2" bw="32" slack="2147483647"/>
</pin_list>
<bind>
<opcode="mul(12) " fcode="mul"/>
<opset="mul_ln691_50/83 mul_ln691_19/12 "/>
</bind>
</comp>

<comp id="222" class="1004" name="grp_fu_222">
<pin_list>
<pin id="223" dir="0" index="0" bw="32" slack="2147483647"/>
<pin id="224" dir="0" index="1" bw="32" slack="2147483647"/>
<pin id="225" dir="1" index="2" bw="32" slack="2147483647"/>
</pin_list>
<bind>
<opcode="mul(12) " fcode="mul"/>
<opset="mul_ln691_51/83 mul_ln691_20/12 "/>
</bind>
</comp>

<comp id="226" class="1004" name="grp_fu_226">
<pin_list>
<pin id="227" dir="0" index="0" bw="32" slack="2147483647"/>
<pin id="228" dir="0" index="1" bw="32" slack="2147483647"/>
<pin id="229" dir="1" index="2" bw="32" slack="2147483647"/>
</pin_list>
<bind>
<opcode="mul(12) " fcode="mul"/>
<opset="mul_ln691_52/83 mul_ln691_21/12 "/>
</bind>
</comp>

<comp id="230" class="1004" name="grp_fu_230">
<pin_list>
<pin id="231" dir="0" index="0" bw="32" slack="2147483647"/>
<pin id="232" dir="0" index="1" bw="32" slack="2147483647"/>
<pin id="233" dir="1" index="2" bw="32" slack="2147483647"/>
</pin_list>
<bind>
<opcode="mul(12) " fcode="mul"/>
<opset="mul_ln691_53/83 mul_ln691_22/12 "/>
</bind>
</comp>

<comp id="234" class="1004" name="grp_fu_234">
<pin_list>
<pin id="235" dir="0" index="0" bw="32" slack="2147483647"/>
<pin id="236" dir="0" index="1" bw="32" slack="2147483647"/>
<pin id="237" dir="1" index="2" bw="32" slack="2147483647"/>
</pin_list>
<bind>
<opcode="mul(12) " fcode="mul"/>
<opset="mul_ln691_54/83 mul_ln691_23/12 "/>
</bind>
</comp>

<comp id="238" class="1004" name="grp_fu_238">
<pin_list>
<pin id="239" dir="0" index="0" bw="32" slack="2147483647"/>
<pin id="240" dir="0" index="1" bw="32" slack="2147483647"/>
<pin id="241" dir="1" index="2" bw="32" slack="2147483647"/>
</pin_list>
<bind>
<opcode="mul(12) " fcode="mul"/>
<opset="mul_ln691_55/83 mul_ln691_24/12 "/>
</bind>
</comp>

<comp id="242" class="1004" name="grp_fu_242">
<pin_list>
<pin id="243" dir="0" index="0" bw="32" slack="2147483647"/>
<pin id="244" dir="0" index="1" bw="32" slack="2147483647"/>
<pin id="245" dir="1" index="2" bw="32" slack="2147483647"/>
</pin_list>
<bind>
<opcode="mul(12) " fcode="mul"/>
<opset="mul_ln691_56/83 mul_ln691_25/12 "/>
</bind>
</comp>

<comp id="246" class="1004" name="grp_fu_246">
<pin_list>
<pin id="247" dir="0" index="0" bw="32" slack="2147483647"/>
<pin id="248" dir="0" index="1" bw="32" slack="2147483647"/>
<pin id="249" dir="1" index="2" bw="32" slack="2147483647"/>
</pin_list>
<bind>
<opcode="mul(12) " fcode="mul"/>
<opset="mul_ln691_57/83 mul_ln691_26/12 "/>
</bind>
</comp>

<comp id="250" class="1004" name="grp_fu_250">
<pin_list>
<pin id="251" dir="0" index="0" bw="32" slack="2147483647"/>
<pin id="252" dir="0" index="1" bw="32" slack="2147483647"/>
<pin id="253" dir="1" index="2" bw="32" slack="2147483647"/>
</pin_list>
<bind>
<opcode="mul(12) " fcode="mul"/>
<opset="mul_ln691_58/83 mul_ln691_27/12 "/>
</bind>
</comp>

<comp id="254" class="1004" name="grp_fu_254">
<pin_list>
<pin id="255" dir="0" index="0" bw="32" slack="2147483647"/>
<pin id="256" dir="0" index="1" bw="32" slack="2147483647"/>
<pin id="257" dir="1" index="2" bw="32" slack="2147483647"/>
</pin_list>
<bind>
<opcode="mul(12) " fcode="mul"/>
<opset="mul_ln691_59/83 mul_ln691_28/12 "/>
</bind>
</comp>

<comp id="258" class="1004" name="grp_fu_258">
<pin_list>
<pin id="259" dir="0" index="0" bw="32" slack="2147483647"/>
<pin id="260" dir="0" index="1" bw="32" slack="2147483647"/>
<pin id="261" dir="1" index="2" bw="32" slack="2147483647"/>
</pin_list>
<bind>
<opcode="mul(12) " fcode="mul"/>
<opset="mul_ln691_60/83 mul_ln691_29/12 "/>
</bind>
</comp>

<comp id="262" class="1004" name="grp_fu_262">
<pin_list>
<pin id="263" dir="0" index="0" bw="32" slack="2147483647"/>
<pin id="264" dir="0" index="1" bw="32" slack="2147483647"/>
<pin id="265" dir="1" index="2" bw="32" slack="2147483647"/>
</pin_list>
<bind>
<opcode="mul(12) " fcode="mul"/>
<opset="mul_ln691_61/83 mul_ln691_30/12 "/>
</bind>
</comp>

<comp id="266" class="1004" name="grp_fu_266">
<pin_list>
<pin id="267" dir="0" index="0" bw="32" slack="2147483647"/>
<pin id="268" dir="0" index="1" bw="32" slack="2147483647"/>
<pin id="269" dir="1" index="2" bw="32" slack="2147483647"/>
</pin_list>
<bind>
<opcode="mul(12) " fcode="mul"/>
<opset="mul_ln691_62/83 mul_ln691_31/12 "/>
</bind>
</comp>

<comp id="270" class="1004" name="grp_fu_270">
<pin_list>
<pin id="271" dir="0" index="0" bw="32" slack="2147483647"/>
<pin id="272" dir="0" index="1" bw="32" slack="2147483647"/>
<pin id="273" dir="1" index="2" bw="32" slack="2147483647"/>
</pin_list>
<bind>
<opcode="mul(12) " fcode="mul"/>
<opset="mul_ln51/94 mul_ln99/22 "/>
</bind>
</comp>

<comp id="274" class="1004" name="grp_fu_274">
<pin_list>
<pin id="275" dir="0" index="0" bw="32" slack="2147483647"/>
<pin id="276" dir="0" index="1" bw="32" slack="2147483647"/>
<pin id="277" dir="1" index="2" bw="32" slack="2147483647"/>
</pin_list>
<bind>
<opcode="mul(12) " fcode="mul"/>
<opset="mul_ln51_1/94 mul_ln99_1/22 "/>
</bind>
</comp>

<comp id="278" class="1004" name="grp_fu_278">
<pin_list>
<pin id="279" dir="0" index="0" bw="32" slack="2147483647"/>
<pin id="280" dir="0" index="1" bw="32" slack="2147483647"/>
<pin id="281" dir="1" index="2" bw="32" slack="2147483647"/>
</pin_list>
<bind>
<opcode="mul(12) " fcode="mul"/>
<opset="mul_ln51_2/94 mul_ln99_2/22 "/>
</bind>
</comp>

<comp id="282" class="1004" name="grp_fu_282">
<pin_list>
<pin id="283" dir="0" index="0" bw="32" slack="2147483647"/>
<pin id="284" dir="0" index="1" bw="32" slack="2147483647"/>
<pin id="285" dir="1" index="2" bw="32" slack="2147483647"/>
</pin_list>
<bind>
<opcode="mul(12) " fcode="mul"/>
<opset="mul_ln51_3/94 mul_ln99_3/22 "/>
</bind>
</comp>

<comp id="286" class="1004" name="grp_fu_286">
<pin_list>
<pin id="287" dir="0" index="0" bw="32" slack="2147483647"/>
<pin id="288" dir="0" index="1" bw="32" slack="2147483647"/>
<pin id="289" dir="1" index="2" bw="32" slack="2147483647"/>
</pin_list>
<bind>
<opcode="mul(12) " fcode="mul"/>
<opset="mul_ln51_4/94 mul_ln99_4/22 "/>
</bind>
</comp>

<comp id="290" class="1004" name="grp_fu_290">
<pin_list>
<pin id="291" dir="0" index="0" bw="32" slack="2147483647"/>
<pin id="292" dir="0" index="1" bw="32" slack="2147483647"/>
<pin id="293" dir="1" index="2" bw="32" slack="2147483647"/>
</pin_list>
<bind>
<opcode="mul(12) " fcode="mul"/>
<opset="mul_ln51_5/94 mul_ln99_5/22 "/>
</bind>
</comp>

<comp id="294" class="1004" name="grp_fu_294">
<pin_list>
<pin id="295" dir="0" index="0" bw="32" slack="2147483647"/>
<pin id="296" dir="0" index="1" bw="32" slack="2147483647"/>
<pin id="297" dir="1" index="2" bw="32" slack="2147483647"/>
</pin_list>
<bind>
<opcode="mul(12) " fcode="mul"/>
<opset="mul_ln51_6/94 mul_ln99_6/22 "/>
</bind>
</comp>

<comp id="298" class="1004" name="grp_fu_298">
<pin_list>
<pin id="299" dir="0" index="0" bw="32" slack="2147483647"/>
<pin id="300" dir="0" index="1" bw="32" slack="2147483647"/>
<pin id="301" dir="1" index="2" bw="32" slack="2147483647"/>
</pin_list>
<bind>
<opcode="mul(12) " fcode="mul"/>
<opset="mul_ln51_7/94 mul_ln99_7/22 "/>
</bind>
</comp>

<comp id="302" class="1004" name="grp_fu_302">
<pin_list>
<pin id="303" dir="0" index="0" bw="32" slack="2147483647"/>
<pin id="304" dir="0" index="1" bw="32" slack="2147483647"/>
<pin id="305" dir="1" index="2" bw="32" slack="2147483647"/>
</pin_list>
<bind>
<opcode="mul(12) " fcode="mul"/>
<opset="mul_ln51_8/94 mul_ln99_8/22 "/>
</bind>
</comp>

<comp id="306" class="1004" name="grp_fu_306">
<pin_list>
<pin id="307" dir="0" index="0" bw="32" slack="2147483647"/>
<pin id="308" dir="0" index="1" bw="32" slack="2147483647"/>
<pin id="309" dir="1" index="2" bw="32" slack="2147483647"/>
</pin_list>
<bind>
<opcode="mul(12) " fcode="mul"/>
<opset="mul_ln51_9/94 mul_ln99_9/22 "/>
</bind>
</comp>

<comp id="310" class="1004" name="grp_fu_310">
<pin_list>
<pin id="311" dir="0" index="0" bw="32" slack="2147483647"/>
<pin id="312" dir="0" index="1" bw="32" slack="2147483647"/>
<pin id="313" dir="1" index="2" bw="32" slack="2147483647"/>
</pin_list>
<bind>
<opcode="mul(12) " fcode="mul"/>
<opset="mul_ln51_10/94 mul_ln99_10/22 "/>
</bind>
</comp>

<comp id="314" class="1004" name="grp_fu_314">
<pin_list>
<pin id="315" dir="0" index="0" bw="32" slack="2147483647"/>
<pin id="316" dir="0" index="1" bw="32" slack="2147483647"/>
<pin id="317" dir="1" index="2" bw="32" slack="2147483647"/>
</pin_list>
<bind>
<opcode="mul(12) " fcode="mul"/>
<opset="mul_ln51_11/94 mul_ln99_11/22 "/>
</bind>
</comp>

<comp id="318" class="1004" name="grp_fu_318">
<pin_list>
<pin id="319" dir="0" index="0" bw="32" slack="2147483647"/>
<pin id="320" dir="0" index="1" bw="32" slack="2147483647"/>
<pin id="321" dir="1" index="2" bw="32" slack="2147483647"/>
</pin_list>
<bind>
<opcode="mul(12) " fcode="mul"/>
<opset="mul_ln51_12/94 mul_ln99_12/22 "/>
</bind>
</comp>

<comp id="322" class="1004" name="grp_fu_322">
<pin_list>
<pin id="323" dir="0" index="0" bw="32" slack="2147483647"/>
<pin id="324" dir="0" index="1" bw="32" slack="2147483647"/>
<pin id="325" dir="1" index="2" bw="32" slack="2147483647"/>
</pin_list>
<bind>
<opcode="mul(12) " fcode="mul"/>
<opset="mul_ln51_13/94 mul_ln99_13/22 "/>
</bind>
</comp>

<comp id="326" class="1004" name="grp_fu_326">
<pin_list>
<pin id="327" dir="0" index="0" bw="32" slack="2147483647"/>
<pin id="328" dir="0" index="1" bw="32" slack="2147483647"/>
<pin id="329" dir="1" index="2" bw="32" slack="2147483647"/>
</pin_list>
<bind>
<opcode="mul(12) " fcode="mul"/>
<opset="mul_ln51_14/94 mul_ln99_14/22 "/>
</bind>
</comp>

<comp id="330" class="1004" name="grp_fu_330">
<pin_list>
<pin id="331" dir="0" index="0" bw="32" slack="2147483647"/>
<pin id="332" dir="0" index="1" bw="32" slack="2147483647"/>
<pin id="333" dir="1" index="2" bw="32" slack="2147483647"/>
</pin_list>
<bind>
<opcode="mul(12) " fcode="mul"/>
<opset="mul_ln51_15/94 mul_ln99_15/22 "/>
</bind>
</comp>

<comp id="334" class="1004" name="grp_fu_334">
<pin_list>
<pin id="335" dir="0" index="0" bw="32" slack="2147483647"/>
<pin id="336" dir="0" index="1" bw="32" slack="2147483647"/>
<pin id="337" dir="1" index="2" bw="32" slack="2147483647"/>
</pin_list>
<bind>
<opcode="mul(12) " fcode="mul"/>
<opset="mul_ln99_16/22 "/>
</bind>
</comp>

<comp id="338" class="1004" name="grp_fu_338">
<pin_list>
<pin id="339" dir="0" index="0" bw="32" slack="2147483647"/>
<pin id="340" dir="0" index="1" bw="32" slack="2147483647"/>
<pin id="341" dir="1" index="2" bw="32" slack="2147483647"/>
</pin_list>
<bind>
<opcode="mul(12) " fcode="mul"/>
<opset="mul_ln99_17/22 "/>
</bind>
</comp>

<comp id="342" class="1004" name="grp_fu_342">
<pin_list>
<pin id="343" dir="0" index="0" bw="32" slack="2147483647"/>
<pin id="344" dir="0" index="1" bw="32" slack="2147483647"/>
<pin id="345" dir="1" index="2" bw="32" slack="2147483647"/>
</pin_list>
<bind>
<opcode="mul(12) " fcode="mul"/>
<opset="mul_ln99_18/22 "/>
</bind>
</comp>

<comp id="346" class="1004" name="grp_fu_346">
<pin_list>
<pin id="347" dir="0" index="0" bw="32" slack="2147483647"/>
<pin id="348" dir="0" index="1" bw="32" slack="2147483647"/>
<pin id="349" dir="1" index="2" bw="32" slack="2147483647"/>
</pin_list>
<bind>
<opcode="mul(12) " fcode="mul"/>
<opset="mul_ln99_19/22 "/>
</bind>
</comp>

<comp id="350" class="1004" name="grp_fu_350">
<pin_list>
<pin id="351" dir="0" index="0" bw="32" slack="2147483647"/>
<pin id="352" dir="0" index="1" bw="32" slack="2147483647"/>
<pin id="353" dir="1" index="2" bw="32" slack="2147483647"/>
</pin_list>
<bind>
<opcode="mul(12) " fcode="mul"/>
<opset="mul_ln99_20/22 "/>
</bind>
</comp>

<comp id="354" class="1004" name="grp_fu_354">
<pin_list>
<pin id="355" dir="0" index="0" bw="32" slack="2147483647"/>
<pin id="356" dir="0" index="1" bw="32" slack="2147483647"/>
<pin id="357" dir="1" index="2" bw="32" slack="2147483647"/>
</pin_list>
<bind>
<opcode="mul(12) " fcode="mul"/>
<opset="mul_ln99_21/22 "/>
</bind>
</comp>

<comp id="358" class="1004" name="grp_fu_358">
<pin_list>
<pin id="359" dir="0" index="0" bw="32" slack="2147483647"/>
<pin id="360" dir="0" index="1" bw="32" slack="2147483647"/>
<pin id="361" dir="1" index="2" bw="32" slack="2147483647"/>
</pin_list>
<bind>
<opcode="mul(12) " fcode="mul"/>
<opset="mul_ln99_22/22 "/>
</bind>
</comp>

<comp id="362" class="1004" name="grp_fu_362">
<pin_list>
<pin id="363" dir="0" index="0" bw="32" slack="2147483647"/>
<pin id="364" dir="0" index="1" bw="32" slack="2147483647"/>
<pin id="365" dir="1" index="2" bw="32" slack="2147483647"/>
</pin_list>
<bind>
<opcode="mul(12) " fcode="mul"/>
<opset="mul_ln99_23/22 "/>
</bind>
</comp>

<comp id="366" class="1004" name="grp_fu_366">
<pin_list>
<pin id="367" dir="0" index="0" bw="32" slack="2147483647"/>
<pin id="368" dir="0" index="1" bw="32" slack="2147483647"/>
<pin id="369" dir="1" index="2" bw="32" slack="2147483647"/>
</pin_list>
<bind>
<opcode="mul(12) " fcode="mul"/>
<opset="mul_ln99_24/22 "/>
</bind>
</comp>

<comp id="370" class="1004" name="grp_fu_370">
<pin_list>
<pin id="371" dir="0" index="0" bw="32" slack="2147483647"/>
<pin id="372" dir="0" index="1" bw="32" slack="2147483647"/>
<pin id="373" dir="1" index="2" bw="32" slack="2147483647"/>
</pin_list>
<bind>
<opcode="mul(12) " fcode="mul"/>
<opset="mul_ln99_25/22 "/>
</bind>
</comp>

<comp id="374" class="1004" name="grp_fu_374">
<pin_list>
<pin id="375" dir="0" index="0" bw="32" slack="2147483647"/>
<pin id="376" dir="0" index="1" bw="32" slack="2147483647"/>
<pin id="377" dir="1" index="2" bw="32" slack="2147483647"/>
</pin_list>
<bind>
<opcode="mul(12) " fcode="mul"/>
<opset="mul_ln99_26/22 "/>
</bind>
</comp>

<comp id="378" class="1004" name="grp_fu_378">
<pin_list>
<pin id="379" dir="0" index="0" bw="32" slack="2147483647"/>
<pin id="380" dir="0" index="1" bw="32" slack="2147483647"/>
<pin id="381" dir="1" index="2" bw="32" slack="2147483647"/>
</pin_list>
<bind>
<opcode="mul(12) " fcode="mul"/>
<opset="mul_ln99_27/22 "/>
</bind>
</comp>

<comp id="382" class="1004" name="grp_fu_382">
<pin_list>
<pin id="383" dir="0" index="0" bw="32" slack="2147483647"/>
<pin id="384" dir="0" index="1" bw="32" slack="2147483647"/>
<pin id="385" dir="1" index="2" bw="32" slack="2147483647"/>
</pin_list>
<bind>
<opcode="mul(12) " fcode="mul"/>
<opset="mul_ln99_28/22 "/>
</bind>
</comp>

<comp id="386" class="1004" name="grp_fu_386">
<pin_list>
<pin id="387" dir="0" index="0" bw="32" slack="2147483647"/>
<pin id="388" dir="0" index="1" bw="32" slack="2147483647"/>
<pin id="389" dir="1" index="2" bw="32" slack="2147483647"/>
</pin_list>
<bind>
<opcode="mul(12) " fcode="mul"/>
<opset="mul_ln99_29/22 "/>
</bind>
</comp>

<comp id="390" class="1004" name="grp_fu_390">
<pin_list>
<pin id="391" dir="0" index="0" bw="32" slack="2147483647"/>
<pin id="392" dir="0" index="1" bw="32" slack="2147483647"/>
<pin id="393" dir="1" index="2" bw="32" slack="2147483647"/>
</pin_list>
<bind>
<opcode="mul(12) " fcode="mul"/>
<opset="mul_ln99_30/22 "/>
</bind>
</comp>

<comp id="394" class="1004" name="grp_fu_394">
<pin_list>
<pin id="395" dir="0" index="0" bw="32" slack="2147483647"/>
<pin id="396" dir="0" index="1" bw="32" slack="2147483647"/>
<pin id="397" dir="1" index="2" bw="32" slack="2147483647"/>
</pin_list>
<bind>
<opcode="mul(12) " fcode="mul"/>
<opset="mul_ln99_31/22 "/>
</bind>
</comp>

<comp id="398" class="1004" name="grp_fu_398">
<pin_list>
<pin id="399" dir="0" index="0" bw="32" slack="2147483647"/>
<pin id="400" dir="0" index="1" bw="32" slack="2147483647"/>
<pin id="401" dir="1" index="2" bw="32" slack="2147483647"/>
</pin_list>
<bind>
<opcode="mul(12) " fcode="mul"/>
<opset="mul_ln99_32/22 "/>
</bind>
</comp>

<comp id="402" class="1004" name="grp_fu_402">
<pin_list>
<pin id="403" dir="0" index="0" bw="32" slack="2147483647"/>
<pin id="404" dir="0" index="1" bw="32" slack="2147483647"/>
<pin id="405" dir="1" index="2" bw="32" slack="2147483647"/>
</pin_list>
<bind>
<opcode="mul(12) " fcode="mul"/>
<opset="mul_ln99_33/22 "/>
</bind>
</comp>

<comp id="406" class="1004" name="grp_fu_406">
<pin_list>
<pin id="407" dir="0" index="0" bw="32" slack="2147483647"/>
<pin id="408" dir="0" index="1" bw="32" slack="2147483647"/>
<pin id="409" dir="1" index="2" bw="32" slack="2147483647"/>
</pin_list>
<bind>
<opcode="mul(12) " fcode="mul"/>
<opset="mul_ln99_34/22 "/>
</bind>
</comp>

<comp id="410" class="1004" name="grp_fu_410">
<pin_list>
<pin id="411" dir="0" index="0" bw="32" slack="2147483647"/>
<pin id="412" dir="0" index="1" bw="32" slack="2147483647"/>
<pin id="413" dir="1" index="2" bw="32" slack="2147483647"/>
</pin_list>
<bind>
<opcode="mul(12) " fcode="mul"/>
<opset="mul_ln99_35/22 "/>
</bind>
</comp>

<comp id="414" class="1004" name="grp_fu_414">
<pin_list>
<pin id="415" dir="0" index="0" bw="32" slack="2147483647"/>
<pin id="416" dir="0" index="1" bw="32" slack="2147483647"/>
<pin id="417" dir="1" index="2" bw="32" slack="2147483647"/>
</pin_list>
<bind>
<opcode="mul(12) " fcode="mul"/>
<opset="mul_ln99_36/22 "/>
</bind>
</comp>

<comp id="418" class="1004" name="grp_fu_418">
<pin_list>
<pin id="419" dir="0" index="0" bw="32" slack="2147483647"/>
<pin id="420" dir="0" index="1" bw="32" slack="2147483647"/>
<pin id="421" dir="1" index="2" bw="32" slack="2147483647"/>
</pin_list>
<bind>
<opcode="mul(12) " fcode="mul"/>
<opset="mul_ln99_37/22 "/>
</bind>
</comp>

<comp id="422" class="1004" name="grp_fu_422">
<pin_list>
<pin id="423" dir="0" index="0" bw="32" slack="2147483647"/>
<pin id="424" dir="0" index="1" bw="32" slack="2147483647"/>
<pin id="425" dir="1" index="2" bw="32" slack="2147483647"/>
</pin_list>
<bind>
<opcode="mul(12) " fcode="mul"/>
<opset="mul_ln99_38/22 "/>
</bind>
</comp>

<comp id="426" class="1004" name="grp_fu_426">
<pin_list>
<pin id="427" dir="0" index="0" bw="32" slack="2147483647"/>
<pin id="428" dir="0" index="1" bw="32" slack="2147483647"/>
<pin id="429" dir="1" index="2" bw="32" slack="2147483647"/>
</pin_list>
<bind>
<opcode="mul(12) " fcode="mul"/>
<opset="mul_ln99_39/22 "/>
</bind>
</comp>

<comp id="430" class="1004" name="grp_fu_430">
<pin_list>
<pin id="431" dir="0" index="0" bw="32" slack="2147483647"/>
<pin id="432" dir="0" index="1" bw="32" slack="2147483647"/>
<pin id="433" dir="1" index="2" bw="32" slack="2147483647"/>
</pin_list>
<bind>
<opcode="mul(12) " fcode="mul"/>
<opset="mul_ln99_40/22 "/>
</bind>
</comp>

<comp id="434" class="1004" name="grp_fu_434">
<pin_list>
<pin id="435" dir="0" index="0" bw="32" slack="2147483647"/>
<pin id="436" dir="0" index="1" bw="32" slack="2147483647"/>
<pin id="437" dir="1" index="2" bw="32" slack="2147483647"/>
</pin_list>
<bind>
<opcode="mul(12) " fcode="mul"/>
<opset="mul_ln99_41/22 "/>
</bind>
</comp>

<comp id="438" class="1004" name="grp_fu_438">
<pin_list>
<pin id="439" dir="0" index="0" bw="32" slack="2147483647"/>
<pin id="440" dir="0" index="1" bw="32" slack="2147483647"/>
<pin id="441" dir="1" index="2" bw="32" slack="2147483647"/>
</pin_list>
<bind>
<opcode="mul(12) " fcode="mul"/>
<opset="mul_ln99_42/22 "/>
</bind>
</comp>

<comp id="442" class="1004" name="grp_fu_442">
<pin_list>
<pin id="443" dir="0" index="0" bw="32" slack="2147483647"/>
<pin id="444" dir="0" index="1" bw="32" slack="2147483647"/>
<pin id="445" dir="1" index="2" bw="32" slack="2147483647"/>
</pin_list>
<bind>
<opcode="mul(12) " fcode="mul"/>
<opset="mul_ln99_43/22 "/>
</bind>
</comp>

<comp id="446" class="1004" name="grp_fu_446">
<pin_list>
<pin id="447" dir="0" index="0" bw="32" slack="2147483647"/>
<pin id="448" dir="0" index="1" bw="32" slack="2147483647"/>
<pin id="449" dir="1" index="2" bw="32" slack="2147483647"/>
</pin_list>
<bind>
<opcode="mul(12) " fcode="mul"/>
<opset="mul_ln99_44/22 "/>
</bind>
</comp>

<comp id="450" class="1004" name="grp_fu_450">
<pin_list>
<pin id="451" dir="0" index="0" bw="32" slack="2147483647"/>
<pin id="452" dir="0" index="1" bw="32" slack="2147483647"/>
<pin id="453" dir="1" index="2" bw="32" slack="2147483647"/>
</pin_list>
<bind>
<opcode="mul(12) " fcode="mul"/>
<opset="mul_ln99_45/22 "/>
</bind>
</comp>

<comp id="454" class="1004" name="grp_fu_454">
<pin_list>
<pin id="455" dir="0" index="0" bw="32" slack="2147483647"/>
<pin id="456" dir="0" index="1" bw="32" slack="2147483647"/>
<pin id="457" dir="1" index="2" bw="32" slack="2147483647"/>
</pin_list>
<bind>
<opcode="mul(12) " fcode="mul"/>
<opset="mul_ln99_46/22 "/>
</bind>
</comp>

<comp id="458" class="1004" name="grp_fu_458">
<pin_list>
<pin id="459" dir="0" index="0" bw="32" slack="2147483647"/>
<pin id="460" dir="0" index="1" bw="32" slack="2147483647"/>
<pin id="461" dir="1" index="2" bw="32" slack="2147483647"/>
</pin_list>
<bind>
<opcode="mul(12) " fcode="mul"/>
<opset="mul_ln99_47/22 "/>
</bind>
</comp>

<comp id="462" class="1004" name="grp_fu_462">
<pin_list>
<pin id="463" dir="0" index="0" bw="32" slack="2147483647"/>
<pin id="464" dir="0" index="1" bw="32" slack="2147483647"/>
<pin id="465" dir="1" index="2" bw="32" slack="2147483647"/>
</pin_list>
<bind>
<opcode="mul(12) " fcode="mul"/>
<opset="mul_ln99_48/22 "/>
</bind>
</comp>

<comp id="466" class="1004" name="grp_fu_466">
<pin_list>
<pin id="467" dir="0" index="0" bw="32" slack="2147483647"/>
<pin id="468" dir="0" index="1" bw="32" slack="2147483647"/>
<pin id="469" dir="1" index="2" bw="32" slack="2147483647"/>
</pin_list>
<bind>
<opcode="mul(12) " fcode="mul"/>
<opset="mul_ln99_49/22 "/>
</bind>
</comp>

<comp id="470" class="1004" name="grp_fu_470">
<pin_list>
<pin id="471" dir="0" index="0" bw="32" slack="2147483647"/>
<pin id="472" dir="0" index="1" bw="32" slack="2147483647"/>
<pin id="473" dir="1" index="2" bw="32" slack="2147483647"/>
</pin_list>
<bind>
<opcode="mul(12) " fcode="mul"/>
<opset="mul_ln99_50/22 "/>
</bind>
</comp>

<comp id="474" class="1004" name="grp_fu_474">
<pin_list>
<pin id="475" dir="0" index="0" bw="32" slack="2147483647"/>
<pin id="476" dir="0" index="1" bw="32" slack="2147483647"/>
<pin id="477" dir="1" index="2" bw="32" slack="2147483647"/>
</pin_list>
<bind>
<opcode="mul(12) " fcode="mul"/>
<opset="mul_ln99_51/22 "/>
</bind>
</comp>

<comp id="478" class="1004" name="grp_fu_478">
<pin_list>
<pin id="479" dir="0" index="0" bw="32" slack="2147483647"/>
<pin id="480" dir="0" index="1" bw="32" slack="2147483647"/>
<pin id="481" dir="1" index="2" bw="32" slack="2147483647"/>
</pin_list>
<bind>
<opcode="mul(12) " fcode="mul"/>
<opset="mul_ln99_52/22 "/>
</bind>
</comp>

<comp id="482" class="1004" name="grp_fu_482">
<pin_list>
<pin id="483" dir="0" index="0" bw="32" slack="2147483647"/>
<pin id="484" dir="0" index="1" bw="32" slack="2147483647"/>
<pin id="485" dir="1" index="2" bw="32" slack="2147483647"/>
</pin_list>
<bind>
<opcode="mul(12) " fcode="mul"/>
<opset="mul_ln99_53/22 "/>
</bind>
</comp>

<comp id="486" class="1004" name="grp_fu_486">
<pin_list>
<pin id="487" dir="0" index="0" bw="32" slack="2147483647"/>
<pin id="488" dir="0" index="1" bw="32" slack="2147483647"/>
<pin id="489" dir="1" index="2" bw="32" slack="2147483647"/>
</pin_list>
<bind>
<opcode="mul(12) " fcode="mul"/>
<opset="mul_ln99_54/22 "/>
</bind>
</comp>

<comp id="490" class="1004" name="grp_fu_490">
<pin_list>
<pin id="491" dir="0" index="0" bw="32" slack="2147483647"/>
<pin id="492" dir="0" index="1" bw="32" slack="2147483647"/>
<pin id="493" dir="1" index="2" bw="32" slack="2147483647"/>
</pin_list>
<bind>
<opcode="mul(12) " fcode="mul"/>
<opset="mul_ln99_55/22 "/>
</bind>
</comp>

<comp id="494" class="1004" name="grp_fu_494">
<pin_list>
<pin id="495" dir="0" index="0" bw="32" slack="2147483647"/>
<pin id="496" dir="0" index="1" bw="32" slack="2147483647"/>
<pin id="497" dir="1" index="2" bw="32" slack="2147483647"/>
</pin_list>
<bind>
<opcode="mul(12) " fcode="mul"/>
<opset="mul_ln99_56/22 "/>
</bind>
</comp>

<comp id="498" class="1004" name="grp_fu_498">
<pin_list>
<pin id="499" dir="0" index="0" bw="32" slack="2147483647"/>
<pin id="500" dir="0" index="1" bw="32" slack="2147483647"/>
<pin id="501" dir="1" index="2" bw="32" slack="2147483647"/>
</pin_list>
<bind>
<opcode="mul(12) " fcode="mul"/>
<opset="mul_ln99_57/22 "/>
</bind>
</comp>

<comp id="502" class="1004" name="grp_fu_502">
<pin_list>
<pin id="503" dir="0" index="0" bw="32" slack="2147483647"/>
<pin id="504" dir="0" index="1" bw="32" slack="2147483647"/>
<pin id="505" dir="1" index="2" bw="32" slack="2147483647"/>
</pin_list>
<bind>
<opcode="mul(12) " fcode="mul"/>
<opset="mul_ln99_58/22 "/>
</bind>
</comp>

<comp id="506" class="1004" name="grp_fu_506">
<pin_list>
<pin id="507" dir="0" index="0" bw="32" slack="2147483647"/>
<pin id="508" dir="0" index="1" bw="32" slack="2147483647"/>
<pin id="509" dir="1" index="2" bw="32" slack="2147483647"/>
</pin_list>
<bind>
<opcode="mul(12) " fcode="mul"/>
<opset="mul_ln99_59/22 "/>
</bind>
</comp>

<comp id="510" class="1004" name="grp_fu_510">
<pin_list>
<pin id="511" dir="0" index="0" bw="32" slack="2147483647"/>
<pin id="512" dir="0" index="1" bw="32" slack="2147483647"/>
<pin id="513" dir="1" index="2" bw="32" slack="2147483647"/>
</pin_list>
<bind>
<opcode="mul(12) " fcode="mul"/>
<opset="mul_ln99_60/22 "/>
</bind>
</comp>

<comp id="514" class="1004" name="grp_fu_514">
<pin_list>
<pin id="515" dir="0" index="0" bw="32" slack="2147483647"/>
<pin id="516" dir="0" index="1" bw="32" slack="2147483647"/>
<pin id="517" dir="1" index="2" bw="32" slack="2147483647"/>
</pin_list>
<bind>
<opcode="mul(12) " fcode="mul"/>
<opset="mul_ln99_61/22 "/>
</bind>
</comp>

<comp id="518" class="1004" name="grp_fu_518">
<pin_list>
<pin id="519" dir="0" index="0" bw="32" slack="2147483647"/>
<pin id="520" dir="0" index="1" bw="32" slack="2147483647"/>
<pin id="521" dir="1" index="2" bw="32" slack="2147483647"/>
</pin_list>
<bind>
<opcode="mul(12) " fcode="mul"/>
<opset="mul_ln99_62/22 "/>
</bind>
</comp>

<comp id="522" class="1004" name="grp_fu_522">
<pin_list>
<pin id="523" dir="0" index="0" bw="32" slack="2147483647"/>
<pin id="524" dir="0" index="1" bw="32" slack="2147483647"/>
<pin id="525" dir="1" index="2" bw="32" slack="2147483647"/>
</pin_list>
<bind>
<opcode="mul(12) " fcode="mul"/>
<opset="mul_ln99_63/22 "/>
</bind>
</comp>

<comp id="526" class="1004" name="grp_fu_526">
<pin_list>
<pin id="527" dir="0" index="0" bw="32" slack="2147483647"/>
<pin id="528" dir="0" index="1" bw="32" slack="2147483647"/>
<pin id="529" dir="1" index="2" bw="32" slack="2147483647"/>
</pin_list>
<bind>
<opcode="mul(12) " fcode="mul"/>
<opset="mul_ln99_64/22 "/>
</bind>
</comp>

<comp id="530" class="1004" name="grp_fu_530">
<pin_list>
<pin id="531" dir="0" index="0" bw="32" slack="2147483647"/>
<pin id="532" dir="0" index="1" bw="32" slack="2147483647"/>
<pin id="533" dir="1" index="2" bw="32" slack="2147483647"/>
</pin_list>
<bind>
<opcode="mul(12) " fcode="mul"/>
<opset="mul_ln99_65/22 "/>
</bind>
</comp>

<comp id="534" class="1004" name="grp_fu_534">
<pin_list>
<pin id="535" dir="0" index="0" bw="32" slack="2147483647"/>
<pin id="536" dir="0" index="1" bw="32" slack="2147483647"/>
<pin id="537" dir="1" index="2" bw="32" slack="2147483647"/>
</pin_list>
<bind>
<opcode="mul(12) " fcode="mul"/>
<opset="mul_ln99_66/22 "/>
</bind>
</comp>

<comp id="538" class="1004" name="grp_fu_538">
<pin_list>
<pin id="539" dir="0" index="0" bw="32" slack="2147483647"/>
<pin id="540" dir="0" index="1" bw="32" slack="2147483647"/>
<pin id="541" dir="1" index="2" bw="32" slack="2147483647"/>
</pin_list>
<bind>
<opcode="mul(12) " fcode="mul"/>
<opset="mul_ln99_67/22 "/>
</bind>
</comp>

<comp id="542" class="1004" name="grp_fu_542">
<pin_list>
<pin id="543" dir="0" index="0" bw="32" slack="2147483647"/>
<pin id="544" dir="0" index="1" bw="32" slack="2147483647"/>
<pin id="545" dir="1" index="2" bw="32" slack="2147483647"/>
</pin_list>
<bind>
<opcode="mul(12) " fcode="mul"/>
<opset="mul_ln99_68/22 "/>
</bind>
</comp>

<comp id="546" class="1004" name="grp_fu_546">
<pin_list>
<pin id="547" dir="0" index="0" bw="32" slack="2147483647"/>
<pin id="548" dir="0" index="1" bw="32" slack="2147483647"/>
<pin id="549" dir="1" index="2" bw="32" slack="2147483647"/>
</pin_list>
<bind>
<opcode="mul(12) " fcode="mul"/>
<opset="mul_ln99_69/22 "/>
</bind>
</comp>

<comp id="550" class="1004" name="grp_fu_550">
<pin_list>
<pin id="551" dir="0" index="0" bw="32" slack="2147483647"/>
<pin id="552" dir="0" index="1" bw="32" slack="2147483647"/>
<pin id="553" dir="1" index="2" bw="32" slack="2147483647"/>
</pin_list>
<bind>
<opcode="mul(12) " fcode="mul"/>
<opset="mul_ln99_70/22 "/>
</bind>
</comp>

<comp id="554" class="1004" name="grp_fu_554">
<pin_list>
<pin id="555" dir="0" index="0" bw="32" slack="2147483647"/>
<pin id="556" dir="0" index="1" bw="32" slack="2147483647"/>
<pin id="557" dir="1" index="2" bw="32" slack="2147483647"/>
</pin_list>
<bind>
<opcode="mul(12) " fcode="mul"/>
<opset="mul_ln99_71/22 "/>
</bind>
</comp>

<comp id="558" class="1004" name="grp_fu_558">
<pin_list>
<pin id="559" dir="0" index="0" bw="32" slack="2147483647"/>
<pin id="560" dir="0" index="1" bw="32" slack="2147483647"/>
<pin id="561" dir="1" index="2" bw="32" slack="2147483647"/>
</pin_list>
<bind>
<opcode="mul(12) " fcode="mul"/>
<opset="mul_ln99_72/22 "/>
</bind>
</comp>

<comp id="562" class="1004" name="grp_fu_562">
<pin_list>
<pin id="563" dir="0" index="0" bw="32" slack="2147483647"/>
<pin id="564" dir="0" index="1" bw="32" slack="2147483647"/>
<pin id="565" dir="1" index="2" bw="32" slack="2147483647"/>
</pin_list>
<bind>
<opcode="mul(12) " fcode="mul"/>
<opset="mul_ln99_73/22 "/>
</bind>
</comp>

<comp id="566" class="1004" name="grp_fu_566">
<pin_list>
<pin id="567" dir="0" index="0" bw="32" slack="2147483647"/>
<pin id="568" dir="0" index="1" bw="32" slack="2147483647"/>
<pin id="569" dir="1" index="2" bw="32" slack="2147483647"/>
</pin_list>
<bind>
<opcode="mul(12) " fcode="mul"/>
<opset="mul_ln99_74/22 "/>
</bind>
</comp>

<comp id="570" class="1004" name="grp_fu_570">
<pin_list>
<pin id="571" dir="0" index="0" bw="32" slack="2147483647"/>
<pin id="572" dir="0" index="1" bw="32" slack="2147483647"/>
<pin id="573" dir="1" index="2" bw="32" slack="2147483647"/>
</pin_list>
<bind>
<opcode="mul(12) " fcode="mul"/>
<opset="mul_ln99_75/22 "/>
</bind>
</comp>

<comp id="574" class="1004" name="grp_fu_574">
<pin_list>
<pin id="575" dir="0" index="0" bw="32" slack="2147483647"/>
<pin id="576" dir="0" index="1" bw="32" slack="2147483647"/>
<pin id="577" dir="1" index="2" bw="32" slack="2147483647"/>
</pin_list>
<bind>
<opcode="mul(12) " fcode="mul"/>
<opset="mul_ln99_76/22 "/>
</bind>
</comp>

<comp id="578" class="1004" name="grp_fu_578">
<pin_list>
<pin id="579" dir="0" index="0" bw="32" slack="2147483647"/>
<pin id="580" dir="0" index="1" bw="32" slack="2147483647"/>
<pin id="581" dir="1" index="2" bw="32" slack="2147483647"/>
</pin_list>
<bind>
<opcode="mul(12) " fcode="mul"/>
<opset="mul_ln99_77/22 "/>
</bind>
</comp>

<comp id="582" class="1004" name="grp_fu_582">
<pin_list>
<pin id="583" dir="0" index="0" bw="32" slack="2147483647"/>
<pin id="584" dir="0" index="1" bw="32" slack="2147483647"/>
<pin id="585" dir="1" index="2" bw="32" slack="2147483647"/>
</pin_list>
<bind>
<opcode="mul(12) " fcode="mul"/>
<opset="mul_ln99_78/22 "/>
</bind>
</comp>

<comp id="586" class="1004" name="grp_fu_586">
<pin_list>
<pin id="587" dir="0" index="0" bw="32" slack="2147483647"/>
<pin id="588" dir="0" index="1" bw="32" slack="2147483647"/>
<pin id="589" dir="1" index="2" bw="32" slack="2147483647"/>
</pin_list>
<bind>
<opcode="mul(12) " fcode="mul"/>
<opset="mul_ln99_79/22 "/>
</bind>
</comp>

<comp id="590" class="1004" name="grp_fu_590">
<pin_list>
<pin id="591" dir="0" index="0" bw="32" slack="2147483647"/>
<pin id="592" dir="0" index="1" bw="32" slack="2147483647"/>
<pin id="593" dir="1" index="2" bw="32" slack="2147483647"/>
</pin_list>
<bind>
<opcode="mul(12) " fcode="mul"/>
<opset="mul_ln99_80/22 "/>
</bind>
</comp>

<comp id="594" class="1004" name="grp_fu_594">
<pin_list>
<pin id="595" dir="0" index="0" bw="32" slack="2147483647"/>
<pin id="596" dir="0" index="1" bw="32" slack="2147483647"/>
<pin id="597" dir="1" index="2" bw="32" slack="2147483647"/>
</pin_list>
<bind>
<opcode="mul(12) " fcode="mul"/>
<opset="mul_ln99_81/22 "/>
</bind>
</comp>

<comp id="598" class="1004" name="grp_fu_598">
<pin_list>
<pin id="599" dir="0" index="0" bw="32" slack="2147483647"/>
<pin id="600" dir="0" index="1" bw="32" slack="2147483647"/>
<pin id="601" dir="1" index="2" bw="32" slack="2147483647"/>
</pin_list>
<bind>
<opcode="mul(12) " fcode="mul"/>
<opset="mul_ln99_82/22 "/>
</bind>
</comp>

<comp id="602" class="1004" name="grp_fu_602">
<pin_list>
<pin id="603" dir="0" index="0" bw="32" slack="2147483647"/>
<pin id="604" dir="0" index="1" bw="32" slack="2147483647"/>
<pin id="605" dir="1" index="2" bw="32" slack="2147483647"/>
</pin_list>
<bind>
<opcode="mul(12) " fcode="mul"/>
<opset="mul_ln99_83/22 "/>
</bind>
</comp>

<comp id="606" class="1004" name="grp_fu_606">
<pin_list>
<pin id="607" dir="0" index="0" bw="32" slack="2147483647"/>
<pin id="608" dir="0" index="1" bw="32" slack="2147483647"/>
<pin id="609" dir="1" index="2" bw="32" slack="2147483647"/>
</pin_list>
<bind>
<opcode="mul(12) " fcode="mul"/>
<opset="mul_ln99_84/22 "/>
</bind>
</comp>

<comp id="610" class="1004" name="grp_fu_610">
<pin_list>
<pin id="611" dir="0" index="0" bw="32" slack="2147483647"/>
<pin id="612" dir="0" index="1" bw="32" slack="2147483647"/>
<pin id="613" dir="1" index="2" bw="32" slack="2147483647"/>
</pin_list>
<bind>
<opcode="mul(12) " fcode="mul"/>
<opset="mul_ln99_85/22 "/>
</bind>
</comp>

<comp id="614" class="1004" name="grp_fu_614">
<pin_list>
<pin id="615" dir="0" index="0" bw="32" slack="2147483647"/>
<pin id="616" dir="0" index="1" bw="32" slack="2147483647"/>
<pin id="617" dir="1" index="2" bw="32" slack="2147483647"/>
</pin_list>
<bind>
<opcode="mul(12) " fcode="mul"/>
<opset="mul_ln99_86/22 "/>
</bind>
</comp>

<comp id="618" class="1004" name="grp_fu_618">
<pin_list>
<pin id="619" dir="0" index="0" bw="32" slack="2147483647"/>
<pin id="620" dir="0" index="1" bw="32" slack="2147483647"/>
<pin id="621" dir="1" index="2" bw="32" slack="2147483647"/>
</pin_list>
<bind>
<opcode="mul(12) " fcode="mul"/>
<opset="mul_ln99_87/22 "/>
</bind>
</comp>

<comp id="622" class="1004" name="grp_fu_622">
<pin_list>
<pin id="623" dir="0" index="0" bw="32" slack="2147483647"/>
<pin id="624" dir="0" index="1" bw="32" slack="2147483647"/>
<pin id="625" dir="1" index="2" bw="32" slack="2147483647"/>
</pin_list>
<bind>
<opcode="mul(12) " fcode="mul"/>
<opset="mul_ln99_88/22 "/>
</bind>
</comp>

<comp id="626" class="1004" name="grp_fu_626">
<pin_list>
<pin id="627" dir="0" index="0" bw="32" slack="2147483647"/>
<pin id="628" dir="0" index="1" bw="32" slack="2147483647"/>
<pin id="629" dir="1" index="2" bw="32" slack="2147483647"/>
</pin_list>
<bind>
<opcode="mul(12) " fcode="mul"/>
<opset="mul_ln99_89/22 "/>
</bind>
</comp>

<comp id="630" class="1004" name="grp_fu_630">
<pin_list>
<pin id="631" dir="0" index="0" bw="32" slack="2147483647"/>
<pin id="632" dir="0" index="1" bw="32" slack="2147483647"/>
<pin id="633" dir="1" index="2" bw="32" slack="2147483647"/>
</pin_list>
<bind>
<opcode="mul(12) " fcode="mul"/>
<opset="mul_ln99_90/22 "/>
</bind>
</comp>

<comp id="634" class="1004" name="grp_fu_634">
<pin_list>
<pin id="635" dir="0" index="0" bw="32" slack="2147483647"/>
<pin id="636" dir="0" index="1" bw="32" slack="2147483647"/>
<pin id="637" dir="1" index="2" bw="32" slack="2147483647"/>
</pin_list>
<bind>
<opcode="mul(12) " fcode="mul"/>
<opset="mul_ln99_91/22 "/>
</bind>
</comp>

<comp id="638" class="1004" name="grp_fu_638">
<pin_list>
<pin id="639" dir="0" index="0" bw="32" slack="2147483647"/>
<pin id="640" dir="0" index="1" bw="32" slack="2147483647"/>
<pin id="641" dir="1" index="2" bw="32" slack="2147483647"/>
</pin_list>
<bind>
<opcode="mul(12) " fcode="mul"/>
<opset="mul_ln99_92/22 "/>
</bind>
</comp>

<comp id="642" class="1004" name="grp_fu_642">
<pin_list>
<pin id="643" dir="0" index="0" bw="32" slack="2147483647"/>
<pin id="644" dir="0" index="1" bw="32" slack="2147483647"/>
<pin id="645" dir="1" index="2" bw="32" slack="2147483647"/>
</pin_list>
<bind>
<opcode="mul(12) " fcode="mul"/>
<opset="mul_ln99_93/22 "/>
</bind>
</comp>

<comp id="646" class="1004" name="grp_fu_646">
<pin_list>
<pin id="647" dir="0" index="0" bw="32" slack="2147483647"/>
<pin id="648" dir="0" index="1" bw="32" slack="2147483647"/>
<pin id="649" dir="1" index="2" bw="32" slack="2147483647"/>
</pin_list>
<bind>
<opcode="mul(12) " fcode="mul"/>
<opset="mul_ln99_94/22 "/>
</bind>
</comp>

<comp id="650" class="1004" name="grp_fu_650">
<pin_list>
<pin id="651" dir="0" index="0" bw="32" slack="2147483647"/>
<pin id="652" dir="0" index="1" bw="32" slack="2147483647"/>
<pin id="653" dir="1" index="2" bw="32" slack="2147483647"/>
</pin_list>
<bind>
<opcode="mul(12) " fcode="mul"/>
<opset="mul_ln99_95/22 "/>
</bind>
</comp>

<comp id="654" class="1004" name="grp_fu_654">
<pin_list>
<pin id="655" dir="0" index="0" bw="32" slack="2147483647"/>
<pin id="656" dir="0" index="1" bw="32" slack="2147483647"/>
<pin id="657" dir="1" index="2" bw="32" slack="2147483647"/>
</pin_list>
<bind>
<opcode="mul(12) " fcode="mul"/>
<opset="mul_ln99_96/22 "/>
</bind>
</comp>

<comp id="658" class="1004" name="grp_fu_658">
<pin_list>
<pin id="659" dir="0" index="0" bw="32" slack="2147483647"/>
<pin id="660" dir="0" index="1" bw="32" slack="2147483647"/>
<pin id="661" dir="1" index="2" bw="32" slack="2147483647"/>
</pin_list>
<bind>
<opcode="mul(12) " fcode="mul"/>
<opset="mul_ln99_97/22 "/>
</bind>
</comp>

<comp id="662" class="1004" name="grp_fu_662">
<pin_list>
<pin id="663" dir="0" index="0" bw="32" slack="2147483647"/>
<pin id="664" dir="0" index="1" bw="32" slack="2147483647"/>
<pin id="665" dir="1" index="2" bw="32" slack="2147483647"/>
</pin_list>
<bind>
<opcode="mul(12) " fcode="mul"/>
<opset="mul_ln99_98/22 "/>
</bind>
</comp>

<comp id="666" class="1004" name="grp_fu_666">
<pin_list>
<pin id="667" dir="0" index="0" bw="32" slack="2147483647"/>
<pin id="668" dir="0" index="1" bw="32" slack="2147483647"/>
<pin id="669" dir="1" index="2" bw="32" slack="2147483647"/>
</pin_list>
<bind>
<opcode="mul(12) " fcode="mul"/>
<opset="mul_ln99_99/22 "/>
</bind>
</comp>

<comp id="670" class="1004" name="grp_fu_670">
<pin_list>
<pin id="671" dir="0" index="0" bw="32" slack="2147483647"/>
<pin id="672" dir="0" index="1" bw="32" slack="2147483647"/>
<pin id="673" dir="1" index="2" bw="32" slack="2147483647"/>
</pin_list>
<bind>
<opcode="mul(12) " fcode="mul"/>
<opset="mul_ln99_100/22 "/>
</bind>
</comp>

<comp id="674" class="1004" name="grp_fu_674">
<pin_list>
<pin id="675" dir="0" index="0" bw="32" slack="2147483647"/>
<pin id="676" dir="0" index="1" bw="32" slack="2147483647"/>
<pin id="677" dir="1" index="2" bw="32" slack="2147483647"/>
</pin_list>
<bind>
<opcode="mul(12) " fcode="mul"/>
<opset="mul_ln99_101/22 "/>
</bind>
</comp>

<comp id="678" class="1004" name="grp_fu_678">
<pin_list>
<pin id="679" dir="0" index="0" bw="32" slack="2147483647"/>
<pin id="680" dir="0" index="1" bw="32" slack="2147483647"/>
<pin id="681" dir="1" index="2" bw="32" slack="2147483647"/>
</pin_list>
<bind>
<opcode="mul(12) " fcode="mul"/>
<opset="mul_ln99_102/22 "/>
</bind>
</comp>

<comp id="682" class="1004" name="grp_fu_682">
<pin_list>
<pin id="683" dir="0" index="0" bw="32" slack="2147483647"/>
<pin id="684" dir="0" index="1" bw="32" slack="2147483647"/>
<pin id="685" dir="1" index="2" bw="32" slack="2147483647"/>
</pin_list>
<bind>
<opcode="mul(12) " fcode="mul"/>
<opset="mul_ln99_103/22 "/>
</bind>
</comp>

<comp id="686" class="1004" name="grp_fu_686">
<pin_list>
<pin id="687" dir="0" index="0" bw="32" slack="2147483647"/>
<pin id="688" dir="0" index="1" bw="32" slack="2147483647"/>
<pin id="689" dir="1" index="2" bw="32" slack="2147483647"/>
</pin_list>
<bind>
<opcode="mul(12) " fcode="mul"/>
<opset="mul_ln99_104/22 "/>
</bind>
</comp>

<comp id="690" class="1004" name="grp_fu_690">
<pin_list>
<pin id="691" dir="0" index="0" bw="32" slack="2147483647"/>
<pin id="692" dir="0" index="1" bw="32" slack="2147483647"/>
<pin id="693" dir="1" index="2" bw="32" slack="2147483647"/>
</pin_list>
<bind>
<opcode="mul(12) " fcode="mul"/>
<opset="mul_ln99_105/22 "/>
</bind>
</comp>

<comp id="694" class="1004" name="grp_fu_694">
<pin_list>
<pin id="695" dir="0" index="0" bw="32" slack="2147483647"/>
<pin id="696" dir="0" index="1" bw="32" slack="2147483647"/>
<pin id="697" dir="1" index="2" bw="32" slack="2147483647"/>
</pin_list>
<bind>
<opcode="mul(12) " fcode="mul"/>
<opset="mul_ln99_106/22 "/>
</bind>
</comp>

<comp id="698" class="1004" name="grp_fu_698">
<pin_list>
<pin id="699" dir="0" index="0" bw="32" slack="2147483647"/>
<pin id="700" dir="0" index="1" bw="32" slack="2147483647"/>
<pin id="701" dir="1" index="2" bw="32" slack="2147483647"/>
</pin_list>
<bind>
<opcode="mul(12) " fcode="mul"/>
<opset="mul_ln99_107/22 "/>
</bind>
</comp>

<comp id="702" class="1004" name="grp_fu_702">
<pin_list>
<pin id="703" dir="0" index="0" bw="32" slack="2147483647"/>
<pin id="704" dir="0" index="1" bw="32" slack="2147483647"/>
<pin id="705" dir="1" index="2" bw="32" slack="2147483647"/>
</pin_list>
<bind>
<opcode="mul(12) " fcode="mul"/>
<opset="mul_ln99_108/22 "/>
</bind>
</comp>

<comp id="706" class="1004" name="grp_fu_706">
<pin_list>
<pin id="707" dir="0" index="0" bw="32" slack="2147483647"/>
<pin id="708" dir="0" index="1" bw="32" slack="2147483647"/>
<pin id="709" dir="1" index="2" bw="32" slack="2147483647"/>
</pin_list>
<bind>
<opcode="mul(12) " fcode="mul"/>
<opset="mul_ln99_109/22 "/>
</bind>
</comp>

<comp id="710" class="1004" name="grp_fu_710">
<pin_list>
<pin id="711" dir="0" index="0" bw="32" slack="2147483647"/>
<pin id="712" dir="0" index="1" bw="32" slack="2147483647"/>
<pin id="713" dir="1" index="2" bw="32" slack="2147483647"/>
</pin_list>
<bind>
<opcode="mul(12) " fcode="mul"/>
<opset="mul_ln99_110/22 "/>
</bind>
</comp>

<comp id="714" class="1004" name="grp_fu_714">
<pin_list>
<pin id="715" dir="0" index="0" bw="32" slack="2147483647"/>
<pin id="716" dir="0" index="1" bw="32" slack="2147483647"/>
<pin id="717" dir="1" index="2" bw="32" slack="2147483647"/>
</pin_list>
<bind>
<opcode="mul(12) " fcode="mul"/>
<opset="mul_ln99_111/22 "/>
</bind>
</comp>

<comp id="718" class="1004" name="grp_fu_718">
<pin_list>
<pin id="719" dir="0" index="0" bw="32" slack="2147483647"/>
<pin id="720" dir="0" index="1" bw="32" slack="2147483647"/>
<pin id="721" dir="1" index="2" bw="32" slack="2147483647"/>
</pin_list>
<bind>
<opcode="mul(12) " fcode="mul"/>
<opset="mul_ln99_112/22 "/>
</bind>
</comp>

<comp id="722" class="1004" name="grp_fu_722">
<pin_list>
<pin id="723" dir="0" index="0" bw="32" slack="2147483647"/>
<pin id="724" dir="0" index="1" bw="32" slack="2147483647"/>
<pin id="725" dir="1" index="2" bw="32" slack="2147483647"/>
</pin_list>
<bind>
<opcode="mul(12) " fcode="mul"/>
<opset="mul_ln99_113/22 "/>
</bind>
</comp>

<comp id="726" class="1004" name="grp_fu_726">
<pin_list>
<pin id="727" dir="0" index="0" bw="32" slack="2147483647"/>
<pin id="728" dir="0" index="1" bw="32" slack="2147483647"/>
<pin id="729" dir="1" index="2" bw="32" slack="2147483647"/>
</pin_list>
<bind>
<opcode="mul(12) " fcode="mul"/>
<opset="mul_ln99_114/22 "/>
</bind>
</comp>

<comp id="730" class="1004" name="grp_fu_730">
<pin_list>
<pin id="731" dir="0" index="0" bw="32" slack="2147483647"/>
<pin id="732" dir="0" index="1" bw="32" slack="2147483647"/>
<pin id="733" dir="1" index="2" bw="32" slack="2147483647"/>
</pin_list>
<bind>
<opcode="mul(12) " fcode="mul"/>
<opset="mul_ln99_115/22 "/>
</bind>
</comp>

<comp id="734" class="1004" name="grp_fu_734">
<pin_list>
<pin id="735" dir="0" index="0" bw="32" slack="2147483647"/>
<pin id="736" dir="0" index="1" bw="32" slack="2147483647"/>
<pin id="737" dir="1" index="2" bw="32" slack="2147483647"/>
</pin_list>
<bind>
<opcode="mul(12) " fcode="mul"/>
<opset="mul_ln99_116/22 "/>
</bind>
</comp>

<comp id="738" class="1004" name="grp_fu_738">
<pin_list>
<pin id="739" dir="0" index="0" bw="32" slack="2147483647"/>
<pin id="740" dir="0" index="1" bw="32" slack="2147483647"/>
<pin id="741" dir="1" index="2" bw="32" slack="2147483647"/>
</pin_list>
<bind>
<opcode="mul(12) " fcode="mul"/>
<opset="mul_ln99_117/22 "/>
</bind>
</comp>

<comp id="742" class="1004" name="grp_fu_742">
<pin_list>
<pin id="743" dir="0" index="0" bw="32" slack="2147483647"/>
<pin id="744" dir="0" index="1" bw="32" slack="2147483647"/>
<pin id="745" dir="1" index="2" bw="32" slack="2147483647"/>
</pin_list>
<bind>
<opcode="mul(12) " fcode="mul"/>
<opset="mul_ln99_118/22 "/>
</bind>
</comp>

<comp id="746" class="1004" name="grp_fu_746">
<pin_list>
<pin id="747" dir="0" index="0" bw="32" slack="2147483647"/>
<pin id="748" dir="0" index="1" bw="32" slack="2147483647"/>
<pin id="749" dir="1" index="2" bw="32" slack="2147483647"/>
</pin_list>
<bind>
<opcode="mul(12) " fcode="mul"/>
<opset="mul_ln99_119/22 "/>
</bind>
</comp>

<comp id="750" class="1004" name="grp_fu_750">
<pin_list>
<pin id="751" dir="0" index="0" bw="32" slack="2147483647"/>
<pin id="752" dir="0" index="1" bw="32" slack="2147483647"/>
<pin id="753" dir="1" index="2" bw="32" slack="2147483647"/>
</pin_list>
<bind>
<opcode="mul(12) " fcode="mul"/>
<opset="mul_ln99_120/22 "/>
</bind>
</comp>

<comp id="754" class="1004" name="grp_fu_754">
<pin_list>
<pin id="755" dir="0" index="0" bw="32" slack="2147483647"/>
<pin id="756" dir="0" index="1" bw="32" slack="2147483647"/>
<pin id="757" dir="1" index="2" bw="32" slack="2147483647"/>
</pin_list>
<bind>
<opcode="mul(12) " fcode="mul"/>
<opset="mul_ln99_121/22 "/>
</bind>
</comp>

<comp id="758" class="1004" name="grp_fu_758">
<pin_list>
<pin id="759" dir="0" index="0" bw="32" slack="2147483647"/>
<pin id="760" dir="0" index="1" bw="32" slack="2147483647"/>
<pin id="761" dir="1" index="2" bw="32" slack="2147483647"/>
</pin_list>
<bind>
<opcode="mul(12) " fcode="mul"/>
<opset="mul_ln99_122/22 "/>
</bind>
</comp>

<comp id="762" class="1004" name="grp_fu_762">
<pin_list>
<pin id="763" dir="0" index="0" bw="32" slack="2147483647"/>
<pin id="764" dir="0" index="1" bw="32" slack="2147483647"/>
<pin id="765" dir="1" index="2" bw="32" slack="2147483647"/>
</pin_list>
<bind>
<opcode="mul(12) " fcode="mul"/>
<opset="mul_ln99_123/22 "/>
</bind>
</comp>

<comp id="766" class="1004" name="grp_fu_766">
<pin_list>
<pin id="767" dir="0" index="0" bw="32" slack="2147483647"/>
<pin id="768" dir="0" index="1" bw="32" slack="2147483647"/>
<pin id="769" dir="1" index="2" bw="32" slack="2147483647"/>
</pin_list>
<bind>
<opcode="mul(12) " fcode="mul"/>
<opset="mul_ln99_124/22 "/>
</bind>
</comp>

<comp id="770" class="1004" name="grp_fu_770">
<pin_list>
<pin id="771" dir="0" index="0" bw="32" slack="2147483647"/>
<pin id="772" dir="0" index="1" bw="32" slack="2147483647"/>
<pin id="773" dir="1" index="2" bw="32" slack="2147483647"/>
</pin_list>
<bind>
<opcode="mul(12) " fcode="mul"/>
<opset="mul_ln99_125/22 "/>
</bind>
</comp>

<comp id="774" class="1004" name="grp_fu_774">
<pin_list>
<pin id="775" dir="0" index="0" bw="32" slack="2147483647"/>
<pin id="776" dir="0" index="1" bw="32" slack="2147483647"/>
<pin id="777" dir="1" index="2" bw="32" slack="2147483647"/>
</pin_list>
<bind>
<opcode="mul(12) " fcode="mul"/>
<opset="mul_ln99_126/22 "/>
</bind>
</comp>

<comp id="778" class="1004" name="grp_fu_778">
<pin_list>
<pin id="779" dir="0" index="0" bw="32" slack="2147483647"/>
<pin id="780" dir="0" index="1" bw="32" slack="2147483647"/>
<pin id="781" dir="1" index="2" bw="32" slack="2147483647"/>
</pin_list>
<bind>
<opcode="mul(12) " fcode="mul"/>
<opset="mul_ln99_127/22 "/>
</bind>
</comp>

</comp_list>

<net_list>
<net id="69"><net_src comp="14" pin="0"/><net_sink comp="66" pin=0"/></net>

<net id="73"><net_src comp="14" pin="0"/><net_sink comp="70" pin=0"/></net>

<net id="77"><net_src comp="14" pin="0"/><net_sink comp="74" pin=0"/></net>

<net id="82"><net_src comp="12" pin="0"/><net_sink comp="78" pin=0"/></net>

<net id="83"><net_src comp="10" pin="0"/><net_sink comp="78" pin=1"/></net>

<net id="88"><net_src comp="12" pin="0"/><net_sink comp="84" pin=0"/></net>

<net id="89"><net_src comp="8" pin="0"/><net_sink comp="84" pin=1"/></net>

<net id="94"><net_src comp="12" pin="0"/><net_sink comp="90" pin=0"/></net>

<net id="95"><net_src comp="6" pin="0"/><net_sink comp="90" pin=1"/></net>

<net id="102"><net_src comp="22" pin="0"/><net_sink comp="96" pin=0"/></net>

<net id="103"><net_src comp="4" pin="0"/><net_sink comp="96" pin=1"/></net>

<net id="111"><net_src comp="18" pin="0"/><net_sink comp="104" pin=0"/></net>

<net id="112"><net_src comp="2" pin="0"/><net_sink comp="104" pin=1"/></net>

<net id="118"><net_src comp="20" pin="0"/><net_sink comp="113" pin=0"/></net>

<net id="125"><net_src comp="16" pin="0"/><net_sink comp="119" pin=0"/></net>

<net id="126"><net_src comp="0" pin="0"/><net_sink comp="119" pin=1"/></net>

<net id="130"><net_src comp="78" pin="2"/><net_sink comp="127" pin=0"/></net>

<net id="131"><net_src comp="127" pin="1"/><net_sink comp="96" pin=3"/></net>

<net id="135"><net_src comp="84" pin="2"/><net_sink comp="132" pin=0"/></net>

<net id="136"><net_src comp="132" pin="1"/><net_sink comp="104" pin=3"/></net>

<net id="140"><net_src comp="90" pin="2"/><net_sink comp="137" pin=0"/></net>

<net id="141"><net_src comp="137" pin="1"/><net_sink comp="119" pin=2"/></net>

</net_list>

</model> 
---------------- Datapath Model END ------------------

* FSMD analyzer results:
  - Output states:
	Port: gmem_C | {8 9 }
 - Input state : 
	Port: top : gmem_A | {2 3 }
	Port: top : gmem_B | {4 5 }
	Port: top : A | {1 }
	Port: top : B | {1 }
	Port: top : C | {1 }
  - Chain level:
	State 1
	State 2
	State 3
	State 4
	State 5
	State 6
	State 7
	State 8
	State 9


============================================================
+ Verbose Summary: Datapath Resource usage 
============================================================

* Functional unit list:
|----------|--------------------------------|---------|---------|---------|---------|---------|---------|
| Operation|         Functional Unit        |   BRAM  |   DSP   |  Delay  |    FF   |   LUT   |   URAM  |
|----------|--------------------------------|---------|---------|---------|---------|---------|---------|
|          |      grp_kernel0_x1_fu_96      |    64   |    64   | 574.948 |  459575 |  99087  |    0    |
|   call   |      grp_kernel0_x0_fu_104     |   288   |   2048  | 1451.06 |  339445 |  105920 |    16   |
|          | grp_nondf_kernel_2mm_x1_fu_113 |   232   |    0    | 116.487 |  41726  |  16222  |    0    |
|          | grp_nondf_kernel_2mm_x0_fu_119 |   100   |    0    |  52.632 |  14529  |   5473  |    0    |
|----------|--------------------------------|---------|---------|---------|---------|---------|---------|
|          |           grp_fu_142           |    0    |    0    |    0    |   165   |    49   |    0    |
|          |           grp_fu_146           |    0    |    0    |    0    |   165   |    49   |    0    |
|          |           grp_fu_150           |    0    |    0    |    0    |   165   |    49   |    0    |
|          |           grp_fu_154           |    0    |    0    |    0    |   165   |    49   |    0    |
|          |           grp_fu_158           |    0    |    0    |    0    |   165   |    49   |    0    |
|          |           grp_fu_162           |    0    |    0    |    0    |   165   |    49   |    0    |
|          |           grp_fu_166           |    0    |    0    |    0    |   165   |    49   |    0    |
|          |           grp_fu_170           |    0    |    0    |    0    |   165   |    49   |    0    |
|          |           grp_fu_174           |    0    |    0    |    0    |   165   |    49   |    0    |
|          |           grp_fu_178           |    0    |    0    |    0    |   165   |    49   |    0    |
|          |           grp_fu_182           |    0    |    0    |    0    |   165   |    49   |    0    |
|          |           grp_fu_186           |    0    |    0    |    0    |   165   |    49   |    0    |
|          |           grp_fu_190           |    0    |    0    |    0    |   165   |    49   |    0    |
|          |           grp_fu_194           |    0    |    0    |    0    |   165   |    49   |    0    |
|          |           grp_fu_198           |    0    |    0    |    0    |   165   |    49   |    0    |
|          |           grp_fu_202           |    0    |    0    |    0    |   165   |    49   |    0    |
|          |           grp_fu_206           |    0    |    0    |    0    |   165   |    49   |    0    |
|          |           grp_fu_210           |    0    |    0    |    0    |   165   |    49   |    0    |
|          |           grp_fu_214           |    0    |    0    |    0    |   165   |    49   |    0    |
|          |           grp_fu_218           |    0    |    0    |    0    |   165   |    49   |    0    |
|          |           grp_fu_222           |    0    |    0    |    0    |   165   |    49   |    0    |
|          |           grp_fu_226           |    0    |    0    |    0    |   165   |    49   |    0    |
|          |           grp_fu_230           |    0    |    0    |    0    |   165   |    49   |    0    |
|          |           grp_fu_234           |    0    |    0    |    0    |   165   |    49   |    0    |
|          |           grp_fu_238           |    0    |    0    |    0    |   165   |    49   |    0    |
|          |           grp_fu_242           |    0    |    0    |    0    |   165   |    49   |    0    |
|          |           grp_fu_246           |    0    |    0    |    0    |   165   |    49   |    0    |
|          |           grp_fu_250           |    0    |    0    |    0    |   165   |    49   |    0    |
|          |           grp_fu_254           |    0    |    0    |    0    |   165   |    49   |    0    |
|          |           grp_fu_258           |    0    |    0    |    0    |   165   |    49   |    0    |
|          |           grp_fu_262           |    0    |    0    |    0    |   165   |    49   |    0    |
|          |           grp_fu_266           |    0    |    0    |    0    |   165   |    49   |    0    |
|          |           grp_fu_270           |    0    |    0    |    0    |   165   |    49   |    0    |
|          |           grp_fu_274           |    0    |    0    |    0    |   165   |    49   |    0    |
|          |           grp_fu_278           |    0    |    0    |    0    |   165   |    49   |    0    |
|          |           grp_fu_282           |    0    |    0    |    0    |   165   |    49   |    0    |
|          |           grp_fu_286           |    0    |    0    |    0    |   165   |    49   |    0    |
|          |           grp_fu_290           |    0    |    0    |    0    |   165   |    49   |    0    |
|          |           grp_fu_294           |    0    |    0    |    0    |   165   |    49   |    0    |
|          |           grp_fu_298           |    0    |    0    |    0    |   165   |    49   |    0    |
|          |           grp_fu_302           |    0    |    0    |    0    |   165   |    49   |    0    |
|          |           grp_fu_306           |    0    |    0    |    0    |   165   |    49   |    0    |
|          |           grp_fu_310           |    0    |    0    |    0    |   165   |    49   |    0    |
|          |           grp_fu_314           |    0    |    0    |    0    |   165   |    49   |    0    |
|          |           grp_fu_318           |    0    |    0    |    0    |   165   |    49   |    0    |
|          |           grp_fu_322           |    0    |    0    |    0    |   165   |    49   |    0    |
|          |           grp_fu_326           |    0    |    0    |    0    |   165   |    49   |    0    |
|          |           grp_fu_330           |    0    |    0    |    0    |   165   |    49   |    0    |
|          |           grp_fu_334           |    0    |    0    |    0    |   165   |    49   |    0    |
|          |           grp_fu_338           |    0    |    0    |    0    |   165   |    49   |    0    |
|          |           grp_fu_342           |    0    |    0    |    0    |   165   |    49   |    0    |
|          |           grp_fu_346           |    0    |    0    |    0    |   165   |    49   |    0    |
|          |           grp_fu_350           |    0    |    0    |    0    |   165   |    49   |    0    |
|          |           grp_fu_354           |    0    |    0    |    0    |   165   |    49   |    0    |
|          |           grp_fu_358           |    0    |    0    |    0    |   165   |    49   |    0    |
|          |           grp_fu_362           |    0    |    0    |    0    |   165   |    49   |    0    |
|          |           grp_fu_366           |    0    |    0    |    0    |   165   |    49   |    0    |
|          |           grp_fu_370           |    0    |    0    |    0    |   165   |    49   |    0    |
|          |           grp_fu_374           |    0    |    0    |    0    |   165   |    49   |    0    |
|          |           grp_fu_378           |    0    |    0    |    0    |   165   |    49   |    0    |
|          |           grp_fu_382           |    0    |    0    |    0    |   165   |    49   |    0    |
|          |           grp_fu_386           |    0    |    0    |    0    |   165   |    49   |    0    |
|          |           grp_fu_390           |    0    |    0    |    0    |   165   |    49   |    0    |
|          |           grp_fu_394           |    0    |    0    |    0    |   165   |    49   |    0    |
|          |           grp_fu_398           |    0    |    0    |    0    |   165   |    49   |    0    |
|          |           grp_fu_402           |    0    |    0    |    0    |   165   |    49   |    0    |
|          |           grp_fu_406           |    0    |    0    |    0    |   165   |    49   |    0    |
|          |           grp_fu_410           |    0    |    0    |    0    |   165   |    49   |    0    |
|          |           grp_fu_414           |    0    |    0    |    0    |   165   |    49   |    0    |
|          |           grp_fu_418           |    0    |    0    |    0    |   165   |    49   |    0    |
|          |           grp_fu_422           |    0    |    0    |    0    |   165   |    49   |    0    |
|          |           grp_fu_426           |    0    |    0    |    0    |   165   |    49   |    0    |
|          |           grp_fu_430           |    0    |    0    |    0    |   165   |    49   |    0    |
|          |           grp_fu_434           |    0    |    0    |    0    |   165   |    49   |    0    |
|          |           grp_fu_438           |    0    |    0    |    0    |   165   |    49   |    0    |
|          |           grp_fu_442           |    0    |    0    |    0    |   165   |    49   |    0    |
|          |           grp_fu_446           |    0    |    0    |    0    |   165   |    49   |    0    |
|          |           grp_fu_450           |    0    |    0    |    0    |   165   |    49   |    0    |
|          |           grp_fu_454           |    0    |    0    |    0    |   165   |    49   |    0    |
|    mul   |           grp_fu_458           |    0    |    0    |    0    |   165   |    49   |    0    |
|          |           grp_fu_462           |    0    |    0    |    0    |   165   |    49   |    0    |
|          |           grp_fu_466           |    0    |    0    |    0    |   165   |    49   |    0    |
|          |           grp_fu_470           |    0    |    0    |    0    |   165   |    49   |    0    |
|          |           grp_fu_474           |    0    |    0    |    0    |   165   |    49   |    0    |
|          |           grp_fu_478           |    0    |    0    |    0    |   165   |    49   |    0    |
|          |           grp_fu_482           |    0    |    0    |    0    |   165   |    49   |    0    |
|          |           grp_fu_486           |    0    |    0    |    0    |   165   |    49   |    0    |
|          |           grp_fu_490           |    0    |    0    |    0    |   165   |    49   |    0    |
|          |           grp_fu_494           |    0    |    0    |    0    |   165   |    49   |    0    |
|          |           grp_fu_498           |    0    |    0    |    0    |   165   |    49   |    0    |
|          |           grp_fu_502           |    0    |    0    |    0    |   165   |    49   |    0    |
|          |           grp_fu_506           |    0    |    0    |    0    |   165   |    49   |    0    |
|          |           grp_fu_510           |    0    |    0    |    0    |   165   |    49   |    0    |
|          |           grp_fu_514           |    0    |    0    |    0    |   165   |    49   |    0    |
|          |           grp_fu_518           |    0    |    0    |    0    |   165   |    49   |    0    |
|          |           grp_fu_522           |    0    |    0    |    0    |   165   |    49   |    0    |
|          |           grp_fu_526           |    0    |    0    |    0    |   165   |    49   |    0    |
|          |           grp_fu_530           |    0    |    0    |    0    |   165   |    49   |    0    |
|          |           grp_fu_534           |    0    |    0    |    0    |   165   |    49   |    0    |
|          |           grp_fu_538           |    0    |    0    |    0    |   165   |    49   |    0    |
|          |           grp_fu_542           |    0    |    0    |    0    |   165   |    49   |    0    |
|          |           grp_fu_546           |    0    |    0    |    0    |   165   |    49   |    0    |
|          |           grp_fu_550           |    0    |    0    |    0    |   165   |    49   |    0    |
|          |           grp_fu_554           |    0    |    0    |    0    |   165   |    49   |    0    |
|          |           grp_fu_558           |    0    |    0    |    0    |   165   |    49   |    0    |
|          |           grp_fu_562           |    0    |    0    |    0    |   165   |    49   |    0    |
|          |           grp_fu_566           |    0    |    0    |    0    |   165   |    49   |    0    |
|          |           grp_fu_570           |    0    |    0    |    0    |   165   |    49   |    0    |
|          |           grp_fu_574           |    0    |    0    |    0    |   165   |    49   |    0    |
|          |           grp_fu_578           |    0    |    0    |    0    |   165   |    49   |    0    |
|          |           grp_fu_582           |    0    |    0    |    0    |   165   |    49   |    0    |
|          |           grp_fu_586           |    0    |    0    |    0    |   165   |    49   |    0    |
|          |           grp_fu_590           |    0    |    0    |    0    |   165   |    49   |    0    |
|          |           grp_fu_594           |    0    |    0    |    0    |   165   |    49   |    0    |
|          |           grp_fu_598           |    0    |    0    |    0    |   165   |    49   |    0    |
|          |           grp_fu_602           |    0    |    0    |    0    |   165   |    49   |    0    |
|          |           grp_fu_606           |    0    |    0    |    0    |   165   |    49   |    0    |
|          |           grp_fu_610           |    0    |    0    |    0    |   165   |    49   |    0    |
|          |           grp_fu_614           |    0    |    0    |    0    |   165   |    49   |    0    |
|          |           grp_fu_618           |    0    |    0    |    0    |   165   |    49   |    0    |
|          |           grp_fu_622           |    0    |    0    |    0    |   165   |    49   |    0    |
|          |           grp_fu_626           |    0    |    0    |    0    |   165   |    49   |    0    |
|          |           grp_fu_630           |    0    |    0    |    0    |   165   |    49   |    0    |
|          |           grp_fu_634           |    0    |    0    |    0    |   165   |    49   |    0    |
|          |           grp_fu_638           |    0    |    0    |    0    |   165   |    49   |    0    |
|          |           grp_fu_642           |    0    |    0    |    0    |   165   |    49   |    0    |
|          |           grp_fu_646           |    0    |    0    |    0    |   165   |    49   |    0    |
|          |           grp_fu_650           |    0    |    0    |    0    |   165   |    49   |    0    |
|          |           grp_fu_654           |    0    |    0    |    0    |   165   |    49   |    0    |
|          |           grp_fu_658           |    0    |    0    |    0    |   165   |    49   |    0    |
|          |           grp_fu_662           |    0    |    0    |    0    |   165   |    49   |    0    |
|          |           grp_fu_666           |    0    |    0    |    0    |   165   |    49   |    0    |
|          |           grp_fu_670           |    0    |    0    |    0    |   165   |    49   |    0    |
|          |           grp_fu_674           |    0    |    0    |    0    |   165   |    49   |    0    |
|          |           grp_fu_678           |    0    |    0    |    0    |   165   |    49   |    0    |
|          |           grp_fu_682           |    0    |    0    |    0    |   165   |    49   |    0    |
|          |           grp_fu_686           |    0    |    0    |    0    |   165   |    49   |    0    |
|          |           grp_fu_690           |    0    |    0    |    0    |   165   |    49   |    0    |
|          |           grp_fu_694           |    0    |    0    |    0    |   165   |    49   |    0    |
|          |           grp_fu_698           |    0    |    0    |    0    |   165   |    49   |    0    |
|          |           grp_fu_702           |    0    |    0    |    0    |   165   |    49   |    0    |
|          |           grp_fu_706           |    0    |    0    |    0    |   165   |    49   |    0    |
|          |           grp_fu_710           |    0    |    0    |    0    |   165   |    49   |    0    |
|          |           grp_fu_714           |    0    |    0    |    0    |   165   |    49   |    0    |
|          |           grp_fu_718           |    0    |    0    |    0    |   165   |    49   |    0    |
|          |           grp_fu_722           |    0    |    0    |    0    |   165   |    49   |    0    |
|          |           grp_fu_726           |    0    |    0    |    0    |   165   |    49   |    0    |
|          |           grp_fu_730           |    0    |    0    |    0    |   165   |    49   |    0    |
|          |           grp_fu_734           |    0    |    0    |    0    |   165   |    49   |    0    |
|          |           grp_fu_738           |    0    |    0    |    0    |   165   |    49   |    0    |
|          |           grp_fu_742           |    0    |    0    |    0    |   165   |    49   |    0    |
|          |           grp_fu_746           |    0    |    0    |    0    |   165   |    49   |    0    |
|          |           grp_fu_750           |    0    |    0    |    0    |   165   |    49   |    0    |
|          |           grp_fu_754           |    0    |    0    |    0    |   165   |    49   |    0    |
|          |           grp_fu_758           |    0    |    0    |    0    |   165   |    49   |    0    |
|          |           grp_fu_762           |    0    |    0    |    0    |   165   |    49   |    0    |
|          |           grp_fu_766           |    0    |    0    |    0    |   165   |    49   |    0    |
|          |           grp_fu_770           |    0    |    0    |    0    |   165   |    49   |    0    |
|          |           grp_fu_774           |    0    |    0    |    0    |   165   |    49   |    0    |
|          |           grp_fu_778           |    0    |    0    |    0    |   165   |    49   |    0    |
|----------|--------------------------------|---------|---------|---------|---------|---------|---------|
|          |        C_read_read_fu_78       |    0    |    0    |    0    |    0    |    0    |    0    |
|   read   |        B_read_read_fu_84       |    0    |    0    |    0    |    0    |    0    |    0    |
|          |        A_read_read_fu_90       |    0    |    0    |    0    |    0    |    0    |    0    |
|----------|--------------------------------|---------|---------|---------|---------|---------|---------|
|   Total  |                                |   684   |   2112  | 2195.13 |  881675 |  234542 |    16   |
|----------|--------------------------------|---------|---------|---------|---------|---------|---------|

Memories:
+---------+--------+--------+--------+
|         |  BRAM  |   FF   |   LUT  |
+---------+--------+--------+--------+
|temp_X0_V|    2   |    0   |    0   |
|temp_X1_V|    2   |    0   |    0   |
|temp_X2_V|   15   |    0   |    0   |
+---------+--------+--------+--------+
|  Total  |   19   |    0   |    0   |
+---------+--------+--------+--------+

* Register list:
+--------------+--------+
|              |   FF   |
+--------------+--------+
|A_read_reg_137|   64   |
|B_read_reg_132|   64   |
|C_read_reg_127|   64   |
+--------------+--------+
|     Total    |   192  |
+--------------+--------+

* Multiplexer (MUX) list: 
|--------|------|------|------|--------|
|  Comp  |  Pin | Size |  BW  | S x BW |
|--------|------|------|------|--------|
|  Total |      |      |      |    0   |
|--------|------|------|------|--------|



* Summary:
+-----------+--------+--------+--------+--------+--------+--------+
|           |  BRAM  |   DSP  |  Delay |   FF   |   LUT  |  URAM  |
+-----------+--------+--------+--------+--------+--------+--------+
|  Function |   684  |  2112  |  2195  | 881675 | 234542 |   16   |
|   Memory  |   19   |    -   |    -   |    0   |    0   |    -   |
|Multiplexer|    -   |    -   |    -   |    -   |    -   |    -   |
|  Register |    -   |    -   |    -   |   192  |    -   |    -   |
+-----------+--------+--------+--------+--------+--------+--------+
|   Total   |   703  |  2112  |  2195  | 881867 | 234542 |   16   |
+-----------+--------+--------+--------+--------+--------+--------+
