

================================================================
== Vitis HLS Report for 'C_drain_IO_L1_out_1_x1'
================================================================
* Date:           Sat Sep 17 09:29:25 2022

* Version:        2020.2 (Build 3064766 on Wed Nov 18 09:12:47 MST 2020)
* Project:        top
* Solution:       solution (Vitis Kernel Flow Target)
* Product family: virtexuplus
* Target device:  xcu250-figd2104-2L-e


================================================================
== Performance Estimates
================================================================
+ Timing: 
    * Summary: 
    +--------+---------+----------+------------+
    |  Clock |  Target | Estimated| Uncertainty|
    +--------+---------+----------+------------+
    |ap_clk  |  3.33 ns|  2.344 ns|     0.90 ns|
    +--------+---------+----------+------------+

+ Latency: 
    * Summary: 
    +---------+---------+-----------+-----------+------+------+---------+
    |  Latency (cycles) |   Latency (absolute)  |   Interval  | Pipeline|
    |   min   |   max   |    min    |    max    |  min |  max |   Type  |
    +---------+---------+-----------+-----------+------+------+---------+
    |     4616|     4616|  15.385 us|  15.385 us|  4616|  4616|     none|
    +---------+---------+-----------+-----------+------+------+---------+

    + Detail: 
        * Instance: 
        N/A

        * Loop: 
        +---------------------------------------------------------------+---------+---------+----------+-----------+-----------+------+----------+
        |                                                               |  Latency (cycles) | Iteration|  Initiation Interval  | Trip |          |
        |                           Loop Name                           |   min   |   max   |  Latency |  achieved |   target  | Count| Pipelined|
        +---------------------------------------------------------------+---------+---------+----------+-----------+-----------+------+----------+
        |- C_drain_IO_L1_out_1_x1_loop_1_C_drain_IO_L1_out_1_x1_loop_2  |     3074|     3074|         6|          3|          1|  1024|       yes|
        |- C_drain_IO_L1_out_1_x1_loop_4_C_drain_IO_L1_out_1_x1_loop_5  |     1538|     1538|        35|         32|         32|    48|       yes|
        +---------------------------------------------------------------+---------+---------+----------+-----------+-----------+------+----------+

============================================================
+ Verbose Summary: Synthesis Manager
============================================================
InlineROM: 1
ExposeGlobal: 0
============================================================
+ Verbose Summary: CDFG Model
============================================================
IsTopModel: 0
ResetActiveHigh: 1
IsCombinational: 2
IsDatapathOnly: 0
HasWiredReturn: 1
HasMFsm: 0
HasVarLatency: 1
IsPipeline: 0
IsRtlPipelined: 0
IsInstanceOverlapped: 0
IsDontTouch: 0
HasImplIP: 0
IsGatedGlobalClock: 0

+ Individual pipeline summary: 
  * Pipeline-0: initiation interval (II) = 3, depth = 6
  * Pipeline-1: initiation interval (II) = 32, depth = 35


============================================================
+ Verbose Summary: Schedule
============================================================
* Number of FSM states : 44
* Pipeline : 2
  Pipeline-0 : II = 3, D = 6, States = { 2 3 4 5 6 7 }
  Pipeline-1 : II = 32, D = 35, States = { 9 10 11 12 13 14 15 16 17 18 19 20 21 22 23 24 25 26 27 28 29 30 31 32 33 34 35 36 37 38 39 40 41 42 43 }
* Dataflow Pipeline: 0

* FSM state transitions: 
1 --> 2 
2 --> 8 3 
3 --> 4 
4 --> 5 
5 --> 6 
6 --> 7 
7 --> 2 
8 --> 9 
9 --> 44 10 
10 --> 11 
11 --> 12 
12 --> 13 
13 --> 14 
14 --> 15 
15 --> 16 
16 --> 17 
17 --> 18 
18 --> 19 
19 --> 20 
20 --> 21 
21 --> 22 
22 --> 23 
23 --> 24 
24 --> 25 
25 --> 26 
26 --> 27 
27 --> 28 
28 --> 29 
29 --> 30 
30 --> 31 
31 --> 32 
32 --> 33 
33 --> 34 
34 --> 35 
35 --> 36 
36 --> 37 
37 --> 38 
38 --> 39 
39 --> 40 
40 --> 41 
41 --> 42 
42 --> 43 
43 --> 9 
44 --> 

* FSM state operations: 

State 1 <SV = 0> <Delay = 1.64>
ST_1 : Operation 45 [1/1] (0.00ns)   --->   "%specinterface_ln0 = specinterface void @_ssdm_op_SpecInterface, i64 %fifo_C_drain_C_drain_IO_L1_out_0_11_x1120, void @empty_198, i32 0, i32 0, void @empty_647, i32 0, i32 0, void @empty_647, void @empty_647, void @empty_647, i32 0, i32 0, i32 0, i32 0, void @empty_647, void @empty_647"   --->   Operation 45 'specinterface' 'specinterface_ln0' <Predicate = true> <Delay = 0.00>
ST_1 : Operation 46 [1/1] (0.00ns)   --->   "%specinterface_ln0 = specinterface void @_ssdm_op_SpecInterface, i64 %fifo_C_drain_C_drain_IO_L1_out_0_10_x1119, void @empty_198, i32 0, i32 0, void @empty_647, i32 0, i32 0, void @empty_647, void @empty_647, void @empty_647, i32 0, i32 0, i32 0, i32 0, void @empty_647, void @empty_647"   --->   Operation 46 'specinterface' 'specinterface_ln0' <Predicate = true> <Delay = 0.00>
ST_1 : Operation 47 [1/1] (0.00ns)   --->   "%specinterface_ln0 = specinterface void @_ssdm_op_SpecInterface, i32 %fifo_C_drain_PE_10_0_x193, void @empty_198, i32 0, i32 0, void @empty_647, i32 0, i32 0, void @empty_647, void @empty_647, void @empty_647, i32 0, i32 0, i32 0, i32 0, void @empty_647, void @empty_647"   --->   Operation 47 'specinterface' 'specinterface_ln0' <Predicate = true> <Delay = 0.00>
ST_1 : Operation 48 [1/1] (1.64ns)   --->   "%local_C_V = alloca i64 1" [./dut.cpp:10334]   --->   Operation 48 'alloca' 'local_C_V' <Predicate = true> <Delay = 1.64> <CoreInst = "RAM_2P_URAM">   --->   Core 95 'RAM_2P_URAM' <Latency = 1> <II = 1> <Delay = 1.64> <Storage> <Opcode : 'load' 'store'> <Ports = 2> <Width = 64> <Depth = 512> <RAM>
ST_1 : Operation 49 [1/1] (0.69ns)   --->   "%buf_data_split_V = alloca i64 1" [./dut.cpp:10336]   --->   Operation 49 'alloca' 'buf_data_split_V' <Predicate = true> <Delay = 0.69> <CoreInst = "RAM">   --->   Core 83 'RAM' <Latency = 1> <II = 1> <Delay = 0.69> <Storage> <Opcode : 'load' 'store'> <Ports = 2> <Width = 32> <Depth = 2> <RAM>
ST_1 : Operation 50 [1/1] (0.00ns)   --->   "%specmemcore_ln10334 = specmemcore void @_ssdm_op_SpecMemCore, i64 %local_C_V, i64 666, i64 24, i64 18446744073709551615" [./dut.cpp:10334]   --->   Operation 50 'specmemcore' 'specmemcore_ln10334' <Predicate = true> <Delay = 0.00>
ST_1 : Operation 51 [1/1] (0.00ns)   --->   "%buf_data_split_V_addr = getelementptr i32 %buf_data_split_V, i64 0, i64 1"   --->   Operation 51 'getelementptr' 'buf_data_split_V_addr' <Predicate = true> <Delay = 0.00>
ST_1 : Operation 52 [1/1] (0.00ns)   --->   "%buf_data_split_V_addr_102 = getelementptr i32 %buf_data_split_V, i64 0, i64 0"   --->   Operation 52 'getelementptr' 'buf_data_split_V_addr_102' <Predicate = true> <Delay = 0.00>
ST_1 : Operation 53 [1/1] (0.38ns)   --->   "%br_ln10342 = br void" [./dut.cpp:10342]   --->   Operation 53 'br' 'br_ln10342' <Predicate = true> <Delay = 0.38>

State 2 <SV = 1> <Delay = 1.01>
ST_2 : Operation 54 [1/1] (0.00ns)   --->   "%indvar_flatten = phi i11 0, void, i11 %add_ln890, void %.split11"   --->   Operation 54 'phi' 'indvar_flatten' <Predicate = true> <Delay = 0.00>
ST_2 : Operation 55 [1/1] (0.00ns)   --->   "%c6_V = phi i7 0, void, i7 %select_ln890_393, void %.split11"   --->   Operation 55 'phi' 'c6_V' <Predicate = true> <Delay = 0.00>
ST_2 : Operation 56 [1/1] (0.00ns)   --->   "%c7_V = phi i5 0, void, i5 %add_ln691_473, void %.split11"   --->   Operation 56 'phi' 'c7_V' <Predicate = true> <Delay = 0.00>
ST_2 : Operation 57 [1/1] (0.73ns)   --->   "%add_ln890 = add i11 %indvar_flatten, i11 1"   --->   Operation 57 'add' 'add_ln890' <Predicate = true> <Delay = 0.73> <CoreInst = "Adder">   --->   Core 1 'Adder' <Latency = 0> <II = 1> <Delay = 0.70> <FuncUnit> <Opcode : 'add' 'sub'> <InPorts = 2> <OutPorts = 1>
ST_2 : Operation 58 [1/1] (0.61ns)   --->   "%icmp_ln890 = icmp_eq  i11 %indvar_flatten, i11 1024"   --->   Operation 58 'icmp' 'icmp_ln890' <Predicate = true> <Delay = 0.61> <CoreInst = "Cmp">   --->   Core 9 'Cmp' <Latency = 0> <II = 1> <Delay = 0.65> <FuncUnit> <Opcode : 'icmp'> <InPorts = 2> <OutPorts = 1>
ST_2 : Operation 59 [1/1] (0.00ns)   --->   "%br_ln890 = br i1 %icmp_ln890, void %.split11, void %.preheader.preheader.preheader"   --->   Operation 59 'br' 'br_ln890' <Predicate = true> <Delay = 0.00>
ST_2 : Operation 60 [1/1] (0.70ns)   --->   "%add_ln691 = add i7 %c6_V, i7 1"   --->   Operation 60 'add' 'add_ln691' <Predicate = (!icmp_ln890)> <Delay = 0.70> <CoreInst = "Adder">   --->   Core 1 'Adder' <Latency = 0> <II = 1> <Delay = 0.70> <FuncUnit> <Opcode : 'add' 'sub'> <InPorts = 2> <OutPorts = 1>
ST_2 : Operation 61 [1/1] (0.63ns)   --->   "%icmp_ln890224 = icmp_eq  i5 %c7_V, i5 16"   --->   Operation 61 'icmp' 'icmp_ln890224' <Predicate = (!icmp_ln890)> <Delay = 0.63> <CoreInst = "Cmp">   --->   Core 9 'Cmp' <Latency = 0> <II = 1> <Delay = 0.65> <FuncUnit> <Opcode : 'icmp'> <InPorts = 2> <OutPorts = 1>
ST_2 : Operation 62 [1/1] (0.27ns)   --->   "%select_ln890 = select i1 %icmp_ln890224, i5 0, i5 %c7_V"   --->   Operation 62 'select' 'select_ln890' <Predicate = (!icmp_ln890)> <Delay = 0.27> <CoreInst = "Sel">   --->   Core 73 'Sel' <Latency = 0> <II = 1> <Delay = 0.35> <FuncUnit> <Opcode : 'select'> <InPorts = 3> <OutPorts = 1>
ST_2 : Operation 63 [1/1] (0.30ns)   --->   "%select_ln890_393 = select i1 %icmp_ln890224, i7 %add_ln691, i7 %c6_V"   --->   Operation 63 'select' 'select_ln890_393' <Predicate = (!icmp_ln890)> <Delay = 0.30> <CoreInst = "Sel">   --->   Core 73 'Sel' <Latency = 0> <II = 1> <Delay = 0.35> <FuncUnit> <Opcode : 'select'> <InPorts = 3> <OutPorts = 1>
ST_2 : Operation 64 [1/1] (0.00ns)   --->   "%conv_i113_mid2_v = partselect i5 @_ssdm_op_PartSelect.i5.i7.i32.i32, i7 %select_ln890_393, i32 1, i32 5"   --->   Operation 64 'partselect' 'conv_i113_mid2_v' <Predicate = (!icmp_ln890)> <Delay = 0.00>
ST_2 : Operation 65 [1/1] (0.00ns)   --->   "%trunc_ln890 = trunc i7 %select_ln890_393"   --->   Operation 65 'trunc' 'trunc_ln890' <Predicate = (!icmp_ln890)> <Delay = 0.00>

State 3 <SV = 2> <Delay = 1.64>
ST_3 : Operation 66 [1/1] (0.00ns)   --->   "%tmp_s = bitconcatenate i10 @_ssdm_op_BitConcatenate.i10.i5.i5, i5 %select_ln890, i5 %conv_i113_mid2_v" [./dut.cpp:10348]   --->   Operation 66 'bitconcatenate' 'tmp_s' <Predicate = (!icmp_ln890)> <Delay = 0.00>
ST_3 : Operation 67 [1/1] (0.00ns)   --->   "%zext_ln10348 = zext i10 %tmp_s" [./dut.cpp:10348]   --->   Operation 67 'zext' 'zext_ln10348' <Predicate = (!icmp_ln890)> <Delay = 0.00>
ST_3 : Operation 68 [1/1] (0.00ns)   --->   "%local_C_V_addr = getelementptr i64 %local_C_V, i64 0, i64 %zext_ln10348" [./dut.cpp:10348]   --->   Operation 68 'getelementptr' 'local_C_V_addr' <Predicate = (!icmp_ln890)> <Delay = 0.00>
ST_3 : Operation 69 [2/2] (1.64ns)   --->   "%buf_data_V = load i9 %local_C_V_addr" [./dut.cpp:10348]   --->   Operation 69 'load' 'buf_data_V' <Predicate = (!icmp_ln890)> <Delay = 1.64> <CoreInst = "RAM_2P_URAM">   --->   Core 95 'RAM_2P_URAM' <Latency = 1> <II = 1> <Delay = 1.64> <Storage> <Opcode : 'load' 'store'> <Ports = 2> <Width = 64> <Depth = 512> <RAM>
ST_3 : Operation 70 [1/1] (0.70ns)   --->   "%add_ln691_473 = add i5 %select_ln890, i5 1"   --->   Operation 70 'add' 'add_ln691_473' <Predicate = (!icmp_ln890)> <Delay = 0.70> <CoreInst = "Adder">   --->   Core 1 'Adder' <Latency = 0> <II = 1> <Delay = 0.70> <FuncUnit> <Opcode : 'add' 'sub'> <InPorts = 2> <OutPorts = 1>

State 4 <SV = 3> <Delay = 2.34>
ST_4 : Operation 71 [1/2] (1.64ns)   --->   "%buf_data_V = load i9 %local_C_V_addr" [./dut.cpp:10348]   --->   Operation 71 'load' 'buf_data_V' <Predicate = (!icmp_ln890)> <Delay = 1.64> <CoreInst = "RAM_2P_URAM">   --->   Core 95 'RAM_2P_URAM' <Latency = 1> <II = 1> <Delay = 1.64> <Storage> <Opcode : 'load' 'store'> <Ports = 2> <Width = 64> <Depth = 512> <RAM>
ST_4 : Operation 72 [1/1] (0.00ns)   --->   "%trunc_ln674 = trunc i64 %buf_data_V"   --->   Operation 72 'trunc' 'trunc_ln674' <Predicate = (!icmp_ln890)> <Delay = 0.00>
ST_4 : Operation 73 [1/1] (0.69ns)   --->   "%store_ln10350 = store i32 %trunc_ln674, i1 %buf_data_split_V_addr_102" [./dut.cpp:10350]   --->   Operation 73 'store' 'store_ln10350' <Predicate = (!icmp_ln890)> <Delay = 0.69> <CoreInst = "RAM">   --->   Core 83 'RAM' <Latency = 1> <II = 1> <Delay = 0.69> <Storage> <Opcode : 'load' 'store'> <Ports = 2> <Width = 32> <Depth = 2> <RAM>
ST_4 : Operation 74 [1/1] (0.00ns)   --->   "%p_Result_1 = partselect i32 @_ssdm_op_PartSelect.i32.i64.i32.i32, i64 %buf_data_V, i32 32, i32 63"   --->   Operation 74 'partselect' 'p_Result_1' <Predicate = (!icmp_ln890)> <Delay = 0.00>
ST_4 : Operation 75 [1/1] (0.69ns)   --->   "%store_ln10350 = store i32 %p_Result_1, i1 %buf_data_split_V_addr" [./dut.cpp:10350]   --->   Operation 75 'store' 'store_ln10350' <Predicate = (!icmp_ln890)> <Delay = 0.69> <CoreInst = "RAM">   --->   Core 83 'RAM' <Latency = 1> <II = 1> <Delay = 0.69> <Storage> <Opcode : 'load' 'store'> <Ports = 2> <Width = 32> <Depth = 2> <RAM>

State 5 <SV = 4> <Delay = 1.91>
ST_5 : Operation 76 [1/1] (0.00ns)   --->   "%zext_ln890 = zext i1 %trunc_ln890"   --->   Operation 76 'zext' 'zext_ln890' <Predicate = (!icmp_ln890)> <Delay = 0.00>
ST_5 : Operation 77 [1/1] (1.21ns)   --->   "%tmp_900 = read i32 @_ssdm_op_Read.ap_fifo.volatile.i32P0A, i32 %fifo_C_drain_PE_10_0_x193" [/home/rcslfpgaserver/Softwares/Xilinx/Vitis_HLS/2020.2/common/technology/autopilot/hls_stream_39.h:145]   --->   Operation 77 'read' 'tmp_900' <Predicate = (!icmp_ln890)> <Delay = 1.21> <CoreInst = "FIFO_SRL">   --->   Core 81 'FIFO_SRL' <Latency = 0> <II = 1> <Delay = 1.39> <Storage> <Opcode : 'read' 'write' 'nbread' 'nbwrite'> <Ports = 0> <Width = 32> <Depth = 2> <FIFO>
ST_5 : Operation 78 [1/1] (0.00ns)   --->   "%buf_data_split_V_addr_103 = getelementptr i32 %buf_data_split_V, i64 0, i64 %zext_ln890"   --->   Operation 78 'getelementptr' 'buf_data_split_V_addr_103' <Predicate = (!icmp_ln890)> <Delay = 0.00>
ST_5 : Operation 79 [1/1] (0.69ns)   --->   "%store_ln10360 = store i32 %tmp_900, i1 %buf_data_split_V_addr_103" [./dut.cpp:10360]   --->   Operation 79 'store' 'store_ln10360' <Predicate = (!icmp_ln890)> <Delay = 0.69> <CoreInst = "RAM">   --->   Core 83 'RAM' <Latency = 1> <II = 1> <Delay = 0.69> <Storage> <Opcode : 'load' 'store'> <Ports = 2> <Width = 32> <Depth = 2> <RAM>

State 6 <SV = 5> <Delay = 0.69>
ST_6 : Operation 80 [2/2] (0.69ns)   --->   "%v2_V = load i1 %buf_data_split_V_addr_102"   --->   Operation 80 'load' 'v2_V' <Predicate = (!icmp_ln890)> <Delay = 0.69> <CoreInst = "RAM">   --->   Core 83 'RAM' <Latency = 1> <II = 1> <Delay = 0.69> <Storage> <Opcode : 'load' 'store'> <Ports = 2> <Width = 32> <Depth = 2> <RAM>
ST_6 : Operation 81 [2/2] (0.69ns)   --->   "%v1_V = load i1 %buf_data_split_V_addr"   --->   Operation 81 'load' 'v1_V' <Predicate = (!icmp_ln890)> <Delay = 0.69> <CoreInst = "RAM">   --->   Core 83 'RAM' <Latency = 1> <II = 1> <Delay = 0.69> <Storage> <Opcode : 'load' 'store'> <Ports = 2> <Width = 32> <Depth = 2> <RAM>

State 7 <SV = 6> <Delay = 2.34>
ST_7 : Operation 82 [1/1] (0.00ns)   --->   "%specloopname_ln0 = specloopname void @_ssdm_op_SpecLoopName, void @C_drain_IO_L1_out_1_x1_loop_1_C_drain_IO_L1_out_1_x1_loop_2_str"   --->   Operation 82 'specloopname' 'specloopname_ln0' <Predicate = (!icmp_ln890)> <Delay = 0.00>
ST_7 : Operation 83 [1/1] (0.00ns)   --->   "%speclooptripcount_ln0 = speclooptripcount void @_ssdm_op_SpecLoopTripCount, i64 1024, i64 1024, i64 1024"   --->   Operation 83 'speclooptripcount' 'speclooptripcount_ln0' <Predicate = (!icmp_ln890)> <Delay = 0.00>
ST_7 : Operation 84 [1/1] (0.00ns)   --->   "%specpipeline_ln10344 = specpipeline void @_ssdm_op_SpecPipeline, i32 1, i32 0, i32 0, i32 0, void @empty_647" [./dut.cpp:10344]   --->   Operation 84 'specpipeline' 'specpipeline_ln10344' <Predicate = (!icmp_ln890)> <Delay = 0.00>
ST_7 : Operation 85 [1/1] (0.00ns)   --->   "%specloopname_ln10344 = specloopname void @_ssdm_op_SpecLoopName, void @empty_424" [./dut.cpp:10344]   --->   Operation 85 'specloopname' 'specloopname_ln10344' <Predicate = (!icmp_ln890)> <Delay = 0.00>
ST_7 : Operation 86 [1/2] (0.69ns)   --->   "%v2_V = load i1 %buf_data_split_V_addr_102"   --->   Operation 86 'load' 'v2_V' <Predicate = (!icmp_ln890)> <Delay = 0.69> <CoreInst = "RAM">   --->   Core 83 'RAM' <Latency = 1> <II = 1> <Delay = 0.69> <Storage> <Opcode : 'load' 'store'> <Ports = 2> <Width = 32> <Depth = 2> <RAM>
ST_7 : Operation 87 [1/2] (0.69ns)   --->   "%v1_V = load i1 %buf_data_split_V_addr"   --->   Operation 87 'load' 'v1_V' <Predicate = (!icmp_ln890)> <Delay = 0.69> <CoreInst = "RAM">   --->   Core 83 'RAM' <Latency = 1> <II = 1> <Delay = 0.69> <Storage> <Opcode : 'load' 'store'> <Ports = 2> <Width = 32> <Depth = 2> <RAM>
ST_7 : Operation 88 [1/1] (0.00ns)   --->   "%p_Result_s = bitconcatenate i64 @_ssdm_op_BitConcatenate.i64.i32.i32, i32 %v1_V, i32 %v2_V"   --->   Operation 88 'bitconcatenate' 'p_Result_s' <Predicate = (!icmp_ln890)> <Delay = 0.00>
ST_7 : Operation 89 [1/1] (1.64ns)   --->   "%store_ln10362 = store i64 %p_Result_s, i9 %local_C_V_addr" [./dut.cpp:10362]   --->   Operation 89 'store' 'store_ln10362' <Predicate = (!icmp_ln890)> <Delay = 1.64> <CoreInst = "RAM_2P_URAM">   --->   Core 95 'RAM_2P_URAM' <Latency = 1> <II = 1> <Delay = 1.64> <Storage> <Opcode : 'load' 'store'> <Ports = 2> <Width = 64> <Depth = 512> <RAM>
ST_7 : Operation 90 [1/1] (0.00ns)   --->   "%br_ln0 = br void"   --->   Operation 90 'br' 'br_ln0' <Predicate = (!icmp_ln890)> <Delay = 0.00>

State 8 <SV = 2> <Delay = 0.38>
ST_8 : Operation 91 [1/1] (0.38ns)   --->   "%br_ln10365 = br void %.preheader.preheader" [./dut.cpp:10365]   --->   Operation 91 'br' 'br_ln10365' <Predicate = true> <Delay = 0.38>

State 9 <SV = 3> <Delay = 1.64>
ST_9 : Operation 92 [1/1] (0.00ns)   --->   "%indvar_flatten8 = phi i6 %add_ln890_157, void, i6 0, void %.preheader.preheader.preheader"   --->   Operation 92 'phi' 'indvar_flatten8' <Predicate = true> <Delay = 0.00>
ST_9 : Operation 93 [1/1] (0.00ns)   --->   "%c4_V = phi i4 %select_ln890_394, void, i4 10, void %.preheader.preheader.preheader"   --->   Operation 93 'phi' 'c4_V' <Predicate = true> <Delay = 0.00>
ST_9 : Operation 94 [1/1] (0.00ns)   --->   "%c5_V = phi i5 %add_ln691_475, void, i5 0, void %.preheader.preheader.preheader"   --->   Operation 94 'phi' 'c5_V' <Predicate = true> <Delay = 0.00>
ST_9 : Operation 95 [1/1] (0.70ns)   --->   "%add_ln890_157 = add i6 %indvar_flatten8, i6 1"   --->   Operation 95 'add' 'add_ln890_157' <Predicate = true> <Delay = 0.70> <CoreInst = "Adder">   --->   Core 1 'Adder' <Latency = 0> <II = 1> <Delay = 0.70> <FuncUnit> <Opcode : 'add' 'sub'> <InPorts = 2> <OutPorts = 1>
ST_9 : Operation 96 [1/1] (0.61ns)   --->   "%icmp_ln890_376 = icmp_eq  i6 %indvar_flatten8, i6 48"   --->   Operation 96 'icmp' 'icmp_ln890_376' <Predicate = true> <Delay = 0.61> <CoreInst = "Cmp">   --->   Core 9 'Cmp' <Latency = 0> <II = 1> <Delay = 0.65> <FuncUnit> <Opcode : 'icmp'> <InPorts = 2> <OutPorts = 1>
ST_9 : Operation 97 [1/1] (0.00ns)   --->   "%br_ln890 = br i1 %icmp_ln890_376, void %.preheader, void"   --->   Operation 97 'br' 'br_ln890' <Predicate = true> <Delay = 0.00>
ST_9 : Operation 98 [1/1] (0.70ns)   --->   "%add_ln691_474 = add i4 %c4_V, i4 1"   --->   Operation 98 'add' 'add_ln691_474' <Predicate = (!icmp_ln890_376)> <Delay = 0.70> <CoreInst = "Adder">   --->   Core 1 'Adder' <Latency = 0> <II = 1> <Delay = 0.70> <FuncUnit> <Opcode : 'add' 'sub'> <InPorts = 2> <OutPorts = 1>
ST_9 : Operation 99 [1/1] (0.63ns)   --->   "%icmp_ln890_377 = icmp_eq  i5 %c5_V, i5 16"   --->   Operation 99 'icmp' 'icmp_ln890_377' <Predicate = (!icmp_ln890_376)> <Delay = 0.63> <CoreInst = "Cmp">   --->   Core 9 'Cmp' <Latency = 0> <II = 1> <Delay = 0.65> <FuncUnit> <Opcode : 'icmp'> <InPorts = 2> <OutPorts = 1>
ST_9 : Operation 100 [1/1] (0.27ns)   --->   "%select_ln10365 = select i1 %icmp_ln890_377, i5 0, i5 %c5_V" [./dut.cpp:10365]   --->   Operation 100 'select' 'select_ln10365' <Predicate = (!icmp_ln890_376)> <Delay = 0.27> <CoreInst = "Sel">   --->   Core 73 'Sel' <Latency = 0> <II = 1> <Delay = 0.35> <FuncUnit> <Opcode : 'select'> <InPorts = 3> <OutPorts = 1>
ST_9 : Operation 101 [1/1] (0.65ns)   --->   "%cmp_i_i_mid1 = icmp_eq  i4 %add_ln691_474, i4 10"   --->   Operation 101 'icmp' 'cmp_i_i_mid1' <Predicate = (!icmp_ln890_376)> <Delay = 0.65> <CoreInst = "Cmp">   --->   Core 9 'Cmp' <Latency = 0> <II = 1> <Delay = 0.65> <FuncUnit> <Opcode : 'icmp'> <InPorts = 2> <OutPorts = 1>
ST_9 : Operation 102 [1/1] (0.65ns)   --->   "%cmp_i_i225 = icmp_eq  i4 %c4_V, i4 10"   --->   Operation 102 'icmp' 'cmp_i_i225' <Predicate = (!icmp_ln890_376)> <Delay = 0.65> <CoreInst = "Cmp">   --->   Core 9 'Cmp' <Latency = 0> <II = 1> <Delay = 0.65> <FuncUnit> <Opcode : 'icmp'> <InPorts = 2> <OutPorts = 1>
ST_9 : Operation 103 [1/1] (0.27ns)   --->   "%select_ln10365_1 = select i1 %icmp_ln890_377, i1 %cmp_i_i_mid1, i1 %cmp_i_i225" [./dut.cpp:10365]   --->   Operation 103 'select' 'select_ln10365_1' <Predicate = (!icmp_ln890_376)> <Delay = 0.27> <CoreInst = "Sel">   --->   Core 73 'Sel' <Latency = 0> <II = 1> <Delay = 0.35> <FuncUnit> <Opcode : 'select'> <InPorts = 3> <OutPorts = 1>
ST_9 : Operation 104 [1/1] (0.35ns)   --->   "%select_ln890_394 = select i1 %icmp_ln890_377, i4 %add_ln691_474, i4 %c4_V"   --->   Operation 104 'select' 'select_ln890_394' <Predicate = (!icmp_ln890_376)> <Delay = 0.35> <CoreInst = "Sel">   --->   Core 73 'Sel' <Latency = 0> <II = 1> <Delay = 0.35> <FuncUnit> <Opcode : 'select'> <InPorts = 3> <OutPorts = 1>
ST_9 : Operation 105 [1/1] (0.00ns)   --->   "%br_ln10372 = br i1 %select_ln10365_1, void, void" [./dut.cpp:10372]   --->   Operation 105 'br' 'br_ln10372' <Predicate = (!icmp_ln890_376)> <Delay = 0.00>
ST_9 : Operation 106 [1/1] (0.00ns)   --->   "%br_ln10372 = br i1 %select_ln10365_1, void, void" [./dut.cpp:10372]   --->   Operation 106 'br' 'br_ln10372' <Predicate = (!icmp_ln890_376)> <Delay = 0.00>
ST_9 : Operation 107 [1/1] (0.00ns)   --->   "%br_ln10372 = br i1 %select_ln10365_1, void, void" [./dut.cpp:10372]   --->   Operation 107 'br' 'br_ln10372' <Predicate = (!icmp_ln890_376)> <Delay = 0.00>
ST_9 : Operation 108 [1/1] (0.00ns)   --->   "%br_ln10372 = br i1 %select_ln10365_1, void, void" [./dut.cpp:10372]   --->   Operation 108 'br' 'br_ln10372' <Predicate = (!icmp_ln890_376)> <Delay = 0.00>
ST_9 : Operation 109 [1/1] (0.00ns)   --->   "%br_ln10372 = br i1 %select_ln10365_1, void, void" [./dut.cpp:10372]   --->   Operation 109 'br' 'br_ln10372' <Predicate = (!icmp_ln890_376)> <Delay = 0.00>
ST_9 : Operation 110 [1/1] (0.00ns)   --->   "%br_ln10372 = br i1 %select_ln10365_1, void, void" [./dut.cpp:10372]   --->   Operation 110 'br' 'br_ln10372' <Predicate = (!icmp_ln890_376)> <Delay = 0.00>
ST_9 : Operation 111 [1/1] (0.00ns)   --->   "%br_ln10372 = br i1 %select_ln10365_1, void, void" [./dut.cpp:10372]   --->   Operation 111 'br' 'br_ln10372' <Predicate = (!icmp_ln890_376)> <Delay = 0.00>
ST_9 : Operation 112 [1/1] (0.00ns)   --->   "%br_ln10372 = br i1 %select_ln10365_1, void, void" [./dut.cpp:10372]   --->   Operation 112 'br' 'br_ln10372' <Predicate = (!icmp_ln890_376)> <Delay = 0.00>
ST_9 : Operation 113 [1/1] (0.00ns)   --->   "%br_ln10372 = br i1 %select_ln10365_1, void, void" [./dut.cpp:10372]   --->   Operation 113 'br' 'br_ln10372' <Predicate = (!icmp_ln890_376)> <Delay = 0.00>
ST_9 : Operation 114 [1/1] (0.00ns)   --->   "%br_ln10372 = br i1 %select_ln10365_1, void, void" [./dut.cpp:10372]   --->   Operation 114 'br' 'br_ln10372' <Predicate = (!icmp_ln890_376)> <Delay = 0.00>
ST_9 : Operation 115 [1/1] (0.00ns)   --->   "%br_ln10372 = br i1 %select_ln10365_1, void, void" [./dut.cpp:10372]   --->   Operation 115 'br' 'br_ln10372' <Predicate = (!icmp_ln890_376)> <Delay = 0.00>
ST_9 : Operation 116 [1/1] (0.00ns)   --->   "%br_ln10372 = br i1 %select_ln10365_1, void, void" [./dut.cpp:10372]   --->   Operation 116 'br' 'br_ln10372' <Predicate = (!icmp_ln890_376)> <Delay = 0.00>
ST_9 : Operation 117 [1/1] (0.00ns)   --->   "%br_ln10372 = br i1 %select_ln10365_1, void, void" [./dut.cpp:10372]   --->   Operation 117 'br' 'br_ln10372' <Predicate = (!icmp_ln890_376)> <Delay = 0.00>
ST_9 : Operation 118 [1/1] (0.00ns)   --->   "%br_ln10372 = br i1 %select_ln10365_1, void, void" [./dut.cpp:10372]   --->   Operation 118 'br' 'br_ln10372' <Predicate = (!icmp_ln890_376)> <Delay = 0.00>
ST_9 : Operation 119 [1/1] (0.00ns)   --->   "%br_ln10372 = br i1 %select_ln10365_1, void, void" [./dut.cpp:10372]   --->   Operation 119 'br' 'br_ln10372' <Predicate = (!icmp_ln890_376)> <Delay = 0.00>
ST_9 : Operation 120 [1/1] (0.00ns)   --->   "%br_ln10372 = br i1 %select_ln10365_1, void, void" [./dut.cpp:10372]   --->   Operation 120 'br' 'br_ln10372' <Predicate = (!icmp_ln890_376)> <Delay = 0.00>
ST_9 : Operation 121 [1/1] (0.00ns)   --->   "%br_ln10372 = br i1 %select_ln10365_1, void, void" [./dut.cpp:10372]   --->   Operation 121 'br' 'br_ln10372' <Predicate = (!icmp_ln890_376)> <Delay = 0.00>
ST_9 : Operation 122 [1/1] (0.00ns)   --->   "%br_ln10372 = br i1 %select_ln10365_1, void, void" [./dut.cpp:10372]   --->   Operation 122 'br' 'br_ln10372' <Predicate = (!icmp_ln890_376)> <Delay = 0.00>
ST_9 : Operation 123 [1/1] (0.00ns)   --->   "%br_ln10372 = br i1 %select_ln10365_1, void, void" [./dut.cpp:10372]   --->   Operation 123 'br' 'br_ln10372' <Predicate = (!icmp_ln890_376)> <Delay = 0.00>
ST_9 : Operation 124 [1/1] (0.00ns)   --->   "%br_ln10372 = br i1 %select_ln10365_1, void, void" [./dut.cpp:10372]   --->   Operation 124 'br' 'br_ln10372' <Predicate = (!icmp_ln890_376)> <Delay = 0.00>
ST_9 : Operation 125 [1/1] (0.00ns)   --->   "%br_ln10372 = br i1 %select_ln10365_1, void, void" [./dut.cpp:10372]   --->   Operation 125 'br' 'br_ln10372' <Predicate = (!icmp_ln890_376)> <Delay = 0.00>
ST_9 : Operation 126 [1/1] (0.00ns)   --->   "%br_ln10372 = br i1 %select_ln10365_1, void, void" [./dut.cpp:10372]   --->   Operation 126 'br' 'br_ln10372' <Predicate = (!icmp_ln890_376)> <Delay = 0.00>
ST_9 : Operation 127 [1/1] (0.00ns)   --->   "%br_ln10372 = br i1 %select_ln10365_1, void, void" [./dut.cpp:10372]   --->   Operation 127 'br' 'br_ln10372' <Predicate = (!icmp_ln890_376)> <Delay = 0.00>
ST_9 : Operation 128 [1/1] (0.00ns)   --->   "%br_ln10372 = br i1 %select_ln10365_1, void, void" [./dut.cpp:10372]   --->   Operation 128 'br' 'br_ln10372' <Predicate = (!icmp_ln890_376)> <Delay = 0.00>
ST_9 : Operation 129 [1/1] (0.00ns)   --->   "%br_ln10372 = br i1 %select_ln10365_1, void, void" [./dut.cpp:10372]   --->   Operation 129 'br' 'br_ln10372' <Predicate = (!icmp_ln890_376)> <Delay = 0.00>
ST_9 : Operation 130 [1/1] (0.00ns)   --->   "%br_ln10372 = br i1 %select_ln10365_1, void, void" [./dut.cpp:10372]   --->   Operation 130 'br' 'br_ln10372' <Predicate = (!icmp_ln890_376)> <Delay = 0.00>
ST_9 : Operation 131 [1/1] (0.00ns)   --->   "%br_ln10372 = br i1 %select_ln10365_1, void, void" [./dut.cpp:10372]   --->   Operation 131 'br' 'br_ln10372' <Predicate = (!icmp_ln890_376)> <Delay = 0.00>
ST_9 : Operation 132 [1/1] (0.00ns)   --->   "%br_ln10372 = br i1 %select_ln10365_1, void, void" [./dut.cpp:10372]   --->   Operation 132 'br' 'br_ln10372' <Predicate = (!icmp_ln890_376)> <Delay = 0.00>
ST_9 : Operation 133 [1/1] (0.00ns)   --->   "%br_ln10372 = br i1 %select_ln10365_1, void, void" [./dut.cpp:10372]   --->   Operation 133 'br' 'br_ln10372' <Predicate = (!icmp_ln890_376)> <Delay = 0.00>
ST_9 : Operation 134 [1/1] (0.00ns)   --->   "%br_ln10372 = br i1 %select_ln10365_1, void, void" [./dut.cpp:10372]   --->   Operation 134 'br' 'br_ln10372' <Predicate = (!icmp_ln890_376)> <Delay = 0.00>
ST_9 : Operation 135 [1/1] (0.00ns)   --->   "%br_ln10372 = br i1 %select_ln10365_1, void, void" [./dut.cpp:10372]   --->   Operation 135 'br' 'br_ln10372' <Predicate = (!icmp_ln890_376)> <Delay = 0.00>
ST_9 : Operation 136 [1/1] (0.00ns)   --->   "%br_ln10372 = br i1 %select_ln10365_1, void, void" [./dut.cpp:10372]   --->   Operation 136 'br' 'br_ln10372' <Predicate = (!icmp_ln890_376)> <Delay = 0.00>

State 10 <SV = 4> <Delay = 1.64>
ST_10 : Operation 137 [1/1] (0.00ns)   --->   "%tmp = bitconcatenate i10 @_ssdm_op_BitConcatenate.i10.i5.i5, i5 %select_ln10365, i5 0" [./dut.cpp:10373]   --->   Operation 137 'bitconcatenate' 'tmp' <Predicate = (!icmp_ln890_376)> <Delay = 0.00>
ST_10 : Operation 138 [1/1] (0.00ns)   --->   "%zext_ln10373 = zext i10 %tmp" [./dut.cpp:10373]   --->   Operation 138 'zext' 'zext_ln10373' <Predicate = (!icmp_ln890_376)> <Delay = 0.00>
ST_10 : Operation 139 [1/1] (0.00ns)   --->   "%local_C_V_addr_898 = getelementptr i64 %local_C_V, i64 0, i64 %zext_ln10373" [./dut.cpp:10373]   --->   Operation 139 'getelementptr' 'local_C_V_addr_898' <Predicate = (!icmp_ln890_376)> <Delay = 0.00>
ST_10 : Operation 140 [1/1] (0.00ns)   --->   "%or_ln10373 = or i10 %tmp, i10 1" [./dut.cpp:10373]   --->   Operation 140 'or' 'or_ln10373' <Predicate = (!icmp_ln890_376)> <Delay = 0.00>
ST_10 : Operation 141 [1/1] (0.00ns)   --->   "%tmp_869 = bitconcatenate i64 @_ssdm_op_BitConcatenate.i64.i54.i10, i54 0, i10 %or_ln10373" [./dut.cpp:10373]   --->   Operation 141 'bitconcatenate' 'tmp_869' <Predicate = (!icmp_ln890_376)> <Delay = 0.00>
ST_10 : Operation 142 [1/1] (0.00ns)   --->   "%local_C_V_addr_899 = getelementptr i64 %local_C_V, i64 0, i64 %tmp_869" [./dut.cpp:10373]   --->   Operation 142 'getelementptr' 'local_C_V_addr_899' <Predicate = (!icmp_ln890_376)> <Delay = 0.00>
ST_10 : Operation 143 [2/2] (1.64ns)   --->   "%local_C_V_load = load i9 %local_C_V_addr_898" [./dut.cpp:10373]   --->   Operation 143 'load' 'local_C_V_load' <Predicate = (!icmp_ln890_376 & select_ln10365_1)> <Delay = 1.64> <CoreInst = "RAM_2P_URAM">   --->   Core 95 'RAM_2P_URAM' <Latency = 1> <II = 1> <Delay = 1.64> <Storage> <Opcode : 'load' 'store'> <Ports = 2> <Width = 64> <Depth = 512> <RAM>
ST_10 : Operation 144 [2/2] (1.64ns)   --->   "%local_C_V_load_1 = load i9 %local_C_V_addr_899" [./dut.cpp:10373]   --->   Operation 144 'load' 'local_C_V_load_1' <Predicate = (!icmp_ln890_376 & select_ln10365_1)> <Delay = 1.64> <CoreInst = "RAM_2P_URAM">   --->   Core 95 'RAM_2P_URAM' <Latency = 1> <II = 1> <Delay = 1.64> <Storage> <Opcode : 'load' 'store'> <Ports = 2> <Width = 64> <Depth = 512> <RAM>

State 11 <SV = 5> <Delay = 1.64>
ST_11 : Operation 145 [1/1] (0.00ns)   --->   "%or_ln10373_1 = or i10 %tmp, i10 2" [./dut.cpp:10373]   --->   Operation 145 'or' 'or_ln10373_1' <Predicate = (!icmp_ln890_376)> <Delay = 0.00>
ST_11 : Operation 146 [1/1] (0.00ns)   --->   "%tmp_870 = bitconcatenate i64 @_ssdm_op_BitConcatenate.i64.i54.i10, i54 0, i10 %or_ln10373_1" [./dut.cpp:10373]   --->   Operation 146 'bitconcatenate' 'tmp_870' <Predicate = (!icmp_ln890_376)> <Delay = 0.00>
ST_11 : Operation 147 [1/1] (0.00ns)   --->   "%local_C_V_addr_900 = getelementptr i64 %local_C_V, i64 0, i64 %tmp_870" [./dut.cpp:10373]   --->   Operation 147 'getelementptr' 'local_C_V_addr_900' <Predicate = (!icmp_ln890_376)> <Delay = 0.00>
ST_11 : Operation 148 [1/1] (0.00ns)   --->   "%or_ln10373_2 = or i10 %tmp, i10 3" [./dut.cpp:10373]   --->   Operation 148 'or' 'or_ln10373_2' <Predicate = (!icmp_ln890_376)> <Delay = 0.00>
ST_11 : Operation 149 [1/1] (0.00ns)   --->   "%tmp_871 = bitconcatenate i64 @_ssdm_op_BitConcatenate.i64.i54.i10, i54 0, i10 %or_ln10373_2" [./dut.cpp:10373]   --->   Operation 149 'bitconcatenate' 'tmp_871' <Predicate = (!icmp_ln890_376)> <Delay = 0.00>
ST_11 : Operation 150 [1/1] (0.00ns)   --->   "%local_C_V_addr_901 = getelementptr i64 %local_C_V, i64 0, i64 %tmp_871" [./dut.cpp:10373]   --->   Operation 150 'getelementptr' 'local_C_V_addr_901' <Predicate = (!icmp_ln890_376)> <Delay = 0.00>
ST_11 : Operation 151 [1/1] (1.21ns)   --->   "%fifo_C_drain_C_drain_IO_L1_out_0_11_x1120_read = read i64 @_ssdm_op_Read.ap_fifo.volatile.i64P0A, i64 %fifo_C_drain_C_drain_IO_L1_out_0_11_x1120" [/home/rcslfpgaserver/Softwares/Xilinx/Vitis_HLS/2020.2/common/technology/autopilot/hls_stream_39.h:145]   --->   Operation 151 'read' 'fifo_C_drain_C_drain_IO_L1_out_0_11_x1120_read' <Predicate = (!icmp_ln890_376 & !select_ln10365_1)> <Delay = 1.21> <CoreInst = "FIFO_SRL">   --->   Core 81 'FIFO_SRL' <Latency = 0> <II = 1> <Delay = 1.40> <Storage> <Opcode : 'read' 'write' 'nbread' 'nbwrite'> <Ports = 0> <Width = 64> <Depth = 2> <FIFO>
ST_11 : Operation 152 [1/1] (0.38ns)   --->   "%br_ln0 = br void %.split.1"   --->   Operation 152 'br' 'br_ln0' <Predicate = (!icmp_ln890_376 & !select_ln10365_1)> <Delay = 0.38>
ST_11 : Operation 153 [1/2] (1.64ns)   --->   "%local_C_V_load = load i9 %local_C_V_addr_898" [./dut.cpp:10373]   --->   Operation 153 'load' 'local_C_V_load' <Predicate = (!icmp_ln890_376 & select_ln10365_1)> <Delay = 1.64> <CoreInst = "RAM_2P_URAM">   --->   Core 95 'RAM_2P_URAM' <Latency = 1> <II = 1> <Delay = 1.64> <Storage> <Opcode : 'load' 'store'> <Ports = 2> <Width = 64> <Depth = 512> <RAM>
ST_11 : Operation 154 [1/1] (0.38ns)   --->   "%br_ln10374 = br void %.split.1" [./dut.cpp:10374]   --->   Operation 154 'br' 'br_ln10374' <Predicate = (!icmp_ln890_376 & select_ln10365_1)> <Delay = 0.38>
ST_11 : Operation 155 [1/2] (1.64ns)   --->   "%local_C_V_load_1 = load i9 %local_C_V_addr_899" [./dut.cpp:10373]   --->   Operation 155 'load' 'local_C_V_load_1' <Predicate = (!icmp_ln890_376 & select_ln10365_1)> <Delay = 1.64> <CoreInst = "RAM_2P_URAM">   --->   Core 95 'RAM_2P_URAM' <Latency = 1> <II = 1> <Delay = 1.64> <Storage> <Opcode : 'load' 'store'> <Ports = 2> <Width = 64> <Depth = 512> <RAM>
ST_11 : Operation 156 [1/1] (0.38ns)   --->   "%br_ln10374 = br void %.split.2" [./dut.cpp:10374]   --->   Operation 156 'br' 'br_ln10374' <Predicate = (!icmp_ln890_376 & select_ln10365_1)> <Delay = 0.38>
ST_11 : Operation 157 [2/2] (1.64ns)   --->   "%local_C_V_load_2 = load i9 %local_C_V_addr_900" [./dut.cpp:10373]   --->   Operation 157 'load' 'local_C_V_load_2' <Predicate = (!icmp_ln890_376 & select_ln10365_1)> <Delay = 1.64> <CoreInst = "RAM_2P_URAM">   --->   Core 95 'RAM_2P_URAM' <Latency = 1> <II = 1> <Delay = 1.64> <Storage> <Opcode : 'load' 'store'> <Ports = 2> <Width = 64> <Depth = 512> <RAM>
ST_11 : Operation 158 [2/2] (1.64ns)   --->   "%local_C_V_load_3 = load i9 %local_C_V_addr_901" [./dut.cpp:10373]   --->   Operation 158 'load' 'local_C_V_load_3' <Predicate = (!icmp_ln890_376 & select_ln10365_1)> <Delay = 1.64> <CoreInst = "RAM_2P_URAM">   --->   Core 95 'RAM_2P_URAM' <Latency = 1> <II = 1> <Delay = 1.64> <Storage> <Opcode : 'load' 'store'> <Ports = 2> <Width = 64> <Depth = 512> <RAM>

State 12 <SV = 6> <Delay = 1.64>
ST_12 : Operation 159 [1/1] (0.00ns)   --->   "%or_ln10373_3 = or i10 %tmp, i10 4" [./dut.cpp:10373]   --->   Operation 159 'or' 'or_ln10373_3' <Predicate = (!icmp_ln890_376)> <Delay = 0.00>
ST_12 : Operation 160 [1/1] (0.00ns)   --->   "%tmp_872 = bitconcatenate i64 @_ssdm_op_BitConcatenate.i64.i54.i10, i54 0, i10 %or_ln10373_3" [./dut.cpp:10373]   --->   Operation 160 'bitconcatenate' 'tmp_872' <Predicate = (!icmp_ln890_376)> <Delay = 0.00>
ST_12 : Operation 161 [1/1] (0.00ns)   --->   "%local_C_V_addr_902 = getelementptr i64 %local_C_V, i64 0, i64 %tmp_872" [./dut.cpp:10373]   --->   Operation 161 'getelementptr' 'local_C_V_addr_902' <Predicate = (!icmp_ln890_376)> <Delay = 0.00>
ST_12 : Operation 162 [1/1] (0.00ns)   --->   "%or_ln10373_4 = or i10 %tmp, i10 5" [./dut.cpp:10373]   --->   Operation 162 'or' 'or_ln10373_4' <Predicate = (!icmp_ln890_376)> <Delay = 0.00>
ST_12 : Operation 163 [1/1] (0.00ns)   --->   "%tmp_873 = bitconcatenate i64 @_ssdm_op_BitConcatenate.i64.i54.i10, i54 0, i10 %or_ln10373_4" [./dut.cpp:10373]   --->   Operation 163 'bitconcatenate' 'tmp_873' <Predicate = (!icmp_ln890_376)> <Delay = 0.00>
ST_12 : Operation 164 [1/1] (0.00ns)   --->   "%local_C_V_addr_903 = getelementptr i64 %local_C_V, i64 0, i64 %tmp_873" [./dut.cpp:10373]   --->   Operation 164 'getelementptr' 'local_C_V_addr_903' <Predicate = (!icmp_ln890_376)> <Delay = 0.00>
ST_12 : Operation 165 [1/1] (0.00ns)   --->   "%fifo_data_44_0 = phi i64 %local_C_V_load, void, i64 %fifo_C_drain_C_drain_IO_L1_out_0_11_x1120_read, void" [./dut.cpp:10373]   --->   Operation 165 'phi' 'fifo_data_44_0' <Predicate = (!icmp_ln890_376)> <Delay = 0.00>
ST_12 : Operation 166 [1/1] (1.21ns)   --->   "%write_ln174 = write void @_ssdm_op_Write.ap_fifo.volatile.i64P0A, i64 %fifo_C_drain_C_drain_IO_L1_out_0_10_x1119, i64 %fifo_data_44_0" [/home/rcslfpgaserver/Softwares/Xilinx/Vitis_HLS/2020.2/common/technology/autopilot/hls_stream_39.h:174]   --->   Operation 166 'write' 'write_ln174' <Predicate = (!icmp_ln890_376)> <Delay = 1.21> <CoreInst = "FIFO_SRL">   --->   Core 81 'FIFO_SRL' <Latency = 0> <II = 1> <Delay = 1.40> <Storage> <Opcode : 'read' 'write' 'nbread' 'nbwrite'> <Ports = 0> <Width = 64> <Depth = 2> <FIFO>
ST_12 : Operation 167 [1/1] (1.21ns)   --->   "%fifo_C_drain_C_drain_IO_L1_out_0_11_x1120_read_1 = read i64 @_ssdm_op_Read.ap_fifo.volatile.i64P0A, i64 %fifo_C_drain_C_drain_IO_L1_out_0_11_x1120" [/home/rcslfpgaserver/Softwares/Xilinx/Vitis_HLS/2020.2/common/technology/autopilot/hls_stream_39.h:145]   --->   Operation 167 'read' 'fifo_C_drain_C_drain_IO_L1_out_0_11_x1120_read_1' <Predicate = (!icmp_ln890_376 & !select_ln10365_1)> <Delay = 1.21> <CoreInst = "FIFO_SRL">   --->   Core 81 'FIFO_SRL' <Latency = 0> <II = 1> <Delay = 1.40> <Storage> <Opcode : 'read' 'write' 'nbread' 'nbwrite'> <Ports = 0> <Width = 64> <Depth = 2> <FIFO>
ST_12 : Operation 168 [1/1] (0.38ns)   --->   "%br_ln0 = br void %.split.2"   --->   Operation 168 'br' 'br_ln0' <Predicate = (!icmp_ln890_376 & !select_ln10365_1)> <Delay = 0.38>
ST_12 : Operation 169 [1/2] (1.64ns)   --->   "%local_C_V_load_2 = load i9 %local_C_V_addr_900" [./dut.cpp:10373]   --->   Operation 169 'load' 'local_C_V_load_2' <Predicate = (!icmp_ln890_376 & select_ln10365_1)> <Delay = 1.64> <CoreInst = "RAM_2P_URAM">   --->   Core 95 'RAM_2P_URAM' <Latency = 1> <II = 1> <Delay = 1.64> <Storage> <Opcode : 'load' 'store'> <Ports = 2> <Width = 64> <Depth = 512> <RAM>
ST_12 : Operation 170 [1/1] (0.38ns)   --->   "%br_ln10374 = br void %.split.3" [./dut.cpp:10374]   --->   Operation 170 'br' 'br_ln10374' <Predicate = (!icmp_ln890_376 & select_ln10365_1)> <Delay = 0.38>
ST_12 : Operation 171 [1/2] (1.64ns)   --->   "%local_C_V_load_3 = load i9 %local_C_V_addr_901" [./dut.cpp:10373]   --->   Operation 171 'load' 'local_C_V_load_3' <Predicate = (!icmp_ln890_376 & select_ln10365_1)> <Delay = 1.64> <CoreInst = "RAM_2P_URAM">   --->   Core 95 'RAM_2P_URAM' <Latency = 1> <II = 1> <Delay = 1.64> <Storage> <Opcode : 'load' 'store'> <Ports = 2> <Width = 64> <Depth = 512> <RAM>
ST_12 : Operation 172 [1/1] (0.38ns)   --->   "%br_ln10374 = br void %.split.4" [./dut.cpp:10374]   --->   Operation 172 'br' 'br_ln10374' <Predicate = (!icmp_ln890_376 & select_ln10365_1)> <Delay = 0.38>
ST_12 : Operation 173 [2/2] (1.64ns)   --->   "%local_C_V_load_4 = load i9 %local_C_V_addr_902" [./dut.cpp:10373]   --->   Operation 173 'load' 'local_C_V_load_4' <Predicate = (!icmp_ln890_376 & select_ln10365_1)> <Delay = 1.64> <CoreInst = "RAM_2P_URAM">   --->   Core 95 'RAM_2P_URAM' <Latency = 1> <II = 1> <Delay = 1.64> <Storage> <Opcode : 'load' 'store'> <Ports = 2> <Width = 64> <Depth = 512> <RAM>
ST_12 : Operation 174 [2/2] (1.64ns)   --->   "%local_C_V_load_5 = load i9 %local_C_V_addr_903" [./dut.cpp:10373]   --->   Operation 174 'load' 'local_C_V_load_5' <Predicate = (!icmp_ln890_376 & select_ln10365_1)> <Delay = 1.64> <CoreInst = "RAM_2P_URAM">   --->   Core 95 'RAM_2P_URAM' <Latency = 1> <II = 1> <Delay = 1.64> <Storage> <Opcode : 'load' 'store'> <Ports = 2> <Width = 64> <Depth = 512> <RAM>

State 13 <SV = 7> <Delay = 1.64>
ST_13 : Operation 175 [1/1] (0.00ns)   --->   "%or_ln10373_5 = or i10 %tmp, i10 6" [./dut.cpp:10373]   --->   Operation 175 'or' 'or_ln10373_5' <Predicate = (!icmp_ln890_376)> <Delay = 0.00>
ST_13 : Operation 176 [1/1] (0.00ns)   --->   "%tmp_874 = bitconcatenate i64 @_ssdm_op_BitConcatenate.i64.i54.i10, i54 0, i10 %or_ln10373_5" [./dut.cpp:10373]   --->   Operation 176 'bitconcatenate' 'tmp_874' <Predicate = (!icmp_ln890_376)> <Delay = 0.00>
ST_13 : Operation 177 [1/1] (0.00ns)   --->   "%local_C_V_addr_904 = getelementptr i64 %local_C_V, i64 0, i64 %tmp_874" [./dut.cpp:10373]   --->   Operation 177 'getelementptr' 'local_C_V_addr_904' <Predicate = (!icmp_ln890_376)> <Delay = 0.00>
ST_13 : Operation 178 [1/1] (0.00ns)   --->   "%or_ln10373_6 = or i10 %tmp, i10 7" [./dut.cpp:10373]   --->   Operation 178 'or' 'or_ln10373_6' <Predicate = (!icmp_ln890_376)> <Delay = 0.00>
ST_13 : Operation 179 [1/1] (0.00ns)   --->   "%tmp_875 = bitconcatenate i64 @_ssdm_op_BitConcatenate.i64.i54.i10, i54 0, i10 %or_ln10373_6" [./dut.cpp:10373]   --->   Operation 179 'bitconcatenate' 'tmp_875' <Predicate = (!icmp_ln890_376)> <Delay = 0.00>
ST_13 : Operation 180 [1/1] (0.00ns)   --->   "%local_C_V_addr_905 = getelementptr i64 %local_C_V, i64 0, i64 %tmp_875" [./dut.cpp:10373]   --->   Operation 180 'getelementptr' 'local_C_V_addr_905' <Predicate = (!icmp_ln890_376)> <Delay = 0.00>
ST_13 : Operation 181 [1/1] (0.00ns)   --->   "%fifo_data_44_1 = phi i64 %local_C_V_load_1, void, i64 %fifo_C_drain_C_drain_IO_L1_out_0_11_x1120_read_1, void" [./dut.cpp:10373]   --->   Operation 181 'phi' 'fifo_data_44_1' <Predicate = (!icmp_ln890_376)> <Delay = 0.00>
ST_13 : Operation 182 [1/1] (1.21ns)   --->   "%write_ln174 = write void @_ssdm_op_Write.ap_fifo.volatile.i64P0A, i64 %fifo_C_drain_C_drain_IO_L1_out_0_10_x1119, i64 %fifo_data_44_1" [/home/rcslfpgaserver/Softwares/Xilinx/Vitis_HLS/2020.2/common/technology/autopilot/hls_stream_39.h:174]   --->   Operation 182 'write' 'write_ln174' <Predicate = (!icmp_ln890_376)> <Delay = 1.21> <CoreInst = "FIFO_SRL">   --->   Core 81 'FIFO_SRL' <Latency = 0> <II = 1> <Delay = 1.40> <Storage> <Opcode : 'read' 'write' 'nbread' 'nbwrite'> <Ports = 0> <Width = 64> <Depth = 2> <FIFO>
ST_13 : Operation 183 [1/1] (1.21ns)   --->   "%fifo_C_drain_C_drain_IO_L1_out_0_11_x1120_read_2 = read i64 @_ssdm_op_Read.ap_fifo.volatile.i64P0A, i64 %fifo_C_drain_C_drain_IO_L1_out_0_11_x1120" [/home/rcslfpgaserver/Softwares/Xilinx/Vitis_HLS/2020.2/common/technology/autopilot/hls_stream_39.h:145]   --->   Operation 183 'read' 'fifo_C_drain_C_drain_IO_L1_out_0_11_x1120_read_2' <Predicate = (!icmp_ln890_376 & !select_ln10365_1)> <Delay = 1.21> <CoreInst = "FIFO_SRL">   --->   Core 81 'FIFO_SRL' <Latency = 0> <II = 1> <Delay = 1.40> <Storage> <Opcode : 'read' 'write' 'nbread' 'nbwrite'> <Ports = 0> <Width = 64> <Depth = 2> <FIFO>
ST_13 : Operation 184 [1/1] (0.38ns)   --->   "%br_ln0 = br void %.split.3"   --->   Operation 184 'br' 'br_ln0' <Predicate = (!icmp_ln890_376 & !select_ln10365_1)> <Delay = 0.38>
ST_13 : Operation 185 [1/2] (1.64ns)   --->   "%local_C_V_load_4 = load i9 %local_C_V_addr_902" [./dut.cpp:10373]   --->   Operation 185 'load' 'local_C_V_load_4' <Predicate = (!icmp_ln890_376 & select_ln10365_1)> <Delay = 1.64> <CoreInst = "RAM_2P_URAM">   --->   Core 95 'RAM_2P_URAM' <Latency = 1> <II = 1> <Delay = 1.64> <Storage> <Opcode : 'load' 'store'> <Ports = 2> <Width = 64> <Depth = 512> <RAM>
ST_13 : Operation 186 [1/1] (0.38ns)   --->   "%br_ln10374 = br void %.split.5" [./dut.cpp:10374]   --->   Operation 186 'br' 'br_ln10374' <Predicate = (!icmp_ln890_376 & select_ln10365_1)> <Delay = 0.38>
ST_13 : Operation 187 [1/2] (1.64ns)   --->   "%local_C_V_load_5 = load i9 %local_C_V_addr_903" [./dut.cpp:10373]   --->   Operation 187 'load' 'local_C_V_load_5' <Predicate = (!icmp_ln890_376 & select_ln10365_1)> <Delay = 1.64> <CoreInst = "RAM_2P_URAM">   --->   Core 95 'RAM_2P_URAM' <Latency = 1> <II = 1> <Delay = 1.64> <Storage> <Opcode : 'load' 'store'> <Ports = 2> <Width = 64> <Depth = 512> <RAM>
ST_13 : Operation 188 [1/1] (0.38ns)   --->   "%br_ln10374 = br void %.split.6" [./dut.cpp:10374]   --->   Operation 188 'br' 'br_ln10374' <Predicate = (!icmp_ln890_376 & select_ln10365_1)> <Delay = 0.38>
ST_13 : Operation 189 [2/2] (1.64ns)   --->   "%local_C_V_load_6 = load i9 %local_C_V_addr_904" [./dut.cpp:10373]   --->   Operation 189 'load' 'local_C_V_load_6' <Predicate = (!icmp_ln890_376 & select_ln10365_1)> <Delay = 1.64> <CoreInst = "RAM_2P_URAM">   --->   Core 95 'RAM_2P_URAM' <Latency = 1> <II = 1> <Delay = 1.64> <Storage> <Opcode : 'load' 'store'> <Ports = 2> <Width = 64> <Depth = 512> <RAM>
ST_13 : Operation 190 [2/2] (1.64ns)   --->   "%local_C_V_load_7 = load i9 %local_C_V_addr_905" [./dut.cpp:10373]   --->   Operation 190 'load' 'local_C_V_load_7' <Predicate = (!icmp_ln890_376 & select_ln10365_1)> <Delay = 1.64> <CoreInst = "RAM_2P_URAM">   --->   Core 95 'RAM_2P_URAM' <Latency = 1> <II = 1> <Delay = 1.64> <Storage> <Opcode : 'load' 'store'> <Ports = 2> <Width = 64> <Depth = 512> <RAM>

State 14 <SV = 8> <Delay = 1.64>
ST_14 : Operation 191 [1/1] (0.00ns)   --->   "%or_ln10373_7 = or i10 %tmp, i10 8" [./dut.cpp:10373]   --->   Operation 191 'or' 'or_ln10373_7' <Predicate = (!icmp_ln890_376)> <Delay = 0.00>
ST_14 : Operation 192 [1/1] (0.00ns)   --->   "%tmp_876 = bitconcatenate i64 @_ssdm_op_BitConcatenate.i64.i54.i10, i54 0, i10 %or_ln10373_7" [./dut.cpp:10373]   --->   Operation 192 'bitconcatenate' 'tmp_876' <Predicate = (!icmp_ln890_376)> <Delay = 0.00>
ST_14 : Operation 193 [1/1] (0.00ns)   --->   "%local_C_V_addr_906 = getelementptr i64 %local_C_V, i64 0, i64 %tmp_876" [./dut.cpp:10373]   --->   Operation 193 'getelementptr' 'local_C_V_addr_906' <Predicate = (!icmp_ln890_376)> <Delay = 0.00>
ST_14 : Operation 194 [1/1] (0.00ns)   --->   "%or_ln10373_8 = or i10 %tmp, i10 9" [./dut.cpp:10373]   --->   Operation 194 'or' 'or_ln10373_8' <Predicate = (!icmp_ln890_376)> <Delay = 0.00>
ST_14 : Operation 195 [1/1] (0.00ns)   --->   "%tmp_877 = bitconcatenate i64 @_ssdm_op_BitConcatenate.i64.i54.i10, i54 0, i10 %or_ln10373_8" [./dut.cpp:10373]   --->   Operation 195 'bitconcatenate' 'tmp_877' <Predicate = (!icmp_ln890_376)> <Delay = 0.00>
ST_14 : Operation 196 [1/1] (0.00ns)   --->   "%local_C_V_addr_907 = getelementptr i64 %local_C_V, i64 0, i64 %tmp_877" [./dut.cpp:10373]   --->   Operation 196 'getelementptr' 'local_C_V_addr_907' <Predicate = (!icmp_ln890_376)> <Delay = 0.00>
ST_14 : Operation 197 [1/1] (0.00ns)   --->   "%fifo_data_44_2 = phi i64 %local_C_V_load_2, void, i64 %fifo_C_drain_C_drain_IO_L1_out_0_11_x1120_read_2, void" [./dut.cpp:10373]   --->   Operation 197 'phi' 'fifo_data_44_2' <Predicate = (!icmp_ln890_376)> <Delay = 0.00>
ST_14 : Operation 198 [1/1] (1.21ns)   --->   "%write_ln174 = write void @_ssdm_op_Write.ap_fifo.volatile.i64P0A, i64 %fifo_C_drain_C_drain_IO_L1_out_0_10_x1119, i64 %fifo_data_44_2" [/home/rcslfpgaserver/Softwares/Xilinx/Vitis_HLS/2020.2/common/technology/autopilot/hls_stream_39.h:174]   --->   Operation 198 'write' 'write_ln174' <Predicate = (!icmp_ln890_376)> <Delay = 1.21> <CoreInst = "FIFO_SRL">   --->   Core 81 'FIFO_SRL' <Latency = 0> <II = 1> <Delay = 1.40> <Storage> <Opcode : 'read' 'write' 'nbread' 'nbwrite'> <Ports = 0> <Width = 64> <Depth = 2> <FIFO>
ST_14 : Operation 199 [1/1] (1.21ns)   --->   "%fifo_C_drain_C_drain_IO_L1_out_0_11_x1120_read_3 = read i64 @_ssdm_op_Read.ap_fifo.volatile.i64P0A, i64 %fifo_C_drain_C_drain_IO_L1_out_0_11_x1120" [/home/rcslfpgaserver/Softwares/Xilinx/Vitis_HLS/2020.2/common/technology/autopilot/hls_stream_39.h:145]   --->   Operation 199 'read' 'fifo_C_drain_C_drain_IO_L1_out_0_11_x1120_read_3' <Predicate = (!icmp_ln890_376 & !select_ln10365_1)> <Delay = 1.21> <CoreInst = "FIFO_SRL">   --->   Core 81 'FIFO_SRL' <Latency = 0> <II = 1> <Delay = 1.40> <Storage> <Opcode : 'read' 'write' 'nbread' 'nbwrite'> <Ports = 0> <Width = 64> <Depth = 2> <FIFO>
ST_14 : Operation 200 [1/1] (0.38ns)   --->   "%br_ln0 = br void %.split.4"   --->   Operation 200 'br' 'br_ln0' <Predicate = (!icmp_ln890_376 & !select_ln10365_1)> <Delay = 0.38>
ST_14 : Operation 201 [1/2] (1.64ns)   --->   "%local_C_V_load_6 = load i9 %local_C_V_addr_904" [./dut.cpp:10373]   --->   Operation 201 'load' 'local_C_V_load_6' <Predicate = (!icmp_ln890_376 & select_ln10365_1)> <Delay = 1.64> <CoreInst = "RAM_2P_URAM">   --->   Core 95 'RAM_2P_URAM' <Latency = 1> <II = 1> <Delay = 1.64> <Storage> <Opcode : 'load' 'store'> <Ports = 2> <Width = 64> <Depth = 512> <RAM>
ST_14 : Operation 202 [1/1] (0.38ns)   --->   "%br_ln10374 = br void %.split.7" [./dut.cpp:10374]   --->   Operation 202 'br' 'br_ln10374' <Predicate = (!icmp_ln890_376 & select_ln10365_1)> <Delay = 0.38>
ST_14 : Operation 203 [1/2] (1.64ns)   --->   "%local_C_V_load_7 = load i9 %local_C_V_addr_905" [./dut.cpp:10373]   --->   Operation 203 'load' 'local_C_V_load_7' <Predicate = (!icmp_ln890_376 & select_ln10365_1)> <Delay = 1.64> <CoreInst = "RAM_2P_URAM">   --->   Core 95 'RAM_2P_URAM' <Latency = 1> <II = 1> <Delay = 1.64> <Storage> <Opcode : 'load' 'store'> <Ports = 2> <Width = 64> <Depth = 512> <RAM>
ST_14 : Operation 204 [1/1] (0.38ns)   --->   "%br_ln10374 = br void %.split.8" [./dut.cpp:10374]   --->   Operation 204 'br' 'br_ln10374' <Predicate = (!icmp_ln890_376 & select_ln10365_1)> <Delay = 0.38>
ST_14 : Operation 205 [2/2] (1.64ns)   --->   "%local_C_V_load_8 = load i9 %local_C_V_addr_906" [./dut.cpp:10373]   --->   Operation 205 'load' 'local_C_V_load_8' <Predicate = (!icmp_ln890_376 & select_ln10365_1)> <Delay = 1.64> <CoreInst = "RAM_2P_URAM">   --->   Core 95 'RAM_2P_URAM' <Latency = 1> <II = 1> <Delay = 1.64> <Storage> <Opcode : 'load' 'store'> <Ports = 2> <Width = 64> <Depth = 512> <RAM>
ST_14 : Operation 206 [2/2] (1.64ns)   --->   "%local_C_V_load_9 = load i9 %local_C_V_addr_907" [./dut.cpp:10373]   --->   Operation 206 'load' 'local_C_V_load_9' <Predicate = (!icmp_ln890_376 & select_ln10365_1)> <Delay = 1.64> <CoreInst = "RAM_2P_URAM">   --->   Core 95 'RAM_2P_URAM' <Latency = 1> <II = 1> <Delay = 1.64> <Storage> <Opcode : 'load' 'store'> <Ports = 2> <Width = 64> <Depth = 512> <RAM>

State 15 <SV = 9> <Delay = 1.64>
ST_15 : Operation 207 [1/1] (0.00ns)   --->   "%or_ln10373_9 = or i10 %tmp, i10 10" [./dut.cpp:10373]   --->   Operation 207 'or' 'or_ln10373_9' <Predicate = (!icmp_ln890_376)> <Delay = 0.00>
ST_15 : Operation 208 [1/1] (0.00ns)   --->   "%tmp_878 = bitconcatenate i64 @_ssdm_op_BitConcatenate.i64.i54.i10, i54 0, i10 %or_ln10373_9" [./dut.cpp:10373]   --->   Operation 208 'bitconcatenate' 'tmp_878' <Predicate = (!icmp_ln890_376)> <Delay = 0.00>
ST_15 : Operation 209 [1/1] (0.00ns)   --->   "%local_C_V_addr_908 = getelementptr i64 %local_C_V, i64 0, i64 %tmp_878" [./dut.cpp:10373]   --->   Operation 209 'getelementptr' 'local_C_V_addr_908' <Predicate = (!icmp_ln890_376)> <Delay = 0.00>
ST_15 : Operation 210 [1/1] (0.00ns)   --->   "%or_ln10373_10 = or i10 %tmp, i10 11" [./dut.cpp:10373]   --->   Operation 210 'or' 'or_ln10373_10' <Predicate = (!icmp_ln890_376)> <Delay = 0.00>
ST_15 : Operation 211 [1/1] (0.00ns)   --->   "%tmp_879 = bitconcatenate i64 @_ssdm_op_BitConcatenate.i64.i54.i10, i54 0, i10 %or_ln10373_10" [./dut.cpp:10373]   --->   Operation 211 'bitconcatenate' 'tmp_879' <Predicate = (!icmp_ln890_376)> <Delay = 0.00>
ST_15 : Operation 212 [1/1] (0.00ns)   --->   "%local_C_V_addr_909 = getelementptr i64 %local_C_V, i64 0, i64 %tmp_879" [./dut.cpp:10373]   --->   Operation 212 'getelementptr' 'local_C_V_addr_909' <Predicate = (!icmp_ln890_376)> <Delay = 0.00>
ST_15 : Operation 213 [1/1] (0.00ns)   --->   "%fifo_data_44_3 = phi i64 %local_C_V_load_3, void, i64 %fifo_C_drain_C_drain_IO_L1_out_0_11_x1120_read_3, void" [./dut.cpp:10373]   --->   Operation 213 'phi' 'fifo_data_44_3' <Predicate = (!icmp_ln890_376)> <Delay = 0.00>
ST_15 : Operation 214 [1/1] (1.21ns)   --->   "%write_ln174 = write void @_ssdm_op_Write.ap_fifo.volatile.i64P0A, i64 %fifo_C_drain_C_drain_IO_L1_out_0_10_x1119, i64 %fifo_data_44_3" [/home/rcslfpgaserver/Softwares/Xilinx/Vitis_HLS/2020.2/common/technology/autopilot/hls_stream_39.h:174]   --->   Operation 214 'write' 'write_ln174' <Predicate = (!icmp_ln890_376)> <Delay = 1.21> <CoreInst = "FIFO_SRL">   --->   Core 81 'FIFO_SRL' <Latency = 0> <II = 1> <Delay = 1.40> <Storage> <Opcode : 'read' 'write' 'nbread' 'nbwrite'> <Ports = 0> <Width = 64> <Depth = 2> <FIFO>
ST_15 : Operation 215 [1/1] (1.21ns)   --->   "%fifo_C_drain_C_drain_IO_L1_out_0_11_x1120_read_4 = read i64 @_ssdm_op_Read.ap_fifo.volatile.i64P0A, i64 %fifo_C_drain_C_drain_IO_L1_out_0_11_x1120" [/home/rcslfpgaserver/Softwares/Xilinx/Vitis_HLS/2020.2/common/technology/autopilot/hls_stream_39.h:145]   --->   Operation 215 'read' 'fifo_C_drain_C_drain_IO_L1_out_0_11_x1120_read_4' <Predicate = (!icmp_ln890_376 & !select_ln10365_1)> <Delay = 1.21> <CoreInst = "FIFO_SRL">   --->   Core 81 'FIFO_SRL' <Latency = 0> <II = 1> <Delay = 1.40> <Storage> <Opcode : 'read' 'write' 'nbread' 'nbwrite'> <Ports = 0> <Width = 64> <Depth = 2> <FIFO>
ST_15 : Operation 216 [1/1] (0.38ns)   --->   "%br_ln0 = br void %.split.5"   --->   Operation 216 'br' 'br_ln0' <Predicate = (!icmp_ln890_376 & !select_ln10365_1)> <Delay = 0.38>
ST_15 : Operation 217 [1/2] (1.64ns)   --->   "%local_C_V_load_8 = load i9 %local_C_V_addr_906" [./dut.cpp:10373]   --->   Operation 217 'load' 'local_C_V_load_8' <Predicate = (!icmp_ln890_376 & select_ln10365_1)> <Delay = 1.64> <CoreInst = "RAM_2P_URAM">   --->   Core 95 'RAM_2P_URAM' <Latency = 1> <II = 1> <Delay = 1.64> <Storage> <Opcode : 'load' 'store'> <Ports = 2> <Width = 64> <Depth = 512> <RAM>
ST_15 : Operation 218 [1/1] (0.38ns)   --->   "%br_ln10374 = br void %.split.9" [./dut.cpp:10374]   --->   Operation 218 'br' 'br_ln10374' <Predicate = (!icmp_ln890_376 & select_ln10365_1)> <Delay = 0.38>
ST_15 : Operation 219 [1/2] (1.64ns)   --->   "%local_C_V_load_9 = load i9 %local_C_V_addr_907" [./dut.cpp:10373]   --->   Operation 219 'load' 'local_C_V_load_9' <Predicate = (!icmp_ln890_376 & select_ln10365_1)> <Delay = 1.64> <CoreInst = "RAM_2P_URAM">   --->   Core 95 'RAM_2P_URAM' <Latency = 1> <II = 1> <Delay = 1.64> <Storage> <Opcode : 'load' 'store'> <Ports = 2> <Width = 64> <Depth = 512> <RAM>
ST_15 : Operation 220 [1/1] (0.38ns)   --->   "%br_ln10374 = br void %.split.10" [./dut.cpp:10374]   --->   Operation 220 'br' 'br_ln10374' <Predicate = (!icmp_ln890_376 & select_ln10365_1)> <Delay = 0.38>
ST_15 : Operation 221 [2/2] (1.64ns)   --->   "%local_C_V_load_10 = load i9 %local_C_V_addr_908" [./dut.cpp:10373]   --->   Operation 221 'load' 'local_C_V_load_10' <Predicate = (!icmp_ln890_376 & select_ln10365_1)> <Delay = 1.64> <CoreInst = "RAM_2P_URAM">   --->   Core 95 'RAM_2P_URAM' <Latency = 1> <II = 1> <Delay = 1.64> <Storage> <Opcode : 'load' 'store'> <Ports = 2> <Width = 64> <Depth = 512> <RAM>
ST_15 : Operation 222 [2/2] (1.64ns)   --->   "%local_C_V_load_11 = load i9 %local_C_V_addr_909" [./dut.cpp:10373]   --->   Operation 222 'load' 'local_C_V_load_11' <Predicate = (!icmp_ln890_376 & select_ln10365_1)> <Delay = 1.64> <CoreInst = "RAM_2P_URAM">   --->   Core 95 'RAM_2P_URAM' <Latency = 1> <II = 1> <Delay = 1.64> <Storage> <Opcode : 'load' 'store'> <Ports = 2> <Width = 64> <Depth = 512> <RAM>

State 16 <SV = 10> <Delay = 1.64>
ST_16 : Operation 223 [1/1] (0.00ns)   --->   "%or_ln10373_11 = or i10 %tmp, i10 12" [./dut.cpp:10373]   --->   Operation 223 'or' 'or_ln10373_11' <Predicate = (!icmp_ln890_376)> <Delay = 0.00>
ST_16 : Operation 224 [1/1] (0.00ns)   --->   "%tmp_880 = bitconcatenate i64 @_ssdm_op_BitConcatenate.i64.i54.i10, i54 0, i10 %or_ln10373_11" [./dut.cpp:10373]   --->   Operation 224 'bitconcatenate' 'tmp_880' <Predicate = (!icmp_ln890_376)> <Delay = 0.00>
ST_16 : Operation 225 [1/1] (0.00ns)   --->   "%local_C_V_addr_910 = getelementptr i64 %local_C_V, i64 0, i64 %tmp_880" [./dut.cpp:10373]   --->   Operation 225 'getelementptr' 'local_C_V_addr_910' <Predicate = (!icmp_ln890_376)> <Delay = 0.00>
ST_16 : Operation 226 [1/1] (0.00ns)   --->   "%or_ln10373_12 = or i10 %tmp, i10 13" [./dut.cpp:10373]   --->   Operation 226 'or' 'or_ln10373_12' <Predicate = (!icmp_ln890_376)> <Delay = 0.00>
ST_16 : Operation 227 [1/1] (0.00ns)   --->   "%tmp_881 = bitconcatenate i64 @_ssdm_op_BitConcatenate.i64.i54.i10, i54 0, i10 %or_ln10373_12" [./dut.cpp:10373]   --->   Operation 227 'bitconcatenate' 'tmp_881' <Predicate = (!icmp_ln890_376)> <Delay = 0.00>
ST_16 : Operation 228 [1/1] (0.00ns)   --->   "%local_C_V_addr_911 = getelementptr i64 %local_C_V, i64 0, i64 %tmp_881" [./dut.cpp:10373]   --->   Operation 228 'getelementptr' 'local_C_V_addr_911' <Predicate = (!icmp_ln890_376)> <Delay = 0.00>
ST_16 : Operation 229 [1/1] (0.00ns)   --->   "%fifo_data_44_4 = phi i64 %local_C_V_load_4, void, i64 %fifo_C_drain_C_drain_IO_L1_out_0_11_x1120_read_4, void" [./dut.cpp:10373]   --->   Operation 229 'phi' 'fifo_data_44_4' <Predicate = (!icmp_ln890_376)> <Delay = 0.00>
ST_16 : Operation 230 [1/1] (1.21ns)   --->   "%write_ln174 = write void @_ssdm_op_Write.ap_fifo.volatile.i64P0A, i64 %fifo_C_drain_C_drain_IO_L1_out_0_10_x1119, i64 %fifo_data_44_4" [/home/rcslfpgaserver/Softwares/Xilinx/Vitis_HLS/2020.2/common/technology/autopilot/hls_stream_39.h:174]   --->   Operation 230 'write' 'write_ln174' <Predicate = (!icmp_ln890_376)> <Delay = 1.21> <CoreInst = "FIFO_SRL">   --->   Core 81 'FIFO_SRL' <Latency = 0> <II = 1> <Delay = 1.40> <Storage> <Opcode : 'read' 'write' 'nbread' 'nbwrite'> <Ports = 0> <Width = 64> <Depth = 2> <FIFO>
ST_16 : Operation 231 [1/1] (1.21ns)   --->   "%fifo_C_drain_C_drain_IO_L1_out_0_11_x1120_read_5 = read i64 @_ssdm_op_Read.ap_fifo.volatile.i64P0A, i64 %fifo_C_drain_C_drain_IO_L1_out_0_11_x1120" [/home/rcslfpgaserver/Softwares/Xilinx/Vitis_HLS/2020.2/common/technology/autopilot/hls_stream_39.h:145]   --->   Operation 231 'read' 'fifo_C_drain_C_drain_IO_L1_out_0_11_x1120_read_5' <Predicate = (!icmp_ln890_376 & !select_ln10365_1)> <Delay = 1.21> <CoreInst = "FIFO_SRL">   --->   Core 81 'FIFO_SRL' <Latency = 0> <II = 1> <Delay = 1.40> <Storage> <Opcode : 'read' 'write' 'nbread' 'nbwrite'> <Ports = 0> <Width = 64> <Depth = 2> <FIFO>
ST_16 : Operation 232 [1/1] (0.38ns)   --->   "%br_ln0 = br void %.split.6"   --->   Operation 232 'br' 'br_ln0' <Predicate = (!icmp_ln890_376 & !select_ln10365_1)> <Delay = 0.38>
ST_16 : Operation 233 [1/2] (1.64ns)   --->   "%local_C_V_load_10 = load i9 %local_C_V_addr_908" [./dut.cpp:10373]   --->   Operation 233 'load' 'local_C_V_load_10' <Predicate = (!icmp_ln890_376 & select_ln10365_1)> <Delay = 1.64> <CoreInst = "RAM_2P_URAM">   --->   Core 95 'RAM_2P_URAM' <Latency = 1> <II = 1> <Delay = 1.64> <Storage> <Opcode : 'load' 'store'> <Ports = 2> <Width = 64> <Depth = 512> <RAM>
ST_16 : Operation 234 [1/1] (0.38ns)   --->   "%br_ln10374 = br void %.split.11" [./dut.cpp:10374]   --->   Operation 234 'br' 'br_ln10374' <Predicate = (!icmp_ln890_376 & select_ln10365_1)> <Delay = 0.38>
ST_16 : Operation 235 [1/2] (1.64ns)   --->   "%local_C_V_load_11 = load i9 %local_C_V_addr_909" [./dut.cpp:10373]   --->   Operation 235 'load' 'local_C_V_load_11' <Predicate = (!icmp_ln890_376 & select_ln10365_1)> <Delay = 1.64> <CoreInst = "RAM_2P_URAM">   --->   Core 95 'RAM_2P_URAM' <Latency = 1> <II = 1> <Delay = 1.64> <Storage> <Opcode : 'load' 'store'> <Ports = 2> <Width = 64> <Depth = 512> <RAM>
ST_16 : Operation 236 [1/1] (0.38ns)   --->   "%br_ln10374 = br void %.split.12" [./dut.cpp:10374]   --->   Operation 236 'br' 'br_ln10374' <Predicate = (!icmp_ln890_376 & select_ln10365_1)> <Delay = 0.38>
ST_16 : Operation 237 [2/2] (1.64ns)   --->   "%local_C_V_load_12 = load i9 %local_C_V_addr_910" [./dut.cpp:10373]   --->   Operation 237 'load' 'local_C_V_load_12' <Predicate = (!icmp_ln890_376 & select_ln10365_1)> <Delay = 1.64> <CoreInst = "RAM_2P_URAM">   --->   Core 95 'RAM_2P_URAM' <Latency = 1> <II = 1> <Delay = 1.64> <Storage> <Opcode : 'load' 'store'> <Ports = 2> <Width = 64> <Depth = 512> <RAM>
ST_16 : Operation 238 [2/2] (1.64ns)   --->   "%local_C_V_load_13 = load i9 %local_C_V_addr_911" [./dut.cpp:10373]   --->   Operation 238 'load' 'local_C_V_load_13' <Predicate = (!icmp_ln890_376 & select_ln10365_1)> <Delay = 1.64> <CoreInst = "RAM_2P_URAM">   --->   Core 95 'RAM_2P_URAM' <Latency = 1> <II = 1> <Delay = 1.64> <Storage> <Opcode : 'load' 'store'> <Ports = 2> <Width = 64> <Depth = 512> <RAM>

State 17 <SV = 11> <Delay = 1.64>
ST_17 : Operation 239 [1/1] (0.00ns)   --->   "%or_ln10373_13 = or i10 %tmp, i10 14" [./dut.cpp:10373]   --->   Operation 239 'or' 'or_ln10373_13' <Predicate = (!icmp_ln890_376)> <Delay = 0.00>
ST_17 : Operation 240 [1/1] (0.00ns)   --->   "%tmp_882 = bitconcatenate i64 @_ssdm_op_BitConcatenate.i64.i54.i10, i54 0, i10 %or_ln10373_13" [./dut.cpp:10373]   --->   Operation 240 'bitconcatenate' 'tmp_882' <Predicate = (!icmp_ln890_376)> <Delay = 0.00>
ST_17 : Operation 241 [1/1] (0.00ns)   --->   "%local_C_V_addr_912 = getelementptr i64 %local_C_V, i64 0, i64 %tmp_882" [./dut.cpp:10373]   --->   Operation 241 'getelementptr' 'local_C_V_addr_912' <Predicate = (!icmp_ln890_376)> <Delay = 0.00>
ST_17 : Operation 242 [1/1] (0.00ns)   --->   "%or_ln10373_14 = or i10 %tmp, i10 15" [./dut.cpp:10373]   --->   Operation 242 'or' 'or_ln10373_14' <Predicate = (!icmp_ln890_376)> <Delay = 0.00>
ST_17 : Operation 243 [1/1] (0.00ns)   --->   "%tmp_883 = bitconcatenate i64 @_ssdm_op_BitConcatenate.i64.i54.i10, i54 0, i10 %or_ln10373_14" [./dut.cpp:10373]   --->   Operation 243 'bitconcatenate' 'tmp_883' <Predicate = (!icmp_ln890_376)> <Delay = 0.00>
ST_17 : Operation 244 [1/1] (0.00ns)   --->   "%local_C_V_addr_913 = getelementptr i64 %local_C_V, i64 0, i64 %tmp_883" [./dut.cpp:10373]   --->   Operation 244 'getelementptr' 'local_C_V_addr_913' <Predicate = (!icmp_ln890_376)> <Delay = 0.00>
ST_17 : Operation 245 [1/1] (0.00ns)   --->   "%fifo_data_44_5 = phi i64 %local_C_V_load_5, void, i64 %fifo_C_drain_C_drain_IO_L1_out_0_11_x1120_read_5, void" [./dut.cpp:10373]   --->   Operation 245 'phi' 'fifo_data_44_5' <Predicate = (!icmp_ln890_376)> <Delay = 0.00>
ST_17 : Operation 246 [1/1] (1.21ns)   --->   "%write_ln174 = write void @_ssdm_op_Write.ap_fifo.volatile.i64P0A, i64 %fifo_C_drain_C_drain_IO_L1_out_0_10_x1119, i64 %fifo_data_44_5" [/home/rcslfpgaserver/Softwares/Xilinx/Vitis_HLS/2020.2/common/technology/autopilot/hls_stream_39.h:174]   --->   Operation 246 'write' 'write_ln174' <Predicate = (!icmp_ln890_376)> <Delay = 1.21> <CoreInst = "FIFO_SRL">   --->   Core 81 'FIFO_SRL' <Latency = 0> <II = 1> <Delay = 1.40> <Storage> <Opcode : 'read' 'write' 'nbread' 'nbwrite'> <Ports = 0> <Width = 64> <Depth = 2> <FIFO>
ST_17 : Operation 247 [1/1] (1.21ns)   --->   "%fifo_C_drain_C_drain_IO_L1_out_0_11_x1120_read_6 = read i64 @_ssdm_op_Read.ap_fifo.volatile.i64P0A, i64 %fifo_C_drain_C_drain_IO_L1_out_0_11_x1120" [/home/rcslfpgaserver/Softwares/Xilinx/Vitis_HLS/2020.2/common/technology/autopilot/hls_stream_39.h:145]   --->   Operation 247 'read' 'fifo_C_drain_C_drain_IO_L1_out_0_11_x1120_read_6' <Predicate = (!icmp_ln890_376 & !select_ln10365_1)> <Delay = 1.21> <CoreInst = "FIFO_SRL">   --->   Core 81 'FIFO_SRL' <Latency = 0> <II = 1> <Delay = 1.40> <Storage> <Opcode : 'read' 'write' 'nbread' 'nbwrite'> <Ports = 0> <Width = 64> <Depth = 2> <FIFO>
ST_17 : Operation 248 [1/1] (0.38ns)   --->   "%br_ln0 = br void %.split.7"   --->   Operation 248 'br' 'br_ln0' <Predicate = (!icmp_ln890_376 & !select_ln10365_1)> <Delay = 0.38>
ST_17 : Operation 249 [1/2] (1.64ns)   --->   "%local_C_V_load_12 = load i9 %local_C_V_addr_910" [./dut.cpp:10373]   --->   Operation 249 'load' 'local_C_V_load_12' <Predicate = (!icmp_ln890_376 & select_ln10365_1)> <Delay = 1.64> <CoreInst = "RAM_2P_URAM">   --->   Core 95 'RAM_2P_URAM' <Latency = 1> <II = 1> <Delay = 1.64> <Storage> <Opcode : 'load' 'store'> <Ports = 2> <Width = 64> <Depth = 512> <RAM>
ST_17 : Operation 250 [1/1] (0.38ns)   --->   "%br_ln10374 = br void %.split.13" [./dut.cpp:10374]   --->   Operation 250 'br' 'br_ln10374' <Predicate = (!icmp_ln890_376 & select_ln10365_1)> <Delay = 0.38>
ST_17 : Operation 251 [1/2] (1.64ns)   --->   "%local_C_V_load_13 = load i9 %local_C_V_addr_911" [./dut.cpp:10373]   --->   Operation 251 'load' 'local_C_V_load_13' <Predicate = (!icmp_ln890_376 & select_ln10365_1)> <Delay = 1.64> <CoreInst = "RAM_2P_URAM">   --->   Core 95 'RAM_2P_URAM' <Latency = 1> <II = 1> <Delay = 1.64> <Storage> <Opcode : 'load' 'store'> <Ports = 2> <Width = 64> <Depth = 512> <RAM>
ST_17 : Operation 252 [1/1] (0.38ns)   --->   "%br_ln10374 = br void %.split.14" [./dut.cpp:10374]   --->   Operation 252 'br' 'br_ln10374' <Predicate = (!icmp_ln890_376 & select_ln10365_1)> <Delay = 0.38>
ST_17 : Operation 253 [2/2] (1.64ns)   --->   "%local_C_V_load_14 = load i9 %local_C_V_addr_912" [./dut.cpp:10373]   --->   Operation 253 'load' 'local_C_V_load_14' <Predicate = (!icmp_ln890_376 & select_ln10365_1)> <Delay = 1.64> <CoreInst = "RAM_2P_URAM">   --->   Core 95 'RAM_2P_URAM' <Latency = 1> <II = 1> <Delay = 1.64> <Storage> <Opcode : 'load' 'store'> <Ports = 2> <Width = 64> <Depth = 512> <RAM>
ST_17 : Operation 254 [2/2] (1.64ns)   --->   "%local_C_V_load_15 = load i9 %local_C_V_addr_913" [./dut.cpp:10373]   --->   Operation 254 'load' 'local_C_V_load_15' <Predicate = (!icmp_ln890_376 & select_ln10365_1)> <Delay = 1.64> <CoreInst = "RAM_2P_URAM">   --->   Core 95 'RAM_2P_URAM' <Latency = 1> <II = 1> <Delay = 1.64> <Storage> <Opcode : 'load' 'store'> <Ports = 2> <Width = 64> <Depth = 512> <RAM>

State 18 <SV = 12> <Delay = 1.64>
ST_18 : Operation 255 [1/1] (0.00ns)   --->   "%or_ln10373_15 = or i10 %tmp, i10 16" [./dut.cpp:10373]   --->   Operation 255 'or' 'or_ln10373_15' <Predicate = (!icmp_ln890_376)> <Delay = 0.00>
ST_18 : Operation 256 [1/1] (0.00ns)   --->   "%tmp_884 = bitconcatenate i64 @_ssdm_op_BitConcatenate.i64.i54.i10, i54 0, i10 %or_ln10373_15" [./dut.cpp:10373]   --->   Operation 256 'bitconcatenate' 'tmp_884' <Predicate = (!icmp_ln890_376)> <Delay = 0.00>
ST_18 : Operation 257 [1/1] (0.00ns)   --->   "%local_C_V_addr_914 = getelementptr i64 %local_C_V, i64 0, i64 %tmp_884" [./dut.cpp:10373]   --->   Operation 257 'getelementptr' 'local_C_V_addr_914' <Predicate = (!icmp_ln890_376)> <Delay = 0.00>
ST_18 : Operation 258 [1/1] (0.00ns)   --->   "%or_ln10373_16 = or i10 %tmp, i10 17" [./dut.cpp:10373]   --->   Operation 258 'or' 'or_ln10373_16' <Predicate = (!icmp_ln890_376)> <Delay = 0.00>
ST_18 : Operation 259 [1/1] (0.00ns)   --->   "%tmp_885 = bitconcatenate i64 @_ssdm_op_BitConcatenate.i64.i54.i10, i54 0, i10 %or_ln10373_16" [./dut.cpp:10373]   --->   Operation 259 'bitconcatenate' 'tmp_885' <Predicate = (!icmp_ln890_376)> <Delay = 0.00>
ST_18 : Operation 260 [1/1] (0.00ns)   --->   "%local_C_V_addr_915 = getelementptr i64 %local_C_V, i64 0, i64 %tmp_885" [./dut.cpp:10373]   --->   Operation 260 'getelementptr' 'local_C_V_addr_915' <Predicate = (!icmp_ln890_376)> <Delay = 0.00>
ST_18 : Operation 261 [1/1] (0.00ns)   --->   "%fifo_data_44_6 = phi i64 %local_C_V_load_6, void, i64 %fifo_C_drain_C_drain_IO_L1_out_0_11_x1120_read_6, void" [./dut.cpp:10373]   --->   Operation 261 'phi' 'fifo_data_44_6' <Predicate = (!icmp_ln890_376)> <Delay = 0.00>
ST_18 : Operation 262 [1/1] (1.21ns)   --->   "%write_ln174 = write void @_ssdm_op_Write.ap_fifo.volatile.i64P0A, i64 %fifo_C_drain_C_drain_IO_L1_out_0_10_x1119, i64 %fifo_data_44_6" [/home/rcslfpgaserver/Softwares/Xilinx/Vitis_HLS/2020.2/common/technology/autopilot/hls_stream_39.h:174]   --->   Operation 262 'write' 'write_ln174' <Predicate = (!icmp_ln890_376)> <Delay = 1.21> <CoreInst = "FIFO_SRL">   --->   Core 81 'FIFO_SRL' <Latency = 0> <II = 1> <Delay = 1.40> <Storage> <Opcode : 'read' 'write' 'nbread' 'nbwrite'> <Ports = 0> <Width = 64> <Depth = 2> <FIFO>
ST_18 : Operation 263 [1/1] (1.21ns)   --->   "%fifo_C_drain_C_drain_IO_L1_out_0_11_x1120_read_7 = read i64 @_ssdm_op_Read.ap_fifo.volatile.i64P0A, i64 %fifo_C_drain_C_drain_IO_L1_out_0_11_x1120" [/home/rcslfpgaserver/Softwares/Xilinx/Vitis_HLS/2020.2/common/technology/autopilot/hls_stream_39.h:145]   --->   Operation 263 'read' 'fifo_C_drain_C_drain_IO_L1_out_0_11_x1120_read_7' <Predicate = (!icmp_ln890_376 & !select_ln10365_1)> <Delay = 1.21> <CoreInst = "FIFO_SRL">   --->   Core 81 'FIFO_SRL' <Latency = 0> <II = 1> <Delay = 1.40> <Storage> <Opcode : 'read' 'write' 'nbread' 'nbwrite'> <Ports = 0> <Width = 64> <Depth = 2> <FIFO>
ST_18 : Operation 264 [1/1] (0.38ns)   --->   "%br_ln0 = br void %.split.8"   --->   Operation 264 'br' 'br_ln0' <Predicate = (!icmp_ln890_376 & !select_ln10365_1)> <Delay = 0.38>
ST_18 : Operation 265 [1/2] (1.64ns)   --->   "%local_C_V_load_14 = load i9 %local_C_V_addr_912" [./dut.cpp:10373]   --->   Operation 265 'load' 'local_C_V_load_14' <Predicate = (!icmp_ln890_376 & select_ln10365_1)> <Delay = 1.64> <CoreInst = "RAM_2P_URAM">   --->   Core 95 'RAM_2P_URAM' <Latency = 1> <II = 1> <Delay = 1.64> <Storage> <Opcode : 'load' 'store'> <Ports = 2> <Width = 64> <Depth = 512> <RAM>
ST_18 : Operation 266 [1/1] (0.38ns)   --->   "%br_ln10374 = br void %.split.15" [./dut.cpp:10374]   --->   Operation 266 'br' 'br_ln10374' <Predicate = (!icmp_ln890_376 & select_ln10365_1)> <Delay = 0.38>
ST_18 : Operation 267 [1/2] (1.64ns)   --->   "%local_C_V_load_15 = load i9 %local_C_V_addr_913" [./dut.cpp:10373]   --->   Operation 267 'load' 'local_C_V_load_15' <Predicate = (!icmp_ln890_376 & select_ln10365_1)> <Delay = 1.64> <CoreInst = "RAM_2P_URAM">   --->   Core 95 'RAM_2P_URAM' <Latency = 1> <II = 1> <Delay = 1.64> <Storage> <Opcode : 'load' 'store'> <Ports = 2> <Width = 64> <Depth = 512> <RAM>
ST_18 : Operation 268 [1/1] (0.38ns)   --->   "%br_ln10374 = br void %.split.16" [./dut.cpp:10374]   --->   Operation 268 'br' 'br_ln10374' <Predicate = (!icmp_ln890_376 & select_ln10365_1)> <Delay = 0.38>
ST_18 : Operation 269 [2/2] (1.64ns)   --->   "%local_C_V_load_16 = load i9 %local_C_V_addr_914" [./dut.cpp:10373]   --->   Operation 269 'load' 'local_C_V_load_16' <Predicate = (!icmp_ln890_376 & select_ln10365_1)> <Delay = 1.64> <CoreInst = "RAM_2P_URAM">   --->   Core 95 'RAM_2P_URAM' <Latency = 1> <II = 1> <Delay = 1.64> <Storage> <Opcode : 'load' 'store'> <Ports = 2> <Width = 64> <Depth = 512> <RAM>
ST_18 : Operation 270 [2/2] (1.64ns)   --->   "%local_C_V_load_17 = load i9 %local_C_V_addr_915" [./dut.cpp:10373]   --->   Operation 270 'load' 'local_C_V_load_17' <Predicate = (!icmp_ln890_376 & select_ln10365_1)> <Delay = 1.64> <CoreInst = "RAM_2P_URAM">   --->   Core 95 'RAM_2P_URAM' <Latency = 1> <II = 1> <Delay = 1.64> <Storage> <Opcode : 'load' 'store'> <Ports = 2> <Width = 64> <Depth = 512> <RAM>

State 19 <SV = 13> <Delay = 1.64>
ST_19 : Operation 271 [1/1] (0.00ns)   --->   "%or_ln10373_17 = or i10 %tmp, i10 18" [./dut.cpp:10373]   --->   Operation 271 'or' 'or_ln10373_17' <Predicate = (!icmp_ln890_376)> <Delay = 0.00>
ST_19 : Operation 272 [1/1] (0.00ns)   --->   "%tmp_886 = bitconcatenate i64 @_ssdm_op_BitConcatenate.i64.i54.i10, i54 0, i10 %or_ln10373_17" [./dut.cpp:10373]   --->   Operation 272 'bitconcatenate' 'tmp_886' <Predicate = (!icmp_ln890_376)> <Delay = 0.00>
ST_19 : Operation 273 [1/1] (0.00ns)   --->   "%local_C_V_addr_916 = getelementptr i64 %local_C_V, i64 0, i64 %tmp_886" [./dut.cpp:10373]   --->   Operation 273 'getelementptr' 'local_C_V_addr_916' <Predicate = (!icmp_ln890_376)> <Delay = 0.00>
ST_19 : Operation 274 [1/1] (0.00ns)   --->   "%or_ln10373_18 = or i10 %tmp, i10 19" [./dut.cpp:10373]   --->   Operation 274 'or' 'or_ln10373_18' <Predicate = (!icmp_ln890_376)> <Delay = 0.00>
ST_19 : Operation 275 [1/1] (0.00ns)   --->   "%tmp_887 = bitconcatenate i64 @_ssdm_op_BitConcatenate.i64.i54.i10, i54 0, i10 %or_ln10373_18" [./dut.cpp:10373]   --->   Operation 275 'bitconcatenate' 'tmp_887' <Predicate = (!icmp_ln890_376)> <Delay = 0.00>
ST_19 : Operation 276 [1/1] (0.00ns)   --->   "%local_C_V_addr_917 = getelementptr i64 %local_C_V, i64 0, i64 %tmp_887" [./dut.cpp:10373]   --->   Operation 276 'getelementptr' 'local_C_V_addr_917' <Predicate = (!icmp_ln890_376)> <Delay = 0.00>
ST_19 : Operation 277 [1/1] (0.00ns)   --->   "%fifo_data_44_7 = phi i64 %local_C_V_load_7, void, i64 %fifo_C_drain_C_drain_IO_L1_out_0_11_x1120_read_7, void" [./dut.cpp:10373]   --->   Operation 277 'phi' 'fifo_data_44_7' <Predicate = (!icmp_ln890_376)> <Delay = 0.00>
ST_19 : Operation 278 [1/1] (1.21ns)   --->   "%write_ln174 = write void @_ssdm_op_Write.ap_fifo.volatile.i64P0A, i64 %fifo_C_drain_C_drain_IO_L1_out_0_10_x1119, i64 %fifo_data_44_7" [/home/rcslfpgaserver/Softwares/Xilinx/Vitis_HLS/2020.2/common/technology/autopilot/hls_stream_39.h:174]   --->   Operation 278 'write' 'write_ln174' <Predicate = (!icmp_ln890_376)> <Delay = 1.21> <CoreInst = "FIFO_SRL">   --->   Core 81 'FIFO_SRL' <Latency = 0> <II = 1> <Delay = 1.40> <Storage> <Opcode : 'read' 'write' 'nbread' 'nbwrite'> <Ports = 0> <Width = 64> <Depth = 2> <FIFO>
ST_19 : Operation 279 [1/1] (1.21ns)   --->   "%fifo_C_drain_C_drain_IO_L1_out_0_11_x1120_read_8 = read i64 @_ssdm_op_Read.ap_fifo.volatile.i64P0A, i64 %fifo_C_drain_C_drain_IO_L1_out_0_11_x1120" [/home/rcslfpgaserver/Softwares/Xilinx/Vitis_HLS/2020.2/common/technology/autopilot/hls_stream_39.h:145]   --->   Operation 279 'read' 'fifo_C_drain_C_drain_IO_L1_out_0_11_x1120_read_8' <Predicate = (!icmp_ln890_376 & !select_ln10365_1)> <Delay = 1.21> <CoreInst = "FIFO_SRL">   --->   Core 81 'FIFO_SRL' <Latency = 0> <II = 1> <Delay = 1.40> <Storage> <Opcode : 'read' 'write' 'nbread' 'nbwrite'> <Ports = 0> <Width = 64> <Depth = 2> <FIFO>
ST_19 : Operation 280 [1/1] (0.38ns)   --->   "%br_ln0 = br void %.split.9"   --->   Operation 280 'br' 'br_ln0' <Predicate = (!icmp_ln890_376 & !select_ln10365_1)> <Delay = 0.38>
ST_19 : Operation 281 [1/2] (1.64ns)   --->   "%local_C_V_load_16 = load i9 %local_C_V_addr_914" [./dut.cpp:10373]   --->   Operation 281 'load' 'local_C_V_load_16' <Predicate = (!icmp_ln890_376 & select_ln10365_1)> <Delay = 1.64> <CoreInst = "RAM_2P_URAM">   --->   Core 95 'RAM_2P_URAM' <Latency = 1> <II = 1> <Delay = 1.64> <Storage> <Opcode : 'load' 'store'> <Ports = 2> <Width = 64> <Depth = 512> <RAM>
ST_19 : Operation 282 [1/1] (0.38ns)   --->   "%br_ln10374 = br void %.split.17" [./dut.cpp:10374]   --->   Operation 282 'br' 'br_ln10374' <Predicate = (!icmp_ln890_376 & select_ln10365_1)> <Delay = 0.38>
ST_19 : Operation 283 [1/2] (1.64ns)   --->   "%local_C_V_load_17 = load i9 %local_C_V_addr_915" [./dut.cpp:10373]   --->   Operation 283 'load' 'local_C_V_load_17' <Predicate = (!icmp_ln890_376 & select_ln10365_1)> <Delay = 1.64> <CoreInst = "RAM_2P_URAM">   --->   Core 95 'RAM_2P_URAM' <Latency = 1> <II = 1> <Delay = 1.64> <Storage> <Opcode : 'load' 'store'> <Ports = 2> <Width = 64> <Depth = 512> <RAM>
ST_19 : Operation 284 [1/1] (0.38ns)   --->   "%br_ln10374 = br void %.split.18" [./dut.cpp:10374]   --->   Operation 284 'br' 'br_ln10374' <Predicate = (!icmp_ln890_376 & select_ln10365_1)> <Delay = 0.38>
ST_19 : Operation 285 [2/2] (1.64ns)   --->   "%local_C_V_load_18 = load i9 %local_C_V_addr_916" [./dut.cpp:10373]   --->   Operation 285 'load' 'local_C_V_load_18' <Predicate = (!icmp_ln890_376 & select_ln10365_1)> <Delay = 1.64> <CoreInst = "RAM_2P_URAM">   --->   Core 95 'RAM_2P_URAM' <Latency = 1> <II = 1> <Delay = 1.64> <Storage> <Opcode : 'load' 'store'> <Ports = 2> <Width = 64> <Depth = 512> <RAM>
ST_19 : Operation 286 [2/2] (1.64ns)   --->   "%local_C_V_load_19 = load i9 %local_C_V_addr_917" [./dut.cpp:10373]   --->   Operation 286 'load' 'local_C_V_load_19' <Predicate = (!icmp_ln890_376 & select_ln10365_1)> <Delay = 1.64> <CoreInst = "RAM_2P_URAM">   --->   Core 95 'RAM_2P_URAM' <Latency = 1> <II = 1> <Delay = 1.64> <Storage> <Opcode : 'load' 'store'> <Ports = 2> <Width = 64> <Depth = 512> <RAM>

State 20 <SV = 14> <Delay = 1.64>
ST_20 : Operation 287 [1/1] (0.00ns)   --->   "%or_ln10373_19 = or i10 %tmp, i10 20" [./dut.cpp:10373]   --->   Operation 287 'or' 'or_ln10373_19' <Predicate = (!icmp_ln890_376)> <Delay = 0.00>
ST_20 : Operation 288 [1/1] (0.00ns)   --->   "%tmp_888 = bitconcatenate i64 @_ssdm_op_BitConcatenate.i64.i54.i10, i54 0, i10 %or_ln10373_19" [./dut.cpp:10373]   --->   Operation 288 'bitconcatenate' 'tmp_888' <Predicate = (!icmp_ln890_376)> <Delay = 0.00>
ST_20 : Operation 289 [1/1] (0.00ns)   --->   "%local_C_V_addr_918 = getelementptr i64 %local_C_V, i64 0, i64 %tmp_888" [./dut.cpp:10373]   --->   Operation 289 'getelementptr' 'local_C_V_addr_918' <Predicate = (!icmp_ln890_376)> <Delay = 0.00>
ST_20 : Operation 290 [1/1] (0.00ns)   --->   "%or_ln10373_20 = or i10 %tmp, i10 21" [./dut.cpp:10373]   --->   Operation 290 'or' 'or_ln10373_20' <Predicate = (!icmp_ln890_376)> <Delay = 0.00>
ST_20 : Operation 291 [1/1] (0.00ns)   --->   "%tmp_889 = bitconcatenate i64 @_ssdm_op_BitConcatenate.i64.i54.i10, i54 0, i10 %or_ln10373_20" [./dut.cpp:10373]   --->   Operation 291 'bitconcatenate' 'tmp_889' <Predicate = (!icmp_ln890_376)> <Delay = 0.00>
ST_20 : Operation 292 [1/1] (0.00ns)   --->   "%local_C_V_addr_919 = getelementptr i64 %local_C_V, i64 0, i64 %tmp_889" [./dut.cpp:10373]   --->   Operation 292 'getelementptr' 'local_C_V_addr_919' <Predicate = (!icmp_ln890_376)> <Delay = 0.00>
ST_20 : Operation 293 [1/1] (0.00ns)   --->   "%fifo_data_44_8 = phi i64 %local_C_V_load_8, void, i64 %fifo_C_drain_C_drain_IO_L1_out_0_11_x1120_read_8, void" [./dut.cpp:10373]   --->   Operation 293 'phi' 'fifo_data_44_8' <Predicate = (!icmp_ln890_376)> <Delay = 0.00>
ST_20 : Operation 294 [1/1] (1.21ns)   --->   "%write_ln174 = write void @_ssdm_op_Write.ap_fifo.volatile.i64P0A, i64 %fifo_C_drain_C_drain_IO_L1_out_0_10_x1119, i64 %fifo_data_44_8" [/home/rcslfpgaserver/Softwares/Xilinx/Vitis_HLS/2020.2/common/technology/autopilot/hls_stream_39.h:174]   --->   Operation 294 'write' 'write_ln174' <Predicate = (!icmp_ln890_376)> <Delay = 1.21> <CoreInst = "FIFO_SRL">   --->   Core 81 'FIFO_SRL' <Latency = 0> <II = 1> <Delay = 1.40> <Storage> <Opcode : 'read' 'write' 'nbread' 'nbwrite'> <Ports = 0> <Width = 64> <Depth = 2> <FIFO>
ST_20 : Operation 295 [1/1] (1.21ns)   --->   "%fifo_C_drain_C_drain_IO_L1_out_0_11_x1120_read_9 = read i64 @_ssdm_op_Read.ap_fifo.volatile.i64P0A, i64 %fifo_C_drain_C_drain_IO_L1_out_0_11_x1120" [/home/rcslfpgaserver/Softwares/Xilinx/Vitis_HLS/2020.2/common/technology/autopilot/hls_stream_39.h:145]   --->   Operation 295 'read' 'fifo_C_drain_C_drain_IO_L1_out_0_11_x1120_read_9' <Predicate = (!icmp_ln890_376 & !select_ln10365_1)> <Delay = 1.21> <CoreInst = "FIFO_SRL">   --->   Core 81 'FIFO_SRL' <Latency = 0> <II = 1> <Delay = 1.40> <Storage> <Opcode : 'read' 'write' 'nbread' 'nbwrite'> <Ports = 0> <Width = 64> <Depth = 2> <FIFO>
ST_20 : Operation 296 [1/1] (0.38ns)   --->   "%br_ln0 = br void %.split.10"   --->   Operation 296 'br' 'br_ln0' <Predicate = (!icmp_ln890_376 & !select_ln10365_1)> <Delay = 0.38>
ST_20 : Operation 297 [1/2] (1.64ns)   --->   "%local_C_V_load_18 = load i9 %local_C_V_addr_916" [./dut.cpp:10373]   --->   Operation 297 'load' 'local_C_V_load_18' <Predicate = (!icmp_ln890_376 & select_ln10365_1)> <Delay = 1.64> <CoreInst = "RAM_2P_URAM">   --->   Core 95 'RAM_2P_URAM' <Latency = 1> <II = 1> <Delay = 1.64> <Storage> <Opcode : 'load' 'store'> <Ports = 2> <Width = 64> <Depth = 512> <RAM>
ST_20 : Operation 298 [1/1] (0.38ns)   --->   "%br_ln10374 = br void %.split.19" [./dut.cpp:10374]   --->   Operation 298 'br' 'br_ln10374' <Predicate = (!icmp_ln890_376 & select_ln10365_1)> <Delay = 0.38>
ST_20 : Operation 299 [1/2] (1.64ns)   --->   "%local_C_V_load_19 = load i9 %local_C_V_addr_917" [./dut.cpp:10373]   --->   Operation 299 'load' 'local_C_V_load_19' <Predicate = (!icmp_ln890_376 & select_ln10365_1)> <Delay = 1.64> <CoreInst = "RAM_2P_URAM">   --->   Core 95 'RAM_2P_URAM' <Latency = 1> <II = 1> <Delay = 1.64> <Storage> <Opcode : 'load' 'store'> <Ports = 2> <Width = 64> <Depth = 512> <RAM>
ST_20 : Operation 300 [1/1] (0.38ns)   --->   "%br_ln10374 = br void %.split.20" [./dut.cpp:10374]   --->   Operation 300 'br' 'br_ln10374' <Predicate = (!icmp_ln890_376 & select_ln10365_1)> <Delay = 0.38>
ST_20 : Operation 301 [2/2] (1.64ns)   --->   "%local_C_V_load_20 = load i9 %local_C_V_addr_918" [./dut.cpp:10373]   --->   Operation 301 'load' 'local_C_V_load_20' <Predicate = (!icmp_ln890_376 & select_ln10365_1)> <Delay = 1.64> <CoreInst = "RAM_2P_URAM">   --->   Core 95 'RAM_2P_URAM' <Latency = 1> <II = 1> <Delay = 1.64> <Storage> <Opcode : 'load' 'store'> <Ports = 2> <Width = 64> <Depth = 512> <RAM>
ST_20 : Operation 302 [2/2] (1.64ns)   --->   "%local_C_V_load_21 = load i9 %local_C_V_addr_919" [./dut.cpp:10373]   --->   Operation 302 'load' 'local_C_V_load_21' <Predicate = (!icmp_ln890_376 & select_ln10365_1)> <Delay = 1.64> <CoreInst = "RAM_2P_URAM">   --->   Core 95 'RAM_2P_URAM' <Latency = 1> <II = 1> <Delay = 1.64> <Storage> <Opcode : 'load' 'store'> <Ports = 2> <Width = 64> <Depth = 512> <RAM>

State 21 <SV = 15> <Delay = 1.64>
ST_21 : Operation 303 [1/1] (0.00ns)   --->   "%or_ln10373_21 = or i10 %tmp, i10 22" [./dut.cpp:10373]   --->   Operation 303 'or' 'or_ln10373_21' <Predicate = (!icmp_ln890_376)> <Delay = 0.00>
ST_21 : Operation 304 [1/1] (0.00ns)   --->   "%tmp_890 = bitconcatenate i64 @_ssdm_op_BitConcatenate.i64.i54.i10, i54 0, i10 %or_ln10373_21" [./dut.cpp:10373]   --->   Operation 304 'bitconcatenate' 'tmp_890' <Predicate = (!icmp_ln890_376)> <Delay = 0.00>
ST_21 : Operation 305 [1/1] (0.00ns)   --->   "%local_C_V_addr_920 = getelementptr i64 %local_C_V, i64 0, i64 %tmp_890" [./dut.cpp:10373]   --->   Operation 305 'getelementptr' 'local_C_V_addr_920' <Predicate = (!icmp_ln890_376)> <Delay = 0.00>
ST_21 : Operation 306 [1/1] (0.00ns)   --->   "%or_ln10373_22 = or i10 %tmp, i10 23" [./dut.cpp:10373]   --->   Operation 306 'or' 'or_ln10373_22' <Predicate = (!icmp_ln890_376)> <Delay = 0.00>
ST_21 : Operation 307 [1/1] (0.00ns)   --->   "%tmp_891 = bitconcatenate i64 @_ssdm_op_BitConcatenate.i64.i54.i10, i54 0, i10 %or_ln10373_22" [./dut.cpp:10373]   --->   Operation 307 'bitconcatenate' 'tmp_891' <Predicate = (!icmp_ln890_376)> <Delay = 0.00>
ST_21 : Operation 308 [1/1] (0.00ns)   --->   "%local_C_V_addr_921 = getelementptr i64 %local_C_V, i64 0, i64 %tmp_891" [./dut.cpp:10373]   --->   Operation 308 'getelementptr' 'local_C_V_addr_921' <Predicate = (!icmp_ln890_376)> <Delay = 0.00>
ST_21 : Operation 309 [1/1] (0.00ns)   --->   "%fifo_data_44_9 = phi i64 %local_C_V_load_9, void, i64 %fifo_C_drain_C_drain_IO_L1_out_0_11_x1120_read_9, void" [./dut.cpp:10373]   --->   Operation 309 'phi' 'fifo_data_44_9' <Predicate = (!icmp_ln890_376)> <Delay = 0.00>
ST_21 : Operation 310 [1/1] (1.21ns)   --->   "%write_ln174 = write void @_ssdm_op_Write.ap_fifo.volatile.i64P0A, i64 %fifo_C_drain_C_drain_IO_L1_out_0_10_x1119, i64 %fifo_data_44_9" [/home/rcslfpgaserver/Softwares/Xilinx/Vitis_HLS/2020.2/common/technology/autopilot/hls_stream_39.h:174]   --->   Operation 310 'write' 'write_ln174' <Predicate = (!icmp_ln890_376)> <Delay = 1.21> <CoreInst = "FIFO_SRL">   --->   Core 81 'FIFO_SRL' <Latency = 0> <II = 1> <Delay = 1.40> <Storage> <Opcode : 'read' 'write' 'nbread' 'nbwrite'> <Ports = 0> <Width = 64> <Depth = 2> <FIFO>
ST_21 : Operation 311 [1/1] (1.21ns)   --->   "%fifo_C_drain_C_drain_IO_L1_out_0_11_x1120_read_10 = read i64 @_ssdm_op_Read.ap_fifo.volatile.i64P0A, i64 %fifo_C_drain_C_drain_IO_L1_out_0_11_x1120" [/home/rcslfpgaserver/Softwares/Xilinx/Vitis_HLS/2020.2/common/technology/autopilot/hls_stream_39.h:145]   --->   Operation 311 'read' 'fifo_C_drain_C_drain_IO_L1_out_0_11_x1120_read_10' <Predicate = (!icmp_ln890_376 & !select_ln10365_1)> <Delay = 1.21> <CoreInst = "FIFO_SRL">   --->   Core 81 'FIFO_SRL' <Latency = 0> <II = 1> <Delay = 1.40> <Storage> <Opcode : 'read' 'write' 'nbread' 'nbwrite'> <Ports = 0> <Width = 64> <Depth = 2> <FIFO>
ST_21 : Operation 312 [1/1] (0.38ns)   --->   "%br_ln0 = br void %.split.11"   --->   Operation 312 'br' 'br_ln0' <Predicate = (!icmp_ln890_376 & !select_ln10365_1)> <Delay = 0.38>
ST_21 : Operation 313 [1/2] (1.64ns)   --->   "%local_C_V_load_20 = load i9 %local_C_V_addr_918" [./dut.cpp:10373]   --->   Operation 313 'load' 'local_C_V_load_20' <Predicate = (!icmp_ln890_376 & select_ln10365_1)> <Delay = 1.64> <CoreInst = "RAM_2P_URAM">   --->   Core 95 'RAM_2P_URAM' <Latency = 1> <II = 1> <Delay = 1.64> <Storage> <Opcode : 'load' 'store'> <Ports = 2> <Width = 64> <Depth = 512> <RAM>
ST_21 : Operation 314 [1/1] (0.38ns)   --->   "%br_ln10374 = br void %.split.21" [./dut.cpp:10374]   --->   Operation 314 'br' 'br_ln10374' <Predicate = (!icmp_ln890_376 & select_ln10365_1)> <Delay = 0.38>
ST_21 : Operation 315 [1/2] (1.64ns)   --->   "%local_C_V_load_21 = load i9 %local_C_V_addr_919" [./dut.cpp:10373]   --->   Operation 315 'load' 'local_C_V_load_21' <Predicate = (!icmp_ln890_376 & select_ln10365_1)> <Delay = 1.64> <CoreInst = "RAM_2P_URAM">   --->   Core 95 'RAM_2P_URAM' <Latency = 1> <II = 1> <Delay = 1.64> <Storage> <Opcode : 'load' 'store'> <Ports = 2> <Width = 64> <Depth = 512> <RAM>
ST_21 : Operation 316 [1/1] (0.38ns)   --->   "%br_ln10374 = br void %.split.22" [./dut.cpp:10374]   --->   Operation 316 'br' 'br_ln10374' <Predicate = (!icmp_ln890_376 & select_ln10365_1)> <Delay = 0.38>
ST_21 : Operation 317 [2/2] (1.64ns)   --->   "%local_C_V_load_22 = load i9 %local_C_V_addr_920" [./dut.cpp:10373]   --->   Operation 317 'load' 'local_C_V_load_22' <Predicate = (!icmp_ln890_376 & select_ln10365_1)> <Delay = 1.64> <CoreInst = "RAM_2P_URAM">   --->   Core 95 'RAM_2P_URAM' <Latency = 1> <II = 1> <Delay = 1.64> <Storage> <Opcode : 'load' 'store'> <Ports = 2> <Width = 64> <Depth = 512> <RAM>
ST_21 : Operation 318 [2/2] (1.64ns)   --->   "%local_C_V_load_23 = load i9 %local_C_V_addr_921" [./dut.cpp:10373]   --->   Operation 318 'load' 'local_C_V_load_23' <Predicate = (!icmp_ln890_376 & select_ln10365_1)> <Delay = 1.64> <CoreInst = "RAM_2P_URAM">   --->   Core 95 'RAM_2P_URAM' <Latency = 1> <II = 1> <Delay = 1.64> <Storage> <Opcode : 'load' 'store'> <Ports = 2> <Width = 64> <Depth = 512> <RAM>

State 22 <SV = 16> <Delay = 1.64>
ST_22 : Operation 319 [1/1] (0.00ns)   --->   "%or_ln10373_23 = or i10 %tmp, i10 24" [./dut.cpp:10373]   --->   Operation 319 'or' 'or_ln10373_23' <Predicate = (!icmp_ln890_376)> <Delay = 0.00>
ST_22 : Operation 320 [1/1] (0.00ns)   --->   "%tmp_892 = bitconcatenate i64 @_ssdm_op_BitConcatenate.i64.i54.i10, i54 0, i10 %or_ln10373_23" [./dut.cpp:10373]   --->   Operation 320 'bitconcatenate' 'tmp_892' <Predicate = (!icmp_ln890_376)> <Delay = 0.00>
ST_22 : Operation 321 [1/1] (0.00ns)   --->   "%local_C_V_addr_922 = getelementptr i64 %local_C_V, i64 0, i64 %tmp_892" [./dut.cpp:10373]   --->   Operation 321 'getelementptr' 'local_C_V_addr_922' <Predicate = (!icmp_ln890_376)> <Delay = 0.00>
ST_22 : Operation 322 [1/1] (0.00ns)   --->   "%or_ln10373_24 = or i10 %tmp, i10 25" [./dut.cpp:10373]   --->   Operation 322 'or' 'or_ln10373_24' <Predicate = (!icmp_ln890_376)> <Delay = 0.00>
ST_22 : Operation 323 [1/1] (0.00ns)   --->   "%tmp_893 = bitconcatenate i64 @_ssdm_op_BitConcatenate.i64.i54.i10, i54 0, i10 %or_ln10373_24" [./dut.cpp:10373]   --->   Operation 323 'bitconcatenate' 'tmp_893' <Predicate = (!icmp_ln890_376)> <Delay = 0.00>
ST_22 : Operation 324 [1/1] (0.00ns)   --->   "%local_C_V_addr_923 = getelementptr i64 %local_C_V, i64 0, i64 %tmp_893" [./dut.cpp:10373]   --->   Operation 324 'getelementptr' 'local_C_V_addr_923' <Predicate = (!icmp_ln890_376)> <Delay = 0.00>
ST_22 : Operation 325 [1/1] (0.00ns)   --->   "%fifo_data_44_10 = phi i64 %local_C_V_load_10, void, i64 %fifo_C_drain_C_drain_IO_L1_out_0_11_x1120_read_10, void" [./dut.cpp:10373]   --->   Operation 325 'phi' 'fifo_data_44_10' <Predicate = (!icmp_ln890_376)> <Delay = 0.00>
ST_22 : Operation 326 [1/1] (1.21ns)   --->   "%write_ln174 = write void @_ssdm_op_Write.ap_fifo.volatile.i64P0A, i64 %fifo_C_drain_C_drain_IO_L1_out_0_10_x1119, i64 %fifo_data_44_10" [/home/rcslfpgaserver/Softwares/Xilinx/Vitis_HLS/2020.2/common/technology/autopilot/hls_stream_39.h:174]   --->   Operation 326 'write' 'write_ln174' <Predicate = (!icmp_ln890_376)> <Delay = 1.21> <CoreInst = "FIFO_SRL">   --->   Core 81 'FIFO_SRL' <Latency = 0> <II = 1> <Delay = 1.40> <Storage> <Opcode : 'read' 'write' 'nbread' 'nbwrite'> <Ports = 0> <Width = 64> <Depth = 2> <FIFO>
ST_22 : Operation 327 [1/1] (1.21ns)   --->   "%fifo_C_drain_C_drain_IO_L1_out_0_11_x1120_read_11 = read i64 @_ssdm_op_Read.ap_fifo.volatile.i64P0A, i64 %fifo_C_drain_C_drain_IO_L1_out_0_11_x1120" [/home/rcslfpgaserver/Softwares/Xilinx/Vitis_HLS/2020.2/common/technology/autopilot/hls_stream_39.h:145]   --->   Operation 327 'read' 'fifo_C_drain_C_drain_IO_L1_out_0_11_x1120_read_11' <Predicate = (!icmp_ln890_376 & !select_ln10365_1)> <Delay = 1.21> <CoreInst = "FIFO_SRL">   --->   Core 81 'FIFO_SRL' <Latency = 0> <II = 1> <Delay = 1.40> <Storage> <Opcode : 'read' 'write' 'nbread' 'nbwrite'> <Ports = 0> <Width = 64> <Depth = 2> <FIFO>
ST_22 : Operation 328 [1/1] (0.38ns)   --->   "%br_ln0 = br void %.split.12"   --->   Operation 328 'br' 'br_ln0' <Predicate = (!icmp_ln890_376 & !select_ln10365_1)> <Delay = 0.38>
ST_22 : Operation 329 [1/2] (1.64ns)   --->   "%local_C_V_load_22 = load i9 %local_C_V_addr_920" [./dut.cpp:10373]   --->   Operation 329 'load' 'local_C_V_load_22' <Predicate = (!icmp_ln890_376 & select_ln10365_1)> <Delay = 1.64> <CoreInst = "RAM_2P_URAM">   --->   Core 95 'RAM_2P_URAM' <Latency = 1> <II = 1> <Delay = 1.64> <Storage> <Opcode : 'load' 'store'> <Ports = 2> <Width = 64> <Depth = 512> <RAM>
ST_22 : Operation 330 [1/1] (0.38ns)   --->   "%br_ln10374 = br void %.split.23" [./dut.cpp:10374]   --->   Operation 330 'br' 'br_ln10374' <Predicate = (!icmp_ln890_376 & select_ln10365_1)> <Delay = 0.38>
ST_22 : Operation 331 [1/2] (1.64ns)   --->   "%local_C_V_load_23 = load i9 %local_C_V_addr_921" [./dut.cpp:10373]   --->   Operation 331 'load' 'local_C_V_load_23' <Predicate = (!icmp_ln890_376 & select_ln10365_1)> <Delay = 1.64> <CoreInst = "RAM_2P_URAM">   --->   Core 95 'RAM_2P_URAM' <Latency = 1> <II = 1> <Delay = 1.64> <Storage> <Opcode : 'load' 'store'> <Ports = 2> <Width = 64> <Depth = 512> <RAM>
ST_22 : Operation 332 [1/1] (0.38ns)   --->   "%br_ln10374 = br void %.split.24" [./dut.cpp:10374]   --->   Operation 332 'br' 'br_ln10374' <Predicate = (!icmp_ln890_376 & select_ln10365_1)> <Delay = 0.38>
ST_22 : Operation 333 [2/2] (1.64ns)   --->   "%local_C_V_load_24 = load i9 %local_C_V_addr_922" [./dut.cpp:10373]   --->   Operation 333 'load' 'local_C_V_load_24' <Predicate = (!icmp_ln890_376 & select_ln10365_1)> <Delay = 1.64> <CoreInst = "RAM_2P_URAM">   --->   Core 95 'RAM_2P_URAM' <Latency = 1> <II = 1> <Delay = 1.64> <Storage> <Opcode : 'load' 'store'> <Ports = 2> <Width = 64> <Depth = 512> <RAM>
ST_22 : Operation 334 [2/2] (1.64ns)   --->   "%local_C_V_load_25 = load i9 %local_C_V_addr_923" [./dut.cpp:10373]   --->   Operation 334 'load' 'local_C_V_load_25' <Predicate = (!icmp_ln890_376 & select_ln10365_1)> <Delay = 1.64> <CoreInst = "RAM_2P_URAM">   --->   Core 95 'RAM_2P_URAM' <Latency = 1> <II = 1> <Delay = 1.64> <Storage> <Opcode : 'load' 'store'> <Ports = 2> <Width = 64> <Depth = 512> <RAM>

State 23 <SV = 17> <Delay = 1.64>
ST_23 : Operation 335 [1/1] (0.00ns)   --->   "%or_ln10373_25 = or i10 %tmp, i10 26" [./dut.cpp:10373]   --->   Operation 335 'or' 'or_ln10373_25' <Predicate = (!icmp_ln890_376)> <Delay = 0.00>
ST_23 : Operation 336 [1/1] (0.00ns)   --->   "%tmp_894 = bitconcatenate i64 @_ssdm_op_BitConcatenate.i64.i54.i10, i54 0, i10 %or_ln10373_25" [./dut.cpp:10373]   --->   Operation 336 'bitconcatenate' 'tmp_894' <Predicate = (!icmp_ln890_376)> <Delay = 0.00>
ST_23 : Operation 337 [1/1] (0.00ns)   --->   "%local_C_V_addr_924 = getelementptr i64 %local_C_V, i64 0, i64 %tmp_894" [./dut.cpp:10373]   --->   Operation 337 'getelementptr' 'local_C_V_addr_924' <Predicate = (!icmp_ln890_376)> <Delay = 0.00>
ST_23 : Operation 338 [1/1] (0.00ns)   --->   "%or_ln10373_26 = or i10 %tmp, i10 27" [./dut.cpp:10373]   --->   Operation 338 'or' 'or_ln10373_26' <Predicate = (!icmp_ln890_376)> <Delay = 0.00>
ST_23 : Operation 339 [1/1] (0.00ns)   --->   "%tmp_895 = bitconcatenate i64 @_ssdm_op_BitConcatenate.i64.i54.i10, i54 0, i10 %or_ln10373_26" [./dut.cpp:10373]   --->   Operation 339 'bitconcatenate' 'tmp_895' <Predicate = (!icmp_ln890_376)> <Delay = 0.00>
ST_23 : Operation 340 [1/1] (0.00ns)   --->   "%local_C_V_addr_925 = getelementptr i64 %local_C_V, i64 0, i64 %tmp_895" [./dut.cpp:10373]   --->   Operation 340 'getelementptr' 'local_C_V_addr_925' <Predicate = (!icmp_ln890_376)> <Delay = 0.00>
ST_23 : Operation 341 [1/1] (0.00ns)   --->   "%fifo_data_44_11 = phi i64 %local_C_V_load_11, void, i64 %fifo_C_drain_C_drain_IO_L1_out_0_11_x1120_read_11, void" [./dut.cpp:10373]   --->   Operation 341 'phi' 'fifo_data_44_11' <Predicate = (!icmp_ln890_376)> <Delay = 0.00>
ST_23 : Operation 342 [1/1] (1.21ns)   --->   "%write_ln174 = write void @_ssdm_op_Write.ap_fifo.volatile.i64P0A, i64 %fifo_C_drain_C_drain_IO_L1_out_0_10_x1119, i64 %fifo_data_44_11" [/home/rcslfpgaserver/Softwares/Xilinx/Vitis_HLS/2020.2/common/technology/autopilot/hls_stream_39.h:174]   --->   Operation 342 'write' 'write_ln174' <Predicate = (!icmp_ln890_376)> <Delay = 1.21> <CoreInst = "FIFO_SRL">   --->   Core 81 'FIFO_SRL' <Latency = 0> <II = 1> <Delay = 1.40> <Storage> <Opcode : 'read' 'write' 'nbread' 'nbwrite'> <Ports = 0> <Width = 64> <Depth = 2> <FIFO>
ST_23 : Operation 343 [1/1] (1.21ns)   --->   "%fifo_C_drain_C_drain_IO_L1_out_0_11_x1120_read_12 = read i64 @_ssdm_op_Read.ap_fifo.volatile.i64P0A, i64 %fifo_C_drain_C_drain_IO_L1_out_0_11_x1120" [/home/rcslfpgaserver/Softwares/Xilinx/Vitis_HLS/2020.2/common/technology/autopilot/hls_stream_39.h:145]   --->   Operation 343 'read' 'fifo_C_drain_C_drain_IO_L1_out_0_11_x1120_read_12' <Predicate = (!icmp_ln890_376 & !select_ln10365_1)> <Delay = 1.21> <CoreInst = "FIFO_SRL">   --->   Core 81 'FIFO_SRL' <Latency = 0> <II = 1> <Delay = 1.40> <Storage> <Opcode : 'read' 'write' 'nbread' 'nbwrite'> <Ports = 0> <Width = 64> <Depth = 2> <FIFO>
ST_23 : Operation 344 [1/1] (0.38ns)   --->   "%br_ln0 = br void %.split.13"   --->   Operation 344 'br' 'br_ln0' <Predicate = (!icmp_ln890_376 & !select_ln10365_1)> <Delay = 0.38>
ST_23 : Operation 345 [1/2] (1.64ns)   --->   "%local_C_V_load_24 = load i9 %local_C_V_addr_922" [./dut.cpp:10373]   --->   Operation 345 'load' 'local_C_V_load_24' <Predicate = (!icmp_ln890_376 & select_ln10365_1)> <Delay = 1.64> <CoreInst = "RAM_2P_URAM">   --->   Core 95 'RAM_2P_URAM' <Latency = 1> <II = 1> <Delay = 1.64> <Storage> <Opcode : 'load' 'store'> <Ports = 2> <Width = 64> <Depth = 512> <RAM>
ST_23 : Operation 346 [1/1] (0.38ns)   --->   "%br_ln10374 = br void %.split.25" [./dut.cpp:10374]   --->   Operation 346 'br' 'br_ln10374' <Predicate = (!icmp_ln890_376 & select_ln10365_1)> <Delay = 0.38>
ST_23 : Operation 347 [1/2] (1.64ns)   --->   "%local_C_V_load_25 = load i9 %local_C_V_addr_923" [./dut.cpp:10373]   --->   Operation 347 'load' 'local_C_V_load_25' <Predicate = (!icmp_ln890_376 & select_ln10365_1)> <Delay = 1.64> <CoreInst = "RAM_2P_URAM">   --->   Core 95 'RAM_2P_URAM' <Latency = 1> <II = 1> <Delay = 1.64> <Storage> <Opcode : 'load' 'store'> <Ports = 2> <Width = 64> <Depth = 512> <RAM>
ST_23 : Operation 348 [1/1] (0.38ns)   --->   "%br_ln10374 = br void %.split.26" [./dut.cpp:10374]   --->   Operation 348 'br' 'br_ln10374' <Predicate = (!icmp_ln890_376 & select_ln10365_1)> <Delay = 0.38>
ST_23 : Operation 349 [2/2] (1.64ns)   --->   "%local_C_V_load_26 = load i9 %local_C_V_addr_924" [./dut.cpp:10373]   --->   Operation 349 'load' 'local_C_V_load_26' <Predicate = (!icmp_ln890_376 & select_ln10365_1)> <Delay = 1.64> <CoreInst = "RAM_2P_URAM">   --->   Core 95 'RAM_2P_URAM' <Latency = 1> <II = 1> <Delay = 1.64> <Storage> <Opcode : 'load' 'store'> <Ports = 2> <Width = 64> <Depth = 512> <RAM>
ST_23 : Operation 350 [2/2] (1.64ns)   --->   "%local_C_V_load_27 = load i9 %local_C_V_addr_925" [./dut.cpp:10373]   --->   Operation 350 'load' 'local_C_V_load_27' <Predicate = (!icmp_ln890_376 & select_ln10365_1)> <Delay = 1.64> <CoreInst = "RAM_2P_URAM">   --->   Core 95 'RAM_2P_URAM' <Latency = 1> <II = 1> <Delay = 1.64> <Storage> <Opcode : 'load' 'store'> <Ports = 2> <Width = 64> <Depth = 512> <RAM>

State 24 <SV = 18> <Delay = 1.64>
ST_24 : Operation 351 [1/1] (0.00ns)   --->   "%or_ln10373_27 = or i10 %tmp, i10 28" [./dut.cpp:10373]   --->   Operation 351 'or' 'or_ln10373_27' <Predicate = (!icmp_ln890_376)> <Delay = 0.00>
ST_24 : Operation 352 [1/1] (0.00ns)   --->   "%tmp_896 = bitconcatenate i64 @_ssdm_op_BitConcatenate.i64.i54.i10, i54 0, i10 %or_ln10373_27" [./dut.cpp:10373]   --->   Operation 352 'bitconcatenate' 'tmp_896' <Predicate = (!icmp_ln890_376)> <Delay = 0.00>
ST_24 : Operation 353 [1/1] (0.00ns)   --->   "%local_C_V_addr_926 = getelementptr i64 %local_C_V, i64 0, i64 %tmp_896" [./dut.cpp:10373]   --->   Operation 353 'getelementptr' 'local_C_V_addr_926' <Predicate = (!icmp_ln890_376)> <Delay = 0.00>
ST_24 : Operation 354 [1/1] (0.00ns)   --->   "%or_ln10373_28 = or i10 %tmp, i10 29" [./dut.cpp:10373]   --->   Operation 354 'or' 'or_ln10373_28' <Predicate = (!icmp_ln890_376)> <Delay = 0.00>
ST_24 : Operation 355 [1/1] (0.00ns)   --->   "%tmp_897 = bitconcatenate i64 @_ssdm_op_BitConcatenate.i64.i54.i10, i54 0, i10 %or_ln10373_28" [./dut.cpp:10373]   --->   Operation 355 'bitconcatenate' 'tmp_897' <Predicate = (!icmp_ln890_376)> <Delay = 0.00>
ST_24 : Operation 356 [1/1] (0.00ns)   --->   "%local_C_V_addr_927 = getelementptr i64 %local_C_V, i64 0, i64 %tmp_897" [./dut.cpp:10373]   --->   Operation 356 'getelementptr' 'local_C_V_addr_927' <Predicate = (!icmp_ln890_376)> <Delay = 0.00>
ST_24 : Operation 357 [1/1] (0.00ns)   --->   "%fifo_data_44_12 = phi i64 %local_C_V_load_12, void, i64 %fifo_C_drain_C_drain_IO_L1_out_0_11_x1120_read_12, void" [./dut.cpp:10373]   --->   Operation 357 'phi' 'fifo_data_44_12' <Predicate = (!icmp_ln890_376)> <Delay = 0.00>
ST_24 : Operation 358 [1/1] (1.21ns)   --->   "%write_ln174 = write void @_ssdm_op_Write.ap_fifo.volatile.i64P0A, i64 %fifo_C_drain_C_drain_IO_L1_out_0_10_x1119, i64 %fifo_data_44_12" [/home/rcslfpgaserver/Softwares/Xilinx/Vitis_HLS/2020.2/common/technology/autopilot/hls_stream_39.h:174]   --->   Operation 358 'write' 'write_ln174' <Predicate = (!icmp_ln890_376)> <Delay = 1.21> <CoreInst = "FIFO_SRL">   --->   Core 81 'FIFO_SRL' <Latency = 0> <II = 1> <Delay = 1.40> <Storage> <Opcode : 'read' 'write' 'nbread' 'nbwrite'> <Ports = 0> <Width = 64> <Depth = 2> <FIFO>
ST_24 : Operation 359 [1/1] (1.21ns)   --->   "%fifo_C_drain_C_drain_IO_L1_out_0_11_x1120_read_13 = read i64 @_ssdm_op_Read.ap_fifo.volatile.i64P0A, i64 %fifo_C_drain_C_drain_IO_L1_out_0_11_x1120" [/home/rcslfpgaserver/Softwares/Xilinx/Vitis_HLS/2020.2/common/technology/autopilot/hls_stream_39.h:145]   --->   Operation 359 'read' 'fifo_C_drain_C_drain_IO_L1_out_0_11_x1120_read_13' <Predicate = (!icmp_ln890_376 & !select_ln10365_1)> <Delay = 1.21> <CoreInst = "FIFO_SRL">   --->   Core 81 'FIFO_SRL' <Latency = 0> <II = 1> <Delay = 1.40> <Storage> <Opcode : 'read' 'write' 'nbread' 'nbwrite'> <Ports = 0> <Width = 64> <Depth = 2> <FIFO>
ST_24 : Operation 360 [1/1] (0.38ns)   --->   "%br_ln0 = br void %.split.14"   --->   Operation 360 'br' 'br_ln0' <Predicate = (!icmp_ln890_376 & !select_ln10365_1)> <Delay = 0.38>
ST_24 : Operation 361 [1/2] (1.64ns)   --->   "%local_C_V_load_26 = load i9 %local_C_V_addr_924" [./dut.cpp:10373]   --->   Operation 361 'load' 'local_C_V_load_26' <Predicate = (!icmp_ln890_376 & select_ln10365_1)> <Delay = 1.64> <CoreInst = "RAM_2P_URAM">   --->   Core 95 'RAM_2P_URAM' <Latency = 1> <II = 1> <Delay = 1.64> <Storage> <Opcode : 'load' 'store'> <Ports = 2> <Width = 64> <Depth = 512> <RAM>
ST_24 : Operation 362 [1/1] (0.38ns)   --->   "%br_ln10374 = br void %.split.27" [./dut.cpp:10374]   --->   Operation 362 'br' 'br_ln10374' <Predicate = (!icmp_ln890_376 & select_ln10365_1)> <Delay = 0.38>
ST_24 : Operation 363 [1/2] (1.64ns)   --->   "%local_C_V_load_27 = load i9 %local_C_V_addr_925" [./dut.cpp:10373]   --->   Operation 363 'load' 'local_C_V_load_27' <Predicate = (!icmp_ln890_376 & select_ln10365_1)> <Delay = 1.64> <CoreInst = "RAM_2P_URAM">   --->   Core 95 'RAM_2P_URAM' <Latency = 1> <II = 1> <Delay = 1.64> <Storage> <Opcode : 'load' 'store'> <Ports = 2> <Width = 64> <Depth = 512> <RAM>
ST_24 : Operation 364 [1/1] (0.38ns)   --->   "%br_ln10374 = br void %.split.28" [./dut.cpp:10374]   --->   Operation 364 'br' 'br_ln10374' <Predicate = (!icmp_ln890_376 & select_ln10365_1)> <Delay = 0.38>
ST_24 : Operation 365 [2/2] (1.64ns)   --->   "%local_C_V_load_28 = load i9 %local_C_V_addr_926" [./dut.cpp:10373]   --->   Operation 365 'load' 'local_C_V_load_28' <Predicate = (!icmp_ln890_376 & select_ln10365_1)> <Delay = 1.64> <CoreInst = "RAM_2P_URAM">   --->   Core 95 'RAM_2P_URAM' <Latency = 1> <II = 1> <Delay = 1.64> <Storage> <Opcode : 'load' 'store'> <Ports = 2> <Width = 64> <Depth = 512> <RAM>
ST_24 : Operation 366 [2/2] (1.64ns)   --->   "%local_C_V_load_29 = load i9 %local_C_V_addr_927" [./dut.cpp:10373]   --->   Operation 366 'load' 'local_C_V_load_29' <Predicate = (!icmp_ln890_376 & select_ln10365_1)> <Delay = 1.64> <CoreInst = "RAM_2P_URAM">   --->   Core 95 'RAM_2P_URAM' <Latency = 1> <II = 1> <Delay = 1.64> <Storage> <Opcode : 'load' 'store'> <Ports = 2> <Width = 64> <Depth = 512> <RAM>

State 25 <SV = 19> <Delay = 1.64>
ST_25 : Operation 367 [1/1] (0.00ns)   --->   "%specloopname_ln0 = specloopname void @_ssdm_op_SpecLoopName, void @C_drain_IO_L1_out_1_x1_loop_4_C_drain_IO_L1_out_1_x1_loop_5_str"   --->   Operation 367 'specloopname' 'specloopname_ln0' <Predicate = (!icmp_ln890_376)> <Delay = 0.00>
ST_25 : Operation 368 [1/1] (0.00ns)   --->   "%speclooptripcount_ln0 = speclooptripcount void @_ssdm_op_SpecLoopTripCount, i64 48, i64 48, i64 48"   --->   Operation 368 'speclooptripcount' 'speclooptripcount_ln0' <Predicate = (!icmp_ln890_376)> <Delay = 0.00>
ST_25 : Operation 369 [1/1] (0.00ns)   --->   "%or_ln10373_29 = or i10 %tmp, i10 30" [./dut.cpp:10373]   --->   Operation 369 'or' 'or_ln10373_29' <Predicate = (!icmp_ln890_376)> <Delay = 0.00>
ST_25 : Operation 370 [1/1] (0.00ns)   --->   "%tmp_898 = bitconcatenate i64 @_ssdm_op_BitConcatenate.i64.i54.i10, i54 0, i10 %or_ln10373_29" [./dut.cpp:10373]   --->   Operation 370 'bitconcatenate' 'tmp_898' <Predicate = (!icmp_ln890_376)> <Delay = 0.00>
ST_25 : Operation 371 [1/1] (0.00ns)   --->   "%local_C_V_addr_928 = getelementptr i64 %local_C_V, i64 0, i64 %tmp_898" [./dut.cpp:10373]   --->   Operation 371 'getelementptr' 'local_C_V_addr_928' <Predicate = (!icmp_ln890_376)> <Delay = 0.00>
ST_25 : Operation 372 [1/1] (0.00ns)   --->   "%or_ln10373_30 = or i10 %tmp, i10 31" [./dut.cpp:10373]   --->   Operation 372 'or' 'or_ln10373_30' <Predicate = (!icmp_ln890_376)> <Delay = 0.00>
ST_25 : Operation 373 [1/1] (0.00ns)   --->   "%tmp_899 = bitconcatenate i64 @_ssdm_op_BitConcatenate.i64.i54.i10, i54 0, i10 %or_ln10373_30" [./dut.cpp:10373]   --->   Operation 373 'bitconcatenate' 'tmp_899' <Predicate = (!icmp_ln890_376)> <Delay = 0.00>
ST_25 : Operation 374 [1/1] (0.00ns)   --->   "%local_C_V_addr_929 = getelementptr i64 %local_C_V, i64 0, i64 %tmp_899" [./dut.cpp:10373]   --->   Operation 374 'getelementptr' 'local_C_V_addr_929' <Predicate = (!icmp_ln890_376)> <Delay = 0.00>
ST_25 : Operation 375 [1/1] (0.00ns)   --->   "%specpipeline_ln10368 = specpipeline void @_ssdm_op_SpecPipeline, i32 32, i32 0, i32 0, i32 0, void @empty_647" [./dut.cpp:10368]   --->   Operation 375 'specpipeline' 'specpipeline_ln10368' <Predicate = (!icmp_ln890_376)> <Delay = 0.00>
ST_25 : Operation 376 [1/1] (0.00ns)   --->   "%specloopname_ln10368 = specloopname void @_ssdm_op_SpecLoopName, void @empty_402" [./dut.cpp:10368]   --->   Operation 376 'specloopname' 'specloopname_ln10368' <Predicate = (!icmp_ln890_376)> <Delay = 0.00>
ST_25 : Operation 377 [1/1] (0.00ns)   --->   "%fifo_data_44_13 = phi i64 %local_C_V_load_13, void, i64 %fifo_C_drain_C_drain_IO_L1_out_0_11_x1120_read_13, void" [./dut.cpp:10373]   --->   Operation 377 'phi' 'fifo_data_44_13' <Predicate = (!icmp_ln890_376)> <Delay = 0.00>
ST_25 : Operation 378 [1/1] (1.21ns)   --->   "%write_ln174 = write void @_ssdm_op_Write.ap_fifo.volatile.i64P0A, i64 %fifo_C_drain_C_drain_IO_L1_out_0_10_x1119, i64 %fifo_data_44_13" [/home/rcslfpgaserver/Softwares/Xilinx/Vitis_HLS/2020.2/common/technology/autopilot/hls_stream_39.h:174]   --->   Operation 378 'write' 'write_ln174' <Predicate = (!icmp_ln890_376)> <Delay = 1.21> <CoreInst = "FIFO_SRL">   --->   Core 81 'FIFO_SRL' <Latency = 0> <II = 1> <Delay = 1.40> <Storage> <Opcode : 'read' 'write' 'nbread' 'nbwrite'> <Ports = 0> <Width = 64> <Depth = 2> <FIFO>
ST_25 : Operation 379 [1/1] (1.21ns)   --->   "%fifo_C_drain_C_drain_IO_L1_out_0_11_x1120_read_14 = read i64 @_ssdm_op_Read.ap_fifo.volatile.i64P0A, i64 %fifo_C_drain_C_drain_IO_L1_out_0_11_x1120" [/home/rcslfpgaserver/Softwares/Xilinx/Vitis_HLS/2020.2/common/technology/autopilot/hls_stream_39.h:145]   --->   Operation 379 'read' 'fifo_C_drain_C_drain_IO_L1_out_0_11_x1120_read_14' <Predicate = (!icmp_ln890_376 & !select_ln10365_1)> <Delay = 1.21> <CoreInst = "FIFO_SRL">   --->   Core 81 'FIFO_SRL' <Latency = 0> <II = 1> <Delay = 1.40> <Storage> <Opcode : 'read' 'write' 'nbread' 'nbwrite'> <Ports = 0> <Width = 64> <Depth = 2> <FIFO>
ST_25 : Operation 380 [1/1] (0.38ns)   --->   "%br_ln0 = br void %.split.15"   --->   Operation 380 'br' 'br_ln0' <Predicate = (!icmp_ln890_376 & !select_ln10365_1)> <Delay = 0.38>
ST_25 : Operation 381 [1/2] (1.64ns)   --->   "%local_C_V_load_28 = load i9 %local_C_V_addr_926" [./dut.cpp:10373]   --->   Operation 381 'load' 'local_C_V_load_28' <Predicate = (!icmp_ln890_376 & select_ln10365_1)> <Delay = 1.64> <CoreInst = "RAM_2P_URAM">   --->   Core 95 'RAM_2P_URAM' <Latency = 1> <II = 1> <Delay = 1.64> <Storage> <Opcode : 'load' 'store'> <Ports = 2> <Width = 64> <Depth = 512> <RAM>
ST_25 : Operation 382 [1/1] (0.38ns)   --->   "%br_ln10374 = br void %.split.29" [./dut.cpp:10374]   --->   Operation 382 'br' 'br_ln10374' <Predicate = (!icmp_ln890_376 & select_ln10365_1)> <Delay = 0.38>
ST_25 : Operation 383 [1/2] (1.64ns)   --->   "%local_C_V_load_29 = load i9 %local_C_V_addr_927" [./dut.cpp:10373]   --->   Operation 383 'load' 'local_C_V_load_29' <Predicate = (!icmp_ln890_376 & select_ln10365_1)> <Delay = 1.64> <CoreInst = "RAM_2P_URAM">   --->   Core 95 'RAM_2P_URAM' <Latency = 1> <II = 1> <Delay = 1.64> <Storage> <Opcode : 'load' 'store'> <Ports = 2> <Width = 64> <Depth = 512> <RAM>
ST_25 : Operation 384 [1/1] (0.38ns)   --->   "%br_ln10374 = br void %.split.30" [./dut.cpp:10374]   --->   Operation 384 'br' 'br_ln10374' <Predicate = (!icmp_ln890_376 & select_ln10365_1)> <Delay = 0.38>
ST_25 : Operation 385 [2/2] (1.64ns)   --->   "%local_C_V_load_30 = load i9 %local_C_V_addr_928" [./dut.cpp:10373]   --->   Operation 385 'load' 'local_C_V_load_30' <Predicate = (!icmp_ln890_376 & select_ln10365_1)> <Delay = 1.64> <CoreInst = "RAM_2P_URAM">   --->   Core 95 'RAM_2P_URAM' <Latency = 1> <II = 1> <Delay = 1.64> <Storage> <Opcode : 'load' 'store'> <Ports = 2> <Width = 64> <Depth = 512> <RAM>
ST_25 : Operation 386 [2/2] (1.64ns)   --->   "%local_C_V_load_31 = load i9 %local_C_V_addr_929" [./dut.cpp:10373]   --->   Operation 386 'load' 'local_C_V_load_31' <Predicate = (!icmp_ln890_376 & select_ln10365_1)> <Delay = 1.64> <CoreInst = "RAM_2P_URAM">   --->   Core 95 'RAM_2P_URAM' <Latency = 1> <II = 1> <Delay = 1.64> <Storage> <Opcode : 'load' 'store'> <Ports = 2> <Width = 64> <Depth = 512> <RAM>

State 26 <SV = 20> <Delay = 1.64>
ST_26 : Operation 387 [1/1] (0.00ns)   --->   "%fifo_data_44_14 = phi i64 %local_C_V_load_14, void, i64 %fifo_C_drain_C_drain_IO_L1_out_0_11_x1120_read_14, void" [./dut.cpp:10373]   --->   Operation 387 'phi' 'fifo_data_44_14' <Predicate = (!icmp_ln890_376)> <Delay = 0.00>
ST_26 : Operation 388 [1/1] (1.21ns)   --->   "%write_ln174 = write void @_ssdm_op_Write.ap_fifo.volatile.i64P0A, i64 %fifo_C_drain_C_drain_IO_L1_out_0_10_x1119, i64 %fifo_data_44_14" [/home/rcslfpgaserver/Softwares/Xilinx/Vitis_HLS/2020.2/common/technology/autopilot/hls_stream_39.h:174]   --->   Operation 388 'write' 'write_ln174' <Predicate = (!icmp_ln890_376)> <Delay = 1.21> <CoreInst = "FIFO_SRL">   --->   Core 81 'FIFO_SRL' <Latency = 0> <II = 1> <Delay = 1.40> <Storage> <Opcode : 'read' 'write' 'nbread' 'nbwrite'> <Ports = 0> <Width = 64> <Depth = 2> <FIFO>
ST_26 : Operation 389 [1/1] (1.21ns)   --->   "%fifo_C_drain_C_drain_IO_L1_out_0_11_x1120_read_15 = read i64 @_ssdm_op_Read.ap_fifo.volatile.i64P0A, i64 %fifo_C_drain_C_drain_IO_L1_out_0_11_x1120" [/home/rcslfpgaserver/Softwares/Xilinx/Vitis_HLS/2020.2/common/technology/autopilot/hls_stream_39.h:145]   --->   Operation 389 'read' 'fifo_C_drain_C_drain_IO_L1_out_0_11_x1120_read_15' <Predicate = (!icmp_ln890_376 & !select_ln10365_1)> <Delay = 1.21> <CoreInst = "FIFO_SRL">   --->   Core 81 'FIFO_SRL' <Latency = 0> <II = 1> <Delay = 1.40> <Storage> <Opcode : 'read' 'write' 'nbread' 'nbwrite'> <Ports = 0> <Width = 64> <Depth = 2> <FIFO>
ST_26 : Operation 390 [1/1] (0.38ns)   --->   "%br_ln0 = br void %.split.16"   --->   Operation 390 'br' 'br_ln0' <Predicate = (!icmp_ln890_376 & !select_ln10365_1)> <Delay = 0.38>
ST_26 : Operation 391 [1/2] (1.64ns)   --->   "%local_C_V_load_30 = load i9 %local_C_V_addr_928" [./dut.cpp:10373]   --->   Operation 391 'load' 'local_C_V_load_30' <Predicate = (!icmp_ln890_376 & select_ln10365_1)> <Delay = 1.64> <CoreInst = "RAM_2P_URAM">   --->   Core 95 'RAM_2P_URAM' <Latency = 1> <II = 1> <Delay = 1.64> <Storage> <Opcode : 'load' 'store'> <Ports = 2> <Width = 64> <Depth = 512> <RAM>
ST_26 : Operation 392 [1/1] (0.38ns)   --->   "%br_ln10374 = br void %.split.31" [./dut.cpp:10374]   --->   Operation 392 'br' 'br_ln10374' <Predicate = (!icmp_ln890_376 & select_ln10365_1)> <Delay = 0.38>
ST_26 : Operation 393 [1/2] (1.64ns)   --->   "%local_C_V_load_31 = load i9 %local_C_V_addr_929" [./dut.cpp:10373]   --->   Operation 393 'load' 'local_C_V_load_31' <Predicate = (!icmp_ln890_376 & select_ln10365_1)> <Delay = 1.64> <CoreInst = "RAM_2P_URAM">   --->   Core 95 'RAM_2P_URAM' <Latency = 1> <II = 1> <Delay = 1.64> <Storage> <Opcode : 'load' 'store'> <Ports = 2> <Width = 64> <Depth = 512> <RAM>
ST_26 : Operation 394 [1/1] (0.38ns)   --->   "%br_ln10374 = br void" [./dut.cpp:10374]   --->   Operation 394 'br' 'br_ln10374' <Predicate = (!icmp_ln890_376 & select_ln10365_1)> <Delay = 0.38>

State 27 <SV = 21> <Delay = 1.21>
ST_27 : Operation 395 [1/1] (0.00ns)   --->   "%fifo_data_44_15 = phi i64 %local_C_V_load_15, void, i64 %fifo_C_drain_C_drain_IO_L1_out_0_11_x1120_read_15, void" [./dut.cpp:10373]   --->   Operation 395 'phi' 'fifo_data_44_15' <Predicate = (!icmp_ln890_376)> <Delay = 0.00>
ST_27 : Operation 396 [1/1] (1.21ns)   --->   "%write_ln174 = write void @_ssdm_op_Write.ap_fifo.volatile.i64P0A, i64 %fifo_C_drain_C_drain_IO_L1_out_0_10_x1119, i64 %fifo_data_44_15" [/home/rcslfpgaserver/Softwares/Xilinx/Vitis_HLS/2020.2/common/technology/autopilot/hls_stream_39.h:174]   --->   Operation 396 'write' 'write_ln174' <Predicate = (!icmp_ln890_376)> <Delay = 1.21> <CoreInst = "FIFO_SRL">   --->   Core 81 'FIFO_SRL' <Latency = 0> <II = 1> <Delay = 1.40> <Storage> <Opcode : 'read' 'write' 'nbread' 'nbwrite'> <Ports = 0> <Width = 64> <Depth = 2> <FIFO>
ST_27 : Operation 397 [1/1] (1.21ns)   --->   "%fifo_C_drain_C_drain_IO_L1_out_0_11_x1120_read_16 = read i64 @_ssdm_op_Read.ap_fifo.volatile.i64P0A, i64 %fifo_C_drain_C_drain_IO_L1_out_0_11_x1120" [/home/rcslfpgaserver/Softwares/Xilinx/Vitis_HLS/2020.2/common/technology/autopilot/hls_stream_39.h:145]   --->   Operation 397 'read' 'fifo_C_drain_C_drain_IO_L1_out_0_11_x1120_read_16' <Predicate = (!icmp_ln890_376 & !select_ln10365_1)> <Delay = 1.21> <CoreInst = "FIFO_SRL">   --->   Core 81 'FIFO_SRL' <Latency = 0> <II = 1> <Delay = 1.40> <Storage> <Opcode : 'read' 'write' 'nbread' 'nbwrite'> <Ports = 0> <Width = 64> <Depth = 2> <FIFO>
ST_27 : Operation 398 [1/1] (0.38ns)   --->   "%br_ln0 = br void %.split.17"   --->   Operation 398 'br' 'br_ln0' <Predicate = (!icmp_ln890_376 & !select_ln10365_1)> <Delay = 0.38>

State 28 <SV = 22> <Delay = 1.21>
ST_28 : Operation 399 [1/1] (0.00ns)   --->   "%fifo_data_44_16 = phi i64 %local_C_V_load_16, void, i64 %fifo_C_drain_C_drain_IO_L1_out_0_11_x1120_read_16, void" [./dut.cpp:10373]   --->   Operation 399 'phi' 'fifo_data_44_16' <Predicate = (!icmp_ln890_376)> <Delay = 0.00>
ST_28 : Operation 400 [1/1] (1.21ns)   --->   "%write_ln174 = write void @_ssdm_op_Write.ap_fifo.volatile.i64P0A, i64 %fifo_C_drain_C_drain_IO_L1_out_0_10_x1119, i64 %fifo_data_44_16" [/home/rcslfpgaserver/Softwares/Xilinx/Vitis_HLS/2020.2/common/technology/autopilot/hls_stream_39.h:174]   --->   Operation 400 'write' 'write_ln174' <Predicate = (!icmp_ln890_376)> <Delay = 1.21> <CoreInst = "FIFO_SRL">   --->   Core 81 'FIFO_SRL' <Latency = 0> <II = 1> <Delay = 1.40> <Storage> <Opcode : 'read' 'write' 'nbread' 'nbwrite'> <Ports = 0> <Width = 64> <Depth = 2> <FIFO>
ST_28 : Operation 401 [1/1] (1.21ns)   --->   "%fifo_C_drain_C_drain_IO_L1_out_0_11_x1120_read_17 = read i64 @_ssdm_op_Read.ap_fifo.volatile.i64P0A, i64 %fifo_C_drain_C_drain_IO_L1_out_0_11_x1120" [/home/rcslfpgaserver/Softwares/Xilinx/Vitis_HLS/2020.2/common/technology/autopilot/hls_stream_39.h:145]   --->   Operation 401 'read' 'fifo_C_drain_C_drain_IO_L1_out_0_11_x1120_read_17' <Predicate = (!icmp_ln890_376 & !select_ln10365_1)> <Delay = 1.21> <CoreInst = "FIFO_SRL">   --->   Core 81 'FIFO_SRL' <Latency = 0> <II = 1> <Delay = 1.40> <Storage> <Opcode : 'read' 'write' 'nbread' 'nbwrite'> <Ports = 0> <Width = 64> <Depth = 2> <FIFO>
ST_28 : Operation 402 [1/1] (0.38ns)   --->   "%br_ln0 = br void %.split.18"   --->   Operation 402 'br' 'br_ln0' <Predicate = (!icmp_ln890_376 & !select_ln10365_1)> <Delay = 0.38>

State 29 <SV = 23> <Delay = 1.21>
ST_29 : Operation 403 [1/1] (0.00ns)   --->   "%fifo_data_44_17 = phi i64 %local_C_V_load_17, void, i64 %fifo_C_drain_C_drain_IO_L1_out_0_11_x1120_read_17, void" [./dut.cpp:10373]   --->   Operation 403 'phi' 'fifo_data_44_17' <Predicate = (!icmp_ln890_376)> <Delay = 0.00>
ST_29 : Operation 404 [1/1] (1.21ns)   --->   "%write_ln174 = write void @_ssdm_op_Write.ap_fifo.volatile.i64P0A, i64 %fifo_C_drain_C_drain_IO_L1_out_0_10_x1119, i64 %fifo_data_44_17" [/home/rcslfpgaserver/Softwares/Xilinx/Vitis_HLS/2020.2/common/technology/autopilot/hls_stream_39.h:174]   --->   Operation 404 'write' 'write_ln174' <Predicate = (!icmp_ln890_376)> <Delay = 1.21> <CoreInst = "FIFO_SRL">   --->   Core 81 'FIFO_SRL' <Latency = 0> <II = 1> <Delay = 1.40> <Storage> <Opcode : 'read' 'write' 'nbread' 'nbwrite'> <Ports = 0> <Width = 64> <Depth = 2> <FIFO>
ST_29 : Operation 405 [1/1] (1.21ns)   --->   "%fifo_C_drain_C_drain_IO_L1_out_0_11_x1120_read_18 = read i64 @_ssdm_op_Read.ap_fifo.volatile.i64P0A, i64 %fifo_C_drain_C_drain_IO_L1_out_0_11_x1120" [/home/rcslfpgaserver/Softwares/Xilinx/Vitis_HLS/2020.2/common/technology/autopilot/hls_stream_39.h:145]   --->   Operation 405 'read' 'fifo_C_drain_C_drain_IO_L1_out_0_11_x1120_read_18' <Predicate = (!icmp_ln890_376 & !select_ln10365_1)> <Delay = 1.21> <CoreInst = "FIFO_SRL">   --->   Core 81 'FIFO_SRL' <Latency = 0> <II = 1> <Delay = 1.40> <Storage> <Opcode : 'read' 'write' 'nbread' 'nbwrite'> <Ports = 0> <Width = 64> <Depth = 2> <FIFO>
ST_29 : Operation 406 [1/1] (0.38ns)   --->   "%br_ln0 = br void %.split.19"   --->   Operation 406 'br' 'br_ln0' <Predicate = (!icmp_ln890_376 & !select_ln10365_1)> <Delay = 0.38>

State 30 <SV = 24> <Delay = 1.21>
ST_30 : Operation 407 [1/1] (0.00ns)   --->   "%fifo_data_44_18 = phi i64 %local_C_V_load_18, void, i64 %fifo_C_drain_C_drain_IO_L1_out_0_11_x1120_read_18, void" [./dut.cpp:10373]   --->   Operation 407 'phi' 'fifo_data_44_18' <Predicate = (!icmp_ln890_376)> <Delay = 0.00>
ST_30 : Operation 408 [1/1] (1.21ns)   --->   "%write_ln174 = write void @_ssdm_op_Write.ap_fifo.volatile.i64P0A, i64 %fifo_C_drain_C_drain_IO_L1_out_0_10_x1119, i64 %fifo_data_44_18" [/home/rcslfpgaserver/Softwares/Xilinx/Vitis_HLS/2020.2/common/technology/autopilot/hls_stream_39.h:174]   --->   Operation 408 'write' 'write_ln174' <Predicate = (!icmp_ln890_376)> <Delay = 1.21> <CoreInst = "FIFO_SRL">   --->   Core 81 'FIFO_SRL' <Latency = 0> <II = 1> <Delay = 1.40> <Storage> <Opcode : 'read' 'write' 'nbread' 'nbwrite'> <Ports = 0> <Width = 64> <Depth = 2> <FIFO>
ST_30 : Operation 409 [1/1] (1.21ns)   --->   "%fifo_C_drain_C_drain_IO_L1_out_0_11_x1120_read_19 = read i64 @_ssdm_op_Read.ap_fifo.volatile.i64P0A, i64 %fifo_C_drain_C_drain_IO_L1_out_0_11_x1120" [/home/rcslfpgaserver/Softwares/Xilinx/Vitis_HLS/2020.2/common/technology/autopilot/hls_stream_39.h:145]   --->   Operation 409 'read' 'fifo_C_drain_C_drain_IO_L1_out_0_11_x1120_read_19' <Predicate = (!icmp_ln890_376 & !select_ln10365_1)> <Delay = 1.21> <CoreInst = "FIFO_SRL">   --->   Core 81 'FIFO_SRL' <Latency = 0> <II = 1> <Delay = 1.40> <Storage> <Opcode : 'read' 'write' 'nbread' 'nbwrite'> <Ports = 0> <Width = 64> <Depth = 2> <FIFO>
ST_30 : Operation 410 [1/1] (0.38ns)   --->   "%br_ln0 = br void %.split.20"   --->   Operation 410 'br' 'br_ln0' <Predicate = (!icmp_ln890_376 & !select_ln10365_1)> <Delay = 0.38>

State 31 <SV = 25> <Delay = 1.21>
ST_31 : Operation 411 [1/1] (0.00ns)   --->   "%fifo_data_44_19 = phi i64 %local_C_V_load_19, void, i64 %fifo_C_drain_C_drain_IO_L1_out_0_11_x1120_read_19, void" [./dut.cpp:10373]   --->   Operation 411 'phi' 'fifo_data_44_19' <Predicate = (!icmp_ln890_376)> <Delay = 0.00>
ST_31 : Operation 412 [1/1] (1.21ns)   --->   "%write_ln174 = write void @_ssdm_op_Write.ap_fifo.volatile.i64P0A, i64 %fifo_C_drain_C_drain_IO_L1_out_0_10_x1119, i64 %fifo_data_44_19" [/home/rcslfpgaserver/Softwares/Xilinx/Vitis_HLS/2020.2/common/technology/autopilot/hls_stream_39.h:174]   --->   Operation 412 'write' 'write_ln174' <Predicate = (!icmp_ln890_376)> <Delay = 1.21> <CoreInst = "FIFO_SRL">   --->   Core 81 'FIFO_SRL' <Latency = 0> <II = 1> <Delay = 1.40> <Storage> <Opcode : 'read' 'write' 'nbread' 'nbwrite'> <Ports = 0> <Width = 64> <Depth = 2> <FIFO>
ST_31 : Operation 413 [1/1] (1.21ns)   --->   "%fifo_C_drain_C_drain_IO_L1_out_0_11_x1120_read_20 = read i64 @_ssdm_op_Read.ap_fifo.volatile.i64P0A, i64 %fifo_C_drain_C_drain_IO_L1_out_0_11_x1120" [/home/rcslfpgaserver/Softwares/Xilinx/Vitis_HLS/2020.2/common/technology/autopilot/hls_stream_39.h:145]   --->   Operation 413 'read' 'fifo_C_drain_C_drain_IO_L1_out_0_11_x1120_read_20' <Predicate = (!icmp_ln890_376 & !select_ln10365_1)> <Delay = 1.21> <CoreInst = "FIFO_SRL">   --->   Core 81 'FIFO_SRL' <Latency = 0> <II = 1> <Delay = 1.40> <Storage> <Opcode : 'read' 'write' 'nbread' 'nbwrite'> <Ports = 0> <Width = 64> <Depth = 2> <FIFO>
ST_31 : Operation 414 [1/1] (0.38ns)   --->   "%br_ln0 = br void %.split.21"   --->   Operation 414 'br' 'br_ln0' <Predicate = (!icmp_ln890_376 & !select_ln10365_1)> <Delay = 0.38>

State 32 <SV = 26> <Delay = 1.21>
ST_32 : Operation 415 [1/1] (0.00ns)   --->   "%fifo_data_44_20 = phi i64 %local_C_V_load_20, void, i64 %fifo_C_drain_C_drain_IO_L1_out_0_11_x1120_read_20, void" [./dut.cpp:10373]   --->   Operation 415 'phi' 'fifo_data_44_20' <Predicate = (!icmp_ln890_376)> <Delay = 0.00>
ST_32 : Operation 416 [1/1] (1.21ns)   --->   "%write_ln174 = write void @_ssdm_op_Write.ap_fifo.volatile.i64P0A, i64 %fifo_C_drain_C_drain_IO_L1_out_0_10_x1119, i64 %fifo_data_44_20" [/home/rcslfpgaserver/Softwares/Xilinx/Vitis_HLS/2020.2/common/technology/autopilot/hls_stream_39.h:174]   --->   Operation 416 'write' 'write_ln174' <Predicate = (!icmp_ln890_376)> <Delay = 1.21> <CoreInst = "FIFO_SRL">   --->   Core 81 'FIFO_SRL' <Latency = 0> <II = 1> <Delay = 1.40> <Storage> <Opcode : 'read' 'write' 'nbread' 'nbwrite'> <Ports = 0> <Width = 64> <Depth = 2> <FIFO>
ST_32 : Operation 417 [1/1] (1.21ns)   --->   "%fifo_C_drain_C_drain_IO_L1_out_0_11_x1120_read_21 = read i64 @_ssdm_op_Read.ap_fifo.volatile.i64P0A, i64 %fifo_C_drain_C_drain_IO_L1_out_0_11_x1120" [/home/rcslfpgaserver/Softwares/Xilinx/Vitis_HLS/2020.2/common/technology/autopilot/hls_stream_39.h:145]   --->   Operation 417 'read' 'fifo_C_drain_C_drain_IO_L1_out_0_11_x1120_read_21' <Predicate = (!icmp_ln890_376 & !select_ln10365_1)> <Delay = 1.21> <CoreInst = "FIFO_SRL">   --->   Core 81 'FIFO_SRL' <Latency = 0> <II = 1> <Delay = 1.40> <Storage> <Opcode : 'read' 'write' 'nbread' 'nbwrite'> <Ports = 0> <Width = 64> <Depth = 2> <FIFO>
ST_32 : Operation 418 [1/1] (0.38ns)   --->   "%br_ln0 = br void %.split.22"   --->   Operation 418 'br' 'br_ln0' <Predicate = (!icmp_ln890_376 & !select_ln10365_1)> <Delay = 0.38>

State 33 <SV = 27> <Delay = 1.21>
ST_33 : Operation 419 [1/1] (0.00ns)   --->   "%fifo_data_44_21 = phi i64 %local_C_V_load_21, void, i64 %fifo_C_drain_C_drain_IO_L1_out_0_11_x1120_read_21, void" [./dut.cpp:10373]   --->   Operation 419 'phi' 'fifo_data_44_21' <Predicate = (!icmp_ln890_376)> <Delay = 0.00>
ST_33 : Operation 420 [1/1] (1.21ns)   --->   "%write_ln174 = write void @_ssdm_op_Write.ap_fifo.volatile.i64P0A, i64 %fifo_C_drain_C_drain_IO_L1_out_0_10_x1119, i64 %fifo_data_44_21" [/home/rcslfpgaserver/Softwares/Xilinx/Vitis_HLS/2020.2/common/technology/autopilot/hls_stream_39.h:174]   --->   Operation 420 'write' 'write_ln174' <Predicate = (!icmp_ln890_376)> <Delay = 1.21> <CoreInst = "FIFO_SRL">   --->   Core 81 'FIFO_SRL' <Latency = 0> <II = 1> <Delay = 1.40> <Storage> <Opcode : 'read' 'write' 'nbread' 'nbwrite'> <Ports = 0> <Width = 64> <Depth = 2> <FIFO>
ST_33 : Operation 421 [1/1] (1.21ns)   --->   "%fifo_C_drain_C_drain_IO_L1_out_0_11_x1120_read_22 = read i64 @_ssdm_op_Read.ap_fifo.volatile.i64P0A, i64 %fifo_C_drain_C_drain_IO_L1_out_0_11_x1120" [/home/rcslfpgaserver/Softwares/Xilinx/Vitis_HLS/2020.2/common/technology/autopilot/hls_stream_39.h:145]   --->   Operation 421 'read' 'fifo_C_drain_C_drain_IO_L1_out_0_11_x1120_read_22' <Predicate = (!icmp_ln890_376 & !select_ln10365_1)> <Delay = 1.21> <CoreInst = "FIFO_SRL">   --->   Core 81 'FIFO_SRL' <Latency = 0> <II = 1> <Delay = 1.40> <Storage> <Opcode : 'read' 'write' 'nbread' 'nbwrite'> <Ports = 0> <Width = 64> <Depth = 2> <FIFO>
ST_33 : Operation 422 [1/1] (0.38ns)   --->   "%br_ln0 = br void %.split.23"   --->   Operation 422 'br' 'br_ln0' <Predicate = (!icmp_ln890_376 & !select_ln10365_1)> <Delay = 0.38>

State 34 <SV = 28> <Delay = 1.21>
ST_34 : Operation 423 [1/1] (0.00ns)   --->   "%fifo_data_44_22 = phi i64 %local_C_V_load_22, void, i64 %fifo_C_drain_C_drain_IO_L1_out_0_11_x1120_read_22, void" [./dut.cpp:10373]   --->   Operation 423 'phi' 'fifo_data_44_22' <Predicate = (!icmp_ln890_376)> <Delay = 0.00>
ST_34 : Operation 424 [1/1] (1.21ns)   --->   "%write_ln174 = write void @_ssdm_op_Write.ap_fifo.volatile.i64P0A, i64 %fifo_C_drain_C_drain_IO_L1_out_0_10_x1119, i64 %fifo_data_44_22" [/home/rcslfpgaserver/Softwares/Xilinx/Vitis_HLS/2020.2/common/technology/autopilot/hls_stream_39.h:174]   --->   Operation 424 'write' 'write_ln174' <Predicate = (!icmp_ln890_376)> <Delay = 1.21> <CoreInst = "FIFO_SRL">   --->   Core 81 'FIFO_SRL' <Latency = 0> <II = 1> <Delay = 1.40> <Storage> <Opcode : 'read' 'write' 'nbread' 'nbwrite'> <Ports = 0> <Width = 64> <Depth = 2> <FIFO>
ST_34 : Operation 425 [1/1] (1.21ns)   --->   "%fifo_C_drain_C_drain_IO_L1_out_0_11_x1120_read_23 = read i64 @_ssdm_op_Read.ap_fifo.volatile.i64P0A, i64 %fifo_C_drain_C_drain_IO_L1_out_0_11_x1120" [/home/rcslfpgaserver/Softwares/Xilinx/Vitis_HLS/2020.2/common/technology/autopilot/hls_stream_39.h:145]   --->   Operation 425 'read' 'fifo_C_drain_C_drain_IO_L1_out_0_11_x1120_read_23' <Predicate = (!icmp_ln890_376 & !select_ln10365_1)> <Delay = 1.21> <CoreInst = "FIFO_SRL">   --->   Core 81 'FIFO_SRL' <Latency = 0> <II = 1> <Delay = 1.40> <Storage> <Opcode : 'read' 'write' 'nbread' 'nbwrite'> <Ports = 0> <Width = 64> <Depth = 2> <FIFO>
ST_34 : Operation 426 [1/1] (0.38ns)   --->   "%br_ln0 = br void %.split.24"   --->   Operation 426 'br' 'br_ln0' <Predicate = (!icmp_ln890_376 & !select_ln10365_1)> <Delay = 0.38>

State 35 <SV = 29> <Delay = 1.21>
ST_35 : Operation 427 [1/1] (0.00ns)   --->   "%fifo_data_44_23 = phi i64 %local_C_V_load_23, void, i64 %fifo_C_drain_C_drain_IO_L1_out_0_11_x1120_read_23, void" [./dut.cpp:10373]   --->   Operation 427 'phi' 'fifo_data_44_23' <Predicate = (!icmp_ln890_376)> <Delay = 0.00>
ST_35 : Operation 428 [1/1] (1.21ns)   --->   "%write_ln174 = write void @_ssdm_op_Write.ap_fifo.volatile.i64P0A, i64 %fifo_C_drain_C_drain_IO_L1_out_0_10_x1119, i64 %fifo_data_44_23" [/home/rcslfpgaserver/Softwares/Xilinx/Vitis_HLS/2020.2/common/technology/autopilot/hls_stream_39.h:174]   --->   Operation 428 'write' 'write_ln174' <Predicate = (!icmp_ln890_376)> <Delay = 1.21> <CoreInst = "FIFO_SRL">   --->   Core 81 'FIFO_SRL' <Latency = 0> <II = 1> <Delay = 1.40> <Storage> <Opcode : 'read' 'write' 'nbread' 'nbwrite'> <Ports = 0> <Width = 64> <Depth = 2> <FIFO>
ST_35 : Operation 429 [1/1] (1.21ns)   --->   "%fifo_C_drain_C_drain_IO_L1_out_0_11_x1120_read_24 = read i64 @_ssdm_op_Read.ap_fifo.volatile.i64P0A, i64 %fifo_C_drain_C_drain_IO_L1_out_0_11_x1120" [/home/rcslfpgaserver/Softwares/Xilinx/Vitis_HLS/2020.2/common/technology/autopilot/hls_stream_39.h:145]   --->   Operation 429 'read' 'fifo_C_drain_C_drain_IO_L1_out_0_11_x1120_read_24' <Predicate = (!icmp_ln890_376 & !select_ln10365_1)> <Delay = 1.21> <CoreInst = "FIFO_SRL">   --->   Core 81 'FIFO_SRL' <Latency = 0> <II = 1> <Delay = 1.40> <Storage> <Opcode : 'read' 'write' 'nbread' 'nbwrite'> <Ports = 0> <Width = 64> <Depth = 2> <FIFO>
ST_35 : Operation 430 [1/1] (0.38ns)   --->   "%br_ln0 = br void %.split.25"   --->   Operation 430 'br' 'br_ln0' <Predicate = (!icmp_ln890_376 & !select_ln10365_1)> <Delay = 0.38>

State 36 <SV = 30> <Delay = 1.21>
ST_36 : Operation 431 [1/1] (0.00ns)   --->   "%fifo_data_44_24 = phi i64 %local_C_V_load_24, void, i64 %fifo_C_drain_C_drain_IO_L1_out_0_11_x1120_read_24, void" [./dut.cpp:10373]   --->   Operation 431 'phi' 'fifo_data_44_24' <Predicate = (!icmp_ln890_376)> <Delay = 0.00>
ST_36 : Operation 432 [1/1] (1.21ns)   --->   "%write_ln174 = write void @_ssdm_op_Write.ap_fifo.volatile.i64P0A, i64 %fifo_C_drain_C_drain_IO_L1_out_0_10_x1119, i64 %fifo_data_44_24" [/home/rcslfpgaserver/Softwares/Xilinx/Vitis_HLS/2020.2/common/technology/autopilot/hls_stream_39.h:174]   --->   Operation 432 'write' 'write_ln174' <Predicate = (!icmp_ln890_376)> <Delay = 1.21> <CoreInst = "FIFO_SRL">   --->   Core 81 'FIFO_SRL' <Latency = 0> <II = 1> <Delay = 1.40> <Storage> <Opcode : 'read' 'write' 'nbread' 'nbwrite'> <Ports = 0> <Width = 64> <Depth = 2> <FIFO>
ST_36 : Operation 433 [1/1] (1.21ns)   --->   "%fifo_C_drain_C_drain_IO_L1_out_0_11_x1120_read_25 = read i64 @_ssdm_op_Read.ap_fifo.volatile.i64P0A, i64 %fifo_C_drain_C_drain_IO_L1_out_0_11_x1120" [/home/rcslfpgaserver/Softwares/Xilinx/Vitis_HLS/2020.2/common/technology/autopilot/hls_stream_39.h:145]   --->   Operation 433 'read' 'fifo_C_drain_C_drain_IO_L1_out_0_11_x1120_read_25' <Predicate = (!icmp_ln890_376 & !select_ln10365_1)> <Delay = 1.21> <CoreInst = "FIFO_SRL">   --->   Core 81 'FIFO_SRL' <Latency = 0> <II = 1> <Delay = 1.40> <Storage> <Opcode : 'read' 'write' 'nbread' 'nbwrite'> <Ports = 0> <Width = 64> <Depth = 2> <FIFO>
ST_36 : Operation 434 [1/1] (0.38ns)   --->   "%br_ln0 = br void %.split.26"   --->   Operation 434 'br' 'br_ln0' <Predicate = (!icmp_ln890_376 & !select_ln10365_1)> <Delay = 0.38>

State 37 <SV = 31> <Delay = 1.21>
ST_37 : Operation 435 [1/1] (0.00ns)   --->   "%fifo_data_44_25 = phi i64 %local_C_V_load_25, void, i64 %fifo_C_drain_C_drain_IO_L1_out_0_11_x1120_read_25, void" [./dut.cpp:10373]   --->   Operation 435 'phi' 'fifo_data_44_25' <Predicate = (!icmp_ln890_376)> <Delay = 0.00>
ST_37 : Operation 436 [1/1] (1.21ns)   --->   "%write_ln174 = write void @_ssdm_op_Write.ap_fifo.volatile.i64P0A, i64 %fifo_C_drain_C_drain_IO_L1_out_0_10_x1119, i64 %fifo_data_44_25" [/home/rcslfpgaserver/Softwares/Xilinx/Vitis_HLS/2020.2/common/technology/autopilot/hls_stream_39.h:174]   --->   Operation 436 'write' 'write_ln174' <Predicate = (!icmp_ln890_376)> <Delay = 1.21> <CoreInst = "FIFO_SRL">   --->   Core 81 'FIFO_SRL' <Latency = 0> <II = 1> <Delay = 1.40> <Storage> <Opcode : 'read' 'write' 'nbread' 'nbwrite'> <Ports = 0> <Width = 64> <Depth = 2> <FIFO>
ST_37 : Operation 437 [1/1] (1.21ns)   --->   "%fifo_C_drain_C_drain_IO_L1_out_0_11_x1120_read_26 = read i64 @_ssdm_op_Read.ap_fifo.volatile.i64P0A, i64 %fifo_C_drain_C_drain_IO_L1_out_0_11_x1120" [/home/rcslfpgaserver/Softwares/Xilinx/Vitis_HLS/2020.2/common/technology/autopilot/hls_stream_39.h:145]   --->   Operation 437 'read' 'fifo_C_drain_C_drain_IO_L1_out_0_11_x1120_read_26' <Predicate = (!icmp_ln890_376 & !select_ln10365_1)> <Delay = 1.21> <CoreInst = "FIFO_SRL">   --->   Core 81 'FIFO_SRL' <Latency = 0> <II = 1> <Delay = 1.40> <Storage> <Opcode : 'read' 'write' 'nbread' 'nbwrite'> <Ports = 0> <Width = 64> <Depth = 2> <FIFO>
ST_37 : Operation 438 [1/1] (0.38ns)   --->   "%br_ln0 = br void %.split.27"   --->   Operation 438 'br' 'br_ln0' <Predicate = (!icmp_ln890_376 & !select_ln10365_1)> <Delay = 0.38>

State 38 <SV = 32> <Delay = 1.21>
ST_38 : Operation 439 [1/1] (0.00ns)   --->   "%fifo_data_44_26 = phi i64 %local_C_V_load_26, void, i64 %fifo_C_drain_C_drain_IO_L1_out_0_11_x1120_read_26, void" [./dut.cpp:10373]   --->   Operation 439 'phi' 'fifo_data_44_26' <Predicate = (!icmp_ln890_376)> <Delay = 0.00>
ST_38 : Operation 440 [1/1] (1.21ns)   --->   "%write_ln174 = write void @_ssdm_op_Write.ap_fifo.volatile.i64P0A, i64 %fifo_C_drain_C_drain_IO_L1_out_0_10_x1119, i64 %fifo_data_44_26" [/home/rcslfpgaserver/Softwares/Xilinx/Vitis_HLS/2020.2/common/technology/autopilot/hls_stream_39.h:174]   --->   Operation 440 'write' 'write_ln174' <Predicate = (!icmp_ln890_376)> <Delay = 1.21> <CoreInst = "FIFO_SRL">   --->   Core 81 'FIFO_SRL' <Latency = 0> <II = 1> <Delay = 1.40> <Storage> <Opcode : 'read' 'write' 'nbread' 'nbwrite'> <Ports = 0> <Width = 64> <Depth = 2> <FIFO>
ST_38 : Operation 441 [1/1] (1.21ns)   --->   "%fifo_C_drain_C_drain_IO_L1_out_0_11_x1120_read_27 = read i64 @_ssdm_op_Read.ap_fifo.volatile.i64P0A, i64 %fifo_C_drain_C_drain_IO_L1_out_0_11_x1120" [/home/rcslfpgaserver/Softwares/Xilinx/Vitis_HLS/2020.2/common/technology/autopilot/hls_stream_39.h:145]   --->   Operation 441 'read' 'fifo_C_drain_C_drain_IO_L1_out_0_11_x1120_read_27' <Predicate = (!icmp_ln890_376 & !select_ln10365_1)> <Delay = 1.21> <CoreInst = "FIFO_SRL">   --->   Core 81 'FIFO_SRL' <Latency = 0> <II = 1> <Delay = 1.40> <Storage> <Opcode : 'read' 'write' 'nbread' 'nbwrite'> <Ports = 0> <Width = 64> <Depth = 2> <FIFO>
ST_38 : Operation 442 [1/1] (0.38ns)   --->   "%br_ln0 = br void %.split.28"   --->   Operation 442 'br' 'br_ln0' <Predicate = (!icmp_ln890_376 & !select_ln10365_1)> <Delay = 0.38>

State 39 <SV = 33> <Delay = 1.21>
ST_39 : Operation 443 [1/1] (0.00ns)   --->   "%fifo_data_44_27 = phi i64 %local_C_V_load_27, void, i64 %fifo_C_drain_C_drain_IO_L1_out_0_11_x1120_read_27, void" [./dut.cpp:10373]   --->   Operation 443 'phi' 'fifo_data_44_27' <Predicate = (!icmp_ln890_376)> <Delay = 0.00>
ST_39 : Operation 444 [1/1] (1.21ns)   --->   "%write_ln174 = write void @_ssdm_op_Write.ap_fifo.volatile.i64P0A, i64 %fifo_C_drain_C_drain_IO_L1_out_0_10_x1119, i64 %fifo_data_44_27" [/home/rcslfpgaserver/Softwares/Xilinx/Vitis_HLS/2020.2/common/technology/autopilot/hls_stream_39.h:174]   --->   Operation 444 'write' 'write_ln174' <Predicate = (!icmp_ln890_376)> <Delay = 1.21> <CoreInst = "FIFO_SRL">   --->   Core 81 'FIFO_SRL' <Latency = 0> <II = 1> <Delay = 1.40> <Storage> <Opcode : 'read' 'write' 'nbread' 'nbwrite'> <Ports = 0> <Width = 64> <Depth = 2> <FIFO>
ST_39 : Operation 445 [1/1] (1.21ns)   --->   "%fifo_C_drain_C_drain_IO_L1_out_0_11_x1120_read_28 = read i64 @_ssdm_op_Read.ap_fifo.volatile.i64P0A, i64 %fifo_C_drain_C_drain_IO_L1_out_0_11_x1120" [/home/rcslfpgaserver/Softwares/Xilinx/Vitis_HLS/2020.2/common/technology/autopilot/hls_stream_39.h:145]   --->   Operation 445 'read' 'fifo_C_drain_C_drain_IO_L1_out_0_11_x1120_read_28' <Predicate = (!icmp_ln890_376 & !select_ln10365_1)> <Delay = 1.21> <CoreInst = "FIFO_SRL">   --->   Core 81 'FIFO_SRL' <Latency = 0> <II = 1> <Delay = 1.40> <Storage> <Opcode : 'read' 'write' 'nbread' 'nbwrite'> <Ports = 0> <Width = 64> <Depth = 2> <FIFO>
ST_39 : Operation 446 [1/1] (0.38ns)   --->   "%br_ln0 = br void %.split.29"   --->   Operation 446 'br' 'br_ln0' <Predicate = (!icmp_ln890_376 & !select_ln10365_1)> <Delay = 0.38>

State 40 <SV = 34> <Delay = 1.21>
ST_40 : Operation 447 [1/1] (0.00ns)   --->   "%fifo_data_44_28 = phi i64 %local_C_V_load_28, void, i64 %fifo_C_drain_C_drain_IO_L1_out_0_11_x1120_read_28, void" [./dut.cpp:10373]   --->   Operation 447 'phi' 'fifo_data_44_28' <Predicate = (!icmp_ln890_376)> <Delay = 0.00>
ST_40 : Operation 448 [1/1] (1.21ns)   --->   "%write_ln174 = write void @_ssdm_op_Write.ap_fifo.volatile.i64P0A, i64 %fifo_C_drain_C_drain_IO_L1_out_0_10_x1119, i64 %fifo_data_44_28" [/home/rcslfpgaserver/Softwares/Xilinx/Vitis_HLS/2020.2/common/technology/autopilot/hls_stream_39.h:174]   --->   Operation 448 'write' 'write_ln174' <Predicate = (!icmp_ln890_376)> <Delay = 1.21> <CoreInst = "FIFO_SRL">   --->   Core 81 'FIFO_SRL' <Latency = 0> <II = 1> <Delay = 1.40> <Storage> <Opcode : 'read' 'write' 'nbread' 'nbwrite'> <Ports = 0> <Width = 64> <Depth = 2> <FIFO>
ST_40 : Operation 449 [1/1] (1.21ns)   --->   "%fifo_C_drain_C_drain_IO_L1_out_0_11_x1120_read_29 = read i64 @_ssdm_op_Read.ap_fifo.volatile.i64P0A, i64 %fifo_C_drain_C_drain_IO_L1_out_0_11_x1120" [/home/rcslfpgaserver/Softwares/Xilinx/Vitis_HLS/2020.2/common/technology/autopilot/hls_stream_39.h:145]   --->   Operation 449 'read' 'fifo_C_drain_C_drain_IO_L1_out_0_11_x1120_read_29' <Predicate = (!icmp_ln890_376 & !select_ln10365_1)> <Delay = 1.21> <CoreInst = "FIFO_SRL">   --->   Core 81 'FIFO_SRL' <Latency = 0> <II = 1> <Delay = 1.40> <Storage> <Opcode : 'read' 'write' 'nbread' 'nbwrite'> <Ports = 0> <Width = 64> <Depth = 2> <FIFO>
ST_40 : Operation 450 [1/1] (0.38ns)   --->   "%br_ln0 = br void %.split.30"   --->   Operation 450 'br' 'br_ln0' <Predicate = (!icmp_ln890_376 & !select_ln10365_1)> <Delay = 0.38>
ST_40 : Operation 451 [1/1] (0.70ns)   --->   "%add_ln691_475 = add i5 %select_ln10365, i5 1"   --->   Operation 451 'add' 'add_ln691_475' <Predicate = (!icmp_ln890_376)> <Delay = 0.70> <CoreInst = "Adder">   --->   Core 1 'Adder' <Latency = 0> <II = 1> <Delay = 0.70> <FuncUnit> <Opcode : 'add' 'sub'> <InPorts = 2> <OutPorts = 1>

State 41 <SV = 35> <Delay = 1.21>
ST_41 : Operation 452 [1/1] (0.00ns)   --->   "%fifo_data_44_29 = phi i64 %local_C_V_load_29, void, i64 %fifo_C_drain_C_drain_IO_L1_out_0_11_x1120_read_29, void" [./dut.cpp:10373]   --->   Operation 452 'phi' 'fifo_data_44_29' <Predicate = true> <Delay = 0.00>
ST_41 : Operation 453 [1/1] (1.21ns)   --->   "%write_ln174 = write void @_ssdm_op_Write.ap_fifo.volatile.i64P0A, i64 %fifo_C_drain_C_drain_IO_L1_out_0_10_x1119, i64 %fifo_data_44_29" [/home/rcslfpgaserver/Softwares/Xilinx/Vitis_HLS/2020.2/common/technology/autopilot/hls_stream_39.h:174]   --->   Operation 453 'write' 'write_ln174' <Predicate = true> <Delay = 1.21> <CoreInst = "FIFO_SRL">   --->   Core 81 'FIFO_SRL' <Latency = 0> <II = 1> <Delay = 1.40> <Storage> <Opcode : 'read' 'write' 'nbread' 'nbwrite'> <Ports = 0> <Width = 64> <Depth = 2> <FIFO>
ST_41 : Operation 454 [1/1] (1.21ns)   --->   "%fifo_C_drain_C_drain_IO_L1_out_0_11_x1120_read_30 = read i64 @_ssdm_op_Read.ap_fifo.volatile.i64P0A, i64 %fifo_C_drain_C_drain_IO_L1_out_0_11_x1120" [/home/rcslfpgaserver/Softwares/Xilinx/Vitis_HLS/2020.2/common/technology/autopilot/hls_stream_39.h:145]   --->   Operation 454 'read' 'fifo_C_drain_C_drain_IO_L1_out_0_11_x1120_read_30' <Predicate = (!icmp_ln890_376 & !select_ln10365_1)> <Delay = 1.21> <CoreInst = "FIFO_SRL">   --->   Core 81 'FIFO_SRL' <Latency = 0> <II = 1> <Delay = 1.40> <Storage> <Opcode : 'read' 'write' 'nbread' 'nbwrite'> <Ports = 0> <Width = 64> <Depth = 2> <FIFO>
ST_41 : Operation 455 [1/1] (0.38ns)   --->   "%br_ln0 = br void %.split.31"   --->   Operation 455 'br' 'br_ln0' <Predicate = (!icmp_ln890_376 & !select_ln10365_1)> <Delay = 0.38>

State 42 <SV = 36> <Delay = 1.21>
ST_42 : Operation 456 [1/1] (0.00ns)   --->   "%fifo_data_44_30 = phi i64 %local_C_V_load_30, void, i64 %fifo_C_drain_C_drain_IO_L1_out_0_11_x1120_read_30, void" [./dut.cpp:10373]   --->   Operation 456 'phi' 'fifo_data_44_30' <Predicate = true> <Delay = 0.00>
ST_42 : Operation 457 [1/1] (1.21ns)   --->   "%write_ln174 = write void @_ssdm_op_Write.ap_fifo.volatile.i64P0A, i64 %fifo_C_drain_C_drain_IO_L1_out_0_10_x1119, i64 %fifo_data_44_30" [/home/rcslfpgaserver/Softwares/Xilinx/Vitis_HLS/2020.2/common/technology/autopilot/hls_stream_39.h:174]   --->   Operation 457 'write' 'write_ln174' <Predicate = true> <Delay = 1.21> <CoreInst = "FIFO_SRL">   --->   Core 81 'FIFO_SRL' <Latency = 0> <II = 1> <Delay = 1.40> <Storage> <Opcode : 'read' 'write' 'nbread' 'nbwrite'> <Ports = 0> <Width = 64> <Depth = 2> <FIFO>
ST_42 : Operation 458 [1/1] (1.21ns)   --->   "%fifo_C_drain_C_drain_IO_L1_out_0_11_x1120_read_31 = read i64 @_ssdm_op_Read.ap_fifo.volatile.i64P0A, i64 %fifo_C_drain_C_drain_IO_L1_out_0_11_x1120" [/home/rcslfpgaserver/Softwares/Xilinx/Vitis_HLS/2020.2/common/technology/autopilot/hls_stream_39.h:145]   --->   Operation 458 'read' 'fifo_C_drain_C_drain_IO_L1_out_0_11_x1120_read_31' <Predicate = (!icmp_ln890_376 & !select_ln10365_1)> <Delay = 1.21> <CoreInst = "FIFO_SRL">   --->   Core 81 'FIFO_SRL' <Latency = 0> <II = 1> <Delay = 1.40> <Storage> <Opcode : 'read' 'write' 'nbread' 'nbwrite'> <Ports = 0> <Width = 64> <Depth = 2> <FIFO>
ST_42 : Operation 459 [1/1] (0.38ns)   --->   "%br_ln0 = br void"   --->   Operation 459 'br' 'br_ln0' <Predicate = (!icmp_ln890_376 & !select_ln10365_1)> <Delay = 0.38>

State 43 <SV = 37> <Delay = 1.21>
ST_43 : Operation 460 [1/1] (0.00ns)   --->   "%fifo_data_44_31 = phi i64 %local_C_V_load_31, void, i64 %fifo_C_drain_C_drain_IO_L1_out_0_11_x1120_read_31, void" [./dut.cpp:10373]   --->   Operation 460 'phi' 'fifo_data_44_31' <Predicate = (!icmp_ln890_376)> <Delay = 0.00>
ST_43 : Operation 461 [1/1] (1.21ns)   --->   "%write_ln174 = write void @_ssdm_op_Write.ap_fifo.volatile.i64P0A, i64 %fifo_C_drain_C_drain_IO_L1_out_0_10_x1119, i64 %fifo_data_44_31" [/home/rcslfpgaserver/Softwares/Xilinx/Vitis_HLS/2020.2/common/technology/autopilot/hls_stream_39.h:174]   --->   Operation 461 'write' 'write_ln174' <Predicate = (!icmp_ln890_376)> <Delay = 1.21> <CoreInst = "FIFO_SRL">   --->   Core 81 'FIFO_SRL' <Latency = 0> <II = 1> <Delay = 1.40> <Storage> <Opcode : 'read' 'write' 'nbread' 'nbwrite'> <Ports = 0> <Width = 64> <Depth = 2> <FIFO>
ST_43 : Operation 462 [1/1] (0.00ns)   --->   "%br_ln0 = br void %.preheader.preheader"   --->   Operation 462 'br' 'br_ln0' <Predicate = (!icmp_ln890_376)> <Delay = 0.00>

State 44 <SV = 4> <Delay = 0.00>
ST_44 : Operation 463 [1/1] (0.00ns)   --->   "%ret_ln10381 = ret" [./dut.cpp:10381]   --->   Operation 463 'ret' 'ret_ln10381' <Predicate = true> <Delay = 0.00>


============================================================
+ Verbose Summary: Binding
============================================================
STG Binding: 
---------------- STG Properties BEGIN ----------------
- Is combinational: 0
- Is one-state seq: 0
- Is datapath-only: 0
- Is pipelined: 0
- Is top level: 0
Port [ Return ] is wired: 1; IO mode=ap_ctrl_hs:ce=0
Port [ fifo_C_drain_C_drain_IO_L1_out_0_11_x1120]:  wired=1; compound=1; hidden=0; nouse=0; global=0; static=0; extern=0; dir=0; type=3; pingpong=0; private_global=0; IO mode=ap_fifo:ce=0
Port [ fifo_C_drain_C_drain_IO_L1_out_0_10_x1119]:  wired=1; compound=1; hidden=0; nouse=0; global=0; static=0; extern=0; dir=1; type=3; pingpong=0; private_global=0; IO mode=ap_fifo:ce=0
Port [ fifo_C_drain_PE_10_0_x193]:  wired=1; compound=1; hidden=0; nouse=0; global=0; static=0; extern=0; dir=0; type=3; pingpong=0; private_global=0; IO mode=ap_fifo:ce=0
---------------- STG Properties END ------------------

---------------- Datapath Model BEGIN ----------------

<LifeTime>
<method=bitvector/>
specinterface_ln0                                 (specinterface    ) [ 000000000000000000000000000000000000000000000]
specinterface_ln0                                 (specinterface    ) [ 000000000000000000000000000000000000000000000]
specinterface_ln0                                 (specinterface    ) [ 000000000000000000000000000000000000000000000]
local_C_V                                         (alloca           ) [ 001111111111111111111111111111111111111111110]
buf_data_split_V                                  (alloca           ) [ 001111110000000000000000000000000000000000000]
specmemcore_ln10334                               (specmemcore      ) [ 000000000000000000000000000000000000000000000]
buf_data_split_V_addr                             (getelementptr    ) [ 001111110000000000000000000000000000000000000]
buf_data_split_V_addr_102                         (getelementptr    ) [ 001111110000000000000000000000000000000000000]
br_ln10342                                        (br               ) [ 011111110000000000000000000000000000000000000]
indvar_flatten                                    (phi              ) [ 001000000000000000000000000000000000000000000]
c6_V                                              (phi              ) [ 001000000000000000000000000000000000000000000]
c7_V                                              (phi              ) [ 001000000000000000000000000000000000000000000]
add_ln890                                         (add              ) [ 011111110000000000000000000000000000000000000]
icmp_ln890                                        (icmp             ) [ 001111110000000000000000000000000000000000000]
br_ln890                                          (br               ) [ 000000000000000000000000000000000000000000000]
add_ln691                                         (add              ) [ 000000000000000000000000000000000000000000000]
icmp_ln890224                                     (icmp             ) [ 000000000000000000000000000000000000000000000]
select_ln890                                      (select           ) [ 000100000000000000000000000000000000000000000]
select_ln890_393                                  (select           ) [ 011111110000000000000000000000000000000000000]
conv_i113_mid2_v                                  (partselect       ) [ 000100000000000000000000000000000000000000000]
trunc_ln890                                       (trunc            ) [ 001111000000000000000000000000000000000000000]
tmp_s                                             (bitconcatenate   ) [ 000000000000000000000000000000000000000000000]
zext_ln10348                                      (zext             ) [ 000000000000000000000000000000000000000000000]
local_C_V_addr                                    (getelementptr    ) [ 001111110000000000000000000000000000000000000]
add_ln691_473                                     (add              ) [ 011111110000000000000000000000000000000000000]
buf_data_V                                        (load             ) [ 000000000000000000000000000000000000000000000]
trunc_ln674                                       (trunc            ) [ 000000000000000000000000000000000000000000000]
store_ln10350                                     (store            ) [ 000000000000000000000000000000000000000000000]
p_Result_1                                        (partselect       ) [ 000000000000000000000000000000000000000000000]
store_ln10350                                     (store            ) [ 000000000000000000000000000000000000000000000]
zext_ln890                                        (zext             ) [ 000000000000000000000000000000000000000000000]
tmp_900                                           (read             ) [ 000000000000000000000000000000000000000000000]
buf_data_split_V_addr_103                         (getelementptr    ) [ 000000000000000000000000000000000000000000000]
store_ln10360                                     (store            ) [ 000000000000000000000000000000000000000000000]
specloopname_ln0                                  (specloopname     ) [ 000000000000000000000000000000000000000000000]
speclooptripcount_ln0                             (speclooptripcount) [ 000000000000000000000000000000000000000000000]
specpipeline_ln10344                              (specpipeline     ) [ 000000000000000000000000000000000000000000000]
specloopname_ln10344                              (specloopname     ) [ 000000000000000000000000000000000000000000000]
v2_V                                              (load             ) [ 000000000000000000000000000000000000000000000]
v1_V                                              (load             ) [ 000000000000000000000000000000000000000000000]
p_Result_s                                        (bitconcatenate   ) [ 000000000000000000000000000000000000000000000]
store_ln10362                                     (store            ) [ 000000000000000000000000000000000000000000000]
br_ln0                                            (br               ) [ 011111110000000000000000000000000000000000000]
br_ln10365                                        (br               ) [ 000000001111111111111111111111111111111111110]
indvar_flatten8                                   (phi              ) [ 000000000100000000000000000000000000000000000]
c4_V                                              (phi              ) [ 000000000100000000000000000000000000000000000]
c5_V                                              (phi              ) [ 000000000100000000000000000000000000000000000]
add_ln890_157                                     (add              ) [ 000000001111111111111111111111111111111111110]
icmp_ln890_376                                    (icmp             ) [ 000000000111111111111111111111111111111111110]
br_ln890                                          (br               ) [ 000000000000000000000000000000000000000000000]
add_ln691_474                                     (add              ) [ 000000000000000000000000000000000000000000000]
icmp_ln890_377                                    (icmp             ) [ 000000000000000000000000000000000000000000000]
select_ln10365                                    (select           ) [ 000000000011111111111111111111111111111110000]
cmp_i_i_mid1                                      (icmp             ) [ 000000000000000000000000000000000000000000000]
cmp_i_i225                                        (icmp             ) [ 000000000000000000000000000000000000000000000]
select_ln10365_1                                  (select           ) [ 000000000111111111111111111111111111111111110]
select_ln890_394                                  (select           ) [ 000000001111111111111111111111111111111111110]
br_ln10372                                        (br               ) [ 000000000000000000000000000000000000000000000]
br_ln10372                                        (br               ) [ 000000000000000000000000000000000000000000000]
br_ln10372                                        (br               ) [ 000000000000000000000000000000000000000000000]
br_ln10372                                        (br               ) [ 000000000000000000000000000000000000000000000]
br_ln10372                                        (br               ) [ 000000000000000000000000000000000000000000000]
br_ln10372                                        (br               ) [ 000000000000000000000000000000000000000000000]
br_ln10372                                        (br               ) [ 000000000000000000000000000000000000000000000]
br_ln10372                                        (br               ) [ 000000000000000000000000000000000000000000000]
br_ln10372                                        (br               ) [ 000000000000000000000000000000000000000000000]
br_ln10372                                        (br               ) [ 000000000000000000000000000000000000000000000]
br_ln10372                                        (br               ) [ 000000000000000000000000000000000000000000000]
br_ln10372                                        (br               ) [ 000000000000000000000000000000000000000000000]
br_ln10372                                        (br               ) [ 000000000000000000000000000000000000000000000]
br_ln10372                                        (br               ) [ 000000000000000000000000000000000000000000000]
br_ln10372                                        (br               ) [ 000000000000000000000000000000000000000000000]
br_ln10372                                        (br               ) [ 000000000000000000000000000000000000000000000]
br_ln10372                                        (br               ) [ 000000000000000000000000000000000000000000000]
br_ln10372                                        (br               ) [ 000000000000000000000000000000000000000000000]
br_ln10372                                        (br               ) [ 000000000000000000000000000000000000000000000]
br_ln10372                                        (br               ) [ 000000000000000000000000000000000000000000000]
br_ln10372                                        (br               ) [ 000000000000000000000000000000000000000000000]
br_ln10372                                        (br               ) [ 000000000000000000000000000000000000000000000]
br_ln10372                                        (br               ) [ 000000000000000000000000000000000000000000000]
br_ln10372                                        (br               ) [ 000000000000000000000000000000000000000000000]
br_ln10372                                        (br               ) [ 000000000000000000000000000000000000000000000]
br_ln10372                                        (br               ) [ 000000000000000000000000000000000000000000000]
br_ln10372                                        (br               ) [ 000000000000000000000000000000000000000000000]
br_ln10372                                        (br               ) [ 000000000000000000000000000000000000000000000]
br_ln10372                                        (br               ) [ 000000000000000000000000000000000000000000000]
br_ln10372                                        (br               ) [ 000000000000000000000000000000000000000000000]
br_ln10372                                        (br               ) [ 000000000000000000000000000000000000000000000]
br_ln10372                                        (br               ) [ 000000000000000000000000000000000000000000000]
tmp                                               (bitconcatenate   ) [ 000000000001111111111111110000000000000000000]
zext_ln10373                                      (zext             ) [ 000000000000000000000000000000000000000000000]
local_C_V_addr_898                                (getelementptr    ) [ 000000000001000000000000000000000000000000000]
or_ln10373                                        (or               ) [ 000000000000000000000000000000000000000000000]
tmp_869                                           (bitconcatenate   ) [ 000000000000000000000000000000000000000000000]
local_C_V_addr_899                                (getelementptr    ) [ 000000000001000000000000000000000000000000000]
or_ln10373_1                                      (or               ) [ 000000000000000000000000000000000000000000000]
tmp_870                                           (bitconcatenate   ) [ 000000000000000000000000000000000000000000000]
local_C_V_addr_900                                (getelementptr    ) [ 000000000000100000000000000000000000000000000]
or_ln10373_2                                      (or               ) [ 000000000000000000000000000000000000000000000]
tmp_871                                           (bitconcatenate   ) [ 000000000000000000000000000000000000000000000]
local_C_V_addr_901                                (getelementptr    ) [ 000000000000100000000000000000000000000000000]
fifo_C_drain_C_drain_IO_L1_out_0_11_x1120_read    (read             ) [ 000000000111111111111111111111111111111111110]
br_ln0                                            (br               ) [ 000000000111111111111111111111111111111111110]
local_C_V_load                                    (load             ) [ 000000000111111111111111111111111111111111110]
br_ln10374                                        (br               ) [ 000000000111111111111111111111111111111111110]
local_C_V_load_1                                  (load             ) [ 000000000111111111111111111111111111111111110]
br_ln10374                                        (br               ) [ 000000000111111111111111111111111111111111110]
or_ln10373_3                                      (or               ) [ 000000000000000000000000000000000000000000000]
tmp_872                                           (bitconcatenate   ) [ 000000000000000000000000000000000000000000000]
local_C_V_addr_902                                (getelementptr    ) [ 000000000000010000000000000000000000000000000]
or_ln10373_4                                      (or               ) [ 000000000000000000000000000000000000000000000]
tmp_873                                           (bitconcatenate   ) [ 000000000000000000000000000000000000000000000]
local_C_V_addr_903                                (getelementptr    ) [ 000000000000010000000000000000000000000000000]
fifo_data_44_0                                    (phi              ) [ 000000000000100000000000000000000000000000000]
write_ln174                                       (write            ) [ 000000000000000000000000000000000000000000000]
fifo_C_drain_C_drain_IO_L1_out_0_11_x1120_read_1  (read             ) [ 000000000111111111111111111111111111111111110]
br_ln0                                            (br               ) [ 000000000111111111111111111111111111111111110]
local_C_V_load_2                                  (load             ) [ 000000000111111111111111111111111111111111110]
br_ln10374                                        (br               ) [ 000000000111111111111111111111111111111111110]
local_C_V_load_3                                  (load             ) [ 000000000111111111111111111111111111111111110]
br_ln10374                                        (br               ) [ 000000000111111111111111111111111111111111110]
or_ln10373_5                                      (or               ) [ 000000000000000000000000000000000000000000000]
tmp_874                                           (bitconcatenate   ) [ 000000000000000000000000000000000000000000000]
local_C_V_addr_904                                (getelementptr    ) [ 000000000000001000000000000000000000000000000]
or_ln10373_6                                      (or               ) [ 000000000000000000000000000000000000000000000]
tmp_875                                           (bitconcatenate   ) [ 000000000000000000000000000000000000000000000]
local_C_V_addr_905                                (getelementptr    ) [ 000000000000001000000000000000000000000000000]
fifo_data_44_1                                    (phi              ) [ 000000000000010000000000000000000000000000000]
write_ln174                                       (write            ) [ 000000000000000000000000000000000000000000000]
fifo_C_drain_C_drain_IO_L1_out_0_11_x1120_read_2  (read             ) [ 000000000111111111111111111111111111111111110]
br_ln0                                            (br               ) [ 000000000111111111111111111111111111111111110]
local_C_V_load_4                                  (load             ) [ 000000000111111111111111111111111111111111110]
br_ln10374                                        (br               ) [ 000000000111111111111111111111111111111111110]
local_C_V_load_5                                  (load             ) [ 000000000111111111111111111111111111111111110]
br_ln10374                                        (br               ) [ 000000000111111111111111111111111111111111110]
or_ln10373_7                                      (or               ) [ 000000000000000000000000000000000000000000000]
tmp_876                                           (bitconcatenate   ) [ 000000000000000000000000000000000000000000000]
local_C_V_addr_906                                (getelementptr    ) [ 000000000000000100000000000000000000000000000]
or_ln10373_8                                      (or               ) [ 000000000000000000000000000000000000000000000]
tmp_877                                           (bitconcatenate   ) [ 000000000000000000000000000000000000000000000]
local_C_V_addr_907                                (getelementptr    ) [ 000000000000000100000000000000000000000000000]
fifo_data_44_2                                    (phi              ) [ 000000000000001000000000000000000000000000000]
write_ln174                                       (write            ) [ 000000000000000000000000000000000000000000000]
fifo_C_drain_C_drain_IO_L1_out_0_11_x1120_read_3  (read             ) [ 000000000111111111111111111111111111111111110]
br_ln0                                            (br               ) [ 000000000111111111111111111111111111111111110]
local_C_V_load_6                                  (load             ) [ 000000000111111111111111111111111111111111110]
br_ln10374                                        (br               ) [ 000000000111111111111111111111111111111111110]
local_C_V_load_7                                  (load             ) [ 000000000111111111111111111111111111111111110]
br_ln10374                                        (br               ) [ 000000000111111111111111111111111111111111110]
or_ln10373_9                                      (or               ) [ 000000000000000000000000000000000000000000000]
tmp_878                                           (bitconcatenate   ) [ 000000000000000000000000000000000000000000000]
local_C_V_addr_908                                (getelementptr    ) [ 000000000000000010000000000000000000000000000]
or_ln10373_10                                     (or               ) [ 000000000000000000000000000000000000000000000]
tmp_879                                           (bitconcatenate   ) [ 000000000000000000000000000000000000000000000]
local_C_V_addr_909                                (getelementptr    ) [ 000000000000000010000000000000000000000000000]
fifo_data_44_3                                    (phi              ) [ 000000000000000100000000000000000000000000000]
write_ln174                                       (write            ) [ 000000000000000000000000000000000000000000000]
fifo_C_drain_C_drain_IO_L1_out_0_11_x1120_read_4  (read             ) [ 000000000111111111111111111111111111111111110]
br_ln0                                            (br               ) [ 000000000111111111111111111111111111111111110]
local_C_V_load_8                                  (load             ) [ 000000000111111111111111111111111111111111110]
br_ln10374                                        (br               ) [ 000000000111111111111111111111111111111111110]
local_C_V_load_9                                  (load             ) [ 000000000111111111111111111111111111111111110]
br_ln10374                                        (br               ) [ 000000000111111111111111111111111111111111110]
or_ln10373_11                                     (or               ) [ 000000000000000000000000000000000000000000000]
tmp_880                                           (bitconcatenate   ) [ 000000000000000000000000000000000000000000000]
local_C_V_addr_910                                (getelementptr    ) [ 000000000000000001000000000000000000000000000]
or_ln10373_12                                     (or               ) [ 000000000000000000000000000000000000000000000]
tmp_881                                           (bitconcatenate   ) [ 000000000000000000000000000000000000000000000]
local_C_V_addr_911                                (getelementptr    ) [ 000000000000000001000000000000000000000000000]
fifo_data_44_4                                    (phi              ) [ 000000000000000010000000000000000000000000000]
write_ln174                                       (write            ) [ 000000000000000000000000000000000000000000000]
fifo_C_drain_C_drain_IO_L1_out_0_11_x1120_read_5  (read             ) [ 000000000111111111111111111111111111111111110]
br_ln0                                            (br               ) [ 000000000111111111111111111111111111111111110]
local_C_V_load_10                                 (load             ) [ 000000000111111111111111111111111111111111110]
br_ln10374                                        (br               ) [ 000000000111111111111111111111111111111111110]
local_C_V_load_11                                 (load             ) [ 000000000111111111111111111111111111111111110]
br_ln10374                                        (br               ) [ 000000000111111111111111111111111111111111110]
or_ln10373_13                                     (or               ) [ 000000000000000000000000000000000000000000000]
tmp_882                                           (bitconcatenate   ) [ 000000000000000000000000000000000000000000000]
local_C_V_addr_912                                (getelementptr    ) [ 000000000000000000100000000000000000000000000]
or_ln10373_14                                     (or               ) [ 000000000000000000000000000000000000000000000]
tmp_883                                           (bitconcatenate   ) [ 000000000000000000000000000000000000000000000]
local_C_V_addr_913                                (getelementptr    ) [ 000000000000000000100000000000000000000000000]
fifo_data_44_5                                    (phi              ) [ 000000000000000001000000000000000000000000000]
write_ln174                                       (write            ) [ 000000000000000000000000000000000000000000000]
fifo_C_drain_C_drain_IO_L1_out_0_11_x1120_read_6  (read             ) [ 000000000111111111111111111111111111111111110]
br_ln0                                            (br               ) [ 000000000111111111111111111111111111111111110]
local_C_V_load_12                                 (load             ) [ 000000000111111111111111111111111111111111110]
br_ln10374                                        (br               ) [ 000000000111111111111111111111111111111111110]
local_C_V_load_13                                 (load             ) [ 000000000111111111111111111111111111111111110]
br_ln10374                                        (br               ) [ 000000000111111111111111111111111111111111110]
or_ln10373_15                                     (or               ) [ 000000000000000000000000000000000000000000000]
tmp_884                                           (bitconcatenate   ) [ 000000000000000000000000000000000000000000000]
local_C_V_addr_914                                (getelementptr    ) [ 000000000000000000010000000000000000000000000]
or_ln10373_16                                     (or               ) [ 000000000000000000000000000000000000000000000]
tmp_885                                           (bitconcatenate   ) [ 000000000000000000000000000000000000000000000]
local_C_V_addr_915                                (getelementptr    ) [ 000000000000000000010000000000000000000000000]
fifo_data_44_6                                    (phi              ) [ 000000000000000000100000000000000000000000000]
write_ln174                                       (write            ) [ 000000000000000000000000000000000000000000000]
fifo_C_drain_C_drain_IO_L1_out_0_11_x1120_read_7  (read             ) [ 000000000111111111111111111111111111111111110]
br_ln0                                            (br               ) [ 000000000111111111111111111111111111111111110]
local_C_V_load_14                                 (load             ) [ 000000000111111111111111111111111111111111110]
br_ln10374                                        (br               ) [ 000000000111111111111111111111111111111111110]
local_C_V_load_15                                 (load             ) [ 000000000111111111111111111111111111111111110]
br_ln10374                                        (br               ) [ 000000000111111111111111111111111111111111110]
or_ln10373_17                                     (or               ) [ 000000000000000000000000000000000000000000000]
tmp_886                                           (bitconcatenate   ) [ 000000000000000000000000000000000000000000000]
local_C_V_addr_916                                (getelementptr    ) [ 000000000000000000001000000000000000000000000]
or_ln10373_18                                     (or               ) [ 000000000000000000000000000000000000000000000]
tmp_887                                           (bitconcatenate   ) [ 000000000000000000000000000000000000000000000]
local_C_V_addr_917                                (getelementptr    ) [ 000000000000000000001000000000000000000000000]
fifo_data_44_7                                    (phi              ) [ 000000000000000000010000000000000000000000000]
write_ln174                                       (write            ) [ 000000000000000000000000000000000000000000000]
fifo_C_drain_C_drain_IO_L1_out_0_11_x1120_read_8  (read             ) [ 000000000111111111111111111111111111111111110]
br_ln0                                            (br               ) [ 000000000111111111111111111111111111111111110]
local_C_V_load_16                                 (load             ) [ 000000000111111111111111111111111111111111110]
br_ln10374                                        (br               ) [ 000000000111111111111111111111111111111111110]
local_C_V_load_17                                 (load             ) [ 000000000111111111111111111111111111111111110]
br_ln10374                                        (br               ) [ 000000000111111111111111111111111111111111110]
or_ln10373_19                                     (or               ) [ 000000000000000000000000000000000000000000000]
tmp_888                                           (bitconcatenate   ) [ 000000000000000000000000000000000000000000000]
local_C_V_addr_918                                (getelementptr    ) [ 000000000000000000000100000000000000000000000]
or_ln10373_20                                     (or               ) [ 000000000000000000000000000000000000000000000]
tmp_889                                           (bitconcatenate   ) [ 000000000000000000000000000000000000000000000]
local_C_V_addr_919                                (getelementptr    ) [ 000000000000000000000100000000000000000000000]
fifo_data_44_8                                    (phi              ) [ 000000000000000000001000000000000000000000000]
write_ln174                                       (write            ) [ 000000000000000000000000000000000000000000000]
fifo_C_drain_C_drain_IO_L1_out_0_11_x1120_read_9  (read             ) [ 000000000111111111111111111111111111111111110]
br_ln0                                            (br               ) [ 000000000111111111111111111111111111111111110]
local_C_V_load_18                                 (load             ) [ 000000000111111111111111111111111111111111110]
br_ln10374                                        (br               ) [ 000000000111111111111111111111111111111111110]
local_C_V_load_19                                 (load             ) [ 000000000111111111111111111111111111111111110]
br_ln10374                                        (br               ) [ 000000000111111111111111111111111111111111110]
or_ln10373_21                                     (or               ) [ 000000000000000000000000000000000000000000000]
tmp_890                                           (bitconcatenate   ) [ 000000000000000000000000000000000000000000000]
local_C_V_addr_920                                (getelementptr    ) [ 000000000000000000000010000000000000000000000]
or_ln10373_22                                     (or               ) [ 000000000000000000000000000000000000000000000]
tmp_891                                           (bitconcatenate   ) [ 000000000000000000000000000000000000000000000]
local_C_V_addr_921                                (getelementptr    ) [ 000000000000000000000010000000000000000000000]
fifo_data_44_9                                    (phi              ) [ 000000000000000000000100000000000000000000000]
write_ln174                                       (write            ) [ 000000000000000000000000000000000000000000000]
fifo_C_drain_C_drain_IO_L1_out_0_11_x1120_read_10 (read             ) [ 000000000111111111111111111111111111111111110]
br_ln0                                            (br               ) [ 000000000111111111111111111111111111111111110]
local_C_V_load_20                                 (load             ) [ 000000000111111111111111111111111111111111110]
br_ln10374                                        (br               ) [ 000000000111111111111111111111111111111111110]
local_C_V_load_21                                 (load             ) [ 000000000111111111111111111111111111111111110]
br_ln10374                                        (br               ) [ 000000000111111111111111111111111111111111110]
or_ln10373_23                                     (or               ) [ 000000000000000000000000000000000000000000000]
tmp_892                                           (bitconcatenate   ) [ 000000000000000000000000000000000000000000000]
local_C_V_addr_922                                (getelementptr    ) [ 000000000000000000000001000000000000000000000]
or_ln10373_24                                     (or               ) [ 000000000000000000000000000000000000000000000]
tmp_893                                           (bitconcatenate   ) [ 000000000000000000000000000000000000000000000]
local_C_V_addr_923                                (getelementptr    ) [ 000000000000000000000001000000000000000000000]
fifo_data_44_10                                   (phi              ) [ 000000000000000000000010000000000000000000000]
write_ln174                                       (write            ) [ 000000000000000000000000000000000000000000000]
fifo_C_drain_C_drain_IO_L1_out_0_11_x1120_read_11 (read             ) [ 000000000111111111111111111111111111111111110]
br_ln0                                            (br               ) [ 000000000111111111111111111111111111111111110]
local_C_V_load_22                                 (load             ) [ 000000000111111111111111111111111111111111110]
br_ln10374                                        (br               ) [ 000000000111111111111111111111111111111111110]
local_C_V_load_23                                 (load             ) [ 000000000111111111111111111111111111111111110]
br_ln10374                                        (br               ) [ 000000000111111111111111111111111111111111110]
or_ln10373_25                                     (or               ) [ 000000000000000000000000000000000000000000000]
tmp_894                                           (bitconcatenate   ) [ 000000000000000000000000000000000000000000000]
local_C_V_addr_924                                (getelementptr    ) [ 000000000000000000000000100000000000000000000]
or_ln10373_26                                     (or               ) [ 000000000000000000000000000000000000000000000]
tmp_895                                           (bitconcatenate   ) [ 000000000000000000000000000000000000000000000]
local_C_V_addr_925                                (getelementptr    ) [ 000000000000000000000000100000000000000000000]
fifo_data_44_11                                   (phi              ) [ 000000000000000000000001000000000000000000000]
write_ln174                                       (write            ) [ 000000000000000000000000000000000000000000000]
fifo_C_drain_C_drain_IO_L1_out_0_11_x1120_read_12 (read             ) [ 000000000111111111111111111111111111111111110]
br_ln0                                            (br               ) [ 000000000111111111111111111111111111111111110]
local_C_V_load_24                                 (load             ) [ 000000000111111111111111111111111111111111110]
br_ln10374                                        (br               ) [ 000000000111111111111111111111111111111111110]
local_C_V_load_25                                 (load             ) [ 000000000111111111111111111111111111111111110]
br_ln10374                                        (br               ) [ 000000000111111111111111111111111111111111110]
or_ln10373_27                                     (or               ) [ 000000000000000000000000000000000000000000000]
tmp_896                                           (bitconcatenate   ) [ 000000000000000000000000000000000000000000000]
local_C_V_addr_926                                (getelementptr    ) [ 000000000000000000000000010000000000000000000]
or_ln10373_28                                     (or               ) [ 000000000000000000000000000000000000000000000]
tmp_897                                           (bitconcatenate   ) [ 000000000000000000000000000000000000000000000]
local_C_V_addr_927                                (getelementptr    ) [ 000000000000000000000000010000000000000000000]
fifo_data_44_12                                   (phi              ) [ 000000000000000000000000100000000000000000000]
write_ln174                                       (write            ) [ 000000000000000000000000000000000000000000000]
fifo_C_drain_C_drain_IO_L1_out_0_11_x1120_read_13 (read             ) [ 000000000111111111111111111111111111111111110]
br_ln0                                            (br               ) [ 000000000111111111111111111111111111111111110]
local_C_V_load_26                                 (load             ) [ 000000000111111111111111111111111111111111110]
br_ln10374                                        (br               ) [ 000000000111111111111111111111111111111111110]
local_C_V_load_27                                 (load             ) [ 000000000111111111111111111111111111111111110]
br_ln10374                                        (br               ) [ 000000000111111111111111111111111111111111110]
specloopname_ln0                                  (specloopname     ) [ 000000000000000000000000000000000000000000000]
speclooptripcount_ln0                             (speclooptripcount) [ 000000000000000000000000000000000000000000000]
or_ln10373_29                                     (or               ) [ 000000000000000000000000000000000000000000000]
tmp_898                                           (bitconcatenate   ) [ 000000000000000000000000000000000000000000000]
local_C_V_addr_928                                (getelementptr    ) [ 000000000000000000000000001000000000000000000]
or_ln10373_30                                     (or               ) [ 000000000000000000000000000000000000000000000]
tmp_899                                           (bitconcatenate   ) [ 000000000000000000000000000000000000000000000]
local_C_V_addr_929                                (getelementptr    ) [ 000000000000000000000000001000000000000000000]
specpipeline_ln10368                              (specpipeline     ) [ 000000000000000000000000000000000000000000000]
specloopname_ln10368                              (specloopname     ) [ 000000000000000000000000000000000000000000000]
fifo_data_44_13                                   (phi              ) [ 000000000000000000000000010000000000000000000]
write_ln174                                       (write            ) [ 000000000000000000000000000000000000000000000]
fifo_C_drain_C_drain_IO_L1_out_0_11_x1120_read_14 (read             ) [ 000000000111111111111111111111111111111111110]
br_ln0                                            (br               ) [ 000000000111111111111111111111111111111111110]
local_C_V_load_28                                 (load             ) [ 000000000111111111111111111111111111111111110]
br_ln10374                                        (br               ) [ 000000000111111111111111111111111111111111110]
local_C_V_load_29                                 (load             ) [ 000000000111111111111111111111111111111111110]
br_ln10374                                        (br               ) [ 000000000111111111111111111111111111111111110]
fifo_data_44_14                                   (phi              ) [ 000000000000000000000000001000000000000000000]
write_ln174                                       (write            ) [ 000000000000000000000000000000000000000000000]
fifo_C_drain_C_drain_IO_L1_out_0_11_x1120_read_15 (read             ) [ 000000000111111111111111111111111111111111110]
br_ln0                                            (br               ) [ 000000000111111111111111111111111111111111110]
local_C_V_load_30                                 (load             ) [ 000000000111111111111111111111111111111111110]
br_ln10374                                        (br               ) [ 000000000111111111111111111111111111111111110]
local_C_V_load_31                                 (load             ) [ 000000000111111111111111111111111111111111110]
br_ln10374                                        (br               ) [ 000000000111111111111111111111111111111111110]
fifo_data_44_15                                   (phi              ) [ 000000000000000000000000000100000000000000000]
write_ln174                                       (write            ) [ 000000000000000000000000000000000000000000000]
fifo_C_drain_C_drain_IO_L1_out_0_11_x1120_read_16 (read             ) [ 000000000111111111111111111111111111111111110]
br_ln0                                            (br               ) [ 000000000111111111111111111111111111111111110]
fifo_data_44_16                                   (phi              ) [ 000000000000000000000000000010000000000000000]
write_ln174                                       (write            ) [ 000000000000000000000000000000000000000000000]
fifo_C_drain_C_drain_IO_L1_out_0_11_x1120_read_17 (read             ) [ 000000000111111111111111111111111111111111110]
br_ln0                                            (br               ) [ 000000000111111111111111111111111111111111110]
fifo_data_44_17                                   (phi              ) [ 000000000000000000000000000001000000000000000]
write_ln174                                       (write            ) [ 000000000000000000000000000000000000000000000]
fifo_C_drain_C_drain_IO_L1_out_0_11_x1120_read_18 (read             ) [ 000000000111111111111111111111111111111111110]
br_ln0                                            (br               ) [ 000000000111111111111111111111111111111111110]
fifo_data_44_18                                   (phi              ) [ 000000000000000000000000000000100000000000000]
write_ln174                                       (write            ) [ 000000000000000000000000000000000000000000000]
fifo_C_drain_C_drain_IO_L1_out_0_11_x1120_read_19 (read             ) [ 000000000111111111111111111111111111111111110]
br_ln0                                            (br               ) [ 000000000111111111111111111111111111111111110]
fifo_data_44_19                                   (phi              ) [ 000000000000000000000000000000010000000000000]
write_ln174                                       (write            ) [ 000000000000000000000000000000000000000000000]
fifo_C_drain_C_drain_IO_L1_out_0_11_x1120_read_20 (read             ) [ 000000000111111111111111111111111111111111110]
br_ln0                                            (br               ) [ 000000000111111111111111111111111111111111110]
fifo_data_44_20                                   (phi              ) [ 000000000000000000000000000000001000000000000]
write_ln174                                       (write            ) [ 000000000000000000000000000000000000000000000]
fifo_C_drain_C_drain_IO_L1_out_0_11_x1120_read_21 (read             ) [ 000000000111111111111111111111111111111111110]
br_ln0                                            (br               ) [ 000000000111111111111111111111111111111111110]
fifo_data_44_21                                   (phi              ) [ 000000000000000000000000000000000100000000000]
write_ln174                                       (write            ) [ 000000000000000000000000000000000000000000000]
fifo_C_drain_C_drain_IO_L1_out_0_11_x1120_read_22 (read             ) [ 000000000111111111111111111111111111111111110]
br_ln0                                            (br               ) [ 000000000111111111111111111111111111111111110]
fifo_data_44_22                                   (phi              ) [ 000000000000000000000000000000000010000000000]
write_ln174                                       (write            ) [ 000000000000000000000000000000000000000000000]
fifo_C_drain_C_drain_IO_L1_out_0_11_x1120_read_23 (read             ) [ 000000000111111111111111111111111111111111110]
br_ln0                                            (br               ) [ 000000000111111111111111111111111111111111110]
fifo_data_44_23                                   (phi              ) [ 000000000000000000000000000000000001000000000]
write_ln174                                       (write            ) [ 000000000000000000000000000000000000000000000]
fifo_C_drain_C_drain_IO_L1_out_0_11_x1120_read_24 (read             ) [ 000000000111111111111111111111111111111111110]
br_ln0                                            (br               ) [ 000000000111111111111111111111111111111111110]
fifo_data_44_24                                   (phi              ) [ 000000000000000000000000000000000000100000000]
write_ln174                                       (write            ) [ 000000000000000000000000000000000000000000000]
fifo_C_drain_C_drain_IO_L1_out_0_11_x1120_read_25 (read             ) [ 000000000111111111111111111111111111111111110]
br_ln0                                            (br               ) [ 000000000111111111111111111111111111111111110]
fifo_data_44_25                                   (phi              ) [ 000000000000000000000000000000000000010000000]
write_ln174                                       (write            ) [ 000000000000000000000000000000000000000000000]
fifo_C_drain_C_drain_IO_L1_out_0_11_x1120_read_26 (read             ) [ 000000000111111111111111111111111111111111110]
br_ln0                                            (br               ) [ 000000000111111111111111111111111111111111110]
fifo_data_44_26                                   (phi              ) [ 000000000000000000000000000000000000001000000]
write_ln174                                       (write            ) [ 000000000000000000000000000000000000000000000]
fifo_C_drain_C_drain_IO_L1_out_0_11_x1120_read_27 (read             ) [ 000000000111111111111111111111111111111111110]
br_ln0                                            (br               ) [ 000000000111111111111111111111111111111111110]
fifo_data_44_27                                   (phi              ) [ 000000000000000000000000000000000000000100000]
write_ln174                                       (write            ) [ 000000000000000000000000000000000000000000000]
fifo_C_drain_C_drain_IO_L1_out_0_11_x1120_read_28 (read             ) [ 000000000111111111111111111111111111111111110]
br_ln0                                            (br               ) [ 000000000111111111111111111111111111111111110]
fifo_data_44_28                                   (phi              ) [ 000000000000000000000000000000000000000010000]
write_ln174                                       (write            ) [ 000000000000000000000000000000000000000000000]
fifo_C_drain_C_drain_IO_L1_out_0_11_x1120_read_29 (read             ) [ 000000000111111111111111111111111111111111110]
br_ln0                                            (br               ) [ 000000000111111111111111111111111111111111110]
add_ln691_475                                     (add              ) [ 000000001111000000000000000000000000000001110]
fifo_data_44_29                                   (phi              ) [ 000000000100000000000000000000000000000001000]
write_ln174                                       (write            ) [ 000000000000000000000000000000000000000000000]
fifo_C_drain_C_drain_IO_L1_out_0_11_x1120_read_30 (read             ) [ 000000000111111111111111111111111111111111110]
br_ln0                                            (br               ) [ 000000000111111111111111111111111111111111110]
fifo_data_44_30                                   (phi              ) [ 000000000010000000000000000000000000000000100]
write_ln174                                       (write            ) [ 000000000000000000000000000000000000000000000]
fifo_C_drain_C_drain_IO_L1_out_0_11_x1120_read_31 (read             ) [ 000000000111111111111111111111111111111111110]
br_ln0                                            (br               ) [ 000000000111111111111111111111111111111111110]
fifo_data_44_31                                   (phi              ) [ 000000000001000000000000000000000000000000010]
write_ln174                                       (write            ) [ 000000000000000000000000000000000000000000000]
br_ln0                                            (br               ) [ 000000001111111111111111111111111111111111110]
ret_ln10381                                       (ret              ) [ 000000000000000000000000000000000000000000000]
</LifeTime>

<model>

<comp_list>
<comp id="0" class="1000" name="fifo_C_drain_C_drain_IO_L1_out_0_11_x1120">
<pin_list>
<pin id="1" dir="1" index="0" bw="1" slack="0"/>
</pin_list>
<bind>
<StgValue><ssdm name="fifo_C_drain_C_drain_IO_L1_out_0_11_x1120"/></StgValue>
</bind>
</comp>

<comp id="2" class="1000" name="fifo_C_drain_C_drain_IO_L1_out_0_10_x1119">
<pin_list>
<pin id="3" dir="1" index="0" bw="1" slack="0"/>
</pin_list>
<bind>
<StgValue><ssdm name="fifo_C_drain_C_drain_IO_L1_out_0_10_x1119"/></StgValue>
</bind>
</comp>

<comp id="4" class="1000" name="fifo_C_drain_PE_10_0_x193">
<pin_list>
<pin id="5" dir="1" index="0" bw="1" slack="0"/>
</pin_list>
<bind>
<StgValue><ssdm name="fifo_C_drain_PE_10_0_x193"/></StgValue>
</bind>
</comp>

<comp id="6" class="1001" name="const_6">
<pin_list>
<pin id="7" dir="1" index="0" bw="1" slack="2147483647"/>
</pin_list>
<bind>
<StgValue><ssdm name="_ssdm_op_SpecInterface"/></StgValue>
</bind>
</comp>

<comp id="8" class="1001" name="const_8">
<pin_list>
<pin id="9" dir="1" index="0" bw="1" slack="2147483647"/>
</pin_list>
<bind>
<StgValue><ssdm name="empty_198"/></StgValue>
</bind>
</comp>

<comp id="10" class="1001" name="const_10">
<pin_list>
<pin id="11" dir="1" index="0" bw="1" slack="2147483647"/>
</pin_list>
<bind>
<StgValue><ssdm name=""/></StgValue>
</bind>
</comp>

<comp id="12" class="1001" name="const_12">
<pin_list>
<pin id="13" dir="1" index="0" bw="1" slack="2147483647"/>
</pin_list>
<bind>
<StgValue><ssdm name="empty_647"/></StgValue>
</bind>
</comp>

<comp id="14" class="1001" name="const_14">
<pin_list>
<pin id="15" dir="1" index="0" bw="1" slack="0"/>
</pin_list>
<bind>
<StgValue><ssdm name=""/></StgValue>
</bind>
</comp>

<comp id="16" class="1001" name="const_16">
<pin_list>
<pin id="17" dir="1" index="0" bw="1" slack="2147483647"/>
</pin_list>
<bind>
<StgValue><ssdm name="_ssdm_op_SpecMemCore"/></StgValue>
</bind>
</comp>

<comp id="18" class="1001" name="const_18">
<pin_list>
<pin id="19" dir="1" index="0" bw="1" slack="2147483647"/>
</pin_list>
<bind>
<StgValue><ssdm name=""/></StgValue>
</bind>
</comp>

<comp id="20" class="1001" name="const_20">
<pin_list>
<pin id="21" dir="1" index="0" bw="1" slack="2147483647"/>
</pin_list>
<bind>
<StgValue><ssdm name=""/></StgValue>
</bind>
</comp>

<comp id="22" class="1001" name="const_22">
<pin_list>
<pin id="23" dir="1" index="0" bw="1" slack="2147483647"/>
</pin_list>
<bind>
<StgValue><ssdm name=""/></StgValue>
</bind>
</comp>

<comp id="24" class="1001" name="const_24">
<pin_list>
<pin id="25" dir="1" index="0" bw="1" slack="0"/>
</pin_list>
<bind>
<StgValue><ssdm name=""/></StgValue>
</bind>
</comp>

<comp id="26" class="1001" name="const_26">
<pin_list>
<pin id="27" dir="1" index="0" bw="1" slack="1"/>
</pin_list>
<bind>
<StgValue><ssdm name=""/></StgValue>
</bind>
</comp>

<comp id="28" class="1001" name="const_28">
<pin_list>
<pin id="29" dir="1" index="0" bw="1" slack="1"/>
</pin_list>
<bind>
<StgValue><ssdm name=""/></StgValue>
</bind>
</comp>

<comp id="30" class="1001" name="const_30">
<pin_list>
<pin id="31" dir="1" index="0" bw="1" slack="0"/>
</pin_list>
<bind>
<StgValue><ssdm name=""/></StgValue>
</bind>
</comp>

<comp id="32" class="1001" name="const_32">
<pin_list>
<pin id="33" dir="1" index="0" bw="1" slack="0"/>
</pin_list>
<bind>
<StgValue><ssdm name=""/></StgValue>
</bind>
</comp>

<comp id="34" class="1001" name="const_34">
<pin_list>
<pin id="35" dir="1" index="0" bw="1" slack="0"/>
</pin_list>
<bind>
<StgValue><ssdm name=""/></StgValue>
</bind>
</comp>

<comp id="36" class="1001" name="const_36">
<pin_list>
<pin id="37" dir="1" index="0" bw="1" slack="0"/>
</pin_list>
<bind>
<StgValue><ssdm name=""/></StgValue>
</bind>
</comp>

<comp id="38" class="1001" name="const_38">
<pin_list>
<pin id="39" dir="1" index="0" bw="1" slack="0"/>
</pin_list>
<bind>
<StgValue><ssdm name=""/></StgValue>
</bind>
</comp>

<comp id="40" class="1001" name="const_40">
<pin_list>
<pin id="41" dir="1" index="0" bw="1" slack="0"/>
</pin_list>
<bind>
<StgValue><ssdm name="_ssdm_op_PartSelect.i5.i7.i32.i32"/></StgValue>
</bind>
</comp>

<comp id="42" class="1001" name="const_42">
<pin_list>
<pin id="43" dir="1" index="0" bw="1" slack="0"/>
</pin_list>
<bind>
<StgValue><ssdm name=""/></StgValue>
</bind>
</comp>

<comp id="44" class="1001" name="const_44">
<pin_list>
<pin id="45" dir="1" index="0" bw="1" slack="0"/>
</pin_list>
<bind>
<StgValue><ssdm name=""/></StgValue>
</bind>
</comp>

<comp id="46" class="1001" name="const_46">
<pin_list>
<pin id="47" dir="1" index="0" bw="1" slack="0"/>
</pin_list>
<bind>
<StgValue><ssdm name="_ssdm_op_BitConcatenate.i10.i5.i5"/></StgValue>
</bind>
</comp>

<comp id="48" class="1001" name="const_48">
<pin_list>
<pin id="49" dir="1" index="0" bw="1" slack="0"/>
</pin_list>
<bind>
<StgValue><ssdm name=""/></StgValue>
</bind>
</comp>

<comp id="50" class="1001" name="const_50">
<pin_list>
<pin id="51" dir="1" index="0" bw="1" slack="0"/>
</pin_list>
<bind>
<StgValue><ssdm name="_ssdm_op_PartSelect.i32.i64.i32.i32"/></StgValue>
</bind>
</comp>

<comp id="52" class="1001" name="const_52">
<pin_list>
<pin id="53" dir="1" index="0" bw="1" slack="0"/>
</pin_list>
<bind>
<StgValue><ssdm name=""/></StgValue>
</bind>
</comp>

<comp id="54" class="1001" name="const_54">
<pin_list>
<pin id="55" dir="1" index="0" bw="1" slack="0"/>
</pin_list>
<bind>
<StgValue><ssdm name=""/></StgValue>
</bind>
</comp>

<comp id="56" class="1001" name="const_56">
<pin_list>
<pin id="57" dir="1" index="0" bw="1" slack="0"/>
</pin_list>
<bind>
<StgValue><ssdm name="_ssdm_op_Read.ap_fifo.volatile.i32P0A"/></StgValue>
</bind>
</comp>

<comp id="58" class="1001" name="const_58">
<pin_list>
<pin id="59" dir="1" index="0" bw="1" slack="2147483647"/>
</pin_list>
<bind>
<StgValue><ssdm name="_ssdm_op_SpecLoopName"/></StgValue>
</bind>
</comp>

<comp id="60" class="1001" name="const_60">
<pin_list>
<pin id="61" dir="1" index="0" bw="1" slack="2147483647"/>
</pin_list>
<bind>
<StgValue><ssdm name="C_drain_IO_L1_out_1_x1_loop_1_C_drain_IO_L1_out_1_x1_loop_2_str"/></StgValue>
</bind>
</comp>

<comp id="62" class="1001" name="const_62">
<pin_list>
<pin id="63" dir="1" index="0" bw="1" slack="2147483647"/>
</pin_list>
<bind>
<StgValue><ssdm name="_ssdm_op_SpecLoopTripCount"/></StgValue>
</bind>
</comp>

<comp id="64" class="1001" name="const_64">
<pin_list>
<pin id="65" dir="1" index="0" bw="1" slack="2147483647"/>
</pin_list>
<bind>
<StgValue><ssdm name=""/></StgValue>
</bind>
</comp>

<comp id="66" class="1001" name="const_66">
<pin_list>
<pin id="67" dir="1" index="0" bw="1" slack="2147483647"/>
</pin_list>
<bind>
<StgValue><ssdm name="_ssdm_op_SpecPipeline"/></StgValue>
</bind>
</comp>

<comp id="68" class="1001" name="const_68">
<pin_list>
<pin id="69" dir="1" index="0" bw="1" slack="2147483647"/>
</pin_list>
<bind>
<StgValue><ssdm name="empty_424"/></StgValue>
</bind>
</comp>

<comp id="70" class="1001" name="const_70">
<pin_list>
<pin id="71" dir="1" index="0" bw="1" slack="0"/>
</pin_list>
<bind>
<StgValue><ssdm name="_ssdm_op_BitConcatenate.i64.i32.i32"/></StgValue>
</bind>
</comp>

<comp id="72" class="1001" name="const_72">
<pin_list>
<pin id="73" dir="1" index="0" bw="1" slack="1"/>
</pin_list>
<bind>
<StgValue><ssdm name=""/></StgValue>
</bind>
</comp>

<comp id="74" class="1001" name="const_74">
<pin_list>
<pin id="75" dir="1" index="0" bw="1" slack="0"/>
</pin_list>
<bind>
<StgValue><ssdm name=""/></StgValue>
</bind>
</comp>

<comp id="76" class="1001" name="const_76">
<pin_list>
<pin id="77" dir="1" index="0" bw="1" slack="0"/>
</pin_list>
<bind>
<StgValue><ssdm name=""/></StgValue>
</bind>
</comp>

<comp id="78" class="1001" name="const_78">
<pin_list>
<pin id="79" dir="1" index="0" bw="1" slack="0"/>
</pin_list>
<bind>
<StgValue><ssdm name=""/></StgValue>
</bind>
</comp>

<comp id="80" class="1001" name="const_80">
<pin_list>
<pin id="81" dir="1" index="0" bw="1" slack="0"/>
</pin_list>
<bind>
<StgValue><ssdm name=""/></StgValue>
</bind>
</comp>

<comp id="82" class="1001" name="const_82">
<pin_list>
<pin id="83" dir="1" index="0" bw="1" slack="0"/>
</pin_list>
<bind>
<StgValue><ssdm name=""/></StgValue>
</bind>
</comp>

<comp id="84" class="1001" name="const_84">
<pin_list>
<pin id="85" dir="1" index="0" bw="1" slack="0"/>
</pin_list>
<bind>
<StgValue><ssdm name="_ssdm_op_BitConcatenate.i64.i54.i10"/></StgValue>
</bind>
</comp>

<comp id="86" class="1001" name="const_86">
<pin_list>
<pin id="87" dir="1" index="0" bw="1" slack="0"/>
</pin_list>
<bind>
<StgValue><ssdm name=""/></StgValue>
</bind>
</comp>

<comp id="88" class="1001" name="const_88">
<pin_list>
<pin id="89" dir="1" index="0" bw="1" slack="0"/>
</pin_list>
<bind>
<StgValue><ssdm name=""/></StgValue>
</bind>
</comp>

<comp id="90" class="1001" name="const_90">
<pin_list>
<pin id="91" dir="1" index="0" bw="1" slack="0"/>
</pin_list>
<bind>
<StgValue><ssdm name=""/></StgValue>
</bind>
</comp>

<comp id="92" class="1001" name="const_92">
<pin_list>
<pin id="93" dir="1" index="0" bw="1" slack="0"/>
</pin_list>
<bind>
<StgValue><ssdm name="_ssdm_op_Read.ap_fifo.volatile.i64P0A"/></StgValue>
</bind>
</comp>

<comp id="94" class="1001" name="const_94">
<pin_list>
<pin id="95" dir="1" index="0" bw="1" slack="0"/>
</pin_list>
<bind>
<StgValue><ssdm name=""/></StgValue>
</bind>
</comp>

<comp id="96" class="1001" name="const_96">
<pin_list>
<pin id="97" dir="1" index="0" bw="1" slack="0"/>
</pin_list>
<bind>
<StgValue><ssdm name=""/></StgValue>
</bind>
</comp>

<comp id="98" class="1001" name="const_98">
<pin_list>
<pin id="99" dir="1" index="0" bw="1" slack="0"/>
</pin_list>
<bind>
<StgValue><ssdm name="_ssdm_op_Write.ap_fifo.volatile.i64P0A"/></StgValue>
</bind>
</comp>

<comp id="100" class="1001" name="const_100">
<pin_list>
<pin id="101" dir="1" index="0" bw="1" slack="0"/>
</pin_list>
<bind>
<StgValue><ssdm name=""/></StgValue>
</bind>
</comp>

<comp id="102" class="1001" name="const_102">
<pin_list>
<pin id="103" dir="1" index="0" bw="1" slack="0"/>
</pin_list>
<bind>
<StgValue><ssdm name=""/></StgValue>
</bind>
</comp>

<comp id="104" class="1001" name="const_104">
<pin_list>
<pin id="105" dir="1" index="0" bw="1" slack="0"/>
</pin_list>
<bind>
<StgValue><ssdm name=""/></StgValue>
</bind>
</comp>

<comp id="106" class="1001" name="const_106">
<pin_list>
<pin id="107" dir="1" index="0" bw="1" slack="0"/>
</pin_list>
<bind>
<StgValue><ssdm name=""/></StgValue>
</bind>
</comp>

<comp id="108" class="1001" name="const_108">
<pin_list>
<pin id="109" dir="1" index="0" bw="1" slack="0"/>
</pin_list>
<bind>
<StgValue><ssdm name=""/></StgValue>
</bind>
</comp>

<comp id="110" class="1001" name="const_110">
<pin_list>
<pin id="111" dir="1" index="0" bw="1" slack="0"/>
</pin_list>
<bind>
<StgValue><ssdm name=""/></StgValue>
</bind>
</comp>

<comp id="112" class="1001" name="const_112">
<pin_list>
<pin id="113" dir="1" index="0" bw="1" slack="0"/>
</pin_list>
<bind>
<StgValue><ssdm name=""/></StgValue>
</bind>
</comp>

<comp id="114" class="1001" name="const_114">
<pin_list>
<pin id="115" dir="1" index="0" bw="1" slack="0"/>
</pin_list>
<bind>
<StgValue><ssdm name=""/></StgValue>
</bind>
</comp>

<comp id="116" class="1001" name="const_116">
<pin_list>
<pin id="117" dir="1" index="0" bw="1" slack="0"/>
</pin_list>
<bind>
<StgValue><ssdm name=""/></StgValue>
</bind>
</comp>

<comp id="118" class="1001" name="const_118">
<pin_list>
<pin id="119" dir="1" index="0" bw="1" slack="0"/>
</pin_list>
<bind>
<StgValue><ssdm name=""/></StgValue>
</bind>
</comp>

<comp id="120" class="1001" name="const_120">
<pin_list>
<pin id="121" dir="1" index="0" bw="1" slack="0"/>
</pin_list>
<bind>
<StgValue><ssdm name=""/></StgValue>
</bind>
</comp>

<comp id="122" class="1001" name="const_122">
<pin_list>
<pin id="123" dir="1" index="0" bw="1" slack="0"/>
</pin_list>
<bind>
<StgValue><ssdm name=""/></StgValue>
</bind>
</comp>

<comp id="124" class="1001" name="const_124">
<pin_list>
<pin id="125" dir="1" index="0" bw="1" slack="0"/>
</pin_list>
<bind>
<StgValue><ssdm name=""/></StgValue>
</bind>
</comp>

<comp id="126" class="1001" name="const_126">
<pin_list>
<pin id="127" dir="1" index="0" bw="1" slack="0"/>
</pin_list>
<bind>
<StgValue><ssdm name=""/></StgValue>
</bind>
</comp>

<comp id="128" class="1001" name="const_128">
<pin_list>
<pin id="129" dir="1" index="0" bw="1" slack="0"/>
</pin_list>
<bind>
<StgValue><ssdm name=""/></StgValue>
</bind>
</comp>

<comp id="130" class="1001" name="const_130">
<pin_list>
<pin id="131" dir="1" index="0" bw="1" slack="0"/>
</pin_list>
<bind>
<StgValue><ssdm name=""/></StgValue>
</bind>
</comp>

<comp id="132" class="1001" name="const_132">
<pin_list>
<pin id="133" dir="1" index="0" bw="1" slack="0"/>
</pin_list>
<bind>
<StgValue><ssdm name=""/></StgValue>
</bind>
</comp>

<comp id="134" class="1001" name="const_134">
<pin_list>
<pin id="135" dir="1" index="0" bw="1" slack="0"/>
</pin_list>
<bind>
<StgValue><ssdm name=""/></StgValue>
</bind>
</comp>

<comp id="136" class="1001" name="const_136">
<pin_list>
<pin id="137" dir="1" index="0" bw="1" slack="0"/>
</pin_list>
<bind>
<StgValue><ssdm name=""/></StgValue>
</bind>
</comp>

<comp id="138" class="1001" name="const_138">
<pin_list>
<pin id="139" dir="1" index="0" bw="1" slack="0"/>
</pin_list>
<bind>
<StgValue><ssdm name=""/></StgValue>
</bind>
</comp>

<comp id="140" class="1001" name="const_140">
<pin_list>
<pin id="141" dir="1" index="0" bw="1" slack="0"/>
</pin_list>
<bind>
<StgValue><ssdm name=""/></StgValue>
</bind>
</comp>

<comp id="142" class="1001" name="const_142">
<pin_list>
<pin id="143" dir="1" index="0" bw="1" slack="0"/>
</pin_list>
<bind>
<StgValue><ssdm name=""/></StgValue>
</bind>
</comp>

<comp id="144" class="1001" name="const_144">
<pin_list>
<pin id="145" dir="1" index="0" bw="1" slack="0"/>
</pin_list>
<bind>
<StgValue><ssdm name=""/></StgValue>
</bind>
</comp>

<comp id="146" class="1001" name="const_146">
<pin_list>
<pin id="147" dir="1" index="0" bw="1" slack="0"/>
</pin_list>
<bind>
<StgValue><ssdm name=""/></StgValue>
</bind>
</comp>

<comp id="148" class="1001" name="const_148">
<pin_list>
<pin id="149" dir="1" index="0" bw="1" slack="2147483647"/>
</pin_list>
<bind>
<StgValue><ssdm name="C_drain_IO_L1_out_1_x1_loop_4_C_drain_IO_L1_out_1_x1_loop_5_str"/></StgValue>
</bind>
</comp>

<comp id="150" class="1001" name="const_150">
<pin_list>
<pin id="151" dir="1" index="0" bw="1" slack="2147483647"/>
</pin_list>
<bind>
<StgValue><ssdm name=""/></StgValue>
</bind>
</comp>

<comp id="152" class="1001" name="const_152">
<pin_list>
<pin id="153" dir="1" index="0" bw="1" slack="0"/>
</pin_list>
<bind>
<StgValue><ssdm name=""/></StgValue>
</bind>
</comp>

<comp id="154" class="1001" name="const_154">
<pin_list>
<pin id="155" dir="1" index="0" bw="1" slack="0"/>
</pin_list>
<bind>
<StgValue><ssdm name=""/></StgValue>
</bind>
</comp>

<comp id="156" class="1001" name="const_156">
<pin_list>
<pin id="157" dir="1" index="0" bw="1" slack="2147483647"/>
</pin_list>
<bind>
<StgValue><ssdm name="empty_402"/></StgValue>
</bind>
</comp>

<comp id="158" class="1004" name="local_C_V_alloca_fu_158">
<pin_list>
<pin id="159" dir="0" index="0" bw="1" slack="0"/>
<pin id="160" dir="1" index="1" bw="64" slack="2147483647"/>
</pin_list>
<bind>
<opcode="alloca(26) " fcode="alloca"/>
<opset="local_C_V/1 "/>
</bind>
</comp>

<comp id="162" class="1004" name="buf_data_split_V_alloca_fu_162">
<pin_list>
<pin id="163" dir="0" index="0" bw="1" slack="0"/>
<pin id="164" dir="1" index="1" bw="32" slack="0"/>
</pin_list>
<bind>
<opcode="alloca(26) " fcode="alloca"/>
<opset="buf_data_split_V/1 "/>
</bind>
</comp>

<comp id="166" class="1004" name="tmp_900_read_fu_166">
<pin_list>
<pin id="167" dir="0" index="0" bw="32" slack="0"/>
<pin id="168" dir="0" index="1" bw="32" slack="0"/>
<pin id="169" dir="1" index="2" bw="32" slack="0"/>
</pin_list>
<bind>
<opcode="read(1150) " fcode="read"/>
<opset="tmp_900/5 "/>
</bind>
</comp>

<comp id="172" class="1004" name="grp_read_fu_172">
<pin_list>
<pin id="173" dir="0" index="0" bw="64" slack="0"/>
<pin id="174" dir="0" index="1" bw="64" slack="0"/>
<pin id="175" dir="1" index="2" bw="64" slack="1"/>
</pin_list>
<bind>
<opcode="read(1150) " fcode="read"/>
<opset="fifo_C_drain_C_drain_IO_L1_out_0_11_x1120_read/11 fifo_C_drain_C_drain_IO_L1_out_0_11_x1120_read_1/12 fifo_C_drain_C_drain_IO_L1_out_0_11_x1120_read_2/13 fifo_C_drain_C_drain_IO_L1_out_0_11_x1120_read_3/14 fifo_C_drain_C_drain_IO_L1_out_0_11_x1120_read_4/15 fifo_C_drain_C_drain_IO_L1_out_0_11_x1120_read_5/16 fifo_C_drain_C_drain_IO_L1_out_0_11_x1120_read_6/17 fifo_C_drain_C_drain_IO_L1_out_0_11_x1120_read_7/18 fifo_C_drain_C_drain_IO_L1_out_0_11_x1120_read_8/19 fifo_C_drain_C_drain_IO_L1_out_0_11_x1120_read_9/20 fifo_C_drain_C_drain_IO_L1_out_0_11_x1120_read_10/21 fifo_C_drain_C_drain_IO_L1_out_0_11_x1120_read_11/22 fifo_C_drain_C_drain_IO_L1_out_0_11_x1120_read_12/23 fifo_C_drain_C_drain_IO_L1_out_0_11_x1120_read_13/24 fifo_C_drain_C_drain_IO_L1_out_0_11_x1120_read_14/25 fifo_C_drain_C_drain_IO_L1_out_0_11_x1120_read_15/26 fifo_C_drain_C_drain_IO_L1_out_0_11_x1120_read_16/27 fifo_C_drain_C_drain_IO_L1_out_0_11_x1120_read_17/28 fifo_C_drain_C_drain_IO_L1_out_0_11_x1120_read_18/29 fifo_C_drain_C_drain_IO_L1_out_0_11_x1120_read_19/30 fifo_C_drain_C_drain_IO_L1_out_0_11_x1120_read_20/31 fifo_C_drain_C_drain_IO_L1_out_0_11_x1120_read_21/32 fifo_C_drain_C_drain_IO_L1_out_0_11_x1120_read_22/33 fifo_C_drain_C_drain_IO_L1_out_0_11_x1120_read_23/34 fifo_C_drain_C_drain_IO_L1_out_0_11_x1120_read_24/35 fifo_C_drain_C_drain_IO_L1_out_0_11_x1120_read_25/36 fifo_C_drain_C_drain_IO_L1_out_0_11_x1120_read_26/37 fifo_C_drain_C_drain_IO_L1_out_0_11_x1120_read_27/38 fifo_C_drain_C_drain_IO_L1_out_0_11_x1120_read_28/39 fifo_C_drain_C_drain_IO_L1_out_0_11_x1120_read_29/40 fifo_C_drain_C_drain_IO_L1_out_0_11_x1120_read_30/41 fifo_C_drain_C_drain_IO_L1_out_0_11_x1120_read_31/42 "/>
</bind>
</comp>

<comp id="178" class="1004" name="grp_write_fu_178">
<pin_list>
<pin id="179" dir="0" index="0" bw="0" slack="0"/>
<pin id="180" dir="0" index="1" bw="64" slack="0"/>
<pin id="181" dir="0" index="2" bw="64" slack="0"/>
<pin id="182" dir="1" index="3" bw="0" slack="2147483647"/>
</pin_list>
<bind>
<opcode="write(1151) " fcode="write"/>
<opset="write_ln174/12 write_ln174/13 write_ln174/14 write_ln174/15 write_ln174/16 write_ln174/17 write_ln174/18 write_ln174/19 write_ln174/20 write_ln174/21 write_ln174/22 write_ln174/23 write_ln174/24 write_ln174/25 write_ln174/26 write_ln174/27 write_ln174/28 write_ln174/29 write_ln174/30 write_ln174/31 write_ln174/32 write_ln174/33 write_ln174/34 write_ln174/35 write_ln174/36 write_ln174/37 write_ln174/38 write_ln174/39 write_ln174/40 write_ln174/41 write_ln174/42 write_ln174/43 "/>
</bind>
</comp>

<comp id="185" class="1004" name="buf_data_split_V_addr_gep_fu_185">
<pin_list>
<pin id="186" dir="0" index="0" bw="32" slack="0"/>
<pin id="187" dir="0" index="1" bw="1" slack="0"/>
<pin id="188" dir="0" index="2" bw="1" slack="0"/>
<pin id="189" dir="1" index="3" bw="1" slack="3"/>
</pin_list>
<bind>
<opcode="getelementptr(29) " fcode="getelementptr"/>
<opset="buf_data_split_V_addr/1 "/>
</bind>
</comp>

<comp id="193" class="1004" name="buf_data_split_V_addr_102_gep_fu_193">
<pin_list>
<pin id="194" dir="0" index="0" bw="32" slack="0"/>
<pin id="195" dir="0" index="1" bw="1" slack="0"/>
<pin id="196" dir="0" index="2" bw="1" slack="0"/>
<pin id="197" dir="1" index="3" bw="1" slack="3"/>
</pin_list>
<bind>
<opcode="getelementptr(29) " fcode="getelementptr"/>
<opset="buf_data_split_V_addr_102/1 "/>
</bind>
</comp>

<comp id="201" class="1004" name="local_C_V_addr_gep_fu_201">
<pin_list>
<pin id="202" dir="0" index="0" bw="64" slack="2147483647"/>
<pin id="203" dir="0" index="1" bw="1" slack="0"/>
<pin id="204" dir="0" index="2" bw="10" slack="0"/>
<pin id="205" dir="1" index="3" bw="9" slack="0"/>
</pin_list>
<bind>
<opcode="getelementptr(29) " fcode="getelementptr"/>
<opset="local_C_V_addr/3 "/>
</bind>
</comp>

<comp id="207" class="1004" name="grp_access_fu_207">
<pin_list>
<pin id="208" dir="0" index="0" bw="9" slack="0"/>
<pin id="209" dir="0" index="1" bw="64" slack="2147483647"/>
<pin id="210" dir="0" index="2" bw="0" slack="0"/>
<pin id="230" dir="0" index="4" bw="9" slack="0"/>
<pin id="231" dir="0" index="5" bw="64" slack="2147483647"/>
<pin id="232" dir="0" index="6" bw="0" slack="2147483647"/>
<pin id="211" dir="1" index="3" bw="64" slack="0"/>
<pin id="233" dir="1" index="7" bw="64" slack="1"/>
</pin_list>
<bind>
<opcode="load(27) store(28) " fcode="load"/>
<opset="buf_data_V/3 store_ln10362/7 local_C_V_load/10 local_C_V_load_1/10 local_C_V_load_2/11 local_C_V_load_3/11 local_C_V_load_4/12 local_C_V_load_5/12 local_C_V_load_6/13 local_C_V_load_7/13 local_C_V_load_8/14 local_C_V_load_9/14 local_C_V_load_10/15 local_C_V_load_11/15 local_C_V_load_12/16 local_C_V_load_13/16 local_C_V_load_14/17 local_C_V_load_15/17 local_C_V_load_16/18 local_C_V_load_17/18 local_C_V_load_18/19 local_C_V_load_19/19 local_C_V_load_20/20 local_C_V_load_21/20 local_C_V_load_22/21 local_C_V_load_23/21 local_C_V_load_24/22 local_C_V_load_25/22 local_C_V_load_26/23 local_C_V_load_27/23 local_C_V_load_28/24 local_C_V_load_29/24 local_C_V_load_30/25 local_C_V_load_31/25 "/>
</bind>
</comp>

<comp id="213" class="1004" name="grp_access_fu_213">
<pin_list>
<pin id="214" dir="0" index="0" bw="1" slack="0"/>
<pin id="215" dir="0" index="1" bw="32" slack="0"/>
<pin id="216" dir="0" index="2" bw="0" slack="3"/>
<pin id="218" dir="0" index="4" bw="1" slack="0"/>
<pin id="219" dir="0" index="5" bw="32" slack="2147483647"/>
<pin id="220" dir="0" index="6" bw="0" slack="2147483647"/>
<pin id="217" dir="1" index="3" bw="32" slack="0"/>
<pin id="221" dir="1" index="7" bw="32" slack="0"/>
</pin_list>
<bind>
<opcode="load(27) store(28) " fcode="load"/>
<opset="store_ln10350/4 store_ln10350/4 store_ln10360/5 v2_V/6 v1_V/6 "/>
</bind>
</comp>

<comp id="222" class="1004" name="buf_data_split_V_addr_103_gep_fu_222">
<pin_list>
<pin id="223" dir="0" index="0" bw="32" slack="2147483647"/>
<pin id="224" dir="0" index="1" bw="1" slack="0"/>
<pin id="225" dir="0" index="2" bw="1" slack="0"/>
<pin id="226" dir="1" index="3" bw="1" slack="0"/>
</pin_list>
<bind>
<opcode="getelementptr(29) " fcode="getelementptr"/>
<opset="buf_data_split_V_addr_103/5 "/>
</bind>
</comp>

<comp id="234" class="1004" name="local_C_V_addr_898_gep_fu_234">
<pin_list>
<pin id="235" dir="0" index="0" bw="64" slack="2147483647"/>
<pin id="236" dir="0" index="1" bw="1" slack="0"/>
<pin id="237" dir="0" index="2" bw="10" slack="0"/>
<pin id="238" dir="1" index="3" bw="9" slack="0"/>
</pin_list>
<bind>
<opcode="getelementptr(29) " fcode="getelementptr"/>
<opset="local_C_V_addr_898/10 "/>
</bind>
</comp>

<comp id="240" class="1004" name="local_C_V_addr_899_gep_fu_240">
<pin_list>
<pin id="241" dir="0" index="0" bw="64" slack="2147483647"/>
<pin id="242" dir="0" index="1" bw="1" slack="0"/>
<pin id="243" dir="0" index="2" bw="64" slack="0"/>
<pin id="244" dir="1" index="3" bw="9" slack="0"/>
</pin_list>
<bind>
<opcode="getelementptr(29) " fcode="getelementptr"/>
<opset="local_C_V_addr_899/10 "/>
</bind>
</comp>

<comp id="248" class="1004" name="local_C_V_addr_900_gep_fu_248">
<pin_list>
<pin id="249" dir="0" index="0" bw="64" slack="2147483647"/>
<pin id="250" dir="0" index="1" bw="1" slack="0"/>
<pin id="251" dir="0" index="2" bw="64" slack="0"/>
<pin id="252" dir="1" index="3" bw="9" slack="0"/>
</pin_list>
<bind>
<opcode="getelementptr(29) " fcode="getelementptr"/>
<opset="local_C_V_addr_900/11 "/>
</bind>
</comp>

<comp id="254" class="1004" name="local_C_V_addr_901_gep_fu_254">
<pin_list>
<pin id="255" dir="0" index="0" bw="64" slack="2147483647"/>
<pin id="256" dir="0" index="1" bw="1" slack="0"/>
<pin id="257" dir="0" index="2" bw="64" slack="0"/>
<pin id="258" dir="1" index="3" bw="9" slack="0"/>
</pin_list>
<bind>
<opcode="getelementptr(29) " fcode="getelementptr"/>
<opset="local_C_V_addr_901/11 "/>
</bind>
</comp>

<comp id="262" class="1004" name="local_C_V_addr_902_gep_fu_262">
<pin_list>
<pin id="263" dir="0" index="0" bw="64" slack="2147483647"/>
<pin id="264" dir="0" index="1" bw="1" slack="0"/>
<pin id="265" dir="0" index="2" bw="64" slack="0"/>
<pin id="266" dir="1" index="3" bw="9" slack="0"/>
</pin_list>
<bind>
<opcode="getelementptr(29) " fcode="getelementptr"/>
<opset="local_C_V_addr_902/12 "/>
</bind>
</comp>

<comp id="268" class="1004" name="local_C_V_addr_903_gep_fu_268">
<pin_list>
<pin id="269" dir="0" index="0" bw="64" slack="2147483647"/>
<pin id="270" dir="0" index="1" bw="1" slack="0"/>
<pin id="271" dir="0" index="2" bw="64" slack="0"/>
<pin id="272" dir="1" index="3" bw="9" slack="0"/>
</pin_list>
<bind>
<opcode="getelementptr(29) " fcode="getelementptr"/>
<opset="local_C_V_addr_903/12 "/>
</bind>
</comp>

<comp id="276" class="1004" name="local_C_V_addr_904_gep_fu_276">
<pin_list>
<pin id="277" dir="0" index="0" bw="64" slack="2147483647"/>
<pin id="278" dir="0" index="1" bw="1" slack="0"/>
<pin id="279" dir="0" index="2" bw="64" slack="0"/>
<pin id="280" dir="1" index="3" bw="9" slack="0"/>
</pin_list>
<bind>
<opcode="getelementptr(29) " fcode="getelementptr"/>
<opset="local_C_V_addr_904/13 "/>
</bind>
</comp>

<comp id="282" class="1004" name="local_C_V_addr_905_gep_fu_282">
<pin_list>
<pin id="283" dir="0" index="0" bw="64" slack="2147483647"/>
<pin id="284" dir="0" index="1" bw="1" slack="0"/>
<pin id="285" dir="0" index="2" bw="64" slack="0"/>
<pin id="286" dir="1" index="3" bw="9" slack="0"/>
</pin_list>
<bind>
<opcode="getelementptr(29) " fcode="getelementptr"/>
<opset="local_C_V_addr_905/13 "/>
</bind>
</comp>

<comp id="290" class="1004" name="local_C_V_addr_906_gep_fu_290">
<pin_list>
<pin id="291" dir="0" index="0" bw="64" slack="2147483647"/>
<pin id="292" dir="0" index="1" bw="1" slack="0"/>
<pin id="293" dir="0" index="2" bw="64" slack="0"/>
<pin id="294" dir="1" index="3" bw="9" slack="0"/>
</pin_list>
<bind>
<opcode="getelementptr(29) " fcode="getelementptr"/>
<opset="local_C_V_addr_906/14 "/>
</bind>
</comp>

<comp id="296" class="1004" name="local_C_V_addr_907_gep_fu_296">
<pin_list>
<pin id="297" dir="0" index="0" bw="64" slack="2147483647"/>
<pin id="298" dir="0" index="1" bw="1" slack="0"/>
<pin id="299" dir="0" index="2" bw="64" slack="0"/>
<pin id="300" dir="1" index="3" bw="9" slack="0"/>
</pin_list>
<bind>
<opcode="getelementptr(29) " fcode="getelementptr"/>
<opset="local_C_V_addr_907/14 "/>
</bind>
</comp>

<comp id="304" class="1004" name="local_C_V_addr_908_gep_fu_304">
<pin_list>
<pin id="305" dir="0" index="0" bw="64" slack="2147483647"/>
<pin id="306" dir="0" index="1" bw="1" slack="0"/>
<pin id="307" dir="0" index="2" bw="64" slack="0"/>
<pin id="308" dir="1" index="3" bw="9" slack="0"/>
</pin_list>
<bind>
<opcode="getelementptr(29) " fcode="getelementptr"/>
<opset="local_C_V_addr_908/15 "/>
</bind>
</comp>

<comp id="310" class="1004" name="local_C_V_addr_909_gep_fu_310">
<pin_list>
<pin id="311" dir="0" index="0" bw="64" slack="2147483647"/>
<pin id="312" dir="0" index="1" bw="1" slack="0"/>
<pin id="313" dir="0" index="2" bw="64" slack="0"/>
<pin id="314" dir="1" index="3" bw="9" slack="0"/>
</pin_list>
<bind>
<opcode="getelementptr(29) " fcode="getelementptr"/>
<opset="local_C_V_addr_909/15 "/>
</bind>
</comp>

<comp id="318" class="1004" name="local_C_V_addr_910_gep_fu_318">
<pin_list>
<pin id="319" dir="0" index="0" bw="64" slack="2147483647"/>
<pin id="320" dir="0" index="1" bw="1" slack="0"/>
<pin id="321" dir="0" index="2" bw="64" slack="0"/>
<pin id="322" dir="1" index="3" bw="9" slack="0"/>
</pin_list>
<bind>
<opcode="getelementptr(29) " fcode="getelementptr"/>
<opset="local_C_V_addr_910/16 "/>
</bind>
</comp>

<comp id="324" class="1004" name="local_C_V_addr_911_gep_fu_324">
<pin_list>
<pin id="325" dir="0" index="0" bw="64" slack="2147483647"/>
<pin id="326" dir="0" index="1" bw="1" slack="0"/>
<pin id="327" dir="0" index="2" bw="64" slack="0"/>
<pin id="328" dir="1" index="3" bw="9" slack="0"/>
</pin_list>
<bind>
<opcode="getelementptr(29) " fcode="getelementptr"/>
<opset="local_C_V_addr_911/16 "/>
</bind>
</comp>

<comp id="332" class="1004" name="local_C_V_addr_912_gep_fu_332">
<pin_list>
<pin id="333" dir="0" index="0" bw="64" slack="2147483647"/>
<pin id="334" dir="0" index="1" bw="1" slack="0"/>
<pin id="335" dir="0" index="2" bw="64" slack="0"/>
<pin id="336" dir="1" index="3" bw="9" slack="0"/>
</pin_list>
<bind>
<opcode="getelementptr(29) " fcode="getelementptr"/>
<opset="local_C_V_addr_912/17 "/>
</bind>
</comp>

<comp id="338" class="1004" name="local_C_V_addr_913_gep_fu_338">
<pin_list>
<pin id="339" dir="0" index="0" bw="64" slack="2147483647"/>
<pin id="340" dir="0" index="1" bw="1" slack="0"/>
<pin id="341" dir="0" index="2" bw="64" slack="0"/>
<pin id="342" dir="1" index="3" bw="9" slack="0"/>
</pin_list>
<bind>
<opcode="getelementptr(29) " fcode="getelementptr"/>
<opset="local_C_V_addr_913/17 "/>
</bind>
</comp>

<comp id="346" class="1004" name="local_C_V_addr_914_gep_fu_346">
<pin_list>
<pin id="347" dir="0" index="0" bw="64" slack="2147483647"/>
<pin id="348" dir="0" index="1" bw="1" slack="0"/>
<pin id="349" dir="0" index="2" bw="64" slack="0"/>
<pin id="350" dir="1" index="3" bw="9" slack="0"/>
</pin_list>
<bind>
<opcode="getelementptr(29) " fcode="getelementptr"/>
<opset="local_C_V_addr_914/18 "/>
</bind>
</comp>

<comp id="352" class="1004" name="local_C_V_addr_915_gep_fu_352">
<pin_list>
<pin id="353" dir="0" index="0" bw="64" slack="2147483647"/>
<pin id="354" dir="0" index="1" bw="1" slack="0"/>
<pin id="355" dir="0" index="2" bw="64" slack="0"/>
<pin id="356" dir="1" index="3" bw="9" slack="0"/>
</pin_list>
<bind>
<opcode="getelementptr(29) " fcode="getelementptr"/>
<opset="local_C_V_addr_915/18 "/>
</bind>
</comp>

<comp id="360" class="1004" name="local_C_V_addr_916_gep_fu_360">
<pin_list>
<pin id="361" dir="0" index="0" bw="64" slack="2147483647"/>
<pin id="362" dir="0" index="1" bw="1" slack="0"/>
<pin id="363" dir="0" index="2" bw="64" slack="0"/>
<pin id="364" dir="1" index="3" bw="9" slack="0"/>
</pin_list>
<bind>
<opcode="getelementptr(29) " fcode="getelementptr"/>
<opset="local_C_V_addr_916/19 "/>
</bind>
</comp>

<comp id="366" class="1004" name="local_C_V_addr_917_gep_fu_366">
<pin_list>
<pin id="367" dir="0" index="0" bw="64" slack="2147483647"/>
<pin id="368" dir="0" index="1" bw="1" slack="0"/>
<pin id="369" dir="0" index="2" bw="64" slack="0"/>
<pin id="370" dir="1" index="3" bw="9" slack="0"/>
</pin_list>
<bind>
<opcode="getelementptr(29) " fcode="getelementptr"/>
<opset="local_C_V_addr_917/19 "/>
</bind>
</comp>

<comp id="374" class="1004" name="local_C_V_addr_918_gep_fu_374">
<pin_list>
<pin id="375" dir="0" index="0" bw="64" slack="2147483647"/>
<pin id="376" dir="0" index="1" bw="1" slack="0"/>
<pin id="377" dir="0" index="2" bw="64" slack="0"/>
<pin id="378" dir="1" index="3" bw="9" slack="0"/>
</pin_list>
<bind>
<opcode="getelementptr(29) " fcode="getelementptr"/>
<opset="local_C_V_addr_918/20 "/>
</bind>
</comp>

<comp id="380" class="1004" name="local_C_V_addr_919_gep_fu_380">
<pin_list>
<pin id="381" dir="0" index="0" bw="64" slack="2147483647"/>
<pin id="382" dir="0" index="1" bw="1" slack="0"/>
<pin id="383" dir="0" index="2" bw="64" slack="0"/>
<pin id="384" dir="1" index="3" bw="9" slack="0"/>
</pin_list>
<bind>
<opcode="getelementptr(29) " fcode="getelementptr"/>
<opset="local_C_V_addr_919/20 "/>
</bind>
</comp>

<comp id="388" class="1004" name="local_C_V_addr_920_gep_fu_388">
<pin_list>
<pin id="389" dir="0" index="0" bw="64" slack="2147483647"/>
<pin id="390" dir="0" index="1" bw="1" slack="0"/>
<pin id="391" dir="0" index="2" bw="64" slack="0"/>
<pin id="392" dir="1" index="3" bw="9" slack="0"/>
</pin_list>
<bind>
<opcode="getelementptr(29) " fcode="getelementptr"/>
<opset="local_C_V_addr_920/21 "/>
</bind>
</comp>

<comp id="394" class="1004" name="local_C_V_addr_921_gep_fu_394">
<pin_list>
<pin id="395" dir="0" index="0" bw="64" slack="2147483647"/>
<pin id="396" dir="0" index="1" bw="1" slack="0"/>
<pin id="397" dir="0" index="2" bw="64" slack="0"/>
<pin id="398" dir="1" index="3" bw="9" slack="0"/>
</pin_list>
<bind>
<opcode="getelementptr(29) " fcode="getelementptr"/>
<opset="local_C_V_addr_921/21 "/>
</bind>
</comp>

<comp id="402" class="1004" name="local_C_V_addr_922_gep_fu_402">
<pin_list>
<pin id="403" dir="0" index="0" bw="64" slack="2147483647"/>
<pin id="404" dir="0" index="1" bw="1" slack="0"/>
<pin id="405" dir="0" index="2" bw="64" slack="0"/>
<pin id="406" dir="1" index="3" bw="9" slack="0"/>
</pin_list>
<bind>
<opcode="getelementptr(29) " fcode="getelementptr"/>
<opset="local_C_V_addr_922/22 "/>
</bind>
</comp>

<comp id="408" class="1004" name="local_C_V_addr_923_gep_fu_408">
<pin_list>
<pin id="409" dir="0" index="0" bw="64" slack="2147483647"/>
<pin id="410" dir="0" index="1" bw="1" slack="0"/>
<pin id="411" dir="0" index="2" bw="64" slack="0"/>
<pin id="412" dir="1" index="3" bw="9" slack="0"/>
</pin_list>
<bind>
<opcode="getelementptr(29) " fcode="getelementptr"/>
<opset="local_C_V_addr_923/22 "/>
</bind>
</comp>

<comp id="416" class="1004" name="local_C_V_addr_924_gep_fu_416">
<pin_list>
<pin id="417" dir="0" index="0" bw="64" slack="2147483647"/>
<pin id="418" dir="0" index="1" bw="1" slack="0"/>
<pin id="419" dir="0" index="2" bw="64" slack="0"/>
<pin id="420" dir="1" index="3" bw="9" slack="0"/>
</pin_list>
<bind>
<opcode="getelementptr(29) " fcode="getelementptr"/>
<opset="local_C_V_addr_924/23 "/>
</bind>
</comp>

<comp id="422" class="1004" name="local_C_V_addr_925_gep_fu_422">
<pin_list>
<pin id="423" dir="0" index="0" bw="64" slack="2147483647"/>
<pin id="424" dir="0" index="1" bw="1" slack="0"/>
<pin id="425" dir="0" index="2" bw="64" slack="0"/>
<pin id="426" dir="1" index="3" bw="9" slack="0"/>
</pin_list>
<bind>
<opcode="getelementptr(29) " fcode="getelementptr"/>
<opset="local_C_V_addr_925/23 "/>
</bind>
</comp>

<comp id="430" class="1004" name="local_C_V_addr_926_gep_fu_430">
<pin_list>
<pin id="431" dir="0" index="0" bw="64" slack="2147483647"/>
<pin id="432" dir="0" index="1" bw="1" slack="0"/>
<pin id="433" dir="0" index="2" bw="64" slack="0"/>
<pin id="434" dir="1" index="3" bw="9" slack="0"/>
</pin_list>
<bind>
<opcode="getelementptr(29) " fcode="getelementptr"/>
<opset="local_C_V_addr_926/24 "/>
</bind>
</comp>

<comp id="436" class="1004" name="local_C_V_addr_927_gep_fu_436">
<pin_list>
<pin id="437" dir="0" index="0" bw="64" slack="2147483647"/>
<pin id="438" dir="0" index="1" bw="1" slack="0"/>
<pin id="439" dir="0" index="2" bw="64" slack="0"/>
<pin id="440" dir="1" index="3" bw="9" slack="0"/>
</pin_list>
<bind>
<opcode="getelementptr(29) " fcode="getelementptr"/>
<opset="local_C_V_addr_927/24 "/>
</bind>
</comp>

<comp id="444" class="1004" name="local_C_V_addr_928_gep_fu_444">
<pin_list>
<pin id="445" dir="0" index="0" bw="64" slack="2147483647"/>
<pin id="446" dir="0" index="1" bw="1" slack="0"/>
<pin id="447" dir="0" index="2" bw="64" slack="0"/>
<pin id="448" dir="1" index="3" bw="9" slack="0"/>
</pin_list>
<bind>
<opcode="getelementptr(29) " fcode="getelementptr"/>
<opset="local_C_V_addr_928/25 "/>
</bind>
</comp>

<comp id="450" class="1004" name="local_C_V_addr_929_gep_fu_450">
<pin_list>
<pin id="451" dir="0" index="0" bw="64" slack="2147483647"/>
<pin id="452" dir="0" index="1" bw="1" slack="0"/>
<pin id="453" dir="0" index="2" bw="64" slack="0"/>
<pin id="454" dir="1" index="3" bw="9" slack="0"/>
</pin_list>
<bind>
<opcode="getelementptr(29) " fcode="getelementptr"/>
<opset="local_C_V_addr_929/25 "/>
</bind>
</comp>

<comp id="458" class="1005" name="indvar_flatten_reg_458">
<pin_list>
<pin id="459" dir="0" index="0" bw="11" slack="1"/>
<pin id="460" dir="1" index="1" bw="11" slack="1"/>
</pin_list>
<bind>
<opset="indvar_flatten (phireg) "/>
</bind>
</comp>

<comp id="462" class="1004" name="indvar_flatten_phi_fu_462">
<pin_list>
<pin id="463" dir="0" index="0" bw="1" slack="1"/>
<pin id="464" dir="0" index="1" bw="0" slack="2147483647"/>
<pin id="465" dir="0" index="2" bw="11" slack="0"/>
<pin id="466" dir="0" index="3" bw="0" slack="2147483647"/>
<pin id="467" dir="1" index="4" bw="11" slack="0"/>
</pin_list>
<bind>
<opcode="phi(47) " fcode="phi"/>
<opset="indvar_flatten/2 "/>
</bind>
</comp>

<comp id="469" class="1005" name="c6_V_reg_469">
<pin_list>
<pin id="470" dir="0" index="0" bw="7" slack="1"/>
<pin id="471" dir="1" index="1" bw="7" slack="1"/>
</pin_list>
<bind>
<opset="c6_V (phireg) "/>
</bind>
</comp>

<comp id="473" class="1004" name="c6_V_phi_fu_473">
<pin_list>
<pin id="474" dir="0" index="0" bw="1" slack="1"/>
<pin id="475" dir="0" index="1" bw="0" slack="2147483647"/>
<pin id="476" dir="0" index="2" bw="7" slack="0"/>
<pin id="477" dir="0" index="3" bw="0" slack="2147483647"/>
<pin id="478" dir="1" index="4" bw="7" slack="0"/>
</pin_list>
<bind>
<opcode="phi(47) " fcode="phi"/>
<opset="c6_V/2 "/>
</bind>
</comp>

<comp id="480" class="1005" name="c7_V_reg_480">
<pin_list>
<pin id="481" dir="0" index="0" bw="5" slack="1"/>
<pin id="482" dir="1" index="1" bw="5" slack="1"/>
</pin_list>
<bind>
<opset="c7_V (phireg) "/>
</bind>
</comp>

<comp id="484" class="1004" name="c7_V_phi_fu_484">
<pin_list>
<pin id="485" dir="0" index="0" bw="1" slack="1"/>
<pin id="486" dir="0" index="1" bw="0" slack="2147483647"/>
<pin id="487" dir="0" index="2" bw="5" slack="1"/>
<pin id="488" dir="0" index="3" bw="0" slack="2147483647"/>
<pin id="489" dir="1" index="4" bw="5" slack="0"/>
</pin_list>
<bind>
<opcode="phi(47) " fcode="phi"/>
<opset="c7_V/2 "/>
</bind>
</comp>

<comp id="491" class="1005" name="indvar_flatten8_reg_491">
<pin_list>
<pin id="492" dir="0" index="0" bw="6" slack="1"/>
<pin id="493" dir="1" index="1" bw="6" slack="1"/>
</pin_list>
<bind>
<opset="indvar_flatten8 (phireg) "/>
</bind>
</comp>

<comp id="495" class="1004" name="indvar_flatten8_phi_fu_495">
<pin_list>
<pin id="496" dir="0" index="0" bw="6" slack="0"/>
<pin id="497" dir="0" index="1" bw="0" slack="2147483647"/>
<pin id="498" dir="0" index="2" bw="1" slack="1"/>
<pin id="499" dir="0" index="3" bw="0" slack="2147483647"/>
<pin id="500" dir="1" index="4" bw="6" slack="0"/>
</pin_list>
<bind>
<opcode="phi(47) " fcode="phi"/>
<opset="indvar_flatten8/9 "/>
</bind>
</comp>

<comp id="502" class="1005" name="c4_V_reg_502">
<pin_list>
<pin id="503" dir="0" index="0" bw="4" slack="1"/>
<pin id="504" dir="1" index="1" bw="4" slack="1"/>
</pin_list>
<bind>
<opset="c4_V (phireg) "/>
</bind>
</comp>

<comp id="506" class="1004" name="c4_V_phi_fu_506">
<pin_list>
<pin id="507" dir="0" index="0" bw="4" slack="0"/>
<pin id="508" dir="0" index="1" bw="0" slack="2147483647"/>
<pin id="509" dir="0" index="2" bw="4" slack="1"/>
<pin id="510" dir="0" index="3" bw="0" slack="2147483647"/>
<pin id="511" dir="1" index="4" bw="4" slack="0"/>
</pin_list>
<bind>
<opcode="phi(47) " fcode="phi"/>
<opset="c4_V/9 "/>
</bind>
</comp>

<comp id="513" class="1005" name="c5_V_reg_513">
<pin_list>
<pin id="514" dir="0" index="0" bw="5" slack="1"/>
<pin id="515" dir="1" index="1" bw="5" slack="1"/>
</pin_list>
<bind>
<opset="c5_V (phireg) "/>
</bind>
</comp>

<comp id="517" class="1004" name="c5_V_phi_fu_517">
<pin_list>
<pin id="518" dir="0" index="0" bw="5" slack="1"/>
<pin id="519" dir="0" index="1" bw="0" slack="2147483647"/>
<pin id="520" dir="0" index="2" bw="1" slack="1"/>
<pin id="521" dir="0" index="3" bw="0" slack="2147483647"/>
<pin id="522" dir="1" index="4" bw="5" slack="0"/>
</pin_list>
<bind>
<opcode="phi(47) " fcode="phi"/>
<opset="c5_V/9 "/>
</bind>
</comp>

<comp id="524" class="1005" name="fifo_data_44_0_reg_524">
<pin_list>
<pin id="525" dir="0" index="0" bw="64" slack="2147483647"/>
<pin id="526" dir="1" index="1" bw="64" slack="2147483647"/>
</pin_list>
<bind>
<opset="fifo_data_44_0 (phireg) "/>
</bind>
</comp>

<comp id="527" class="1004" name="fifo_data_44_0_phi_fu_527">
<pin_list>
<pin id="528" dir="0" index="0" bw="64" slack="1"/>
<pin id="529" dir="0" index="1" bw="0" slack="2147483647"/>
<pin id="530" dir="0" index="2" bw="64" slack="1"/>
<pin id="531" dir="0" index="3" bw="0" slack="2147483647"/>
<pin id="532" dir="1" index="4" bw="64" slack="0"/>
</pin_list>
<bind>
<opcode="phi(47) " fcode="phi"/>
<opset="fifo_data_44_0/12 "/>
</bind>
</comp>

<comp id="534" class="1005" name="fifo_data_44_1_reg_534">
<pin_list>
<pin id="535" dir="0" index="0" bw="64" slack="2147483647"/>
<pin id="536" dir="1" index="1" bw="64" slack="2147483647"/>
</pin_list>
<bind>
<opset="fifo_data_44_1 (phireg) "/>
</bind>
</comp>

<comp id="537" class="1004" name="fifo_data_44_1_phi_fu_537">
<pin_list>
<pin id="538" dir="0" index="0" bw="64" slack="2"/>
<pin id="539" dir="0" index="1" bw="0" slack="2147483647"/>
<pin id="540" dir="0" index="2" bw="64" slack="1"/>
<pin id="541" dir="0" index="3" bw="0" slack="2147483647"/>
<pin id="542" dir="1" index="4" bw="64" slack="0"/>
</pin_list>
<bind>
<opcode="phi(47) " fcode="phi"/>
<opset="fifo_data_44_1/13 "/>
</bind>
</comp>

<comp id="544" class="1005" name="fifo_data_44_2_reg_544">
<pin_list>
<pin id="545" dir="0" index="0" bw="64" slack="2147483647"/>
<pin id="546" dir="1" index="1" bw="64" slack="2147483647"/>
</pin_list>
<bind>
<opset="fifo_data_44_2 (phireg) "/>
</bind>
</comp>

<comp id="547" class="1004" name="fifo_data_44_2_phi_fu_547">
<pin_list>
<pin id="548" dir="0" index="0" bw="64" slack="2"/>
<pin id="549" dir="0" index="1" bw="0" slack="2147483647"/>
<pin id="550" dir="0" index="2" bw="64" slack="1"/>
<pin id="551" dir="0" index="3" bw="0" slack="2147483647"/>
<pin id="552" dir="1" index="4" bw="64" slack="0"/>
</pin_list>
<bind>
<opcode="phi(47) " fcode="phi"/>
<opset="fifo_data_44_2/14 "/>
</bind>
</comp>

<comp id="554" class="1005" name="fifo_data_44_3_reg_554">
<pin_list>
<pin id="555" dir="0" index="0" bw="64" slack="2147483647"/>
<pin id="556" dir="1" index="1" bw="64" slack="2147483647"/>
</pin_list>
<bind>
<opset="fifo_data_44_3 (phireg) "/>
</bind>
</comp>

<comp id="557" class="1004" name="fifo_data_44_3_phi_fu_557">
<pin_list>
<pin id="558" dir="0" index="0" bw="64" slack="3"/>
<pin id="559" dir="0" index="1" bw="0" slack="2147483647"/>
<pin id="560" dir="0" index="2" bw="64" slack="1"/>
<pin id="561" dir="0" index="3" bw="0" slack="2147483647"/>
<pin id="562" dir="1" index="4" bw="64" slack="0"/>
</pin_list>
<bind>
<opcode="phi(47) " fcode="phi"/>
<opset="fifo_data_44_3/15 "/>
</bind>
</comp>

<comp id="564" class="1005" name="fifo_data_44_4_reg_564">
<pin_list>
<pin id="565" dir="0" index="0" bw="64" slack="2147483647"/>
<pin id="566" dir="1" index="1" bw="64" slack="2147483647"/>
</pin_list>
<bind>
<opset="fifo_data_44_4 (phireg) "/>
</bind>
</comp>

<comp id="567" class="1004" name="fifo_data_44_4_phi_fu_567">
<pin_list>
<pin id="568" dir="0" index="0" bw="64" slack="3"/>
<pin id="569" dir="0" index="1" bw="0" slack="2147483647"/>
<pin id="570" dir="0" index="2" bw="64" slack="1"/>
<pin id="571" dir="0" index="3" bw="0" slack="2147483647"/>
<pin id="572" dir="1" index="4" bw="64" slack="0"/>
</pin_list>
<bind>
<opcode="phi(47) " fcode="phi"/>
<opset="fifo_data_44_4/16 "/>
</bind>
</comp>

<comp id="574" class="1005" name="fifo_data_44_5_reg_574">
<pin_list>
<pin id="575" dir="0" index="0" bw="64" slack="2147483647"/>
<pin id="576" dir="1" index="1" bw="64" slack="2147483647"/>
</pin_list>
<bind>
<opset="fifo_data_44_5 (phireg) "/>
</bind>
</comp>

<comp id="577" class="1004" name="fifo_data_44_5_phi_fu_577">
<pin_list>
<pin id="578" dir="0" index="0" bw="64" slack="4"/>
<pin id="579" dir="0" index="1" bw="0" slack="2147483647"/>
<pin id="580" dir="0" index="2" bw="64" slack="1"/>
<pin id="581" dir="0" index="3" bw="0" slack="2147483647"/>
<pin id="582" dir="1" index="4" bw="64" slack="0"/>
</pin_list>
<bind>
<opcode="phi(47) " fcode="phi"/>
<opset="fifo_data_44_5/17 "/>
</bind>
</comp>

<comp id="584" class="1005" name="fifo_data_44_6_reg_584">
<pin_list>
<pin id="585" dir="0" index="0" bw="64" slack="2147483647"/>
<pin id="586" dir="1" index="1" bw="64" slack="2147483647"/>
</pin_list>
<bind>
<opset="fifo_data_44_6 (phireg) "/>
</bind>
</comp>

<comp id="587" class="1004" name="fifo_data_44_6_phi_fu_587">
<pin_list>
<pin id="588" dir="0" index="0" bw="64" slack="4"/>
<pin id="589" dir="0" index="1" bw="0" slack="2147483647"/>
<pin id="590" dir="0" index="2" bw="64" slack="1"/>
<pin id="591" dir="0" index="3" bw="0" slack="2147483647"/>
<pin id="592" dir="1" index="4" bw="64" slack="0"/>
</pin_list>
<bind>
<opcode="phi(47) " fcode="phi"/>
<opset="fifo_data_44_6/18 "/>
</bind>
</comp>

<comp id="594" class="1005" name="fifo_data_44_7_reg_594">
<pin_list>
<pin id="595" dir="0" index="0" bw="64" slack="2147483647"/>
<pin id="596" dir="1" index="1" bw="64" slack="2147483647"/>
</pin_list>
<bind>
<opset="fifo_data_44_7 (phireg) "/>
</bind>
</comp>

<comp id="597" class="1004" name="fifo_data_44_7_phi_fu_597">
<pin_list>
<pin id="598" dir="0" index="0" bw="64" slack="5"/>
<pin id="599" dir="0" index="1" bw="0" slack="2147483647"/>
<pin id="600" dir="0" index="2" bw="64" slack="1"/>
<pin id="601" dir="0" index="3" bw="0" slack="2147483647"/>
<pin id="602" dir="1" index="4" bw="64" slack="0"/>
</pin_list>
<bind>
<opcode="phi(47) " fcode="phi"/>
<opset="fifo_data_44_7/19 "/>
</bind>
</comp>

<comp id="604" class="1005" name="fifo_data_44_8_reg_604">
<pin_list>
<pin id="605" dir="0" index="0" bw="64" slack="2147483647"/>
<pin id="606" dir="1" index="1" bw="64" slack="2147483647"/>
</pin_list>
<bind>
<opset="fifo_data_44_8 (phireg) "/>
</bind>
</comp>

<comp id="607" class="1004" name="fifo_data_44_8_phi_fu_607">
<pin_list>
<pin id="608" dir="0" index="0" bw="64" slack="5"/>
<pin id="609" dir="0" index="1" bw="0" slack="2147483647"/>
<pin id="610" dir="0" index="2" bw="64" slack="1"/>
<pin id="611" dir="0" index="3" bw="0" slack="2147483647"/>
<pin id="612" dir="1" index="4" bw="64" slack="0"/>
</pin_list>
<bind>
<opcode="phi(47) " fcode="phi"/>
<opset="fifo_data_44_8/20 "/>
</bind>
</comp>

<comp id="614" class="1005" name="fifo_data_44_9_reg_614">
<pin_list>
<pin id="615" dir="0" index="0" bw="64" slack="2147483647"/>
<pin id="616" dir="1" index="1" bw="64" slack="2147483647"/>
</pin_list>
<bind>
<opset="fifo_data_44_9 (phireg) "/>
</bind>
</comp>

<comp id="617" class="1004" name="fifo_data_44_9_phi_fu_617">
<pin_list>
<pin id="618" dir="0" index="0" bw="64" slack="6"/>
<pin id="619" dir="0" index="1" bw="0" slack="2147483647"/>
<pin id="620" dir="0" index="2" bw="64" slack="1"/>
<pin id="621" dir="0" index="3" bw="0" slack="2147483647"/>
<pin id="622" dir="1" index="4" bw="64" slack="0"/>
</pin_list>
<bind>
<opcode="phi(47) " fcode="phi"/>
<opset="fifo_data_44_9/21 "/>
</bind>
</comp>

<comp id="624" class="1005" name="fifo_data_44_10_reg_624">
<pin_list>
<pin id="625" dir="0" index="0" bw="64" slack="2147483647"/>
<pin id="626" dir="1" index="1" bw="64" slack="2147483647"/>
</pin_list>
<bind>
<opset="fifo_data_44_10 (phireg) "/>
</bind>
</comp>

<comp id="627" class="1004" name="fifo_data_44_10_phi_fu_627">
<pin_list>
<pin id="628" dir="0" index="0" bw="64" slack="6"/>
<pin id="629" dir="0" index="1" bw="0" slack="2147483647"/>
<pin id="630" dir="0" index="2" bw="64" slack="1"/>
<pin id="631" dir="0" index="3" bw="0" slack="2147483647"/>
<pin id="632" dir="1" index="4" bw="64" slack="0"/>
</pin_list>
<bind>
<opcode="phi(47) " fcode="phi"/>
<opset="fifo_data_44_10/22 "/>
</bind>
</comp>

<comp id="634" class="1005" name="fifo_data_44_11_reg_634">
<pin_list>
<pin id="635" dir="0" index="0" bw="64" slack="2147483647"/>
<pin id="636" dir="1" index="1" bw="64" slack="2147483647"/>
</pin_list>
<bind>
<opset="fifo_data_44_11 (phireg) "/>
</bind>
</comp>

<comp id="637" class="1004" name="fifo_data_44_11_phi_fu_637">
<pin_list>
<pin id="638" dir="0" index="0" bw="64" slack="7"/>
<pin id="639" dir="0" index="1" bw="0" slack="2147483647"/>
<pin id="640" dir="0" index="2" bw="64" slack="1"/>
<pin id="641" dir="0" index="3" bw="0" slack="2147483647"/>
<pin id="642" dir="1" index="4" bw="64" slack="0"/>
</pin_list>
<bind>
<opcode="phi(47) " fcode="phi"/>
<opset="fifo_data_44_11/23 "/>
</bind>
</comp>

<comp id="644" class="1005" name="fifo_data_44_12_reg_644">
<pin_list>
<pin id="645" dir="0" index="0" bw="64" slack="2147483647"/>
<pin id="646" dir="1" index="1" bw="64" slack="2147483647"/>
</pin_list>
<bind>
<opset="fifo_data_44_12 (phireg) "/>
</bind>
</comp>

<comp id="647" class="1004" name="fifo_data_44_12_phi_fu_647">
<pin_list>
<pin id="648" dir="0" index="0" bw="64" slack="7"/>
<pin id="649" dir="0" index="1" bw="0" slack="2147483647"/>
<pin id="650" dir="0" index="2" bw="64" slack="1"/>
<pin id="651" dir="0" index="3" bw="0" slack="2147483647"/>
<pin id="652" dir="1" index="4" bw="64" slack="0"/>
</pin_list>
<bind>
<opcode="phi(47) " fcode="phi"/>
<opset="fifo_data_44_12/24 "/>
</bind>
</comp>

<comp id="654" class="1005" name="fifo_data_44_13_reg_654">
<pin_list>
<pin id="655" dir="0" index="0" bw="64" slack="2147483647"/>
<pin id="656" dir="1" index="1" bw="64" slack="2147483647"/>
</pin_list>
<bind>
<opset="fifo_data_44_13 (phireg) "/>
</bind>
</comp>

<comp id="657" class="1004" name="fifo_data_44_13_phi_fu_657">
<pin_list>
<pin id="658" dir="0" index="0" bw="64" slack="8"/>
<pin id="659" dir="0" index="1" bw="0" slack="2147483647"/>
<pin id="660" dir="0" index="2" bw="64" slack="1"/>
<pin id="661" dir="0" index="3" bw="0" slack="2147483647"/>
<pin id="662" dir="1" index="4" bw="64" slack="0"/>
</pin_list>
<bind>
<opcode="phi(47) " fcode="phi"/>
<opset="fifo_data_44_13/25 "/>
</bind>
</comp>

<comp id="664" class="1005" name="fifo_data_44_14_reg_664">
<pin_list>
<pin id="665" dir="0" index="0" bw="64" slack="2147483647"/>
<pin id="666" dir="1" index="1" bw="64" slack="2147483647"/>
</pin_list>
<bind>
<opset="fifo_data_44_14 (phireg) "/>
</bind>
</comp>

<comp id="667" class="1004" name="fifo_data_44_14_phi_fu_667">
<pin_list>
<pin id="668" dir="0" index="0" bw="64" slack="8"/>
<pin id="669" dir="0" index="1" bw="0" slack="2147483647"/>
<pin id="670" dir="0" index="2" bw="64" slack="1"/>
<pin id="671" dir="0" index="3" bw="0" slack="2147483647"/>
<pin id="672" dir="1" index="4" bw="64" slack="0"/>
</pin_list>
<bind>
<opcode="phi(47) " fcode="phi"/>
<opset="fifo_data_44_14/26 "/>
</bind>
</comp>

<comp id="674" class="1005" name="fifo_data_44_15_reg_674">
<pin_list>
<pin id="675" dir="0" index="0" bw="64" slack="2147483647"/>
<pin id="676" dir="1" index="1" bw="64" slack="2147483647"/>
</pin_list>
<bind>
<opset="fifo_data_44_15 (phireg) "/>
</bind>
</comp>

<comp id="677" class="1004" name="fifo_data_44_15_phi_fu_677">
<pin_list>
<pin id="678" dir="0" index="0" bw="64" slack="9"/>
<pin id="679" dir="0" index="1" bw="0" slack="2147483647"/>
<pin id="680" dir="0" index="2" bw="64" slack="1"/>
<pin id="681" dir="0" index="3" bw="0" slack="2147483647"/>
<pin id="682" dir="1" index="4" bw="64" slack="0"/>
</pin_list>
<bind>
<opcode="phi(47) " fcode="phi"/>
<opset="fifo_data_44_15/27 "/>
</bind>
</comp>

<comp id="684" class="1005" name="fifo_data_44_16_reg_684">
<pin_list>
<pin id="685" dir="0" index="0" bw="64" slack="2147483647"/>
<pin id="686" dir="1" index="1" bw="64" slack="2147483647"/>
</pin_list>
<bind>
<opset="fifo_data_44_16 (phireg) "/>
</bind>
</comp>

<comp id="687" class="1004" name="fifo_data_44_16_phi_fu_687">
<pin_list>
<pin id="688" dir="0" index="0" bw="64" slack="9"/>
<pin id="689" dir="0" index="1" bw="0" slack="2147483647"/>
<pin id="690" dir="0" index="2" bw="64" slack="1"/>
<pin id="691" dir="0" index="3" bw="0" slack="2147483647"/>
<pin id="692" dir="1" index="4" bw="64" slack="0"/>
</pin_list>
<bind>
<opcode="phi(47) " fcode="phi"/>
<opset="fifo_data_44_16/28 "/>
</bind>
</comp>

<comp id="694" class="1005" name="fifo_data_44_17_reg_694">
<pin_list>
<pin id="695" dir="0" index="0" bw="64" slack="2147483647"/>
<pin id="696" dir="1" index="1" bw="64" slack="2147483647"/>
</pin_list>
<bind>
<opset="fifo_data_44_17 (phireg) "/>
</bind>
</comp>

<comp id="697" class="1004" name="fifo_data_44_17_phi_fu_697">
<pin_list>
<pin id="698" dir="0" index="0" bw="64" slack="10"/>
<pin id="699" dir="0" index="1" bw="0" slack="2147483647"/>
<pin id="700" dir="0" index="2" bw="64" slack="1"/>
<pin id="701" dir="0" index="3" bw="0" slack="2147483647"/>
<pin id="702" dir="1" index="4" bw="64" slack="0"/>
</pin_list>
<bind>
<opcode="phi(47) " fcode="phi"/>
<opset="fifo_data_44_17/29 "/>
</bind>
</comp>

<comp id="704" class="1005" name="fifo_data_44_18_reg_704">
<pin_list>
<pin id="705" dir="0" index="0" bw="64" slack="2147483647"/>
<pin id="706" dir="1" index="1" bw="64" slack="2147483647"/>
</pin_list>
<bind>
<opset="fifo_data_44_18 (phireg) "/>
</bind>
</comp>

<comp id="707" class="1004" name="fifo_data_44_18_phi_fu_707">
<pin_list>
<pin id="708" dir="0" index="0" bw="64" slack="10"/>
<pin id="709" dir="0" index="1" bw="0" slack="2147483647"/>
<pin id="710" dir="0" index="2" bw="64" slack="1"/>
<pin id="711" dir="0" index="3" bw="0" slack="2147483647"/>
<pin id="712" dir="1" index="4" bw="64" slack="0"/>
</pin_list>
<bind>
<opcode="phi(47) " fcode="phi"/>
<opset="fifo_data_44_18/30 "/>
</bind>
</comp>

<comp id="714" class="1005" name="fifo_data_44_19_reg_714">
<pin_list>
<pin id="715" dir="0" index="0" bw="64" slack="2147483647"/>
<pin id="716" dir="1" index="1" bw="64" slack="2147483647"/>
</pin_list>
<bind>
<opset="fifo_data_44_19 (phireg) "/>
</bind>
</comp>

<comp id="717" class="1004" name="fifo_data_44_19_phi_fu_717">
<pin_list>
<pin id="718" dir="0" index="0" bw="64" slack="11"/>
<pin id="719" dir="0" index="1" bw="0" slack="2147483647"/>
<pin id="720" dir="0" index="2" bw="64" slack="1"/>
<pin id="721" dir="0" index="3" bw="0" slack="2147483647"/>
<pin id="722" dir="1" index="4" bw="64" slack="0"/>
</pin_list>
<bind>
<opcode="phi(47) " fcode="phi"/>
<opset="fifo_data_44_19/31 "/>
</bind>
</comp>

<comp id="724" class="1005" name="fifo_data_44_20_reg_724">
<pin_list>
<pin id="725" dir="0" index="0" bw="64" slack="2147483647"/>
<pin id="726" dir="1" index="1" bw="64" slack="2147483647"/>
</pin_list>
<bind>
<opset="fifo_data_44_20 (phireg) "/>
</bind>
</comp>

<comp id="727" class="1004" name="fifo_data_44_20_phi_fu_727">
<pin_list>
<pin id="728" dir="0" index="0" bw="64" slack="11"/>
<pin id="729" dir="0" index="1" bw="0" slack="2147483647"/>
<pin id="730" dir="0" index="2" bw="64" slack="1"/>
<pin id="731" dir="0" index="3" bw="0" slack="2147483647"/>
<pin id="732" dir="1" index="4" bw="64" slack="0"/>
</pin_list>
<bind>
<opcode="phi(47) " fcode="phi"/>
<opset="fifo_data_44_20/32 "/>
</bind>
</comp>

<comp id="734" class="1005" name="fifo_data_44_21_reg_734">
<pin_list>
<pin id="735" dir="0" index="0" bw="64" slack="2147483647"/>
<pin id="736" dir="1" index="1" bw="64" slack="2147483647"/>
</pin_list>
<bind>
<opset="fifo_data_44_21 (phireg) "/>
</bind>
</comp>

<comp id="737" class="1004" name="fifo_data_44_21_phi_fu_737">
<pin_list>
<pin id="738" dir="0" index="0" bw="64" slack="12"/>
<pin id="739" dir="0" index="1" bw="0" slack="2147483647"/>
<pin id="740" dir="0" index="2" bw="64" slack="1"/>
<pin id="741" dir="0" index="3" bw="0" slack="2147483647"/>
<pin id="742" dir="1" index="4" bw="64" slack="0"/>
</pin_list>
<bind>
<opcode="phi(47) " fcode="phi"/>
<opset="fifo_data_44_21/33 "/>
</bind>
</comp>

<comp id="744" class="1005" name="fifo_data_44_22_reg_744">
<pin_list>
<pin id="745" dir="0" index="0" bw="64" slack="2147483647"/>
<pin id="746" dir="1" index="1" bw="64" slack="2147483647"/>
</pin_list>
<bind>
<opset="fifo_data_44_22 (phireg) "/>
</bind>
</comp>

<comp id="747" class="1004" name="fifo_data_44_22_phi_fu_747">
<pin_list>
<pin id="748" dir="0" index="0" bw="64" slack="12"/>
<pin id="749" dir="0" index="1" bw="0" slack="2147483647"/>
<pin id="750" dir="0" index="2" bw="64" slack="1"/>
<pin id="751" dir="0" index="3" bw="0" slack="2147483647"/>
<pin id="752" dir="1" index="4" bw="64" slack="0"/>
</pin_list>
<bind>
<opcode="phi(47) " fcode="phi"/>
<opset="fifo_data_44_22/34 "/>
</bind>
</comp>

<comp id="754" class="1005" name="fifo_data_44_23_reg_754">
<pin_list>
<pin id="755" dir="0" index="0" bw="64" slack="2147483647"/>
<pin id="756" dir="1" index="1" bw="64" slack="2147483647"/>
</pin_list>
<bind>
<opset="fifo_data_44_23 (phireg) "/>
</bind>
</comp>

<comp id="757" class="1004" name="fifo_data_44_23_phi_fu_757">
<pin_list>
<pin id="758" dir="0" index="0" bw="64" slack="13"/>
<pin id="759" dir="0" index="1" bw="0" slack="2147483647"/>
<pin id="760" dir="0" index="2" bw="64" slack="1"/>
<pin id="761" dir="0" index="3" bw="0" slack="2147483647"/>
<pin id="762" dir="1" index="4" bw="64" slack="0"/>
</pin_list>
<bind>
<opcode="phi(47) " fcode="phi"/>
<opset="fifo_data_44_23/35 "/>
</bind>
</comp>

<comp id="764" class="1005" name="fifo_data_44_24_reg_764">
<pin_list>
<pin id="765" dir="0" index="0" bw="64" slack="2147483647"/>
<pin id="766" dir="1" index="1" bw="64" slack="2147483647"/>
</pin_list>
<bind>
<opset="fifo_data_44_24 (phireg) "/>
</bind>
</comp>

<comp id="767" class="1004" name="fifo_data_44_24_phi_fu_767">
<pin_list>
<pin id="768" dir="0" index="0" bw="64" slack="13"/>
<pin id="769" dir="0" index="1" bw="0" slack="2147483647"/>
<pin id="770" dir="0" index="2" bw="64" slack="1"/>
<pin id="771" dir="0" index="3" bw="0" slack="2147483647"/>
<pin id="772" dir="1" index="4" bw="64" slack="0"/>
</pin_list>
<bind>
<opcode="phi(47) " fcode="phi"/>
<opset="fifo_data_44_24/36 "/>
</bind>
</comp>

<comp id="774" class="1005" name="fifo_data_44_25_reg_774">
<pin_list>
<pin id="775" dir="0" index="0" bw="64" slack="2147483647"/>
<pin id="776" dir="1" index="1" bw="64" slack="2147483647"/>
</pin_list>
<bind>
<opset="fifo_data_44_25 (phireg) "/>
</bind>
</comp>

<comp id="777" class="1004" name="fifo_data_44_25_phi_fu_777">
<pin_list>
<pin id="778" dir="0" index="0" bw="64" slack="14"/>
<pin id="779" dir="0" index="1" bw="0" slack="2147483647"/>
<pin id="780" dir="0" index="2" bw="64" slack="1"/>
<pin id="781" dir="0" index="3" bw="0" slack="2147483647"/>
<pin id="782" dir="1" index="4" bw="64" slack="0"/>
</pin_list>
<bind>
<opcode="phi(47) " fcode="phi"/>
<opset="fifo_data_44_25/37 "/>
</bind>
</comp>

<comp id="784" class="1005" name="fifo_data_44_26_reg_784">
<pin_list>
<pin id="785" dir="0" index="0" bw="64" slack="2147483647"/>
<pin id="786" dir="1" index="1" bw="64" slack="2147483647"/>
</pin_list>
<bind>
<opset="fifo_data_44_26 (phireg) "/>
</bind>
</comp>

<comp id="787" class="1004" name="fifo_data_44_26_phi_fu_787">
<pin_list>
<pin id="788" dir="0" index="0" bw="64" slack="14"/>
<pin id="789" dir="0" index="1" bw="0" slack="2147483647"/>
<pin id="790" dir="0" index="2" bw="64" slack="1"/>
<pin id="791" dir="0" index="3" bw="0" slack="2147483647"/>
<pin id="792" dir="1" index="4" bw="64" slack="0"/>
</pin_list>
<bind>
<opcode="phi(47) " fcode="phi"/>
<opset="fifo_data_44_26/38 "/>
</bind>
</comp>

<comp id="794" class="1005" name="fifo_data_44_27_reg_794">
<pin_list>
<pin id="795" dir="0" index="0" bw="64" slack="2147483647"/>
<pin id="796" dir="1" index="1" bw="64" slack="2147483647"/>
</pin_list>
<bind>
<opset="fifo_data_44_27 (phireg) "/>
</bind>
</comp>

<comp id="797" class="1004" name="fifo_data_44_27_phi_fu_797">
<pin_list>
<pin id="798" dir="0" index="0" bw="64" slack="15"/>
<pin id="799" dir="0" index="1" bw="0" slack="2147483647"/>
<pin id="800" dir="0" index="2" bw="64" slack="1"/>
<pin id="801" dir="0" index="3" bw="0" slack="2147483647"/>
<pin id="802" dir="1" index="4" bw="64" slack="0"/>
</pin_list>
<bind>
<opcode="phi(47) " fcode="phi"/>
<opset="fifo_data_44_27/39 "/>
</bind>
</comp>

<comp id="804" class="1005" name="fifo_data_44_28_reg_804">
<pin_list>
<pin id="805" dir="0" index="0" bw="64" slack="2147483647"/>
<pin id="806" dir="1" index="1" bw="64" slack="2147483647"/>
</pin_list>
<bind>
<opset="fifo_data_44_28 (phireg) "/>
</bind>
</comp>

<comp id="807" class="1004" name="fifo_data_44_28_phi_fu_807">
<pin_list>
<pin id="808" dir="0" index="0" bw="64" slack="15"/>
<pin id="809" dir="0" index="1" bw="0" slack="2147483647"/>
<pin id="810" dir="0" index="2" bw="64" slack="1"/>
<pin id="811" dir="0" index="3" bw="0" slack="2147483647"/>
<pin id="812" dir="1" index="4" bw="64" slack="0"/>
</pin_list>
<bind>
<opcode="phi(47) " fcode="phi"/>
<opset="fifo_data_44_28/40 "/>
</bind>
</comp>

<comp id="814" class="1005" name="fifo_data_44_29_reg_814">
<pin_list>
<pin id="815" dir="0" index="0" bw="64" slack="2147483647"/>
<pin id="816" dir="1" index="1" bw="64" slack="2147483647"/>
</pin_list>
<bind>
<opset="fifo_data_44_29 (phireg) "/>
</bind>
</comp>

<comp id="817" class="1004" name="fifo_data_44_29_phi_fu_817">
<pin_list>
<pin id="818" dir="0" index="0" bw="64" slack="16"/>
<pin id="819" dir="0" index="1" bw="0" slack="2147483647"/>
<pin id="820" dir="0" index="2" bw="64" slack="1"/>
<pin id="821" dir="0" index="3" bw="0" slack="2147483647"/>
<pin id="822" dir="1" index="4" bw="64" slack="0"/>
</pin_list>
<bind>
<opcode="phi(47) " fcode="phi"/>
<opset="fifo_data_44_29/41 "/>
</bind>
</comp>

<comp id="824" class="1005" name="fifo_data_44_30_reg_824">
<pin_list>
<pin id="825" dir="0" index="0" bw="64" slack="2147483647"/>
<pin id="826" dir="1" index="1" bw="64" slack="2147483647"/>
</pin_list>
<bind>
<opset="fifo_data_44_30 (phireg) "/>
</bind>
</comp>

<comp id="827" class="1004" name="fifo_data_44_30_phi_fu_827">
<pin_list>
<pin id="828" dir="0" index="0" bw="64" slack="16"/>
<pin id="829" dir="0" index="1" bw="0" slack="2147483647"/>
<pin id="830" dir="0" index="2" bw="64" slack="1"/>
<pin id="831" dir="0" index="3" bw="0" slack="2147483647"/>
<pin id="832" dir="1" index="4" bw="64" slack="0"/>
</pin_list>
<bind>
<opcode="phi(47) " fcode="phi"/>
<opset="fifo_data_44_30/42 "/>
</bind>
</comp>

<comp id="834" class="1005" name="fifo_data_44_31_reg_834">
<pin_list>
<pin id="835" dir="0" index="0" bw="64" slack="2147483647"/>
<pin id="836" dir="1" index="1" bw="64" slack="2147483647"/>
</pin_list>
<bind>
<opset="fifo_data_44_31 (phireg) "/>
</bind>
</comp>

<comp id="837" class="1004" name="fifo_data_44_31_phi_fu_837">
<pin_list>
<pin id="838" dir="0" index="0" bw="64" slack="17"/>
<pin id="839" dir="0" index="1" bw="0" slack="2147483647"/>
<pin id="840" dir="0" index="2" bw="64" slack="1"/>
<pin id="841" dir="0" index="3" bw="0" slack="2147483647"/>
<pin id="842" dir="1" index="4" bw="64" slack="0"/>
</pin_list>
<bind>
<opcode="phi(47) " fcode="phi"/>
<opset="fifo_data_44_31/43 "/>
</bind>
</comp>

<comp id="844" class="1004" name="add_ln890_fu_844">
<pin_list>
<pin id="845" dir="0" index="0" bw="11" slack="0"/>
<pin id="846" dir="0" index="1" bw="1" slack="0"/>
<pin id="847" dir="1" index="2" bw="11" slack="0"/>
</pin_list>
<bind>
<opcode="add(8) " fcode="add"/>
<opset="add_ln890/2 "/>
</bind>
</comp>

<comp id="850" class="1004" name="icmp_ln890_fu_850">
<pin_list>
<pin id="851" dir="0" index="0" bw="11" slack="0"/>
<pin id="852" dir="0" index="1" bw="11" slack="0"/>
<pin id="853" dir="1" index="2" bw="1" slack="1"/>
</pin_list>
<bind>
<opcode="icmp(45) " fcode="icmp"/>
<opset="icmp_ln890/2 "/>
</bind>
</comp>

<comp id="856" class="1004" name="add_ln691_fu_856">
<pin_list>
<pin id="857" dir="0" index="0" bw="7" slack="0"/>
<pin id="858" dir="0" index="1" bw="1" slack="0"/>
<pin id="859" dir="1" index="2" bw="7" slack="0"/>
</pin_list>
<bind>
<opcode="add(8) " fcode="add"/>
<opset="add_ln691/2 "/>
</bind>
</comp>

<comp id="862" class="1004" name="icmp_ln890224_fu_862">
<pin_list>
<pin id="863" dir="0" index="0" bw="5" slack="0"/>
<pin id="864" dir="0" index="1" bw="5" slack="0"/>
<pin id="865" dir="1" index="2" bw="1" slack="0"/>
</pin_list>
<bind>
<opcode="icmp(45) " fcode="icmp"/>
<opset="icmp_ln890224/2 "/>
</bind>
</comp>

<comp id="868" class="1004" name="select_ln890_fu_868">
<pin_list>
<pin id="869" dir="0" index="0" bw="1" slack="0"/>
<pin id="870" dir="0" index="1" bw="1" slack="0"/>
<pin id="871" dir="0" index="2" bw="5" slack="0"/>
<pin id="872" dir="1" index="3" bw="5" slack="1"/>
</pin_list>
<bind>
<opcode="select(49) " fcode="select"/>
<opset="select_ln890/2 "/>
</bind>
</comp>

<comp id="876" class="1004" name="select_ln890_393_fu_876">
<pin_list>
<pin id="877" dir="0" index="0" bw="1" slack="0"/>
<pin id="878" dir="0" index="1" bw="7" slack="0"/>
<pin id="879" dir="0" index="2" bw="7" slack="0"/>
<pin id="880" dir="1" index="3" bw="7" slack="0"/>
</pin_list>
<bind>
<opcode="select(49) " fcode="select"/>
<opset="select_ln890_393/2 "/>
</bind>
</comp>

<comp id="884" class="1004" name="conv_i113_mid2_v_fu_884">
<pin_list>
<pin id="885" dir="0" index="0" bw="5" slack="0"/>
<pin id="886" dir="0" index="1" bw="7" slack="0"/>
<pin id="887" dir="0" index="2" bw="1" slack="0"/>
<pin id="888" dir="0" index="3" bw="4" slack="0"/>
<pin id="889" dir="1" index="4" bw="5" slack="1"/>
</pin_list>
<bind>
<opcode="partselect(1002) " fcode="partselect"/>
<opset="conv_i113_mid2_v/2 "/>
</bind>
</comp>

<comp id="894" class="1004" name="trunc_ln890_fu_894">
<pin_list>
<pin id="895" dir="0" index="0" bw="7" slack="0"/>
<pin id="896" dir="1" index="1" bw="1" slack="3"/>
</pin_list>
<bind>
<opcode="trunc(33) " fcode="trunc"/>
<opset="trunc_ln890/2 "/>
</bind>
</comp>

<comp id="898" class="1004" name="tmp_s_fu_898">
<pin_list>
<pin id="899" dir="0" index="0" bw="10" slack="0"/>
<pin id="900" dir="0" index="1" bw="5" slack="1"/>
<pin id="901" dir="0" index="2" bw="5" slack="1"/>
<pin id="902" dir="1" index="3" bw="10" slack="0"/>
</pin_list>
<bind>
<opcode="bitconcatenate(1004) " fcode="bitconcatenate"/>
<opset="tmp_s/3 "/>
</bind>
</comp>

<comp id="904" class="1004" name="zext_ln10348_fu_904">
<pin_list>
<pin id="905" dir="0" index="0" bw="10" slack="0"/>
<pin id="906" dir="1" index="1" bw="64" slack="0"/>
</pin_list>
<bind>
<opcode="zext(34) " fcode="zext"/>
<opset="zext_ln10348/3 "/>
</bind>
</comp>

<comp id="909" class="1004" name="add_ln691_473_fu_909">
<pin_list>
<pin id="910" dir="0" index="0" bw="5" slack="1"/>
<pin id="911" dir="0" index="1" bw="1" slack="0"/>
<pin id="912" dir="1" index="2" bw="5" slack="1"/>
</pin_list>
<bind>
<opcode="add(8) " fcode="add"/>
<opset="add_ln691_473/3 "/>
</bind>
</comp>

<comp id="914" class="1004" name="trunc_ln674_fu_914">
<pin_list>
<pin id="915" dir="0" index="0" bw="64" slack="0"/>
<pin id="916" dir="1" index="1" bw="32" slack="0"/>
</pin_list>
<bind>
<opcode="trunc(33) " fcode="trunc"/>
<opset="trunc_ln674/4 "/>
</bind>
</comp>

<comp id="919" class="1004" name="p_Result_1_fu_919">
<pin_list>
<pin id="920" dir="0" index="0" bw="32" slack="0"/>
<pin id="921" dir="0" index="1" bw="64" slack="0"/>
<pin id="922" dir="0" index="2" bw="7" slack="0"/>
<pin id="923" dir="0" index="3" bw="7" slack="0"/>
<pin id="924" dir="1" index="4" bw="32" slack="0"/>
</pin_list>
<bind>
<opcode="partselect(1002) " fcode="partselect"/>
<opset="p_Result_1/4 "/>
</bind>
</comp>

<comp id="930" class="1004" name="zext_ln890_fu_930">
<pin_list>
<pin id="931" dir="0" index="0" bw="1" slack="3"/>
<pin id="932" dir="1" index="1" bw="64" slack="0"/>
</pin_list>
<bind>
<opcode="zext(34) " fcode="zext"/>
<opset="zext_ln890/5 "/>
</bind>
</comp>

<comp id="934" class="1004" name="p_Result_s_fu_934">
<pin_list>
<pin id="935" dir="0" index="0" bw="64" slack="0"/>
<pin id="936" dir="0" index="1" bw="32" slack="0"/>
<pin id="937" dir="0" index="2" bw="32" slack="0"/>
<pin id="938" dir="1" index="3" bw="64" slack="0"/>
</pin_list>
<bind>
<opcode="bitconcatenate(1004) " fcode="bitconcatenate"/>
<opset="p_Result_s/7 "/>
</bind>
</comp>

<comp id="943" class="1004" name="add_ln890_157_fu_943">
<pin_list>
<pin id="944" dir="0" index="0" bw="6" slack="0"/>
<pin id="945" dir="0" index="1" bw="1" slack="0"/>
<pin id="946" dir="1" index="2" bw="6" slack="0"/>
</pin_list>
<bind>
<opcode="add(8) " fcode="add"/>
<opset="add_ln890_157/9 "/>
</bind>
</comp>

<comp id="949" class="1004" name="icmp_ln890_376_fu_949">
<pin_list>
<pin id="950" dir="0" index="0" bw="6" slack="0"/>
<pin id="951" dir="0" index="1" bw="5" slack="0"/>
<pin id="952" dir="1" index="2" bw="1" slack="1"/>
</pin_list>
<bind>
<opcode="icmp(45) " fcode="icmp"/>
<opset="icmp_ln890_376/9 "/>
</bind>
</comp>

<comp id="955" class="1004" name="add_ln691_474_fu_955">
<pin_list>
<pin id="956" dir="0" index="0" bw="4" slack="0"/>
<pin id="957" dir="0" index="1" bw="1" slack="0"/>
<pin id="958" dir="1" index="2" bw="4" slack="0"/>
</pin_list>
<bind>
<opcode="add(8) " fcode="add"/>
<opset="add_ln691_474/9 "/>
</bind>
</comp>

<comp id="961" class="1004" name="icmp_ln890_377_fu_961">
<pin_list>
<pin id="962" dir="0" index="0" bw="5" slack="0"/>
<pin id="963" dir="0" index="1" bw="5" slack="0"/>
<pin id="964" dir="1" index="2" bw="1" slack="0"/>
</pin_list>
<bind>
<opcode="icmp(45) " fcode="icmp"/>
<opset="icmp_ln890_377/9 "/>
</bind>
</comp>

<comp id="967" class="1004" name="select_ln10365_fu_967">
<pin_list>
<pin id="968" dir="0" index="0" bw="1" slack="0"/>
<pin id="969" dir="0" index="1" bw="1" slack="0"/>
<pin id="970" dir="0" index="2" bw="5" slack="0"/>
<pin id="971" dir="1" index="3" bw="5" slack="1"/>
</pin_list>
<bind>
<opcode="select(49) " fcode="select"/>
<opset="select_ln10365/9 "/>
</bind>
</comp>

<comp id="975" class="1004" name="cmp_i_i_mid1_fu_975">
<pin_list>
<pin id="976" dir="0" index="0" bw="4" slack="0"/>
<pin id="977" dir="0" index="1" bw="4" slack="0"/>
<pin id="978" dir="1" index="2" bw="1" slack="0"/>
</pin_list>
<bind>
<opcode="icmp(45) " fcode="icmp"/>
<opset="cmp_i_i_mid1/9 "/>
</bind>
</comp>

<comp id="981" class="1004" name="cmp_i_i225_fu_981">
<pin_list>
<pin id="982" dir="0" index="0" bw="4" slack="0"/>
<pin id="983" dir="0" index="1" bw="4" slack="0"/>
<pin id="984" dir="1" index="2" bw="1" slack="0"/>
</pin_list>
<bind>
<opcode="icmp(45) " fcode="icmp"/>
<opset="cmp_i_i225/9 "/>
</bind>
</comp>

<comp id="987" class="1004" name="select_ln10365_1_fu_987">
<pin_list>
<pin id="988" dir="0" index="0" bw="1" slack="0"/>
<pin id="989" dir="0" index="1" bw="1" slack="0"/>
<pin id="990" dir="0" index="2" bw="1" slack="0"/>
<pin id="991" dir="1" index="3" bw="1" slack="1"/>
</pin_list>
<bind>
<opcode="select(49) " fcode="select"/>
<opset="select_ln10365_1/9 "/>
</bind>
</comp>

<comp id="995" class="1004" name="select_ln890_394_fu_995">
<pin_list>
<pin id="996" dir="0" index="0" bw="1" slack="0"/>
<pin id="997" dir="0" index="1" bw="4" slack="0"/>
<pin id="998" dir="0" index="2" bw="4" slack="0"/>
<pin id="999" dir="1" index="3" bw="4" slack="0"/>
</pin_list>
<bind>
<opcode="select(49) " fcode="select"/>
<opset="select_ln890_394/9 "/>
</bind>
</comp>

<comp id="1003" class="1004" name="tmp_fu_1003">
<pin_list>
<pin id="1004" dir="0" index="0" bw="10" slack="0"/>
<pin id="1005" dir="0" index="1" bw="5" slack="1"/>
<pin id="1006" dir="0" index="2" bw="1" slack="0"/>
<pin id="1007" dir="1" index="3" bw="10" slack="0"/>
</pin_list>
<bind>
<opcode="bitconcatenate(1004) " fcode="bitconcatenate"/>
<opset="tmp/10 "/>
</bind>
</comp>

<comp id="1010" class="1004" name="zext_ln10373_fu_1010">
<pin_list>
<pin id="1011" dir="0" index="0" bw="10" slack="0"/>
<pin id="1012" dir="1" index="1" bw="64" slack="0"/>
</pin_list>
<bind>
<opcode="zext(34) " fcode="zext"/>
<opset="zext_ln10373/10 "/>
</bind>
</comp>

<comp id="1015" class="1004" name="or_ln10373_fu_1015">
<pin_list>
<pin id="1016" dir="0" index="0" bw="10" slack="0"/>
<pin id="1017" dir="0" index="1" bw="1" slack="0"/>
<pin id="1018" dir="1" index="2" bw="10" slack="0"/>
</pin_list>
<bind>
<opcode="or(24) " fcode="or"/>
<opset="or_ln10373/10 "/>
</bind>
</comp>

<comp id="1021" class="1004" name="tmp_869_fu_1021">
<pin_list>
<pin id="1022" dir="0" index="0" bw="64" slack="0"/>
<pin id="1023" dir="0" index="1" bw="1" slack="0"/>
<pin id="1024" dir="0" index="2" bw="10" slack="0"/>
<pin id="1025" dir="1" index="3" bw="64" slack="0"/>
</pin_list>
<bind>
<opcode="bitconcatenate(1004) " fcode="bitconcatenate"/>
<opset="tmp_869/10 "/>
</bind>
</comp>

<comp id="1030" class="1004" name="or_ln10373_1_fu_1030">
<pin_list>
<pin id="1031" dir="0" index="0" bw="10" slack="1"/>
<pin id="1032" dir="0" index="1" bw="3" slack="0"/>
<pin id="1033" dir="1" index="2" bw="10" slack="0"/>
</pin_list>
<bind>
<opcode="or(24) " fcode="or"/>
<opset="or_ln10373_1/11 "/>
</bind>
</comp>

<comp id="1035" class="1004" name="tmp_870_fu_1035">
<pin_list>
<pin id="1036" dir="0" index="0" bw="64" slack="0"/>
<pin id="1037" dir="0" index="1" bw="1" slack="0"/>
<pin id="1038" dir="0" index="2" bw="10" slack="0"/>
<pin id="1039" dir="1" index="3" bw="64" slack="0"/>
</pin_list>
<bind>
<opcode="bitconcatenate(1004) " fcode="bitconcatenate"/>
<opset="tmp_870/11 "/>
</bind>
</comp>

<comp id="1044" class="1004" name="or_ln10373_2_fu_1044">
<pin_list>
<pin id="1045" dir="0" index="0" bw="10" slack="1"/>
<pin id="1046" dir="0" index="1" bw="3" slack="0"/>
<pin id="1047" dir="1" index="2" bw="10" slack="0"/>
</pin_list>
<bind>
<opcode="or(24) " fcode="or"/>
<opset="or_ln10373_2/11 "/>
</bind>
</comp>

<comp id="1049" class="1004" name="tmp_871_fu_1049">
<pin_list>
<pin id="1050" dir="0" index="0" bw="64" slack="0"/>
<pin id="1051" dir="0" index="1" bw="1" slack="0"/>
<pin id="1052" dir="0" index="2" bw="10" slack="0"/>
<pin id="1053" dir="1" index="3" bw="64" slack="0"/>
</pin_list>
<bind>
<opcode="bitconcatenate(1004) " fcode="bitconcatenate"/>
<opset="tmp_871/11 "/>
</bind>
</comp>

<comp id="1058" class="1004" name="or_ln10373_3_fu_1058">
<pin_list>
<pin id="1059" dir="0" index="0" bw="10" slack="2"/>
<pin id="1060" dir="0" index="1" bw="4" slack="0"/>
<pin id="1061" dir="1" index="2" bw="10" slack="0"/>
</pin_list>
<bind>
<opcode="or(24) " fcode="or"/>
<opset="or_ln10373_3/12 "/>
</bind>
</comp>

<comp id="1063" class="1004" name="tmp_872_fu_1063">
<pin_list>
<pin id="1064" dir="0" index="0" bw="64" slack="0"/>
<pin id="1065" dir="0" index="1" bw="1" slack="0"/>
<pin id="1066" dir="0" index="2" bw="10" slack="0"/>
<pin id="1067" dir="1" index="3" bw="64" slack="0"/>
</pin_list>
<bind>
<opcode="bitconcatenate(1004) " fcode="bitconcatenate"/>
<opset="tmp_872/12 "/>
</bind>
</comp>

<comp id="1072" class="1004" name="or_ln10373_4_fu_1072">
<pin_list>
<pin id="1073" dir="0" index="0" bw="10" slack="2"/>
<pin id="1074" dir="0" index="1" bw="4" slack="0"/>
<pin id="1075" dir="1" index="2" bw="10" slack="0"/>
</pin_list>
<bind>
<opcode="or(24) " fcode="or"/>
<opset="or_ln10373_4/12 "/>
</bind>
</comp>

<comp id="1077" class="1004" name="tmp_873_fu_1077">
<pin_list>
<pin id="1078" dir="0" index="0" bw="64" slack="0"/>
<pin id="1079" dir="0" index="1" bw="1" slack="0"/>
<pin id="1080" dir="0" index="2" bw="10" slack="0"/>
<pin id="1081" dir="1" index="3" bw="64" slack="0"/>
</pin_list>
<bind>
<opcode="bitconcatenate(1004) " fcode="bitconcatenate"/>
<opset="tmp_873/12 "/>
</bind>
</comp>

<comp id="1086" class="1004" name="or_ln10373_5_fu_1086">
<pin_list>
<pin id="1087" dir="0" index="0" bw="10" slack="3"/>
<pin id="1088" dir="0" index="1" bw="4" slack="0"/>
<pin id="1089" dir="1" index="2" bw="10" slack="0"/>
</pin_list>
<bind>
<opcode="or(24) " fcode="or"/>
<opset="or_ln10373_5/13 "/>
</bind>
</comp>

<comp id="1091" class="1004" name="tmp_874_fu_1091">
<pin_list>
<pin id="1092" dir="0" index="0" bw="64" slack="0"/>
<pin id="1093" dir="0" index="1" bw="1" slack="0"/>
<pin id="1094" dir="0" index="2" bw="10" slack="0"/>
<pin id="1095" dir="1" index="3" bw="64" slack="0"/>
</pin_list>
<bind>
<opcode="bitconcatenate(1004) " fcode="bitconcatenate"/>
<opset="tmp_874/13 "/>
</bind>
</comp>

<comp id="1100" class="1004" name="or_ln10373_6_fu_1100">
<pin_list>
<pin id="1101" dir="0" index="0" bw="10" slack="3"/>
<pin id="1102" dir="0" index="1" bw="4" slack="0"/>
<pin id="1103" dir="1" index="2" bw="10" slack="0"/>
</pin_list>
<bind>
<opcode="or(24) " fcode="or"/>
<opset="or_ln10373_6/13 "/>
</bind>
</comp>

<comp id="1105" class="1004" name="tmp_875_fu_1105">
<pin_list>
<pin id="1106" dir="0" index="0" bw="64" slack="0"/>
<pin id="1107" dir="0" index="1" bw="1" slack="0"/>
<pin id="1108" dir="0" index="2" bw="10" slack="0"/>
<pin id="1109" dir="1" index="3" bw="64" slack="0"/>
</pin_list>
<bind>
<opcode="bitconcatenate(1004) " fcode="bitconcatenate"/>
<opset="tmp_875/13 "/>
</bind>
</comp>

<comp id="1114" class="1004" name="or_ln10373_7_fu_1114">
<pin_list>
<pin id="1115" dir="0" index="0" bw="10" slack="4"/>
<pin id="1116" dir="0" index="1" bw="5" slack="0"/>
<pin id="1117" dir="1" index="2" bw="10" slack="0"/>
</pin_list>
<bind>
<opcode="or(24) " fcode="or"/>
<opset="or_ln10373_7/14 "/>
</bind>
</comp>

<comp id="1119" class="1004" name="tmp_876_fu_1119">
<pin_list>
<pin id="1120" dir="0" index="0" bw="64" slack="0"/>
<pin id="1121" dir="0" index="1" bw="1" slack="0"/>
<pin id="1122" dir="0" index="2" bw="10" slack="0"/>
<pin id="1123" dir="1" index="3" bw="64" slack="0"/>
</pin_list>
<bind>
<opcode="bitconcatenate(1004) " fcode="bitconcatenate"/>
<opset="tmp_876/14 "/>
</bind>
</comp>

<comp id="1128" class="1004" name="or_ln10373_8_fu_1128">
<pin_list>
<pin id="1129" dir="0" index="0" bw="10" slack="4"/>
<pin id="1130" dir="0" index="1" bw="5" slack="0"/>
<pin id="1131" dir="1" index="2" bw="10" slack="0"/>
</pin_list>
<bind>
<opcode="or(24) " fcode="or"/>
<opset="or_ln10373_8/14 "/>
</bind>
</comp>

<comp id="1133" class="1004" name="tmp_877_fu_1133">
<pin_list>
<pin id="1134" dir="0" index="0" bw="64" slack="0"/>
<pin id="1135" dir="0" index="1" bw="1" slack="0"/>
<pin id="1136" dir="0" index="2" bw="10" slack="0"/>
<pin id="1137" dir="1" index="3" bw="64" slack="0"/>
</pin_list>
<bind>
<opcode="bitconcatenate(1004) " fcode="bitconcatenate"/>
<opset="tmp_877/14 "/>
</bind>
</comp>

<comp id="1142" class="1004" name="or_ln10373_9_fu_1142">
<pin_list>
<pin id="1143" dir="0" index="0" bw="10" slack="5"/>
<pin id="1144" dir="0" index="1" bw="5" slack="0"/>
<pin id="1145" dir="1" index="2" bw="10" slack="0"/>
</pin_list>
<bind>
<opcode="or(24) " fcode="or"/>
<opset="or_ln10373_9/15 "/>
</bind>
</comp>

<comp id="1147" class="1004" name="tmp_878_fu_1147">
<pin_list>
<pin id="1148" dir="0" index="0" bw="64" slack="0"/>
<pin id="1149" dir="0" index="1" bw="1" slack="0"/>
<pin id="1150" dir="0" index="2" bw="10" slack="0"/>
<pin id="1151" dir="1" index="3" bw="64" slack="0"/>
</pin_list>
<bind>
<opcode="bitconcatenate(1004) " fcode="bitconcatenate"/>
<opset="tmp_878/15 "/>
</bind>
</comp>

<comp id="1156" class="1004" name="or_ln10373_10_fu_1156">
<pin_list>
<pin id="1157" dir="0" index="0" bw="10" slack="5"/>
<pin id="1158" dir="0" index="1" bw="5" slack="0"/>
<pin id="1159" dir="1" index="2" bw="10" slack="0"/>
</pin_list>
<bind>
<opcode="or(24) " fcode="or"/>
<opset="or_ln10373_10/15 "/>
</bind>
</comp>

<comp id="1161" class="1004" name="tmp_879_fu_1161">
<pin_list>
<pin id="1162" dir="0" index="0" bw="64" slack="0"/>
<pin id="1163" dir="0" index="1" bw="1" slack="0"/>
<pin id="1164" dir="0" index="2" bw="10" slack="0"/>
<pin id="1165" dir="1" index="3" bw="64" slack="0"/>
</pin_list>
<bind>
<opcode="bitconcatenate(1004) " fcode="bitconcatenate"/>
<opset="tmp_879/15 "/>
</bind>
</comp>

<comp id="1170" class="1004" name="or_ln10373_11_fu_1170">
<pin_list>
<pin id="1171" dir="0" index="0" bw="10" slack="6"/>
<pin id="1172" dir="0" index="1" bw="5" slack="0"/>
<pin id="1173" dir="1" index="2" bw="10" slack="0"/>
</pin_list>
<bind>
<opcode="or(24) " fcode="or"/>
<opset="or_ln10373_11/16 "/>
</bind>
</comp>

<comp id="1175" class="1004" name="tmp_880_fu_1175">
<pin_list>
<pin id="1176" dir="0" index="0" bw="64" slack="0"/>
<pin id="1177" dir="0" index="1" bw="1" slack="0"/>
<pin id="1178" dir="0" index="2" bw="10" slack="0"/>
<pin id="1179" dir="1" index="3" bw="64" slack="0"/>
</pin_list>
<bind>
<opcode="bitconcatenate(1004) " fcode="bitconcatenate"/>
<opset="tmp_880/16 "/>
</bind>
</comp>

<comp id="1184" class="1004" name="or_ln10373_12_fu_1184">
<pin_list>
<pin id="1185" dir="0" index="0" bw="10" slack="6"/>
<pin id="1186" dir="0" index="1" bw="5" slack="0"/>
<pin id="1187" dir="1" index="2" bw="10" slack="0"/>
</pin_list>
<bind>
<opcode="or(24) " fcode="or"/>
<opset="or_ln10373_12/16 "/>
</bind>
</comp>

<comp id="1189" class="1004" name="tmp_881_fu_1189">
<pin_list>
<pin id="1190" dir="0" index="0" bw="64" slack="0"/>
<pin id="1191" dir="0" index="1" bw="1" slack="0"/>
<pin id="1192" dir="0" index="2" bw="10" slack="0"/>
<pin id="1193" dir="1" index="3" bw="64" slack="0"/>
</pin_list>
<bind>
<opcode="bitconcatenate(1004) " fcode="bitconcatenate"/>
<opset="tmp_881/16 "/>
</bind>
</comp>

<comp id="1198" class="1004" name="or_ln10373_13_fu_1198">
<pin_list>
<pin id="1199" dir="0" index="0" bw="10" slack="7"/>
<pin id="1200" dir="0" index="1" bw="5" slack="0"/>
<pin id="1201" dir="1" index="2" bw="10" slack="0"/>
</pin_list>
<bind>
<opcode="or(24) " fcode="or"/>
<opset="or_ln10373_13/17 "/>
</bind>
</comp>

<comp id="1203" class="1004" name="tmp_882_fu_1203">
<pin_list>
<pin id="1204" dir="0" index="0" bw="64" slack="0"/>
<pin id="1205" dir="0" index="1" bw="1" slack="0"/>
<pin id="1206" dir="0" index="2" bw="10" slack="0"/>
<pin id="1207" dir="1" index="3" bw="64" slack="0"/>
</pin_list>
<bind>
<opcode="bitconcatenate(1004) " fcode="bitconcatenate"/>
<opset="tmp_882/17 "/>
</bind>
</comp>

<comp id="1212" class="1004" name="or_ln10373_14_fu_1212">
<pin_list>
<pin id="1213" dir="0" index="0" bw="10" slack="7"/>
<pin id="1214" dir="0" index="1" bw="5" slack="0"/>
<pin id="1215" dir="1" index="2" bw="10" slack="0"/>
</pin_list>
<bind>
<opcode="or(24) " fcode="or"/>
<opset="or_ln10373_14/17 "/>
</bind>
</comp>

<comp id="1217" class="1004" name="tmp_883_fu_1217">
<pin_list>
<pin id="1218" dir="0" index="0" bw="64" slack="0"/>
<pin id="1219" dir="0" index="1" bw="1" slack="0"/>
<pin id="1220" dir="0" index="2" bw="10" slack="0"/>
<pin id="1221" dir="1" index="3" bw="64" slack="0"/>
</pin_list>
<bind>
<opcode="bitconcatenate(1004) " fcode="bitconcatenate"/>
<opset="tmp_883/17 "/>
</bind>
</comp>

<comp id="1226" class="1004" name="or_ln10373_15_fu_1226">
<pin_list>
<pin id="1227" dir="0" index="0" bw="10" slack="8"/>
<pin id="1228" dir="0" index="1" bw="6" slack="0"/>
<pin id="1229" dir="1" index="2" bw="10" slack="0"/>
</pin_list>
<bind>
<opcode="or(24) " fcode="or"/>
<opset="or_ln10373_15/18 "/>
</bind>
</comp>

<comp id="1231" class="1004" name="tmp_884_fu_1231">
<pin_list>
<pin id="1232" dir="0" index="0" bw="64" slack="0"/>
<pin id="1233" dir="0" index="1" bw="1" slack="0"/>
<pin id="1234" dir="0" index="2" bw="10" slack="0"/>
<pin id="1235" dir="1" index="3" bw="64" slack="0"/>
</pin_list>
<bind>
<opcode="bitconcatenate(1004) " fcode="bitconcatenate"/>
<opset="tmp_884/18 "/>
</bind>
</comp>

<comp id="1240" class="1004" name="or_ln10373_16_fu_1240">
<pin_list>
<pin id="1241" dir="0" index="0" bw="10" slack="8"/>
<pin id="1242" dir="0" index="1" bw="6" slack="0"/>
<pin id="1243" dir="1" index="2" bw="10" slack="0"/>
</pin_list>
<bind>
<opcode="or(24) " fcode="or"/>
<opset="or_ln10373_16/18 "/>
</bind>
</comp>

<comp id="1245" class="1004" name="tmp_885_fu_1245">
<pin_list>
<pin id="1246" dir="0" index="0" bw="64" slack="0"/>
<pin id="1247" dir="0" index="1" bw="1" slack="0"/>
<pin id="1248" dir="0" index="2" bw="10" slack="0"/>
<pin id="1249" dir="1" index="3" bw="64" slack="0"/>
</pin_list>
<bind>
<opcode="bitconcatenate(1004) " fcode="bitconcatenate"/>
<opset="tmp_885/18 "/>
</bind>
</comp>

<comp id="1254" class="1004" name="or_ln10373_17_fu_1254">
<pin_list>
<pin id="1255" dir="0" index="0" bw="10" slack="9"/>
<pin id="1256" dir="0" index="1" bw="6" slack="0"/>
<pin id="1257" dir="1" index="2" bw="10" slack="0"/>
</pin_list>
<bind>
<opcode="or(24) " fcode="or"/>
<opset="or_ln10373_17/19 "/>
</bind>
</comp>

<comp id="1259" class="1004" name="tmp_886_fu_1259">
<pin_list>
<pin id="1260" dir="0" index="0" bw="64" slack="0"/>
<pin id="1261" dir="0" index="1" bw="1" slack="0"/>
<pin id="1262" dir="0" index="2" bw="10" slack="0"/>
<pin id="1263" dir="1" index="3" bw="64" slack="0"/>
</pin_list>
<bind>
<opcode="bitconcatenate(1004) " fcode="bitconcatenate"/>
<opset="tmp_886/19 "/>
</bind>
</comp>

<comp id="1268" class="1004" name="or_ln10373_18_fu_1268">
<pin_list>
<pin id="1269" dir="0" index="0" bw="10" slack="9"/>
<pin id="1270" dir="0" index="1" bw="6" slack="0"/>
<pin id="1271" dir="1" index="2" bw="10" slack="0"/>
</pin_list>
<bind>
<opcode="or(24) " fcode="or"/>
<opset="or_ln10373_18/19 "/>
</bind>
</comp>

<comp id="1273" class="1004" name="tmp_887_fu_1273">
<pin_list>
<pin id="1274" dir="0" index="0" bw="64" slack="0"/>
<pin id="1275" dir="0" index="1" bw="1" slack="0"/>
<pin id="1276" dir="0" index="2" bw="10" slack="0"/>
<pin id="1277" dir="1" index="3" bw="64" slack="0"/>
</pin_list>
<bind>
<opcode="bitconcatenate(1004) " fcode="bitconcatenate"/>
<opset="tmp_887/19 "/>
</bind>
</comp>

<comp id="1282" class="1004" name="or_ln10373_19_fu_1282">
<pin_list>
<pin id="1283" dir="0" index="0" bw="10" slack="10"/>
<pin id="1284" dir="0" index="1" bw="6" slack="0"/>
<pin id="1285" dir="1" index="2" bw="10" slack="0"/>
</pin_list>
<bind>
<opcode="or(24) " fcode="or"/>
<opset="or_ln10373_19/20 "/>
</bind>
</comp>

<comp id="1287" class="1004" name="tmp_888_fu_1287">
<pin_list>
<pin id="1288" dir="0" index="0" bw="64" slack="0"/>
<pin id="1289" dir="0" index="1" bw="1" slack="0"/>
<pin id="1290" dir="0" index="2" bw="10" slack="0"/>
<pin id="1291" dir="1" index="3" bw="64" slack="0"/>
</pin_list>
<bind>
<opcode="bitconcatenate(1004) " fcode="bitconcatenate"/>
<opset="tmp_888/20 "/>
</bind>
</comp>

<comp id="1296" class="1004" name="or_ln10373_20_fu_1296">
<pin_list>
<pin id="1297" dir="0" index="0" bw="10" slack="10"/>
<pin id="1298" dir="0" index="1" bw="6" slack="0"/>
<pin id="1299" dir="1" index="2" bw="10" slack="0"/>
</pin_list>
<bind>
<opcode="or(24) " fcode="or"/>
<opset="or_ln10373_20/20 "/>
</bind>
</comp>

<comp id="1301" class="1004" name="tmp_889_fu_1301">
<pin_list>
<pin id="1302" dir="0" index="0" bw="64" slack="0"/>
<pin id="1303" dir="0" index="1" bw="1" slack="0"/>
<pin id="1304" dir="0" index="2" bw="10" slack="0"/>
<pin id="1305" dir="1" index="3" bw="64" slack="0"/>
</pin_list>
<bind>
<opcode="bitconcatenate(1004) " fcode="bitconcatenate"/>
<opset="tmp_889/20 "/>
</bind>
</comp>

<comp id="1310" class="1004" name="or_ln10373_21_fu_1310">
<pin_list>
<pin id="1311" dir="0" index="0" bw="10" slack="11"/>
<pin id="1312" dir="0" index="1" bw="6" slack="0"/>
<pin id="1313" dir="1" index="2" bw="10" slack="0"/>
</pin_list>
<bind>
<opcode="or(24) " fcode="or"/>
<opset="or_ln10373_21/21 "/>
</bind>
</comp>

<comp id="1315" class="1004" name="tmp_890_fu_1315">
<pin_list>
<pin id="1316" dir="0" index="0" bw="64" slack="0"/>
<pin id="1317" dir="0" index="1" bw="1" slack="0"/>
<pin id="1318" dir="0" index="2" bw="10" slack="0"/>
<pin id="1319" dir="1" index="3" bw="64" slack="0"/>
</pin_list>
<bind>
<opcode="bitconcatenate(1004) " fcode="bitconcatenate"/>
<opset="tmp_890/21 "/>
</bind>
</comp>

<comp id="1324" class="1004" name="or_ln10373_22_fu_1324">
<pin_list>
<pin id="1325" dir="0" index="0" bw="10" slack="11"/>
<pin id="1326" dir="0" index="1" bw="6" slack="0"/>
<pin id="1327" dir="1" index="2" bw="10" slack="0"/>
</pin_list>
<bind>
<opcode="or(24) " fcode="or"/>
<opset="or_ln10373_22/21 "/>
</bind>
</comp>

<comp id="1329" class="1004" name="tmp_891_fu_1329">
<pin_list>
<pin id="1330" dir="0" index="0" bw="64" slack="0"/>
<pin id="1331" dir="0" index="1" bw="1" slack="0"/>
<pin id="1332" dir="0" index="2" bw="10" slack="0"/>
<pin id="1333" dir="1" index="3" bw="64" slack="0"/>
</pin_list>
<bind>
<opcode="bitconcatenate(1004) " fcode="bitconcatenate"/>
<opset="tmp_891/21 "/>
</bind>
</comp>

<comp id="1338" class="1004" name="or_ln10373_23_fu_1338">
<pin_list>
<pin id="1339" dir="0" index="0" bw="10" slack="12"/>
<pin id="1340" dir="0" index="1" bw="6" slack="0"/>
<pin id="1341" dir="1" index="2" bw="10" slack="0"/>
</pin_list>
<bind>
<opcode="or(24) " fcode="or"/>
<opset="or_ln10373_23/22 "/>
</bind>
</comp>

<comp id="1343" class="1004" name="tmp_892_fu_1343">
<pin_list>
<pin id="1344" dir="0" index="0" bw="64" slack="0"/>
<pin id="1345" dir="0" index="1" bw="1" slack="0"/>
<pin id="1346" dir="0" index="2" bw="10" slack="0"/>
<pin id="1347" dir="1" index="3" bw="64" slack="0"/>
</pin_list>
<bind>
<opcode="bitconcatenate(1004) " fcode="bitconcatenate"/>
<opset="tmp_892/22 "/>
</bind>
</comp>

<comp id="1352" class="1004" name="or_ln10373_24_fu_1352">
<pin_list>
<pin id="1353" dir="0" index="0" bw="10" slack="12"/>
<pin id="1354" dir="0" index="1" bw="6" slack="0"/>
<pin id="1355" dir="1" index="2" bw="10" slack="0"/>
</pin_list>
<bind>
<opcode="or(24) " fcode="or"/>
<opset="or_ln10373_24/22 "/>
</bind>
</comp>

<comp id="1357" class="1004" name="tmp_893_fu_1357">
<pin_list>
<pin id="1358" dir="0" index="0" bw="64" slack="0"/>
<pin id="1359" dir="0" index="1" bw="1" slack="0"/>
<pin id="1360" dir="0" index="2" bw="10" slack="0"/>
<pin id="1361" dir="1" index="3" bw="64" slack="0"/>
</pin_list>
<bind>
<opcode="bitconcatenate(1004) " fcode="bitconcatenate"/>
<opset="tmp_893/22 "/>
</bind>
</comp>

<comp id="1366" class="1004" name="or_ln10373_25_fu_1366">
<pin_list>
<pin id="1367" dir="0" index="0" bw="10" slack="13"/>
<pin id="1368" dir="0" index="1" bw="6" slack="0"/>
<pin id="1369" dir="1" index="2" bw="10" slack="0"/>
</pin_list>
<bind>
<opcode="or(24) " fcode="or"/>
<opset="or_ln10373_25/23 "/>
</bind>
</comp>

<comp id="1371" class="1004" name="tmp_894_fu_1371">
<pin_list>
<pin id="1372" dir="0" index="0" bw="64" slack="0"/>
<pin id="1373" dir="0" index="1" bw="1" slack="0"/>
<pin id="1374" dir="0" index="2" bw="10" slack="0"/>
<pin id="1375" dir="1" index="3" bw="64" slack="0"/>
</pin_list>
<bind>
<opcode="bitconcatenate(1004) " fcode="bitconcatenate"/>
<opset="tmp_894/23 "/>
</bind>
</comp>

<comp id="1380" class="1004" name="or_ln10373_26_fu_1380">
<pin_list>
<pin id="1381" dir="0" index="0" bw="10" slack="13"/>
<pin id="1382" dir="0" index="1" bw="6" slack="0"/>
<pin id="1383" dir="1" index="2" bw="10" slack="0"/>
</pin_list>
<bind>
<opcode="or(24) " fcode="or"/>
<opset="or_ln10373_26/23 "/>
</bind>
</comp>

<comp id="1385" class="1004" name="tmp_895_fu_1385">
<pin_list>
<pin id="1386" dir="0" index="0" bw="64" slack="0"/>
<pin id="1387" dir="0" index="1" bw="1" slack="0"/>
<pin id="1388" dir="0" index="2" bw="10" slack="0"/>
<pin id="1389" dir="1" index="3" bw="64" slack="0"/>
</pin_list>
<bind>
<opcode="bitconcatenate(1004) " fcode="bitconcatenate"/>
<opset="tmp_895/23 "/>
</bind>
</comp>

<comp id="1394" class="1004" name="or_ln10373_27_fu_1394">
<pin_list>
<pin id="1395" dir="0" index="0" bw="10" slack="14"/>
<pin id="1396" dir="0" index="1" bw="6" slack="0"/>
<pin id="1397" dir="1" index="2" bw="10" slack="0"/>
</pin_list>
<bind>
<opcode="or(24) " fcode="or"/>
<opset="or_ln10373_27/24 "/>
</bind>
</comp>

<comp id="1399" class="1004" name="tmp_896_fu_1399">
<pin_list>
<pin id="1400" dir="0" index="0" bw="64" slack="0"/>
<pin id="1401" dir="0" index="1" bw="1" slack="0"/>
<pin id="1402" dir="0" index="2" bw="10" slack="0"/>
<pin id="1403" dir="1" index="3" bw="64" slack="0"/>
</pin_list>
<bind>
<opcode="bitconcatenate(1004) " fcode="bitconcatenate"/>
<opset="tmp_896/24 "/>
</bind>
</comp>

<comp id="1408" class="1004" name="or_ln10373_28_fu_1408">
<pin_list>
<pin id="1409" dir="0" index="0" bw="10" slack="14"/>
<pin id="1410" dir="0" index="1" bw="6" slack="0"/>
<pin id="1411" dir="1" index="2" bw="10" slack="0"/>
</pin_list>
<bind>
<opcode="or(24) " fcode="or"/>
<opset="or_ln10373_28/24 "/>
</bind>
</comp>

<comp id="1413" class="1004" name="tmp_897_fu_1413">
<pin_list>
<pin id="1414" dir="0" index="0" bw="64" slack="0"/>
<pin id="1415" dir="0" index="1" bw="1" slack="0"/>
<pin id="1416" dir="0" index="2" bw="10" slack="0"/>
<pin id="1417" dir="1" index="3" bw="64" slack="0"/>
</pin_list>
<bind>
<opcode="bitconcatenate(1004) " fcode="bitconcatenate"/>
<opset="tmp_897/24 "/>
</bind>
</comp>

<comp id="1422" class="1004" name="or_ln10373_29_fu_1422">
<pin_list>
<pin id="1423" dir="0" index="0" bw="10" slack="15"/>
<pin id="1424" dir="0" index="1" bw="6" slack="0"/>
<pin id="1425" dir="1" index="2" bw="10" slack="0"/>
</pin_list>
<bind>
<opcode="or(24) " fcode="or"/>
<opset="or_ln10373_29/25 "/>
</bind>
</comp>

<comp id="1427" class="1004" name="tmp_898_fu_1427">
<pin_list>
<pin id="1428" dir="0" index="0" bw="64" slack="0"/>
<pin id="1429" dir="0" index="1" bw="1" slack="0"/>
<pin id="1430" dir="0" index="2" bw="10" slack="0"/>
<pin id="1431" dir="1" index="3" bw="64" slack="0"/>
</pin_list>
<bind>
<opcode="bitconcatenate(1004) " fcode="bitconcatenate"/>
<opset="tmp_898/25 "/>
</bind>
</comp>

<comp id="1436" class="1004" name="or_ln10373_30_fu_1436">
<pin_list>
<pin id="1437" dir="0" index="0" bw="10" slack="15"/>
<pin id="1438" dir="0" index="1" bw="6" slack="0"/>
<pin id="1439" dir="1" index="2" bw="10" slack="0"/>
</pin_list>
<bind>
<opcode="or(24) " fcode="or"/>
<opset="or_ln10373_30/25 "/>
</bind>
</comp>

<comp id="1441" class="1004" name="tmp_899_fu_1441">
<pin_list>
<pin id="1442" dir="0" index="0" bw="64" slack="0"/>
<pin id="1443" dir="0" index="1" bw="1" slack="0"/>
<pin id="1444" dir="0" index="2" bw="10" slack="0"/>
<pin id="1445" dir="1" index="3" bw="64" slack="0"/>
</pin_list>
<bind>
<opcode="bitconcatenate(1004) " fcode="bitconcatenate"/>
<opset="tmp_899/25 "/>
</bind>
</comp>

<comp id="1450" class="1004" name="add_ln691_475_fu_1450">
<pin_list>
<pin id="1451" dir="0" index="0" bw="5" slack="31"/>
<pin id="1452" dir="0" index="1" bw="1" slack="0"/>
<pin id="1453" dir="1" index="2" bw="5" slack="1"/>
</pin_list>
<bind>
<opcode="add(8) " fcode="add"/>
<opset="add_ln691_475/40 "/>
</bind>
</comp>

<comp id="1455" class="1005" name="buf_data_split_V_addr_reg_1455">
<pin_list>
<pin id="1456" dir="0" index="0" bw="1" slack="3"/>
<pin id="1457" dir="1" index="1" bw="1" slack="3"/>
</pin_list>
<bind>
<opset="buf_data_split_V_addr "/>
</bind>
</comp>

<comp id="1461" class="1005" name="buf_data_split_V_addr_102_reg_1461">
<pin_list>
<pin id="1462" dir="0" index="0" bw="1" slack="3"/>
<pin id="1463" dir="1" index="1" bw="1" slack="3"/>
</pin_list>
<bind>
<opset="buf_data_split_V_addr_102 "/>
</bind>
</comp>

<comp id="1467" class="1005" name="add_ln890_reg_1467">
<pin_list>
<pin id="1468" dir="0" index="0" bw="11" slack="0"/>
<pin id="1469" dir="1" index="1" bw="11" slack="0"/>
</pin_list>
<bind>
<opset="add_ln890 "/>
</bind>
</comp>

<comp id="1472" class="1005" name="icmp_ln890_reg_1472">
<pin_list>
<pin id="1473" dir="0" index="0" bw="1" slack="1"/>
<pin id="1474" dir="1" index="1" bw="1" slack="2147483647"/>
</pin_list>
<bind>
<opset="icmp_ln890 "/>
</bind>
</comp>

<comp id="1476" class="1005" name="select_ln890_reg_1476">
<pin_list>
<pin id="1477" dir="0" index="0" bw="5" slack="1"/>
<pin id="1478" dir="1" index="1" bw="5" slack="1"/>
</pin_list>
<bind>
<opset="select_ln890 "/>
</bind>
</comp>

<comp id="1482" class="1005" name="select_ln890_393_reg_1482">
<pin_list>
<pin id="1483" dir="0" index="0" bw="7" slack="0"/>
<pin id="1484" dir="1" index="1" bw="7" slack="0"/>
</pin_list>
<bind>
<opset="select_ln890_393 "/>
</bind>
</comp>

<comp id="1487" class="1005" name="conv_i113_mid2_v_reg_1487">
<pin_list>
<pin id="1488" dir="0" index="0" bw="5" slack="1"/>
<pin id="1489" dir="1" index="1" bw="5" slack="1"/>
</pin_list>
<bind>
<opset="conv_i113_mid2_v "/>
</bind>
</comp>

<comp id="1492" class="1005" name="trunc_ln890_reg_1492">
<pin_list>
<pin id="1493" dir="0" index="0" bw="1" slack="3"/>
<pin id="1494" dir="1" index="1" bw="1" slack="3"/>
</pin_list>
<bind>
<opset="trunc_ln890 "/>
</bind>
</comp>

<comp id="1497" class="1005" name="local_C_V_addr_reg_1497">
<pin_list>
<pin id="1498" dir="0" index="0" bw="9" slack="1"/>
<pin id="1499" dir="1" index="1" bw="9" slack="1"/>
</pin_list>
<bind>
<opset="local_C_V_addr "/>
</bind>
</comp>

<comp id="1503" class="1005" name="add_ln691_473_reg_1503">
<pin_list>
<pin id="1504" dir="0" index="0" bw="5" slack="1"/>
<pin id="1505" dir="1" index="1" bw="5" slack="1"/>
</pin_list>
<bind>
<opset="add_ln691_473 "/>
</bind>
</comp>

<comp id="1508" class="1005" name="add_ln890_157_reg_1508">
<pin_list>
<pin id="1509" dir="0" index="0" bw="6" slack="0"/>
<pin id="1510" dir="1" index="1" bw="6" slack="0"/>
</pin_list>
<bind>
<opset="add_ln890_157 "/>
</bind>
</comp>

<comp id="1513" class="1005" name="icmp_ln890_376_reg_1513">
<pin_list>
<pin id="1514" dir="0" index="0" bw="1" slack="1"/>
<pin id="1515" dir="1" index="1" bw="1" slack="2147483647"/>
</pin_list>
<bind>
<opset="icmp_ln890_376 "/>
</bind>
</comp>

<comp id="1517" class="1005" name="select_ln10365_reg_1517">
<pin_list>
<pin id="1518" dir="0" index="0" bw="5" slack="1"/>
<pin id="1519" dir="1" index="1" bw="5" slack="1"/>
</pin_list>
<bind>
<opset="select_ln10365 "/>
</bind>
</comp>

<comp id="1523" class="1005" name="select_ln10365_1_reg_1523">
<pin_list>
<pin id="1524" dir="0" index="0" bw="1" slack="1"/>
<pin id="1525" dir="1" index="1" bw="1" slack="2147483647"/>
</pin_list>
<bind>
<opset="select_ln10365_1 "/>
</bind>
</comp>

<comp id="1527" class="1005" name="select_ln890_394_reg_1527">
<pin_list>
<pin id="1528" dir="0" index="0" bw="4" slack="0"/>
<pin id="1529" dir="1" index="1" bw="4" slack="0"/>
</pin_list>
<bind>
<opset="select_ln890_394 "/>
</bind>
</comp>

<comp id="1532" class="1005" name="tmp_reg_1532">
<pin_list>
<pin id="1533" dir="0" index="0" bw="10" slack="1"/>
<pin id="1534" dir="1" index="1" bw="10" slack="1"/>
</pin_list>
<bind>
<opset="tmp "/>
</bind>
</comp>

<comp id="1566" class="1005" name="local_C_V_addr_898_reg_1566">
<pin_list>
<pin id="1567" dir="0" index="0" bw="9" slack="1"/>
<pin id="1568" dir="1" index="1" bw="9" slack="1"/>
</pin_list>
<bind>
<opset="local_C_V_addr_898 "/>
</bind>
</comp>

<comp id="1571" class="1005" name="local_C_V_addr_899_reg_1571">
<pin_list>
<pin id="1572" dir="0" index="0" bw="9" slack="1"/>
<pin id="1573" dir="1" index="1" bw="9" slack="1"/>
</pin_list>
<bind>
<opset="local_C_V_addr_899 "/>
</bind>
</comp>

<comp id="1576" class="1005" name="local_C_V_addr_900_reg_1576">
<pin_list>
<pin id="1577" dir="0" index="0" bw="9" slack="1"/>
<pin id="1578" dir="1" index="1" bw="9" slack="1"/>
</pin_list>
<bind>
<opset="local_C_V_addr_900 "/>
</bind>
</comp>

<comp id="1581" class="1005" name="local_C_V_addr_901_reg_1581">
<pin_list>
<pin id="1582" dir="0" index="0" bw="9" slack="1"/>
<pin id="1583" dir="1" index="1" bw="9" slack="1"/>
</pin_list>
<bind>
<opset="local_C_V_addr_901 "/>
</bind>
</comp>

<comp id="1586" class="1005" name="fifo_C_drain_C_drain_IO_L1_out_0_11_x1120_read_reg_1586">
<pin_list>
<pin id="1587" dir="0" index="0" bw="64" slack="1"/>
<pin id="1588" dir="1" index="1" bw="64" slack="1"/>
</pin_list>
<bind>
<opset="fifo_C_drain_C_drain_IO_L1_out_0_11_x1120_read "/>
</bind>
</comp>

<comp id="1591" class="1005" name="local_C_V_load_reg_1591">
<pin_list>
<pin id="1592" dir="0" index="0" bw="64" slack="1"/>
<pin id="1593" dir="1" index="1" bw="64" slack="1"/>
</pin_list>
<bind>
<opset="local_C_V_load "/>
</bind>
</comp>

<comp id="1596" class="1005" name="local_C_V_load_1_reg_1596">
<pin_list>
<pin id="1597" dir="0" index="0" bw="64" slack="2"/>
<pin id="1598" dir="1" index="1" bw="64" slack="2"/>
</pin_list>
<bind>
<opset="local_C_V_load_1 "/>
</bind>
</comp>

<comp id="1601" class="1005" name="local_C_V_addr_902_reg_1601">
<pin_list>
<pin id="1602" dir="0" index="0" bw="9" slack="1"/>
<pin id="1603" dir="1" index="1" bw="9" slack="1"/>
</pin_list>
<bind>
<opset="local_C_V_addr_902 "/>
</bind>
</comp>

<comp id="1606" class="1005" name="local_C_V_addr_903_reg_1606">
<pin_list>
<pin id="1607" dir="0" index="0" bw="9" slack="1"/>
<pin id="1608" dir="1" index="1" bw="9" slack="1"/>
</pin_list>
<bind>
<opset="local_C_V_addr_903 "/>
</bind>
</comp>

<comp id="1611" class="1005" name="fifo_C_drain_C_drain_IO_L1_out_0_11_x1120_read_1_reg_1611">
<pin_list>
<pin id="1612" dir="0" index="0" bw="64" slack="1"/>
<pin id="1613" dir="1" index="1" bw="64" slack="1"/>
</pin_list>
<bind>
<opset="fifo_C_drain_C_drain_IO_L1_out_0_11_x1120_read_1 "/>
</bind>
</comp>

<comp id="1616" class="1005" name="local_C_V_load_2_reg_1616">
<pin_list>
<pin id="1617" dir="0" index="0" bw="64" slack="2"/>
<pin id="1618" dir="1" index="1" bw="64" slack="2"/>
</pin_list>
<bind>
<opset="local_C_V_load_2 "/>
</bind>
</comp>

<comp id="1621" class="1005" name="local_C_V_load_3_reg_1621">
<pin_list>
<pin id="1622" dir="0" index="0" bw="64" slack="3"/>
<pin id="1623" dir="1" index="1" bw="64" slack="3"/>
</pin_list>
<bind>
<opset="local_C_V_load_3 "/>
</bind>
</comp>

<comp id="1626" class="1005" name="local_C_V_addr_904_reg_1626">
<pin_list>
<pin id="1627" dir="0" index="0" bw="9" slack="1"/>
<pin id="1628" dir="1" index="1" bw="9" slack="1"/>
</pin_list>
<bind>
<opset="local_C_V_addr_904 "/>
</bind>
</comp>

<comp id="1631" class="1005" name="local_C_V_addr_905_reg_1631">
<pin_list>
<pin id="1632" dir="0" index="0" bw="9" slack="1"/>
<pin id="1633" dir="1" index="1" bw="9" slack="1"/>
</pin_list>
<bind>
<opset="local_C_V_addr_905 "/>
</bind>
</comp>

<comp id="1636" class="1005" name="fifo_C_drain_C_drain_IO_L1_out_0_11_x1120_read_2_reg_1636">
<pin_list>
<pin id="1637" dir="0" index="0" bw="64" slack="1"/>
<pin id="1638" dir="1" index="1" bw="64" slack="1"/>
</pin_list>
<bind>
<opset="fifo_C_drain_C_drain_IO_L1_out_0_11_x1120_read_2 "/>
</bind>
</comp>

<comp id="1641" class="1005" name="local_C_V_load_4_reg_1641">
<pin_list>
<pin id="1642" dir="0" index="0" bw="64" slack="3"/>
<pin id="1643" dir="1" index="1" bw="64" slack="3"/>
</pin_list>
<bind>
<opset="local_C_V_load_4 "/>
</bind>
</comp>

<comp id="1646" class="1005" name="local_C_V_load_5_reg_1646">
<pin_list>
<pin id="1647" dir="0" index="0" bw="64" slack="4"/>
<pin id="1648" dir="1" index="1" bw="64" slack="4"/>
</pin_list>
<bind>
<opset="local_C_V_load_5 "/>
</bind>
</comp>

<comp id="1651" class="1005" name="local_C_V_addr_906_reg_1651">
<pin_list>
<pin id="1652" dir="0" index="0" bw="9" slack="1"/>
<pin id="1653" dir="1" index="1" bw="9" slack="1"/>
</pin_list>
<bind>
<opset="local_C_V_addr_906 "/>
</bind>
</comp>

<comp id="1656" class="1005" name="local_C_V_addr_907_reg_1656">
<pin_list>
<pin id="1657" dir="0" index="0" bw="9" slack="1"/>
<pin id="1658" dir="1" index="1" bw="9" slack="1"/>
</pin_list>
<bind>
<opset="local_C_V_addr_907 "/>
</bind>
</comp>

<comp id="1661" class="1005" name="fifo_C_drain_C_drain_IO_L1_out_0_11_x1120_read_3_reg_1661">
<pin_list>
<pin id="1662" dir="0" index="0" bw="64" slack="1"/>
<pin id="1663" dir="1" index="1" bw="64" slack="1"/>
</pin_list>
<bind>
<opset="fifo_C_drain_C_drain_IO_L1_out_0_11_x1120_read_3 "/>
</bind>
</comp>

<comp id="1666" class="1005" name="local_C_V_load_6_reg_1666">
<pin_list>
<pin id="1667" dir="0" index="0" bw="64" slack="4"/>
<pin id="1668" dir="1" index="1" bw="64" slack="4"/>
</pin_list>
<bind>
<opset="local_C_V_load_6 "/>
</bind>
</comp>

<comp id="1671" class="1005" name="local_C_V_load_7_reg_1671">
<pin_list>
<pin id="1672" dir="0" index="0" bw="64" slack="5"/>
<pin id="1673" dir="1" index="1" bw="64" slack="5"/>
</pin_list>
<bind>
<opset="local_C_V_load_7 "/>
</bind>
</comp>

<comp id="1676" class="1005" name="local_C_V_addr_908_reg_1676">
<pin_list>
<pin id="1677" dir="0" index="0" bw="9" slack="1"/>
<pin id="1678" dir="1" index="1" bw="9" slack="1"/>
</pin_list>
<bind>
<opset="local_C_V_addr_908 "/>
</bind>
</comp>

<comp id="1681" class="1005" name="local_C_V_addr_909_reg_1681">
<pin_list>
<pin id="1682" dir="0" index="0" bw="9" slack="1"/>
<pin id="1683" dir="1" index="1" bw="9" slack="1"/>
</pin_list>
<bind>
<opset="local_C_V_addr_909 "/>
</bind>
</comp>

<comp id="1686" class="1005" name="fifo_C_drain_C_drain_IO_L1_out_0_11_x1120_read_4_reg_1686">
<pin_list>
<pin id="1687" dir="0" index="0" bw="64" slack="1"/>
<pin id="1688" dir="1" index="1" bw="64" slack="1"/>
</pin_list>
<bind>
<opset="fifo_C_drain_C_drain_IO_L1_out_0_11_x1120_read_4 "/>
</bind>
</comp>

<comp id="1691" class="1005" name="local_C_V_load_8_reg_1691">
<pin_list>
<pin id="1692" dir="0" index="0" bw="64" slack="5"/>
<pin id="1693" dir="1" index="1" bw="64" slack="5"/>
</pin_list>
<bind>
<opset="local_C_V_load_8 "/>
</bind>
</comp>

<comp id="1696" class="1005" name="local_C_V_load_9_reg_1696">
<pin_list>
<pin id="1697" dir="0" index="0" bw="64" slack="6"/>
<pin id="1698" dir="1" index="1" bw="64" slack="6"/>
</pin_list>
<bind>
<opset="local_C_V_load_9 "/>
</bind>
</comp>

<comp id="1701" class="1005" name="local_C_V_addr_910_reg_1701">
<pin_list>
<pin id="1702" dir="0" index="0" bw="9" slack="1"/>
<pin id="1703" dir="1" index="1" bw="9" slack="1"/>
</pin_list>
<bind>
<opset="local_C_V_addr_910 "/>
</bind>
</comp>

<comp id="1706" class="1005" name="local_C_V_addr_911_reg_1706">
<pin_list>
<pin id="1707" dir="0" index="0" bw="9" slack="1"/>
<pin id="1708" dir="1" index="1" bw="9" slack="1"/>
</pin_list>
<bind>
<opset="local_C_V_addr_911 "/>
</bind>
</comp>

<comp id="1711" class="1005" name="fifo_C_drain_C_drain_IO_L1_out_0_11_x1120_read_5_reg_1711">
<pin_list>
<pin id="1712" dir="0" index="0" bw="64" slack="1"/>
<pin id="1713" dir="1" index="1" bw="64" slack="1"/>
</pin_list>
<bind>
<opset="fifo_C_drain_C_drain_IO_L1_out_0_11_x1120_read_5 "/>
</bind>
</comp>

<comp id="1716" class="1005" name="local_C_V_load_10_reg_1716">
<pin_list>
<pin id="1717" dir="0" index="0" bw="64" slack="6"/>
<pin id="1718" dir="1" index="1" bw="64" slack="6"/>
</pin_list>
<bind>
<opset="local_C_V_load_10 "/>
</bind>
</comp>

<comp id="1721" class="1005" name="local_C_V_load_11_reg_1721">
<pin_list>
<pin id="1722" dir="0" index="0" bw="64" slack="7"/>
<pin id="1723" dir="1" index="1" bw="64" slack="7"/>
</pin_list>
<bind>
<opset="local_C_V_load_11 "/>
</bind>
</comp>

<comp id="1726" class="1005" name="local_C_V_addr_912_reg_1726">
<pin_list>
<pin id="1727" dir="0" index="0" bw="9" slack="1"/>
<pin id="1728" dir="1" index="1" bw="9" slack="1"/>
</pin_list>
<bind>
<opset="local_C_V_addr_912 "/>
</bind>
</comp>

<comp id="1731" class="1005" name="local_C_V_addr_913_reg_1731">
<pin_list>
<pin id="1732" dir="0" index="0" bw="9" slack="1"/>
<pin id="1733" dir="1" index="1" bw="9" slack="1"/>
</pin_list>
<bind>
<opset="local_C_V_addr_913 "/>
</bind>
</comp>

<comp id="1736" class="1005" name="fifo_C_drain_C_drain_IO_L1_out_0_11_x1120_read_6_reg_1736">
<pin_list>
<pin id="1737" dir="0" index="0" bw="64" slack="1"/>
<pin id="1738" dir="1" index="1" bw="64" slack="1"/>
</pin_list>
<bind>
<opset="fifo_C_drain_C_drain_IO_L1_out_0_11_x1120_read_6 "/>
</bind>
</comp>

<comp id="1741" class="1005" name="local_C_V_load_12_reg_1741">
<pin_list>
<pin id="1742" dir="0" index="0" bw="64" slack="7"/>
<pin id="1743" dir="1" index="1" bw="64" slack="7"/>
</pin_list>
<bind>
<opset="local_C_V_load_12 "/>
</bind>
</comp>

<comp id="1746" class="1005" name="local_C_V_load_13_reg_1746">
<pin_list>
<pin id="1747" dir="0" index="0" bw="64" slack="8"/>
<pin id="1748" dir="1" index="1" bw="64" slack="8"/>
</pin_list>
<bind>
<opset="local_C_V_load_13 "/>
</bind>
</comp>

<comp id="1751" class="1005" name="local_C_V_addr_914_reg_1751">
<pin_list>
<pin id="1752" dir="0" index="0" bw="9" slack="1"/>
<pin id="1753" dir="1" index="1" bw="9" slack="1"/>
</pin_list>
<bind>
<opset="local_C_V_addr_914 "/>
</bind>
</comp>

<comp id="1756" class="1005" name="local_C_V_addr_915_reg_1756">
<pin_list>
<pin id="1757" dir="0" index="0" bw="9" slack="1"/>
<pin id="1758" dir="1" index="1" bw="9" slack="1"/>
</pin_list>
<bind>
<opset="local_C_V_addr_915 "/>
</bind>
</comp>

<comp id="1761" class="1005" name="fifo_C_drain_C_drain_IO_L1_out_0_11_x1120_read_7_reg_1761">
<pin_list>
<pin id="1762" dir="0" index="0" bw="64" slack="1"/>
<pin id="1763" dir="1" index="1" bw="64" slack="1"/>
</pin_list>
<bind>
<opset="fifo_C_drain_C_drain_IO_L1_out_0_11_x1120_read_7 "/>
</bind>
</comp>

<comp id="1766" class="1005" name="local_C_V_load_14_reg_1766">
<pin_list>
<pin id="1767" dir="0" index="0" bw="64" slack="8"/>
<pin id="1768" dir="1" index="1" bw="64" slack="8"/>
</pin_list>
<bind>
<opset="local_C_V_load_14 "/>
</bind>
</comp>

<comp id="1771" class="1005" name="local_C_V_load_15_reg_1771">
<pin_list>
<pin id="1772" dir="0" index="0" bw="64" slack="9"/>
<pin id="1773" dir="1" index="1" bw="64" slack="9"/>
</pin_list>
<bind>
<opset="local_C_V_load_15 "/>
</bind>
</comp>

<comp id="1776" class="1005" name="local_C_V_addr_916_reg_1776">
<pin_list>
<pin id="1777" dir="0" index="0" bw="9" slack="1"/>
<pin id="1778" dir="1" index="1" bw="9" slack="1"/>
</pin_list>
<bind>
<opset="local_C_V_addr_916 "/>
</bind>
</comp>

<comp id="1781" class="1005" name="local_C_V_addr_917_reg_1781">
<pin_list>
<pin id="1782" dir="0" index="0" bw="9" slack="1"/>
<pin id="1783" dir="1" index="1" bw="9" slack="1"/>
</pin_list>
<bind>
<opset="local_C_V_addr_917 "/>
</bind>
</comp>

<comp id="1786" class="1005" name="fifo_C_drain_C_drain_IO_L1_out_0_11_x1120_read_8_reg_1786">
<pin_list>
<pin id="1787" dir="0" index="0" bw="64" slack="1"/>
<pin id="1788" dir="1" index="1" bw="64" slack="1"/>
</pin_list>
<bind>
<opset="fifo_C_drain_C_drain_IO_L1_out_0_11_x1120_read_8 "/>
</bind>
</comp>

<comp id="1791" class="1005" name="local_C_V_load_16_reg_1791">
<pin_list>
<pin id="1792" dir="0" index="0" bw="64" slack="9"/>
<pin id="1793" dir="1" index="1" bw="64" slack="9"/>
</pin_list>
<bind>
<opset="local_C_V_load_16 "/>
</bind>
</comp>

<comp id="1796" class="1005" name="local_C_V_load_17_reg_1796">
<pin_list>
<pin id="1797" dir="0" index="0" bw="64" slack="10"/>
<pin id="1798" dir="1" index="1" bw="64" slack="10"/>
</pin_list>
<bind>
<opset="local_C_V_load_17 "/>
</bind>
</comp>

<comp id="1801" class="1005" name="local_C_V_addr_918_reg_1801">
<pin_list>
<pin id="1802" dir="0" index="0" bw="9" slack="1"/>
<pin id="1803" dir="1" index="1" bw="9" slack="1"/>
</pin_list>
<bind>
<opset="local_C_V_addr_918 "/>
</bind>
</comp>

<comp id="1806" class="1005" name="local_C_V_addr_919_reg_1806">
<pin_list>
<pin id="1807" dir="0" index="0" bw="9" slack="1"/>
<pin id="1808" dir="1" index="1" bw="9" slack="1"/>
</pin_list>
<bind>
<opset="local_C_V_addr_919 "/>
</bind>
</comp>

<comp id="1811" class="1005" name="fifo_C_drain_C_drain_IO_L1_out_0_11_x1120_read_9_reg_1811">
<pin_list>
<pin id="1812" dir="0" index="0" bw="64" slack="1"/>
<pin id="1813" dir="1" index="1" bw="64" slack="1"/>
</pin_list>
<bind>
<opset="fifo_C_drain_C_drain_IO_L1_out_0_11_x1120_read_9 "/>
</bind>
</comp>

<comp id="1816" class="1005" name="local_C_V_load_18_reg_1816">
<pin_list>
<pin id="1817" dir="0" index="0" bw="64" slack="10"/>
<pin id="1818" dir="1" index="1" bw="64" slack="10"/>
</pin_list>
<bind>
<opset="local_C_V_load_18 "/>
</bind>
</comp>

<comp id="1821" class="1005" name="local_C_V_load_19_reg_1821">
<pin_list>
<pin id="1822" dir="0" index="0" bw="64" slack="11"/>
<pin id="1823" dir="1" index="1" bw="64" slack="11"/>
</pin_list>
<bind>
<opset="local_C_V_load_19 "/>
</bind>
</comp>

<comp id="1826" class="1005" name="local_C_V_addr_920_reg_1826">
<pin_list>
<pin id="1827" dir="0" index="0" bw="9" slack="1"/>
<pin id="1828" dir="1" index="1" bw="9" slack="1"/>
</pin_list>
<bind>
<opset="local_C_V_addr_920 "/>
</bind>
</comp>

<comp id="1831" class="1005" name="local_C_V_addr_921_reg_1831">
<pin_list>
<pin id="1832" dir="0" index="0" bw="9" slack="1"/>
<pin id="1833" dir="1" index="1" bw="9" slack="1"/>
</pin_list>
<bind>
<opset="local_C_V_addr_921 "/>
</bind>
</comp>

<comp id="1836" class="1005" name="fifo_C_drain_C_drain_IO_L1_out_0_11_x1120_read_10_reg_1836">
<pin_list>
<pin id="1837" dir="0" index="0" bw="64" slack="1"/>
<pin id="1838" dir="1" index="1" bw="64" slack="1"/>
</pin_list>
<bind>
<opset="fifo_C_drain_C_drain_IO_L1_out_0_11_x1120_read_10 "/>
</bind>
</comp>

<comp id="1841" class="1005" name="local_C_V_load_20_reg_1841">
<pin_list>
<pin id="1842" dir="0" index="0" bw="64" slack="11"/>
<pin id="1843" dir="1" index="1" bw="64" slack="11"/>
</pin_list>
<bind>
<opset="local_C_V_load_20 "/>
</bind>
</comp>

<comp id="1846" class="1005" name="local_C_V_load_21_reg_1846">
<pin_list>
<pin id="1847" dir="0" index="0" bw="64" slack="12"/>
<pin id="1848" dir="1" index="1" bw="64" slack="12"/>
</pin_list>
<bind>
<opset="local_C_V_load_21 "/>
</bind>
</comp>

<comp id="1851" class="1005" name="local_C_V_addr_922_reg_1851">
<pin_list>
<pin id="1852" dir="0" index="0" bw="9" slack="1"/>
<pin id="1853" dir="1" index="1" bw="9" slack="1"/>
</pin_list>
<bind>
<opset="local_C_V_addr_922 "/>
</bind>
</comp>

<comp id="1856" class="1005" name="local_C_V_addr_923_reg_1856">
<pin_list>
<pin id="1857" dir="0" index="0" bw="9" slack="1"/>
<pin id="1858" dir="1" index="1" bw="9" slack="1"/>
</pin_list>
<bind>
<opset="local_C_V_addr_923 "/>
</bind>
</comp>

<comp id="1861" class="1005" name="fifo_C_drain_C_drain_IO_L1_out_0_11_x1120_read_11_reg_1861">
<pin_list>
<pin id="1862" dir="0" index="0" bw="64" slack="1"/>
<pin id="1863" dir="1" index="1" bw="64" slack="1"/>
</pin_list>
<bind>
<opset="fifo_C_drain_C_drain_IO_L1_out_0_11_x1120_read_11 "/>
</bind>
</comp>

<comp id="1866" class="1005" name="local_C_V_load_22_reg_1866">
<pin_list>
<pin id="1867" dir="0" index="0" bw="64" slack="12"/>
<pin id="1868" dir="1" index="1" bw="64" slack="12"/>
</pin_list>
<bind>
<opset="local_C_V_load_22 "/>
</bind>
</comp>

<comp id="1871" class="1005" name="local_C_V_load_23_reg_1871">
<pin_list>
<pin id="1872" dir="0" index="0" bw="64" slack="13"/>
<pin id="1873" dir="1" index="1" bw="64" slack="13"/>
</pin_list>
<bind>
<opset="local_C_V_load_23 "/>
</bind>
</comp>

<comp id="1876" class="1005" name="local_C_V_addr_924_reg_1876">
<pin_list>
<pin id="1877" dir="0" index="0" bw="9" slack="1"/>
<pin id="1878" dir="1" index="1" bw="9" slack="1"/>
</pin_list>
<bind>
<opset="local_C_V_addr_924 "/>
</bind>
</comp>

<comp id="1881" class="1005" name="local_C_V_addr_925_reg_1881">
<pin_list>
<pin id="1882" dir="0" index="0" bw="9" slack="1"/>
<pin id="1883" dir="1" index="1" bw="9" slack="1"/>
</pin_list>
<bind>
<opset="local_C_V_addr_925 "/>
</bind>
</comp>

<comp id="1886" class="1005" name="fifo_C_drain_C_drain_IO_L1_out_0_11_x1120_read_12_reg_1886">
<pin_list>
<pin id="1887" dir="0" index="0" bw="64" slack="1"/>
<pin id="1888" dir="1" index="1" bw="64" slack="1"/>
</pin_list>
<bind>
<opset="fifo_C_drain_C_drain_IO_L1_out_0_11_x1120_read_12 "/>
</bind>
</comp>

<comp id="1891" class="1005" name="local_C_V_load_24_reg_1891">
<pin_list>
<pin id="1892" dir="0" index="0" bw="64" slack="13"/>
<pin id="1893" dir="1" index="1" bw="64" slack="13"/>
</pin_list>
<bind>
<opset="local_C_V_load_24 "/>
</bind>
</comp>

<comp id="1896" class="1005" name="local_C_V_load_25_reg_1896">
<pin_list>
<pin id="1897" dir="0" index="0" bw="64" slack="14"/>
<pin id="1898" dir="1" index="1" bw="64" slack="14"/>
</pin_list>
<bind>
<opset="local_C_V_load_25 "/>
</bind>
</comp>

<comp id="1901" class="1005" name="local_C_V_addr_926_reg_1901">
<pin_list>
<pin id="1902" dir="0" index="0" bw="9" slack="1"/>
<pin id="1903" dir="1" index="1" bw="9" slack="1"/>
</pin_list>
<bind>
<opset="local_C_V_addr_926 "/>
</bind>
</comp>

<comp id="1906" class="1005" name="local_C_V_addr_927_reg_1906">
<pin_list>
<pin id="1907" dir="0" index="0" bw="9" slack="1"/>
<pin id="1908" dir="1" index="1" bw="9" slack="1"/>
</pin_list>
<bind>
<opset="local_C_V_addr_927 "/>
</bind>
</comp>

<comp id="1911" class="1005" name="fifo_C_drain_C_drain_IO_L1_out_0_11_x1120_read_13_reg_1911">
<pin_list>
<pin id="1912" dir="0" index="0" bw="64" slack="1"/>
<pin id="1913" dir="1" index="1" bw="64" slack="1"/>
</pin_list>
<bind>
<opset="fifo_C_drain_C_drain_IO_L1_out_0_11_x1120_read_13 "/>
</bind>
</comp>

<comp id="1916" class="1005" name="local_C_V_load_26_reg_1916">
<pin_list>
<pin id="1917" dir="0" index="0" bw="64" slack="14"/>
<pin id="1918" dir="1" index="1" bw="64" slack="14"/>
</pin_list>
<bind>
<opset="local_C_V_load_26 "/>
</bind>
</comp>

<comp id="1921" class="1005" name="local_C_V_load_27_reg_1921">
<pin_list>
<pin id="1922" dir="0" index="0" bw="64" slack="15"/>
<pin id="1923" dir="1" index="1" bw="64" slack="15"/>
</pin_list>
<bind>
<opset="local_C_V_load_27 "/>
</bind>
</comp>

<comp id="1926" class="1005" name="local_C_V_addr_928_reg_1926">
<pin_list>
<pin id="1927" dir="0" index="0" bw="9" slack="1"/>
<pin id="1928" dir="1" index="1" bw="9" slack="1"/>
</pin_list>
<bind>
<opset="local_C_V_addr_928 "/>
</bind>
</comp>

<comp id="1931" class="1005" name="local_C_V_addr_929_reg_1931">
<pin_list>
<pin id="1932" dir="0" index="0" bw="9" slack="1"/>
<pin id="1933" dir="1" index="1" bw="9" slack="1"/>
</pin_list>
<bind>
<opset="local_C_V_addr_929 "/>
</bind>
</comp>

<comp id="1936" class="1005" name="fifo_C_drain_C_drain_IO_L1_out_0_11_x1120_read_14_reg_1936">
<pin_list>
<pin id="1937" dir="0" index="0" bw="64" slack="1"/>
<pin id="1938" dir="1" index="1" bw="64" slack="1"/>
</pin_list>
<bind>
<opset="fifo_C_drain_C_drain_IO_L1_out_0_11_x1120_read_14 "/>
</bind>
</comp>

<comp id="1941" class="1005" name="local_C_V_load_28_reg_1941">
<pin_list>
<pin id="1942" dir="0" index="0" bw="64" slack="15"/>
<pin id="1943" dir="1" index="1" bw="64" slack="15"/>
</pin_list>
<bind>
<opset="local_C_V_load_28 "/>
</bind>
</comp>

<comp id="1946" class="1005" name="local_C_V_load_29_reg_1946">
<pin_list>
<pin id="1947" dir="0" index="0" bw="64" slack="16"/>
<pin id="1948" dir="1" index="1" bw="64" slack="16"/>
</pin_list>
<bind>
<opset="local_C_V_load_29 "/>
</bind>
</comp>

<comp id="1951" class="1005" name="fifo_C_drain_C_drain_IO_L1_out_0_11_x1120_read_15_reg_1951">
<pin_list>
<pin id="1952" dir="0" index="0" bw="64" slack="1"/>
<pin id="1953" dir="1" index="1" bw="64" slack="1"/>
</pin_list>
<bind>
<opset="fifo_C_drain_C_drain_IO_L1_out_0_11_x1120_read_15 "/>
</bind>
</comp>

<comp id="1956" class="1005" name="local_C_V_load_30_reg_1956">
<pin_list>
<pin id="1957" dir="0" index="0" bw="64" slack="16"/>
<pin id="1958" dir="1" index="1" bw="64" slack="16"/>
</pin_list>
<bind>
<opset="local_C_V_load_30 "/>
</bind>
</comp>

<comp id="1961" class="1005" name="local_C_V_load_31_reg_1961">
<pin_list>
<pin id="1962" dir="0" index="0" bw="64" slack="17"/>
<pin id="1963" dir="1" index="1" bw="64" slack="17"/>
</pin_list>
<bind>
<opset="local_C_V_load_31 "/>
</bind>
</comp>

<comp id="1966" class="1005" name="fifo_C_drain_C_drain_IO_L1_out_0_11_x1120_read_16_reg_1966">
<pin_list>
<pin id="1967" dir="0" index="0" bw="64" slack="1"/>
<pin id="1968" dir="1" index="1" bw="64" slack="1"/>
</pin_list>
<bind>
<opset="fifo_C_drain_C_drain_IO_L1_out_0_11_x1120_read_16 "/>
</bind>
</comp>

<comp id="1971" class="1005" name="fifo_C_drain_C_drain_IO_L1_out_0_11_x1120_read_17_reg_1971">
<pin_list>
<pin id="1972" dir="0" index="0" bw="64" slack="1"/>
<pin id="1973" dir="1" index="1" bw="64" slack="1"/>
</pin_list>
<bind>
<opset="fifo_C_drain_C_drain_IO_L1_out_0_11_x1120_read_17 "/>
</bind>
</comp>

<comp id="1976" class="1005" name="fifo_C_drain_C_drain_IO_L1_out_0_11_x1120_read_18_reg_1976">
<pin_list>
<pin id="1977" dir="0" index="0" bw="64" slack="1"/>
<pin id="1978" dir="1" index="1" bw="64" slack="1"/>
</pin_list>
<bind>
<opset="fifo_C_drain_C_drain_IO_L1_out_0_11_x1120_read_18 "/>
</bind>
</comp>

<comp id="1981" class="1005" name="fifo_C_drain_C_drain_IO_L1_out_0_11_x1120_read_19_reg_1981">
<pin_list>
<pin id="1982" dir="0" index="0" bw="64" slack="1"/>
<pin id="1983" dir="1" index="1" bw="64" slack="1"/>
</pin_list>
<bind>
<opset="fifo_C_drain_C_drain_IO_L1_out_0_11_x1120_read_19 "/>
</bind>
</comp>

<comp id="1986" class="1005" name="fifo_C_drain_C_drain_IO_L1_out_0_11_x1120_read_20_reg_1986">
<pin_list>
<pin id="1987" dir="0" index="0" bw="64" slack="1"/>
<pin id="1988" dir="1" index="1" bw="64" slack="1"/>
</pin_list>
<bind>
<opset="fifo_C_drain_C_drain_IO_L1_out_0_11_x1120_read_20 "/>
</bind>
</comp>

<comp id="1991" class="1005" name="fifo_C_drain_C_drain_IO_L1_out_0_11_x1120_read_21_reg_1991">
<pin_list>
<pin id="1992" dir="0" index="0" bw="64" slack="1"/>
<pin id="1993" dir="1" index="1" bw="64" slack="1"/>
</pin_list>
<bind>
<opset="fifo_C_drain_C_drain_IO_L1_out_0_11_x1120_read_21 "/>
</bind>
</comp>

<comp id="1996" class="1005" name="fifo_C_drain_C_drain_IO_L1_out_0_11_x1120_read_22_reg_1996">
<pin_list>
<pin id="1997" dir="0" index="0" bw="64" slack="1"/>
<pin id="1998" dir="1" index="1" bw="64" slack="1"/>
</pin_list>
<bind>
<opset="fifo_C_drain_C_drain_IO_L1_out_0_11_x1120_read_22 "/>
</bind>
</comp>

<comp id="2001" class="1005" name="fifo_C_drain_C_drain_IO_L1_out_0_11_x1120_read_23_reg_2001">
<pin_list>
<pin id="2002" dir="0" index="0" bw="64" slack="1"/>
<pin id="2003" dir="1" index="1" bw="64" slack="1"/>
</pin_list>
<bind>
<opset="fifo_C_drain_C_drain_IO_L1_out_0_11_x1120_read_23 "/>
</bind>
</comp>

<comp id="2006" class="1005" name="fifo_C_drain_C_drain_IO_L1_out_0_11_x1120_read_24_reg_2006">
<pin_list>
<pin id="2007" dir="0" index="0" bw="64" slack="1"/>
<pin id="2008" dir="1" index="1" bw="64" slack="1"/>
</pin_list>
<bind>
<opset="fifo_C_drain_C_drain_IO_L1_out_0_11_x1120_read_24 "/>
</bind>
</comp>

<comp id="2011" class="1005" name="fifo_C_drain_C_drain_IO_L1_out_0_11_x1120_read_25_reg_2011">
<pin_list>
<pin id="2012" dir="0" index="0" bw="64" slack="1"/>
<pin id="2013" dir="1" index="1" bw="64" slack="1"/>
</pin_list>
<bind>
<opset="fifo_C_drain_C_drain_IO_L1_out_0_11_x1120_read_25 "/>
</bind>
</comp>

<comp id="2016" class="1005" name="fifo_C_drain_C_drain_IO_L1_out_0_11_x1120_read_26_reg_2016">
<pin_list>
<pin id="2017" dir="0" index="0" bw="64" slack="1"/>
<pin id="2018" dir="1" index="1" bw="64" slack="1"/>
</pin_list>
<bind>
<opset="fifo_C_drain_C_drain_IO_L1_out_0_11_x1120_read_26 "/>
</bind>
</comp>

<comp id="2021" class="1005" name="fifo_C_drain_C_drain_IO_L1_out_0_11_x1120_read_27_reg_2021">
<pin_list>
<pin id="2022" dir="0" index="0" bw="64" slack="1"/>
<pin id="2023" dir="1" index="1" bw="64" slack="1"/>
</pin_list>
<bind>
<opset="fifo_C_drain_C_drain_IO_L1_out_0_11_x1120_read_27 "/>
</bind>
</comp>

<comp id="2026" class="1005" name="fifo_C_drain_C_drain_IO_L1_out_0_11_x1120_read_28_reg_2026">
<pin_list>
<pin id="2027" dir="0" index="0" bw="64" slack="1"/>
<pin id="2028" dir="1" index="1" bw="64" slack="1"/>
</pin_list>
<bind>
<opset="fifo_C_drain_C_drain_IO_L1_out_0_11_x1120_read_28 "/>
</bind>
</comp>

<comp id="2031" class="1005" name="fifo_C_drain_C_drain_IO_L1_out_0_11_x1120_read_29_reg_2031">
<pin_list>
<pin id="2032" dir="0" index="0" bw="64" slack="1"/>
<pin id="2033" dir="1" index="1" bw="64" slack="1"/>
</pin_list>
<bind>
<opset="fifo_C_drain_C_drain_IO_L1_out_0_11_x1120_read_29 "/>
</bind>
</comp>

<comp id="2036" class="1005" name="add_ln691_475_reg_2036">
<pin_list>
<pin id="2037" dir="0" index="0" bw="5" slack="1"/>
<pin id="2038" dir="1" index="1" bw="5" slack="1"/>
</pin_list>
<bind>
<opset="add_ln691_475 "/>
</bind>
</comp>

<comp id="2041" class="1005" name="fifo_C_drain_C_drain_IO_L1_out_0_11_x1120_read_30_reg_2041">
<pin_list>
<pin id="2042" dir="0" index="0" bw="64" slack="1"/>
<pin id="2043" dir="1" index="1" bw="64" slack="1"/>
</pin_list>
<bind>
<opset="fifo_C_drain_C_drain_IO_L1_out_0_11_x1120_read_30 "/>
</bind>
</comp>

<comp id="2046" class="1005" name="fifo_C_drain_C_drain_IO_L1_out_0_11_x1120_read_31_reg_2046">
<pin_list>
<pin id="2047" dir="0" index="0" bw="64" slack="1"/>
<pin id="2048" dir="1" index="1" bw="64" slack="1"/>
</pin_list>
<bind>
<opset="fifo_C_drain_C_drain_IO_L1_out_0_11_x1120_read_31 "/>
</bind>
</comp>

</comp_list>

<net_list>
<net id="161"><net_src comp="14" pin="0"/><net_sink comp="158" pin=0"/></net>

<net id="165"><net_src comp="14" pin="0"/><net_sink comp="162" pin=0"/></net>

<net id="170"><net_src comp="56" pin="0"/><net_sink comp="166" pin=0"/></net>

<net id="171"><net_src comp="4" pin="0"/><net_sink comp="166" pin=1"/></net>

<net id="176"><net_src comp="92" pin="0"/><net_sink comp="172" pin=0"/></net>

<net id="177"><net_src comp="0" pin="0"/><net_sink comp="172" pin=1"/></net>

<net id="183"><net_src comp="98" pin="0"/><net_sink comp="178" pin=0"/></net>

<net id="184"><net_src comp="2" pin="0"/><net_sink comp="178" pin=1"/></net>

<net id="190"><net_src comp="162" pin="1"/><net_sink comp="185" pin=0"/></net>

<net id="191"><net_src comp="24" pin="0"/><net_sink comp="185" pin=1"/></net>

<net id="192"><net_src comp="14" pin="0"/><net_sink comp="185" pin=2"/></net>

<net id="198"><net_src comp="162" pin="1"/><net_sink comp="193" pin=0"/></net>

<net id="199"><net_src comp="24" pin="0"/><net_sink comp="193" pin=1"/></net>

<net id="200"><net_src comp="24" pin="0"/><net_sink comp="193" pin=2"/></net>

<net id="206"><net_src comp="24" pin="0"/><net_sink comp="201" pin=1"/></net>

<net id="212"><net_src comp="201" pin="3"/><net_sink comp="207" pin=0"/></net>

<net id="227"><net_src comp="24" pin="0"/><net_sink comp="222" pin=1"/></net>

<net id="228"><net_src comp="166" pin="2"/><net_sink comp="213" pin=1"/></net>

<net id="229"><net_src comp="222" pin="3"/><net_sink comp="213" pin=0"/></net>

<net id="239"><net_src comp="24" pin="0"/><net_sink comp="234" pin=1"/></net>

<net id="245"><net_src comp="24" pin="0"/><net_sink comp="240" pin=1"/></net>

<net id="246"><net_src comp="234" pin="3"/><net_sink comp="207" pin=2"/></net>

<net id="247"><net_src comp="240" pin="3"/><net_sink comp="207" pin=0"/></net>

<net id="253"><net_src comp="24" pin="0"/><net_sink comp="248" pin=1"/></net>

<net id="259"><net_src comp="24" pin="0"/><net_sink comp="254" pin=1"/></net>

<net id="260"><net_src comp="248" pin="3"/><net_sink comp="207" pin=2"/></net>

<net id="261"><net_src comp="254" pin="3"/><net_sink comp="207" pin=0"/></net>

<net id="267"><net_src comp="24" pin="0"/><net_sink comp="262" pin=1"/></net>

<net id="273"><net_src comp="24" pin="0"/><net_sink comp="268" pin=1"/></net>

<net id="274"><net_src comp="262" pin="3"/><net_sink comp="207" pin=2"/></net>

<net id="275"><net_src comp="268" pin="3"/><net_sink comp="207" pin=0"/></net>

<net id="281"><net_src comp="24" pin="0"/><net_sink comp="276" pin=1"/></net>

<net id="287"><net_src comp="24" pin="0"/><net_sink comp="282" pin=1"/></net>

<net id="288"><net_src comp="276" pin="3"/><net_sink comp="207" pin=2"/></net>

<net id="289"><net_src comp="282" pin="3"/><net_sink comp="207" pin=0"/></net>

<net id="295"><net_src comp="24" pin="0"/><net_sink comp="290" pin=1"/></net>

<net id="301"><net_src comp="24" pin="0"/><net_sink comp="296" pin=1"/></net>

<net id="302"><net_src comp="290" pin="3"/><net_sink comp="207" pin=2"/></net>

<net id="303"><net_src comp="296" pin="3"/><net_sink comp="207" pin=0"/></net>

<net id="309"><net_src comp="24" pin="0"/><net_sink comp="304" pin=1"/></net>

<net id="315"><net_src comp="24" pin="0"/><net_sink comp="310" pin=1"/></net>

<net id="316"><net_src comp="304" pin="3"/><net_sink comp="207" pin=2"/></net>

<net id="317"><net_src comp="310" pin="3"/><net_sink comp="207" pin=0"/></net>

<net id="323"><net_src comp="24" pin="0"/><net_sink comp="318" pin=1"/></net>

<net id="329"><net_src comp="24" pin="0"/><net_sink comp="324" pin=1"/></net>

<net id="330"><net_src comp="318" pin="3"/><net_sink comp="207" pin=2"/></net>

<net id="331"><net_src comp="324" pin="3"/><net_sink comp="207" pin=0"/></net>

<net id="337"><net_src comp="24" pin="0"/><net_sink comp="332" pin=1"/></net>

<net id="343"><net_src comp="24" pin="0"/><net_sink comp="338" pin=1"/></net>

<net id="344"><net_src comp="332" pin="3"/><net_sink comp="207" pin=2"/></net>

<net id="345"><net_src comp="338" pin="3"/><net_sink comp="207" pin=0"/></net>

<net id="351"><net_src comp="24" pin="0"/><net_sink comp="346" pin=1"/></net>

<net id="357"><net_src comp="24" pin="0"/><net_sink comp="352" pin=1"/></net>

<net id="358"><net_src comp="346" pin="3"/><net_sink comp="207" pin=2"/></net>

<net id="359"><net_src comp="352" pin="3"/><net_sink comp="207" pin=0"/></net>

<net id="365"><net_src comp="24" pin="0"/><net_sink comp="360" pin=1"/></net>

<net id="371"><net_src comp="24" pin="0"/><net_sink comp="366" pin=1"/></net>

<net id="372"><net_src comp="360" pin="3"/><net_sink comp="207" pin=2"/></net>

<net id="373"><net_src comp="366" pin="3"/><net_sink comp="207" pin=0"/></net>

<net id="379"><net_src comp="24" pin="0"/><net_sink comp="374" pin=1"/></net>

<net id="385"><net_src comp="24" pin="0"/><net_sink comp="380" pin=1"/></net>

<net id="386"><net_src comp="374" pin="3"/><net_sink comp="207" pin=2"/></net>

<net id="387"><net_src comp="380" pin="3"/><net_sink comp="207" pin=0"/></net>

<net id="393"><net_src comp="24" pin="0"/><net_sink comp="388" pin=1"/></net>

<net id="399"><net_src comp="24" pin="0"/><net_sink comp="394" pin=1"/></net>

<net id="400"><net_src comp="388" pin="3"/><net_sink comp="207" pin=2"/></net>

<net id="401"><net_src comp="394" pin="3"/><net_sink comp="207" pin=0"/></net>

<net id="407"><net_src comp="24" pin="0"/><net_sink comp="402" pin=1"/></net>

<net id="413"><net_src comp="24" pin="0"/><net_sink comp="408" pin=1"/></net>

<net id="414"><net_src comp="402" pin="3"/><net_sink comp="207" pin=2"/></net>

<net id="415"><net_src comp="408" pin="3"/><net_sink comp="207" pin=0"/></net>

<net id="421"><net_src comp="24" pin="0"/><net_sink comp="416" pin=1"/></net>

<net id="427"><net_src comp="24" pin="0"/><net_sink comp="422" pin=1"/></net>

<net id="428"><net_src comp="416" pin="3"/><net_sink comp="207" pin=2"/></net>

<net id="429"><net_src comp="422" pin="3"/><net_sink comp="207" pin=0"/></net>

<net id="435"><net_src comp="24" pin="0"/><net_sink comp="430" pin=1"/></net>

<net id="441"><net_src comp="24" pin="0"/><net_sink comp="436" pin=1"/></net>

<net id="442"><net_src comp="430" pin="3"/><net_sink comp="207" pin=2"/></net>

<net id="443"><net_src comp="436" pin="3"/><net_sink comp="207" pin=0"/></net>

<net id="449"><net_src comp="24" pin="0"/><net_sink comp="444" pin=1"/></net>

<net id="455"><net_src comp="24" pin="0"/><net_sink comp="450" pin=1"/></net>

<net id="456"><net_src comp="444" pin="3"/><net_sink comp="207" pin=2"/></net>

<net id="457"><net_src comp="450" pin="3"/><net_sink comp="207" pin=0"/></net>

<net id="461"><net_src comp="26" pin="0"/><net_sink comp="458" pin=0"/></net>

<net id="468"><net_src comp="458" pin="1"/><net_sink comp="462" pin=0"/></net>

<net id="472"><net_src comp="28" pin="0"/><net_sink comp="469" pin=0"/></net>

<net id="479"><net_src comp="469" pin="1"/><net_sink comp="473" pin=0"/></net>

<net id="483"><net_src comp="30" pin="0"/><net_sink comp="480" pin=0"/></net>

<net id="490"><net_src comp="480" pin="1"/><net_sink comp="484" pin=0"/></net>

<net id="494"><net_src comp="72" pin="0"/><net_sink comp="491" pin=0"/></net>

<net id="501"><net_src comp="491" pin="1"/><net_sink comp="495" pin=2"/></net>

<net id="505"><net_src comp="74" pin="0"/><net_sink comp="502" pin=0"/></net>

<net id="512"><net_src comp="502" pin="1"/><net_sink comp="506" pin=2"/></net>

<net id="516"><net_src comp="30" pin="0"/><net_sink comp="513" pin=0"/></net>

<net id="523"><net_src comp="513" pin="1"/><net_sink comp="517" pin=2"/></net>

<net id="533"><net_src comp="527" pin="4"/><net_sink comp="178" pin=2"/></net>

<net id="543"><net_src comp="537" pin="4"/><net_sink comp="178" pin=2"/></net>

<net id="553"><net_src comp="547" pin="4"/><net_sink comp="178" pin=2"/></net>

<net id="563"><net_src comp="557" pin="4"/><net_sink comp="178" pin=2"/></net>

<net id="573"><net_src comp="567" pin="4"/><net_sink comp="178" pin=2"/></net>

<net id="583"><net_src comp="577" pin="4"/><net_sink comp="178" pin=2"/></net>

<net id="593"><net_src comp="587" pin="4"/><net_sink comp="178" pin=2"/></net>

<net id="603"><net_src comp="597" pin="4"/><net_sink comp="178" pin=2"/></net>

<net id="613"><net_src comp="607" pin="4"/><net_sink comp="178" pin=2"/></net>

<net id="623"><net_src comp="617" pin="4"/><net_sink comp="178" pin=2"/></net>

<net id="633"><net_src comp="627" pin="4"/><net_sink comp="178" pin=2"/></net>

<net id="643"><net_src comp="637" pin="4"/><net_sink comp="178" pin=2"/></net>

<net id="653"><net_src comp="647" pin="4"/><net_sink comp="178" pin=2"/></net>

<net id="663"><net_src comp="657" pin="4"/><net_sink comp="178" pin=2"/></net>

<net id="673"><net_src comp="667" pin="4"/><net_sink comp="178" pin=2"/></net>

<net id="683"><net_src comp="677" pin="4"/><net_sink comp="178" pin=2"/></net>

<net id="693"><net_src comp="687" pin="4"/><net_sink comp="178" pin=2"/></net>

<net id="703"><net_src comp="697" pin="4"/><net_sink comp="178" pin=2"/></net>

<net id="713"><net_src comp="707" pin="4"/><net_sink comp="178" pin=2"/></net>

<net id="723"><net_src comp="717" pin="4"/><net_sink comp="178" pin=2"/></net>

<net id="733"><net_src comp="727" pin="4"/><net_sink comp="178" pin=2"/></net>

<net id="743"><net_src comp="737" pin="4"/><net_sink comp="178" pin=2"/></net>

<net id="753"><net_src comp="747" pin="4"/><net_sink comp="178" pin=2"/></net>

<net id="763"><net_src comp="757" pin="4"/><net_sink comp="178" pin=2"/></net>

<net id="773"><net_src comp="767" pin="4"/><net_sink comp="178" pin=2"/></net>

<net id="783"><net_src comp="777" pin="4"/><net_sink comp="178" pin=2"/></net>

<net id="793"><net_src comp="787" pin="4"/><net_sink comp="178" pin=2"/></net>

<net id="803"><net_src comp="797" pin="4"/><net_sink comp="178" pin=2"/></net>

<net id="813"><net_src comp="807" pin="4"/><net_sink comp="178" pin=2"/></net>

<net id="823"><net_src comp="817" pin="4"/><net_sink comp="178" pin=2"/></net>

<net id="833"><net_src comp="827" pin="4"/><net_sink comp="178" pin=2"/></net>

<net id="843"><net_src comp="837" pin="4"/><net_sink comp="178" pin=2"/></net>

<net id="848"><net_src comp="462" pin="4"/><net_sink comp="844" pin=0"/></net>

<net id="849"><net_src comp="32" pin="0"/><net_sink comp="844" pin=1"/></net>

<net id="854"><net_src comp="462" pin="4"/><net_sink comp="850" pin=0"/></net>

<net id="855"><net_src comp="34" pin="0"/><net_sink comp="850" pin=1"/></net>

<net id="860"><net_src comp="473" pin="4"/><net_sink comp="856" pin=0"/></net>

<net id="861"><net_src comp="36" pin="0"/><net_sink comp="856" pin=1"/></net>

<net id="866"><net_src comp="484" pin="4"/><net_sink comp="862" pin=0"/></net>

<net id="867"><net_src comp="38" pin="0"/><net_sink comp="862" pin=1"/></net>

<net id="873"><net_src comp="862" pin="2"/><net_sink comp="868" pin=0"/></net>

<net id="874"><net_src comp="30" pin="0"/><net_sink comp="868" pin=1"/></net>

<net id="875"><net_src comp="484" pin="4"/><net_sink comp="868" pin=2"/></net>

<net id="881"><net_src comp="862" pin="2"/><net_sink comp="876" pin=0"/></net>

<net id="882"><net_src comp="856" pin="2"/><net_sink comp="876" pin=1"/></net>

<net id="883"><net_src comp="473" pin="4"/><net_sink comp="876" pin=2"/></net>

<net id="890"><net_src comp="40" pin="0"/><net_sink comp="884" pin=0"/></net>

<net id="891"><net_src comp="876" pin="3"/><net_sink comp="884" pin=1"/></net>

<net id="892"><net_src comp="42" pin="0"/><net_sink comp="884" pin=2"/></net>

<net id="893"><net_src comp="44" pin="0"/><net_sink comp="884" pin=3"/></net>

<net id="897"><net_src comp="876" pin="3"/><net_sink comp="894" pin=0"/></net>

<net id="903"><net_src comp="46" pin="0"/><net_sink comp="898" pin=0"/></net>

<net id="907"><net_src comp="898" pin="3"/><net_sink comp="904" pin=0"/></net>

<net id="908"><net_src comp="904" pin="1"/><net_sink comp="201" pin=2"/></net>

<net id="913"><net_src comp="48" pin="0"/><net_sink comp="909" pin=1"/></net>

<net id="917"><net_src comp="207" pin="3"/><net_sink comp="914" pin=0"/></net>

<net id="918"><net_src comp="914" pin="1"/><net_sink comp="213" pin=1"/></net>

<net id="925"><net_src comp="50" pin="0"/><net_sink comp="919" pin=0"/></net>

<net id="926"><net_src comp="207" pin="3"/><net_sink comp="919" pin=1"/></net>

<net id="927"><net_src comp="52" pin="0"/><net_sink comp="919" pin=2"/></net>

<net id="928"><net_src comp="54" pin="0"/><net_sink comp="919" pin=3"/></net>

<net id="929"><net_src comp="919" pin="4"/><net_sink comp="213" pin=4"/></net>

<net id="933"><net_src comp="930" pin="1"/><net_sink comp="222" pin=2"/></net>

<net id="939"><net_src comp="70" pin="0"/><net_sink comp="934" pin=0"/></net>

<net id="940"><net_src comp="213" pin="3"/><net_sink comp="934" pin=1"/></net>

<net id="941"><net_src comp="213" pin="7"/><net_sink comp="934" pin=2"/></net>

<net id="942"><net_src comp="934" pin="3"/><net_sink comp="207" pin=4"/></net>

<net id="947"><net_src comp="495" pin="4"/><net_sink comp="943" pin=0"/></net>

<net id="948"><net_src comp="76" pin="0"/><net_sink comp="943" pin=1"/></net>

<net id="953"><net_src comp="495" pin="4"/><net_sink comp="949" pin=0"/></net>

<net id="954"><net_src comp="78" pin="0"/><net_sink comp="949" pin=1"/></net>

<net id="959"><net_src comp="506" pin="4"/><net_sink comp="955" pin=0"/></net>

<net id="960"><net_src comp="80" pin="0"/><net_sink comp="955" pin=1"/></net>

<net id="965"><net_src comp="517" pin="4"/><net_sink comp="961" pin=0"/></net>

<net id="966"><net_src comp="38" pin="0"/><net_sink comp="961" pin=1"/></net>

<net id="972"><net_src comp="961" pin="2"/><net_sink comp="967" pin=0"/></net>

<net id="973"><net_src comp="30" pin="0"/><net_sink comp="967" pin=1"/></net>

<net id="974"><net_src comp="517" pin="4"/><net_sink comp="967" pin=2"/></net>

<net id="979"><net_src comp="955" pin="2"/><net_sink comp="975" pin=0"/></net>

<net id="980"><net_src comp="74" pin="0"/><net_sink comp="975" pin=1"/></net>

<net id="985"><net_src comp="506" pin="4"/><net_sink comp="981" pin=0"/></net>

<net id="986"><net_src comp="74" pin="0"/><net_sink comp="981" pin=1"/></net>

<net id="992"><net_src comp="961" pin="2"/><net_sink comp="987" pin=0"/></net>

<net id="993"><net_src comp="975" pin="2"/><net_sink comp="987" pin=1"/></net>

<net id="994"><net_src comp="981" pin="2"/><net_sink comp="987" pin=2"/></net>

<net id="1000"><net_src comp="961" pin="2"/><net_sink comp="995" pin=0"/></net>

<net id="1001"><net_src comp="955" pin="2"/><net_sink comp="995" pin=1"/></net>

<net id="1002"><net_src comp="506" pin="4"/><net_sink comp="995" pin=2"/></net>

<net id="1008"><net_src comp="46" pin="0"/><net_sink comp="1003" pin=0"/></net>

<net id="1009"><net_src comp="30" pin="0"/><net_sink comp="1003" pin=2"/></net>

<net id="1013"><net_src comp="1003" pin="3"/><net_sink comp="1010" pin=0"/></net>

<net id="1014"><net_src comp="1010" pin="1"/><net_sink comp="234" pin=2"/></net>

<net id="1019"><net_src comp="1003" pin="3"/><net_sink comp="1015" pin=0"/></net>

<net id="1020"><net_src comp="82" pin="0"/><net_sink comp="1015" pin=1"/></net>

<net id="1026"><net_src comp="84" pin="0"/><net_sink comp="1021" pin=0"/></net>

<net id="1027"><net_src comp="86" pin="0"/><net_sink comp="1021" pin=1"/></net>

<net id="1028"><net_src comp="1015" pin="2"/><net_sink comp="1021" pin=2"/></net>

<net id="1029"><net_src comp="1021" pin="3"/><net_sink comp="240" pin=2"/></net>

<net id="1034"><net_src comp="88" pin="0"/><net_sink comp="1030" pin=1"/></net>

<net id="1040"><net_src comp="84" pin="0"/><net_sink comp="1035" pin=0"/></net>

<net id="1041"><net_src comp="86" pin="0"/><net_sink comp="1035" pin=1"/></net>

<net id="1042"><net_src comp="1030" pin="2"/><net_sink comp="1035" pin=2"/></net>

<net id="1043"><net_src comp="1035" pin="3"/><net_sink comp="248" pin=2"/></net>

<net id="1048"><net_src comp="90" pin="0"/><net_sink comp="1044" pin=1"/></net>

<net id="1054"><net_src comp="84" pin="0"/><net_sink comp="1049" pin=0"/></net>

<net id="1055"><net_src comp="86" pin="0"/><net_sink comp="1049" pin=1"/></net>

<net id="1056"><net_src comp="1044" pin="2"/><net_sink comp="1049" pin=2"/></net>

<net id="1057"><net_src comp="1049" pin="3"/><net_sink comp="254" pin=2"/></net>

<net id="1062"><net_src comp="94" pin="0"/><net_sink comp="1058" pin=1"/></net>

<net id="1068"><net_src comp="84" pin="0"/><net_sink comp="1063" pin=0"/></net>

<net id="1069"><net_src comp="86" pin="0"/><net_sink comp="1063" pin=1"/></net>

<net id="1070"><net_src comp="1058" pin="2"/><net_sink comp="1063" pin=2"/></net>

<net id="1071"><net_src comp="1063" pin="3"/><net_sink comp="262" pin=2"/></net>

<net id="1076"><net_src comp="96" pin="0"/><net_sink comp="1072" pin=1"/></net>

<net id="1082"><net_src comp="84" pin="0"/><net_sink comp="1077" pin=0"/></net>

<net id="1083"><net_src comp="86" pin="0"/><net_sink comp="1077" pin=1"/></net>

<net id="1084"><net_src comp="1072" pin="2"/><net_sink comp="1077" pin=2"/></net>

<net id="1085"><net_src comp="1077" pin="3"/><net_sink comp="268" pin=2"/></net>

<net id="1090"><net_src comp="100" pin="0"/><net_sink comp="1086" pin=1"/></net>

<net id="1096"><net_src comp="84" pin="0"/><net_sink comp="1091" pin=0"/></net>

<net id="1097"><net_src comp="86" pin="0"/><net_sink comp="1091" pin=1"/></net>

<net id="1098"><net_src comp="1086" pin="2"/><net_sink comp="1091" pin=2"/></net>

<net id="1099"><net_src comp="1091" pin="3"/><net_sink comp="276" pin=2"/></net>

<net id="1104"><net_src comp="102" pin="0"/><net_sink comp="1100" pin=1"/></net>

<net id="1110"><net_src comp="84" pin="0"/><net_sink comp="1105" pin=0"/></net>

<net id="1111"><net_src comp="86" pin="0"/><net_sink comp="1105" pin=1"/></net>

<net id="1112"><net_src comp="1100" pin="2"/><net_sink comp="1105" pin=2"/></net>

<net id="1113"><net_src comp="1105" pin="3"/><net_sink comp="282" pin=2"/></net>

<net id="1118"><net_src comp="104" pin="0"/><net_sink comp="1114" pin=1"/></net>

<net id="1124"><net_src comp="84" pin="0"/><net_sink comp="1119" pin=0"/></net>

<net id="1125"><net_src comp="86" pin="0"/><net_sink comp="1119" pin=1"/></net>

<net id="1126"><net_src comp="1114" pin="2"/><net_sink comp="1119" pin=2"/></net>

<net id="1127"><net_src comp="1119" pin="3"/><net_sink comp="290" pin=2"/></net>

<net id="1132"><net_src comp="106" pin="0"/><net_sink comp="1128" pin=1"/></net>

<net id="1138"><net_src comp="84" pin="0"/><net_sink comp="1133" pin=0"/></net>

<net id="1139"><net_src comp="86" pin="0"/><net_sink comp="1133" pin=1"/></net>

<net id="1140"><net_src comp="1128" pin="2"/><net_sink comp="1133" pin=2"/></net>

<net id="1141"><net_src comp="1133" pin="3"/><net_sink comp="296" pin=2"/></net>

<net id="1146"><net_src comp="108" pin="0"/><net_sink comp="1142" pin=1"/></net>

<net id="1152"><net_src comp="84" pin="0"/><net_sink comp="1147" pin=0"/></net>

<net id="1153"><net_src comp="86" pin="0"/><net_sink comp="1147" pin=1"/></net>

<net id="1154"><net_src comp="1142" pin="2"/><net_sink comp="1147" pin=2"/></net>

<net id="1155"><net_src comp="1147" pin="3"/><net_sink comp="304" pin=2"/></net>

<net id="1160"><net_src comp="110" pin="0"/><net_sink comp="1156" pin=1"/></net>

<net id="1166"><net_src comp="84" pin="0"/><net_sink comp="1161" pin=0"/></net>

<net id="1167"><net_src comp="86" pin="0"/><net_sink comp="1161" pin=1"/></net>

<net id="1168"><net_src comp="1156" pin="2"/><net_sink comp="1161" pin=2"/></net>

<net id="1169"><net_src comp="1161" pin="3"/><net_sink comp="310" pin=2"/></net>

<net id="1174"><net_src comp="112" pin="0"/><net_sink comp="1170" pin=1"/></net>

<net id="1180"><net_src comp="84" pin="0"/><net_sink comp="1175" pin=0"/></net>

<net id="1181"><net_src comp="86" pin="0"/><net_sink comp="1175" pin=1"/></net>

<net id="1182"><net_src comp="1170" pin="2"/><net_sink comp="1175" pin=2"/></net>

<net id="1183"><net_src comp="1175" pin="3"/><net_sink comp="318" pin=2"/></net>

<net id="1188"><net_src comp="114" pin="0"/><net_sink comp="1184" pin=1"/></net>

<net id="1194"><net_src comp="84" pin="0"/><net_sink comp="1189" pin=0"/></net>

<net id="1195"><net_src comp="86" pin="0"/><net_sink comp="1189" pin=1"/></net>

<net id="1196"><net_src comp="1184" pin="2"/><net_sink comp="1189" pin=2"/></net>

<net id="1197"><net_src comp="1189" pin="3"/><net_sink comp="324" pin=2"/></net>

<net id="1202"><net_src comp="116" pin="0"/><net_sink comp="1198" pin=1"/></net>

<net id="1208"><net_src comp="84" pin="0"/><net_sink comp="1203" pin=0"/></net>

<net id="1209"><net_src comp="86" pin="0"/><net_sink comp="1203" pin=1"/></net>

<net id="1210"><net_src comp="1198" pin="2"/><net_sink comp="1203" pin=2"/></net>

<net id="1211"><net_src comp="1203" pin="3"/><net_sink comp="332" pin=2"/></net>

<net id="1216"><net_src comp="118" pin="0"/><net_sink comp="1212" pin=1"/></net>

<net id="1222"><net_src comp="84" pin="0"/><net_sink comp="1217" pin=0"/></net>

<net id="1223"><net_src comp="86" pin="0"/><net_sink comp="1217" pin=1"/></net>

<net id="1224"><net_src comp="1212" pin="2"/><net_sink comp="1217" pin=2"/></net>

<net id="1225"><net_src comp="1217" pin="3"/><net_sink comp="338" pin=2"/></net>

<net id="1230"><net_src comp="120" pin="0"/><net_sink comp="1226" pin=1"/></net>

<net id="1236"><net_src comp="84" pin="0"/><net_sink comp="1231" pin=0"/></net>

<net id="1237"><net_src comp="86" pin="0"/><net_sink comp="1231" pin=1"/></net>

<net id="1238"><net_src comp="1226" pin="2"/><net_sink comp="1231" pin=2"/></net>

<net id="1239"><net_src comp="1231" pin="3"/><net_sink comp="346" pin=2"/></net>

<net id="1244"><net_src comp="122" pin="0"/><net_sink comp="1240" pin=1"/></net>

<net id="1250"><net_src comp="84" pin="0"/><net_sink comp="1245" pin=0"/></net>

<net id="1251"><net_src comp="86" pin="0"/><net_sink comp="1245" pin=1"/></net>

<net id="1252"><net_src comp="1240" pin="2"/><net_sink comp="1245" pin=2"/></net>

<net id="1253"><net_src comp="1245" pin="3"/><net_sink comp="352" pin=2"/></net>

<net id="1258"><net_src comp="124" pin="0"/><net_sink comp="1254" pin=1"/></net>

<net id="1264"><net_src comp="84" pin="0"/><net_sink comp="1259" pin=0"/></net>

<net id="1265"><net_src comp="86" pin="0"/><net_sink comp="1259" pin=1"/></net>

<net id="1266"><net_src comp="1254" pin="2"/><net_sink comp="1259" pin=2"/></net>

<net id="1267"><net_src comp="1259" pin="3"/><net_sink comp="360" pin=2"/></net>

<net id="1272"><net_src comp="126" pin="0"/><net_sink comp="1268" pin=1"/></net>

<net id="1278"><net_src comp="84" pin="0"/><net_sink comp="1273" pin=0"/></net>

<net id="1279"><net_src comp="86" pin="0"/><net_sink comp="1273" pin=1"/></net>

<net id="1280"><net_src comp="1268" pin="2"/><net_sink comp="1273" pin=2"/></net>

<net id="1281"><net_src comp="1273" pin="3"/><net_sink comp="366" pin=2"/></net>

<net id="1286"><net_src comp="128" pin="0"/><net_sink comp="1282" pin=1"/></net>

<net id="1292"><net_src comp="84" pin="0"/><net_sink comp="1287" pin=0"/></net>

<net id="1293"><net_src comp="86" pin="0"/><net_sink comp="1287" pin=1"/></net>

<net id="1294"><net_src comp="1282" pin="2"/><net_sink comp="1287" pin=2"/></net>

<net id="1295"><net_src comp="1287" pin="3"/><net_sink comp="374" pin=2"/></net>

<net id="1300"><net_src comp="130" pin="0"/><net_sink comp="1296" pin=1"/></net>

<net id="1306"><net_src comp="84" pin="0"/><net_sink comp="1301" pin=0"/></net>

<net id="1307"><net_src comp="86" pin="0"/><net_sink comp="1301" pin=1"/></net>

<net id="1308"><net_src comp="1296" pin="2"/><net_sink comp="1301" pin=2"/></net>

<net id="1309"><net_src comp="1301" pin="3"/><net_sink comp="380" pin=2"/></net>

<net id="1314"><net_src comp="132" pin="0"/><net_sink comp="1310" pin=1"/></net>

<net id="1320"><net_src comp="84" pin="0"/><net_sink comp="1315" pin=0"/></net>

<net id="1321"><net_src comp="86" pin="0"/><net_sink comp="1315" pin=1"/></net>

<net id="1322"><net_src comp="1310" pin="2"/><net_sink comp="1315" pin=2"/></net>

<net id="1323"><net_src comp="1315" pin="3"/><net_sink comp="388" pin=2"/></net>

<net id="1328"><net_src comp="134" pin="0"/><net_sink comp="1324" pin=1"/></net>

<net id="1334"><net_src comp="84" pin="0"/><net_sink comp="1329" pin=0"/></net>

<net id="1335"><net_src comp="86" pin="0"/><net_sink comp="1329" pin=1"/></net>

<net id="1336"><net_src comp="1324" pin="2"/><net_sink comp="1329" pin=2"/></net>

<net id="1337"><net_src comp="1329" pin="3"/><net_sink comp="394" pin=2"/></net>

<net id="1342"><net_src comp="136" pin="0"/><net_sink comp="1338" pin=1"/></net>

<net id="1348"><net_src comp="84" pin="0"/><net_sink comp="1343" pin=0"/></net>

<net id="1349"><net_src comp="86" pin="0"/><net_sink comp="1343" pin=1"/></net>

<net id="1350"><net_src comp="1338" pin="2"/><net_sink comp="1343" pin=2"/></net>

<net id="1351"><net_src comp="1343" pin="3"/><net_sink comp="402" pin=2"/></net>

<net id="1356"><net_src comp="138" pin="0"/><net_sink comp="1352" pin=1"/></net>

<net id="1362"><net_src comp="84" pin="0"/><net_sink comp="1357" pin=0"/></net>

<net id="1363"><net_src comp="86" pin="0"/><net_sink comp="1357" pin=1"/></net>

<net id="1364"><net_src comp="1352" pin="2"/><net_sink comp="1357" pin=2"/></net>

<net id="1365"><net_src comp="1357" pin="3"/><net_sink comp="408" pin=2"/></net>

<net id="1370"><net_src comp="140" pin="0"/><net_sink comp="1366" pin=1"/></net>

<net id="1376"><net_src comp="84" pin="0"/><net_sink comp="1371" pin=0"/></net>

<net id="1377"><net_src comp="86" pin="0"/><net_sink comp="1371" pin=1"/></net>

<net id="1378"><net_src comp="1366" pin="2"/><net_sink comp="1371" pin=2"/></net>

<net id="1379"><net_src comp="1371" pin="3"/><net_sink comp="416" pin=2"/></net>

<net id="1384"><net_src comp="142" pin="0"/><net_sink comp="1380" pin=1"/></net>

<net id="1390"><net_src comp="84" pin="0"/><net_sink comp="1385" pin=0"/></net>

<net id="1391"><net_src comp="86" pin="0"/><net_sink comp="1385" pin=1"/></net>

<net id="1392"><net_src comp="1380" pin="2"/><net_sink comp="1385" pin=2"/></net>

<net id="1393"><net_src comp="1385" pin="3"/><net_sink comp="422" pin=2"/></net>

<net id="1398"><net_src comp="144" pin="0"/><net_sink comp="1394" pin=1"/></net>

<net id="1404"><net_src comp="84" pin="0"/><net_sink comp="1399" pin=0"/></net>

<net id="1405"><net_src comp="86" pin="0"/><net_sink comp="1399" pin=1"/></net>

<net id="1406"><net_src comp="1394" pin="2"/><net_sink comp="1399" pin=2"/></net>

<net id="1407"><net_src comp="1399" pin="3"/><net_sink comp="430" pin=2"/></net>

<net id="1412"><net_src comp="146" pin="0"/><net_sink comp="1408" pin=1"/></net>

<net id="1418"><net_src comp="84" pin="0"/><net_sink comp="1413" pin=0"/></net>

<net id="1419"><net_src comp="86" pin="0"/><net_sink comp="1413" pin=1"/></net>

<net id="1420"><net_src comp="1408" pin="2"/><net_sink comp="1413" pin=2"/></net>

<net id="1421"><net_src comp="1413" pin="3"/><net_sink comp="436" pin=2"/></net>

<net id="1426"><net_src comp="152" pin="0"/><net_sink comp="1422" pin=1"/></net>

<net id="1432"><net_src comp="84" pin="0"/><net_sink comp="1427" pin=0"/></net>

<net id="1433"><net_src comp="86" pin="0"/><net_sink comp="1427" pin=1"/></net>

<net id="1434"><net_src comp="1422" pin="2"/><net_sink comp="1427" pin=2"/></net>

<net id="1435"><net_src comp="1427" pin="3"/><net_sink comp="444" pin=2"/></net>

<net id="1440"><net_src comp="154" pin="0"/><net_sink comp="1436" pin=1"/></net>

<net id="1446"><net_src comp="84" pin="0"/><net_sink comp="1441" pin=0"/></net>

<net id="1447"><net_src comp="86" pin="0"/><net_sink comp="1441" pin=1"/></net>

<net id="1448"><net_src comp="1436" pin="2"/><net_sink comp="1441" pin=2"/></net>

<net id="1449"><net_src comp="1441" pin="3"/><net_sink comp="450" pin=2"/></net>

<net id="1454"><net_src comp="48" pin="0"/><net_sink comp="1450" pin=1"/></net>

<net id="1458"><net_src comp="185" pin="3"/><net_sink comp="1455" pin=0"/></net>

<net id="1459"><net_src comp="1455" pin="1"/><net_sink comp="213" pin=2"/></net>

<net id="1460"><net_src comp="1455" pin="1"/><net_sink comp="213" pin=0"/></net>

<net id="1464"><net_src comp="193" pin="3"/><net_sink comp="1461" pin=0"/></net>

<net id="1465"><net_src comp="1461" pin="1"/><net_sink comp="213" pin=0"/></net>

<net id="1466"><net_src comp="1461" pin="1"/><net_sink comp="213" pin=2"/></net>

<net id="1470"><net_src comp="844" pin="2"/><net_sink comp="1467" pin=0"/></net>

<net id="1471"><net_src comp="1467" pin="1"/><net_sink comp="462" pin=2"/></net>

<net id="1475"><net_src comp="850" pin="2"/><net_sink comp="1472" pin=0"/></net>

<net id="1479"><net_src comp="868" pin="3"/><net_sink comp="1476" pin=0"/></net>

<net id="1480"><net_src comp="1476" pin="1"/><net_sink comp="898" pin=1"/></net>

<net id="1481"><net_src comp="1476" pin="1"/><net_sink comp="909" pin=0"/></net>

<net id="1485"><net_src comp="876" pin="3"/><net_sink comp="1482" pin=0"/></net>

<net id="1486"><net_src comp="1482" pin="1"/><net_sink comp="473" pin=2"/></net>

<net id="1490"><net_src comp="884" pin="4"/><net_sink comp="1487" pin=0"/></net>

<net id="1491"><net_src comp="1487" pin="1"/><net_sink comp="898" pin=2"/></net>

<net id="1495"><net_src comp="894" pin="1"/><net_sink comp="1492" pin=0"/></net>

<net id="1496"><net_src comp="1492" pin="1"/><net_sink comp="930" pin=0"/></net>

<net id="1500"><net_src comp="201" pin="3"/><net_sink comp="1497" pin=0"/></net>

<net id="1501"><net_src comp="1497" pin="1"/><net_sink comp="207" pin=0"/></net>

<net id="1502"><net_src comp="1497" pin="1"/><net_sink comp="207" pin=2"/></net>

<net id="1506"><net_src comp="909" pin="2"/><net_sink comp="1503" pin=0"/></net>

<net id="1507"><net_src comp="1503" pin="1"/><net_sink comp="484" pin=2"/></net>

<net id="1511"><net_src comp="943" pin="2"/><net_sink comp="1508" pin=0"/></net>

<net id="1512"><net_src comp="1508" pin="1"/><net_sink comp="495" pin=0"/></net>

<net id="1516"><net_src comp="949" pin="2"/><net_sink comp="1513" pin=0"/></net>

<net id="1520"><net_src comp="967" pin="3"/><net_sink comp="1517" pin=0"/></net>

<net id="1521"><net_src comp="1517" pin="1"/><net_sink comp="1003" pin=1"/></net>

<net id="1522"><net_src comp="1517" pin="1"/><net_sink comp="1450" pin=0"/></net>

<net id="1526"><net_src comp="987" pin="3"/><net_sink comp="1523" pin=0"/></net>

<net id="1530"><net_src comp="995" pin="3"/><net_sink comp="1527" pin=0"/></net>

<net id="1531"><net_src comp="1527" pin="1"/><net_sink comp="506" pin=0"/></net>

<net id="1535"><net_src comp="1003" pin="3"/><net_sink comp="1532" pin=0"/></net>

<net id="1536"><net_src comp="1532" pin="1"/><net_sink comp="1030" pin=0"/></net>

<net id="1537"><net_src comp="1532" pin="1"/><net_sink comp="1044" pin=0"/></net>

<net id="1538"><net_src comp="1532" pin="1"/><net_sink comp="1058" pin=0"/></net>

<net id="1539"><net_src comp="1532" pin="1"/><net_sink comp="1072" pin=0"/></net>

<net id="1540"><net_src comp="1532" pin="1"/><net_sink comp="1086" pin=0"/></net>

<net id="1541"><net_src comp="1532" pin="1"/><net_sink comp="1100" pin=0"/></net>

<net id="1542"><net_src comp="1532" pin="1"/><net_sink comp="1114" pin=0"/></net>

<net id="1543"><net_src comp="1532" pin="1"/><net_sink comp="1128" pin=0"/></net>

<net id="1544"><net_src comp="1532" pin="1"/><net_sink comp="1142" pin=0"/></net>

<net id="1545"><net_src comp="1532" pin="1"/><net_sink comp="1156" pin=0"/></net>

<net id="1546"><net_src comp="1532" pin="1"/><net_sink comp="1170" pin=0"/></net>

<net id="1547"><net_src comp="1532" pin="1"/><net_sink comp="1184" pin=0"/></net>

<net id="1548"><net_src comp="1532" pin="1"/><net_sink comp="1198" pin=0"/></net>

<net id="1549"><net_src comp="1532" pin="1"/><net_sink comp="1212" pin=0"/></net>

<net id="1550"><net_src comp="1532" pin="1"/><net_sink comp="1226" pin=0"/></net>

<net id="1551"><net_src comp="1532" pin="1"/><net_sink comp="1240" pin=0"/></net>

<net id="1552"><net_src comp="1532" pin="1"/><net_sink comp="1254" pin=0"/></net>

<net id="1553"><net_src comp="1532" pin="1"/><net_sink comp="1268" pin=0"/></net>

<net id="1554"><net_src comp="1532" pin="1"/><net_sink comp="1282" pin=0"/></net>

<net id="1555"><net_src comp="1532" pin="1"/><net_sink comp="1296" pin=0"/></net>

<net id="1556"><net_src comp="1532" pin="1"/><net_sink comp="1310" pin=0"/></net>

<net id="1557"><net_src comp="1532" pin="1"/><net_sink comp="1324" pin=0"/></net>

<net id="1558"><net_src comp="1532" pin="1"/><net_sink comp="1338" pin=0"/></net>

<net id="1559"><net_src comp="1532" pin="1"/><net_sink comp="1352" pin=0"/></net>

<net id="1560"><net_src comp="1532" pin="1"/><net_sink comp="1366" pin=0"/></net>

<net id="1561"><net_src comp="1532" pin="1"/><net_sink comp="1380" pin=0"/></net>

<net id="1562"><net_src comp="1532" pin="1"/><net_sink comp="1394" pin=0"/></net>

<net id="1563"><net_src comp="1532" pin="1"/><net_sink comp="1408" pin=0"/></net>

<net id="1564"><net_src comp="1532" pin="1"/><net_sink comp="1422" pin=0"/></net>

<net id="1565"><net_src comp="1532" pin="1"/><net_sink comp="1436" pin=0"/></net>

<net id="1569"><net_src comp="234" pin="3"/><net_sink comp="1566" pin=0"/></net>

<net id="1570"><net_src comp="1566" pin="1"/><net_sink comp="207" pin=2"/></net>

<net id="1574"><net_src comp="240" pin="3"/><net_sink comp="1571" pin=0"/></net>

<net id="1575"><net_src comp="1571" pin="1"/><net_sink comp="207" pin=0"/></net>

<net id="1579"><net_src comp="248" pin="3"/><net_sink comp="1576" pin=0"/></net>

<net id="1580"><net_src comp="1576" pin="1"/><net_sink comp="207" pin=2"/></net>

<net id="1584"><net_src comp="254" pin="3"/><net_sink comp="1581" pin=0"/></net>

<net id="1585"><net_src comp="1581" pin="1"/><net_sink comp="207" pin=0"/></net>

<net id="1589"><net_src comp="172" pin="2"/><net_sink comp="1586" pin=0"/></net>

<net id="1590"><net_src comp="1586" pin="1"/><net_sink comp="527" pin=2"/></net>

<net id="1594"><net_src comp="207" pin="7"/><net_sink comp="1591" pin=0"/></net>

<net id="1595"><net_src comp="1591" pin="1"/><net_sink comp="527" pin=0"/></net>

<net id="1599"><net_src comp="207" pin="3"/><net_sink comp="1596" pin=0"/></net>

<net id="1600"><net_src comp="1596" pin="1"/><net_sink comp="537" pin=0"/></net>

<net id="1604"><net_src comp="262" pin="3"/><net_sink comp="1601" pin=0"/></net>

<net id="1605"><net_src comp="1601" pin="1"/><net_sink comp="207" pin=2"/></net>

<net id="1609"><net_src comp="268" pin="3"/><net_sink comp="1606" pin=0"/></net>

<net id="1610"><net_src comp="1606" pin="1"/><net_sink comp="207" pin=0"/></net>

<net id="1614"><net_src comp="172" pin="2"/><net_sink comp="1611" pin=0"/></net>

<net id="1615"><net_src comp="1611" pin="1"/><net_sink comp="537" pin=2"/></net>

<net id="1619"><net_src comp="207" pin="7"/><net_sink comp="1616" pin=0"/></net>

<net id="1620"><net_src comp="1616" pin="1"/><net_sink comp="547" pin=0"/></net>

<net id="1624"><net_src comp="207" pin="3"/><net_sink comp="1621" pin=0"/></net>

<net id="1625"><net_src comp="1621" pin="1"/><net_sink comp="557" pin=0"/></net>

<net id="1629"><net_src comp="276" pin="3"/><net_sink comp="1626" pin=0"/></net>

<net id="1630"><net_src comp="1626" pin="1"/><net_sink comp="207" pin=2"/></net>

<net id="1634"><net_src comp="282" pin="3"/><net_sink comp="1631" pin=0"/></net>

<net id="1635"><net_src comp="1631" pin="1"/><net_sink comp="207" pin=0"/></net>

<net id="1639"><net_src comp="172" pin="2"/><net_sink comp="1636" pin=0"/></net>

<net id="1640"><net_src comp="1636" pin="1"/><net_sink comp="547" pin=2"/></net>

<net id="1644"><net_src comp="207" pin="7"/><net_sink comp="1641" pin=0"/></net>

<net id="1645"><net_src comp="1641" pin="1"/><net_sink comp="567" pin=0"/></net>

<net id="1649"><net_src comp="207" pin="3"/><net_sink comp="1646" pin=0"/></net>

<net id="1650"><net_src comp="1646" pin="1"/><net_sink comp="577" pin=0"/></net>

<net id="1654"><net_src comp="290" pin="3"/><net_sink comp="1651" pin=0"/></net>

<net id="1655"><net_src comp="1651" pin="1"/><net_sink comp="207" pin=2"/></net>

<net id="1659"><net_src comp="296" pin="3"/><net_sink comp="1656" pin=0"/></net>

<net id="1660"><net_src comp="1656" pin="1"/><net_sink comp="207" pin=0"/></net>

<net id="1664"><net_src comp="172" pin="2"/><net_sink comp="1661" pin=0"/></net>

<net id="1665"><net_src comp="1661" pin="1"/><net_sink comp="557" pin=2"/></net>

<net id="1669"><net_src comp="207" pin="7"/><net_sink comp="1666" pin=0"/></net>

<net id="1670"><net_src comp="1666" pin="1"/><net_sink comp="587" pin=0"/></net>

<net id="1674"><net_src comp="207" pin="3"/><net_sink comp="1671" pin=0"/></net>

<net id="1675"><net_src comp="1671" pin="1"/><net_sink comp="597" pin=0"/></net>

<net id="1679"><net_src comp="304" pin="3"/><net_sink comp="1676" pin=0"/></net>

<net id="1680"><net_src comp="1676" pin="1"/><net_sink comp="207" pin=2"/></net>

<net id="1684"><net_src comp="310" pin="3"/><net_sink comp="1681" pin=0"/></net>

<net id="1685"><net_src comp="1681" pin="1"/><net_sink comp="207" pin=0"/></net>

<net id="1689"><net_src comp="172" pin="2"/><net_sink comp="1686" pin=0"/></net>

<net id="1690"><net_src comp="1686" pin="1"/><net_sink comp="567" pin=2"/></net>

<net id="1694"><net_src comp="207" pin="7"/><net_sink comp="1691" pin=0"/></net>

<net id="1695"><net_src comp="1691" pin="1"/><net_sink comp="607" pin=0"/></net>

<net id="1699"><net_src comp="207" pin="3"/><net_sink comp="1696" pin=0"/></net>

<net id="1700"><net_src comp="1696" pin="1"/><net_sink comp="617" pin=0"/></net>

<net id="1704"><net_src comp="318" pin="3"/><net_sink comp="1701" pin=0"/></net>

<net id="1705"><net_src comp="1701" pin="1"/><net_sink comp="207" pin=2"/></net>

<net id="1709"><net_src comp="324" pin="3"/><net_sink comp="1706" pin=0"/></net>

<net id="1710"><net_src comp="1706" pin="1"/><net_sink comp="207" pin=0"/></net>

<net id="1714"><net_src comp="172" pin="2"/><net_sink comp="1711" pin=0"/></net>

<net id="1715"><net_src comp="1711" pin="1"/><net_sink comp="577" pin=2"/></net>

<net id="1719"><net_src comp="207" pin="7"/><net_sink comp="1716" pin=0"/></net>

<net id="1720"><net_src comp="1716" pin="1"/><net_sink comp="627" pin=0"/></net>

<net id="1724"><net_src comp="207" pin="3"/><net_sink comp="1721" pin=0"/></net>

<net id="1725"><net_src comp="1721" pin="1"/><net_sink comp="637" pin=0"/></net>

<net id="1729"><net_src comp="332" pin="3"/><net_sink comp="1726" pin=0"/></net>

<net id="1730"><net_src comp="1726" pin="1"/><net_sink comp="207" pin=2"/></net>

<net id="1734"><net_src comp="338" pin="3"/><net_sink comp="1731" pin=0"/></net>

<net id="1735"><net_src comp="1731" pin="1"/><net_sink comp="207" pin=0"/></net>

<net id="1739"><net_src comp="172" pin="2"/><net_sink comp="1736" pin=0"/></net>

<net id="1740"><net_src comp="1736" pin="1"/><net_sink comp="587" pin=2"/></net>

<net id="1744"><net_src comp="207" pin="7"/><net_sink comp="1741" pin=0"/></net>

<net id="1745"><net_src comp="1741" pin="1"/><net_sink comp="647" pin=0"/></net>

<net id="1749"><net_src comp="207" pin="3"/><net_sink comp="1746" pin=0"/></net>

<net id="1750"><net_src comp="1746" pin="1"/><net_sink comp="657" pin=0"/></net>

<net id="1754"><net_src comp="346" pin="3"/><net_sink comp="1751" pin=0"/></net>

<net id="1755"><net_src comp="1751" pin="1"/><net_sink comp="207" pin=2"/></net>

<net id="1759"><net_src comp="352" pin="3"/><net_sink comp="1756" pin=0"/></net>

<net id="1760"><net_src comp="1756" pin="1"/><net_sink comp="207" pin=0"/></net>

<net id="1764"><net_src comp="172" pin="2"/><net_sink comp="1761" pin=0"/></net>

<net id="1765"><net_src comp="1761" pin="1"/><net_sink comp="597" pin=2"/></net>

<net id="1769"><net_src comp="207" pin="7"/><net_sink comp="1766" pin=0"/></net>

<net id="1770"><net_src comp="1766" pin="1"/><net_sink comp="667" pin=0"/></net>

<net id="1774"><net_src comp="207" pin="3"/><net_sink comp="1771" pin=0"/></net>

<net id="1775"><net_src comp="1771" pin="1"/><net_sink comp="677" pin=0"/></net>

<net id="1779"><net_src comp="360" pin="3"/><net_sink comp="1776" pin=0"/></net>

<net id="1780"><net_src comp="1776" pin="1"/><net_sink comp="207" pin=2"/></net>

<net id="1784"><net_src comp="366" pin="3"/><net_sink comp="1781" pin=0"/></net>

<net id="1785"><net_src comp="1781" pin="1"/><net_sink comp="207" pin=0"/></net>

<net id="1789"><net_src comp="172" pin="2"/><net_sink comp="1786" pin=0"/></net>

<net id="1790"><net_src comp="1786" pin="1"/><net_sink comp="607" pin=2"/></net>

<net id="1794"><net_src comp="207" pin="7"/><net_sink comp="1791" pin=0"/></net>

<net id="1795"><net_src comp="1791" pin="1"/><net_sink comp="687" pin=0"/></net>

<net id="1799"><net_src comp="207" pin="3"/><net_sink comp="1796" pin=0"/></net>

<net id="1800"><net_src comp="1796" pin="1"/><net_sink comp="697" pin=0"/></net>

<net id="1804"><net_src comp="374" pin="3"/><net_sink comp="1801" pin=0"/></net>

<net id="1805"><net_src comp="1801" pin="1"/><net_sink comp="207" pin=2"/></net>

<net id="1809"><net_src comp="380" pin="3"/><net_sink comp="1806" pin=0"/></net>

<net id="1810"><net_src comp="1806" pin="1"/><net_sink comp="207" pin=0"/></net>

<net id="1814"><net_src comp="172" pin="2"/><net_sink comp="1811" pin=0"/></net>

<net id="1815"><net_src comp="1811" pin="1"/><net_sink comp="617" pin=2"/></net>

<net id="1819"><net_src comp="207" pin="7"/><net_sink comp="1816" pin=0"/></net>

<net id="1820"><net_src comp="1816" pin="1"/><net_sink comp="707" pin=0"/></net>

<net id="1824"><net_src comp="207" pin="3"/><net_sink comp="1821" pin=0"/></net>

<net id="1825"><net_src comp="1821" pin="1"/><net_sink comp="717" pin=0"/></net>

<net id="1829"><net_src comp="388" pin="3"/><net_sink comp="1826" pin=0"/></net>

<net id="1830"><net_src comp="1826" pin="1"/><net_sink comp="207" pin=2"/></net>

<net id="1834"><net_src comp="394" pin="3"/><net_sink comp="1831" pin=0"/></net>

<net id="1835"><net_src comp="1831" pin="1"/><net_sink comp="207" pin=0"/></net>

<net id="1839"><net_src comp="172" pin="2"/><net_sink comp="1836" pin=0"/></net>

<net id="1840"><net_src comp="1836" pin="1"/><net_sink comp="627" pin=2"/></net>

<net id="1844"><net_src comp="207" pin="7"/><net_sink comp="1841" pin=0"/></net>

<net id="1845"><net_src comp="1841" pin="1"/><net_sink comp="727" pin=0"/></net>

<net id="1849"><net_src comp="207" pin="3"/><net_sink comp="1846" pin=0"/></net>

<net id="1850"><net_src comp="1846" pin="1"/><net_sink comp="737" pin=0"/></net>

<net id="1854"><net_src comp="402" pin="3"/><net_sink comp="1851" pin=0"/></net>

<net id="1855"><net_src comp="1851" pin="1"/><net_sink comp="207" pin=2"/></net>

<net id="1859"><net_src comp="408" pin="3"/><net_sink comp="1856" pin=0"/></net>

<net id="1860"><net_src comp="1856" pin="1"/><net_sink comp="207" pin=0"/></net>

<net id="1864"><net_src comp="172" pin="2"/><net_sink comp="1861" pin=0"/></net>

<net id="1865"><net_src comp="1861" pin="1"/><net_sink comp="637" pin=2"/></net>

<net id="1869"><net_src comp="207" pin="7"/><net_sink comp="1866" pin=0"/></net>

<net id="1870"><net_src comp="1866" pin="1"/><net_sink comp="747" pin=0"/></net>

<net id="1874"><net_src comp="207" pin="3"/><net_sink comp="1871" pin=0"/></net>

<net id="1875"><net_src comp="1871" pin="1"/><net_sink comp="757" pin=0"/></net>

<net id="1879"><net_src comp="416" pin="3"/><net_sink comp="1876" pin=0"/></net>

<net id="1880"><net_src comp="1876" pin="1"/><net_sink comp="207" pin=2"/></net>

<net id="1884"><net_src comp="422" pin="3"/><net_sink comp="1881" pin=0"/></net>

<net id="1885"><net_src comp="1881" pin="1"/><net_sink comp="207" pin=0"/></net>

<net id="1889"><net_src comp="172" pin="2"/><net_sink comp="1886" pin=0"/></net>

<net id="1890"><net_src comp="1886" pin="1"/><net_sink comp="647" pin=2"/></net>

<net id="1894"><net_src comp="207" pin="7"/><net_sink comp="1891" pin=0"/></net>

<net id="1895"><net_src comp="1891" pin="1"/><net_sink comp="767" pin=0"/></net>

<net id="1899"><net_src comp="207" pin="3"/><net_sink comp="1896" pin=0"/></net>

<net id="1900"><net_src comp="1896" pin="1"/><net_sink comp="777" pin=0"/></net>

<net id="1904"><net_src comp="430" pin="3"/><net_sink comp="1901" pin=0"/></net>

<net id="1905"><net_src comp="1901" pin="1"/><net_sink comp="207" pin=2"/></net>

<net id="1909"><net_src comp="436" pin="3"/><net_sink comp="1906" pin=0"/></net>

<net id="1910"><net_src comp="1906" pin="1"/><net_sink comp="207" pin=0"/></net>

<net id="1914"><net_src comp="172" pin="2"/><net_sink comp="1911" pin=0"/></net>

<net id="1915"><net_src comp="1911" pin="1"/><net_sink comp="657" pin=2"/></net>

<net id="1919"><net_src comp="207" pin="7"/><net_sink comp="1916" pin=0"/></net>

<net id="1920"><net_src comp="1916" pin="1"/><net_sink comp="787" pin=0"/></net>

<net id="1924"><net_src comp="207" pin="3"/><net_sink comp="1921" pin=0"/></net>

<net id="1925"><net_src comp="1921" pin="1"/><net_sink comp="797" pin=0"/></net>

<net id="1929"><net_src comp="444" pin="3"/><net_sink comp="1926" pin=0"/></net>

<net id="1930"><net_src comp="1926" pin="1"/><net_sink comp="207" pin=2"/></net>

<net id="1934"><net_src comp="450" pin="3"/><net_sink comp="1931" pin=0"/></net>

<net id="1935"><net_src comp="1931" pin="1"/><net_sink comp="207" pin=0"/></net>

<net id="1939"><net_src comp="172" pin="2"/><net_sink comp="1936" pin=0"/></net>

<net id="1940"><net_src comp="1936" pin="1"/><net_sink comp="667" pin=2"/></net>

<net id="1944"><net_src comp="207" pin="7"/><net_sink comp="1941" pin=0"/></net>

<net id="1945"><net_src comp="1941" pin="1"/><net_sink comp="807" pin=0"/></net>

<net id="1949"><net_src comp="207" pin="3"/><net_sink comp="1946" pin=0"/></net>

<net id="1950"><net_src comp="1946" pin="1"/><net_sink comp="817" pin=0"/></net>

<net id="1954"><net_src comp="172" pin="2"/><net_sink comp="1951" pin=0"/></net>

<net id="1955"><net_src comp="1951" pin="1"/><net_sink comp="677" pin=2"/></net>

<net id="1959"><net_src comp="207" pin="7"/><net_sink comp="1956" pin=0"/></net>

<net id="1960"><net_src comp="1956" pin="1"/><net_sink comp="827" pin=0"/></net>

<net id="1964"><net_src comp="207" pin="3"/><net_sink comp="1961" pin=0"/></net>

<net id="1965"><net_src comp="1961" pin="1"/><net_sink comp="837" pin=0"/></net>

<net id="1969"><net_src comp="172" pin="2"/><net_sink comp="1966" pin=0"/></net>

<net id="1970"><net_src comp="1966" pin="1"/><net_sink comp="687" pin=2"/></net>

<net id="1974"><net_src comp="172" pin="2"/><net_sink comp="1971" pin=0"/></net>

<net id="1975"><net_src comp="1971" pin="1"/><net_sink comp="697" pin=2"/></net>

<net id="1979"><net_src comp="172" pin="2"/><net_sink comp="1976" pin=0"/></net>

<net id="1980"><net_src comp="1976" pin="1"/><net_sink comp="707" pin=2"/></net>

<net id="1984"><net_src comp="172" pin="2"/><net_sink comp="1981" pin=0"/></net>

<net id="1985"><net_src comp="1981" pin="1"/><net_sink comp="717" pin=2"/></net>

<net id="1989"><net_src comp="172" pin="2"/><net_sink comp="1986" pin=0"/></net>

<net id="1990"><net_src comp="1986" pin="1"/><net_sink comp="727" pin=2"/></net>

<net id="1994"><net_src comp="172" pin="2"/><net_sink comp="1991" pin=0"/></net>

<net id="1995"><net_src comp="1991" pin="1"/><net_sink comp="737" pin=2"/></net>

<net id="1999"><net_src comp="172" pin="2"/><net_sink comp="1996" pin=0"/></net>

<net id="2000"><net_src comp="1996" pin="1"/><net_sink comp="747" pin=2"/></net>

<net id="2004"><net_src comp="172" pin="2"/><net_sink comp="2001" pin=0"/></net>

<net id="2005"><net_src comp="2001" pin="1"/><net_sink comp="757" pin=2"/></net>

<net id="2009"><net_src comp="172" pin="2"/><net_sink comp="2006" pin=0"/></net>

<net id="2010"><net_src comp="2006" pin="1"/><net_sink comp="767" pin=2"/></net>

<net id="2014"><net_src comp="172" pin="2"/><net_sink comp="2011" pin=0"/></net>

<net id="2015"><net_src comp="2011" pin="1"/><net_sink comp="777" pin=2"/></net>

<net id="2019"><net_src comp="172" pin="2"/><net_sink comp="2016" pin=0"/></net>

<net id="2020"><net_src comp="2016" pin="1"/><net_sink comp="787" pin=2"/></net>

<net id="2024"><net_src comp="172" pin="2"/><net_sink comp="2021" pin=0"/></net>

<net id="2025"><net_src comp="2021" pin="1"/><net_sink comp="797" pin=2"/></net>

<net id="2029"><net_src comp="172" pin="2"/><net_sink comp="2026" pin=0"/></net>

<net id="2030"><net_src comp="2026" pin="1"/><net_sink comp="807" pin=2"/></net>

<net id="2034"><net_src comp="172" pin="2"/><net_sink comp="2031" pin=0"/></net>

<net id="2035"><net_src comp="2031" pin="1"/><net_sink comp="817" pin=2"/></net>

<net id="2039"><net_src comp="1450" pin="2"/><net_sink comp="2036" pin=0"/></net>

<net id="2040"><net_src comp="2036" pin="1"/><net_sink comp="517" pin=0"/></net>

<net id="2044"><net_src comp="172" pin="2"/><net_sink comp="2041" pin=0"/></net>

<net id="2045"><net_src comp="2041" pin="1"/><net_sink comp="827" pin=2"/></net>

<net id="2049"><net_src comp="172" pin="2"/><net_sink comp="2046" pin=0"/></net>

<net id="2050"><net_src comp="2046" pin="1"/><net_sink comp="837" pin=2"/></net>

</net_list>

</model> 
---------------- Datapath Model END ------------------

* FSMD analyzer results:
  - Output states:
	Port: fifo_C_drain_C_drain_IO_L1_out_0_10_x1119 | {12 13 14 15 16 17 18 19 20 21 22 23 24 25 26 27 28 29 30 31 32 33 34 35 36 37 38 39 40 41 42 43 }
 - Input state : 
	Port: C_drain_IO_L1_out_1_x1 : fifo_C_drain_C_drain_IO_L1_out_0_11_x1120 | {11 12 13 14 15 16 17 18 19 20 21 22 23 24 25 26 27 28 29 30 31 32 33 34 35 36 37 38 39 40 41 42 }
	Port: C_drain_IO_L1_out_1_x1 : fifo_C_drain_PE_10_0_x193 | {5 }
  - Chain level:
	State 1
		specmemcore_ln10334 : 1
		buf_data_split_V_addr : 1
		buf_data_split_V_addr_102 : 1
	State 2
		add_ln890 : 1
		icmp_ln890 : 1
		br_ln890 : 2
		add_ln691 : 1
		icmp_ln890224 : 1
		select_ln890 : 2
		select_ln890_393 : 2
		conv_i113_mid2_v : 3
		trunc_ln890 : 3
	State 3
		zext_ln10348 : 1
		local_C_V_addr : 2
		buf_data_V : 3
	State 4
		trunc_ln674 : 1
		store_ln10350 : 2
		p_Result_1 : 1
		store_ln10350 : 2
	State 5
		buf_data_split_V_addr_103 : 1
		store_ln10360 : 2
	State 6
	State 7
		p_Result_s : 1
		store_ln10362 : 2
	State 8
	State 9
		add_ln890_157 : 1
		icmp_ln890_376 : 1
		br_ln890 : 2
		add_ln691_474 : 1
		icmp_ln890_377 : 1
		select_ln10365 : 2
		cmp_i_i_mid1 : 2
		cmp_i_i225 : 1
		select_ln10365_1 : 3
		select_ln890_394 : 2
		br_ln10372 : 4
		br_ln10372 : 4
		br_ln10372 : 4
		br_ln10372 : 4
		br_ln10372 : 4
		br_ln10372 : 4
		br_ln10372 : 4
		br_ln10372 : 4
		br_ln10372 : 4
		br_ln10372 : 4
		br_ln10372 : 4
		br_ln10372 : 4
		br_ln10372 : 4
		br_ln10372 : 4
		br_ln10372 : 4
		br_ln10372 : 4
		br_ln10372 : 4
		br_ln10372 : 4
		br_ln10372 : 4
		br_ln10372 : 4
		br_ln10372 : 4
		br_ln10372 : 4
		br_ln10372 : 4
		br_ln10372 : 4
		br_ln10372 : 4
		br_ln10372 : 4
		br_ln10372 : 4
		br_ln10372 : 4
		br_ln10372 : 4
		br_ln10372 : 4
		br_ln10372 : 4
		br_ln10372 : 4
	State 10
		zext_ln10373 : 1
		local_C_V_addr_898 : 2
		or_ln10373 : 1
		tmp_869 : 1
		local_C_V_addr_899 : 2
		local_C_V_load : 3
		local_C_V_load_1 : 3
	State 11
		local_C_V_addr_900 : 1
		local_C_V_addr_901 : 1
		local_C_V_load_2 : 2
		local_C_V_load_3 : 2
	State 12
		local_C_V_addr_902 : 1
		local_C_V_addr_903 : 1
		write_ln174 : 1
		local_C_V_load_4 : 2
		local_C_V_load_5 : 2
	State 13
		local_C_V_addr_904 : 1
		local_C_V_addr_905 : 1
		write_ln174 : 1
		local_C_V_load_6 : 2
		local_C_V_load_7 : 2
	State 14
		local_C_V_addr_906 : 1
		local_C_V_addr_907 : 1
		write_ln174 : 1
		local_C_V_load_8 : 2
		local_C_V_load_9 : 2
	State 15
		local_C_V_addr_908 : 1
		local_C_V_addr_909 : 1
		write_ln174 : 1
		local_C_V_load_10 : 2
		local_C_V_load_11 : 2
	State 16
		local_C_V_addr_910 : 1
		local_C_V_addr_911 : 1
		write_ln174 : 1
		local_C_V_load_12 : 2
		local_C_V_load_13 : 2
	State 17
		local_C_V_addr_912 : 1
		local_C_V_addr_913 : 1
		write_ln174 : 1
		local_C_V_load_14 : 2
		local_C_V_load_15 : 2
	State 18
		local_C_V_addr_914 : 1
		local_C_V_addr_915 : 1
		write_ln174 : 1
		local_C_V_load_16 : 2
		local_C_V_load_17 : 2
	State 19
		local_C_V_addr_916 : 1
		local_C_V_addr_917 : 1
		write_ln174 : 1
		local_C_V_load_18 : 2
		local_C_V_load_19 : 2
	State 20
		local_C_V_addr_918 : 1
		local_C_V_addr_919 : 1
		write_ln174 : 1
		local_C_V_load_20 : 2
		local_C_V_load_21 : 2
	State 21
		local_C_V_addr_920 : 1
		local_C_V_addr_921 : 1
		write_ln174 : 1
		local_C_V_load_22 : 2
		local_C_V_load_23 : 2
	State 22
		local_C_V_addr_922 : 1
		local_C_V_addr_923 : 1
		write_ln174 : 1
		local_C_V_load_24 : 2
		local_C_V_load_25 : 2
	State 23
		local_C_V_addr_924 : 1
		local_C_V_addr_925 : 1
		write_ln174 : 1
		local_C_V_load_26 : 2
		local_C_V_load_27 : 2
	State 24
		local_C_V_addr_926 : 1
		local_C_V_addr_927 : 1
		write_ln174 : 1
		local_C_V_load_28 : 2
		local_C_V_load_29 : 2
	State 25
		local_C_V_addr_928 : 1
		local_C_V_addr_929 : 1
		write_ln174 : 1
		local_C_V_load_30 : 2
		local_C_V_load_31 : 2
	State 26
		write_ln174 : 1
	State 27
		write_ln174 : 1
	State 28
		write_ln174 : 1
	State 29
		write_ln174 : 1
	State 30
		write_ln174 : 1
	State 31
		write_ln174 : 1
	State 32
		write_ln174 : 1
	State 33
		write_ln174 : 1
	State 34
		write_ln174 : 1
	State 35
		write_ln174 : 1
	State 36
		write_ln174 : 1
	State 37
		write_ln174 : 1
	State 38
		write_ln174 : 1
	State 39
		write_ln174 : 1
	State 40
		write_ln174 : 1
	State 41
		write_ln174 : 1
	State 42
		write_ln174 : 1
	State 43
		write_ln174 : 1
	State 44


============================================================
+ Verbose Summary: Datapath Resource usage 
============================================================

* Functional unit list:
|----------|-------------------------|---------|---------|
| Operation|     Functional Unit     |    FF   |   LUT   |
|----------|-------------------------|---------|---------|
|          |     add_ln890_fu_844    |    0    |    18   |
|          |     add_ln691_fu_856    |    0    |    14   |
|    add   |   add_ln691_473_fu_909  |    0    |    12   |
|          |   add_ln890_157_fu_943  |    0    |    13   |
|          |   add_ln691_474_fu_955  |    0    |    12   |
|          |  add_ln691_475_fu_1450  |    0    |    12   |
|----------|-------------------------|---------|---------|
|          |    icmp_ln890_fu_850    |    0    |    11   |
|          |   icmp_ln890224_fu_862  |    0    |    9    |
|   icmp   |  icmp_ln890_376_fu_949  |    0    |    10   |
|          |  icmp_ln890_377_fu_961  |    0    |    9    |
|          |   cmp_i_i_mid1_fu_975   |    0    |    9    |
|          |    cmp_i_i225_fu_981    |    0    |    9    |
|----------|-------------------------|---------|---------|
|          |   select_ln890_fu_868   |    0    |    5    |
|          | select_ln890_393_fu_876 |    0    |    7    |
|  select  |  select_ln10365_fu_967  |    0    |    5    |
|          | select_ln10365_1_fu_987 |    0    |    2    |
|          | select_ln890_394_fu_995 |    0    |    4    |
|----------|-------------------------|---------|---------|
|   read   |   tmp_900_read_fu_166   |    0    |    0    |
|          |     grp_read_fu_172     |    0    |    0    |
|----------|-------------------------|---------|---------|
|   write  |     grp_write_fu_178    |    0    |    0    |
|----------|-------------------------|---------|---------|
|partselect| conv_i113_mid2_v_fu_884 |    0    |    0    |
|          |    p_Result_1_fu_919    |    0    |    0    |
|----------|-------------------------|---------|---------|
|   trunc  |    trunc_ln890_fu_894   |    0    |    0    |
|          |    trunc_ln674_fu_914   |    0    |    0    |
|----------|-------------------------|---------|---------|
|          |       tmp_s_fu_898      |    0    |    0    |
|          |    p_Result_s_fu_934    |    0    |    0    |
|          |       tmp_fu_1003       |    0    |    0    |
|          |     tmp_869_fu_1021     |    0    |    0    |
|          |     tmp_870_fu_1035     |    0    |    0    |
|          |     tmp_871_fu_1049     |    0    |    0    |
|          |     tmp_872_fu_1063     |    0    |    0    |
|          |     tmp_873_fu_1077     |    0    |    0    |
|          |     tmp_874_fu_1091     |    0    |    0    |
|          |     tmp_875_fu_1105     |    0    |    0    |
|          |     tmp_876_fu_1119     |    0    |    0    |
|          |     tmp_877_fu_1133     |    0    |    0    |
|          |     tmp_878_fu_1147     |    0    |    0    |
|          |     tmp_879_fu_1161     |    0    |    0    |
|          |     tmp_880_fu_1175     |    0    |    0    |
|          |     tmp_881_fu_1189     |    0    |    0    |
|bitconcatenate|     tmp_882_fu_1203     |    0    |    0    |
|          |     tmp_883_fu_1217     |    0    |    0    |
|          |     tmp_884_fu_1231     |    0    |    0    |
|          |     tmp_885_fu_1245     |    0    |    0    |
|          |     tmp_886_fu_1259     |    0    |    0    |
|          |     tmp_887_fu_1273     |    0    |    0    |
|          |     tmp_888_fu_1287     |    0    |    0    |
|          |     tmp_889_fu_1301     |    0    |    0    |
|          |     tmp_890_fu_1315     |    0    |    0    |
|          |     tmp_891_fu_1329     |    0    |    0    |
|          |     tmp_892_fu_1343     |    0    |    0    |
|          |     tmp_893_fu_1357     |    0    |    0    |
|          |     tmp_894_fu_1371     |    0    |    0    |
|          |     tmp_895_fu_1385     |    0    |    0    |
|          |     tmp_896_fu_1399     |    0    |    0    |
|          |     tmp_897_fu_1413     |    0    |    0    |
|          |     tmp_898_fu_1427     |    0    |    0    |
|          |     tmp_899_fu_1441     |    0    |    0    |
|----------|-------------------------|---------|---------|
|          |   zext_ln10348_fu_904   |    0    |    0    |
|   zext   |    zext_ln890_fu_930    |    0    |    0    |
|          |   zext_ln10373_fu_1010  |    0    |    0    |
|----------|-------------------------|---------|---------|
|          |    or_ln10373_fu_1015   |    0    |    0    |
|          |   or_ln10373_1_fu_1030  |    0    |    0    |
|          |   or_ln10373_2_fu_1044  |    0    |    0    |
|          |   or_ln10373_3_fu_1058  |    0    |    0    |
|          |   or_ln10373_4_fu_1072  |    0    |    0    |
|          |   or_ln10373_5_fu_1086  |    0    |    0    |
|          |   or_ln10373_6_fu_1100  |    0    |    0    |
|          |   or_ln10373_7_fu_1114  |    0    |    0    |
|          |   or_ln10373_8_fu_1128  |    0    |    0    |
|          |   or_ln10373_9_fu_1142  |    0    |    0    |
|          |  or_ln10373_10_fu_1156  |    0    |    0    |
|          |  or_ln10373_11_fu_1170  |    0    |    0    |
|          |  or_ln10373_12_fu_1184  |    0    |    0    |
|          |  or_ln10373_13_fu_1198  |    0    |    0    |
|          |  or_ln10373_14_fu_1212  |    0    |    0    |
|    or    |  or_ln10373_15_fu_1226  |    0    |    0    |
|          |  or_ln10373_16_fu_1240  |    0    |    0    |
|          |  or_ln10373_17_fu_1254  |    0    |    0    |
|          |  or_ln10373_18_fu_1268  |    0    |    0    |
|          |  or_ln10373_19_fu_1282  |    0    |    0    |
|          |  or_ln10373_20_fu_1296  |    0    |    0    |
|          |  or_ln10373_21_fu_1310  |    0    |    0    |
|          |  or_ln10373_22_fu_1324  |    0    |    0    |
|          |  or_ln10373_23_fu_1338  |    0    |    0    |
|          |  or_ln10373_24_fu_1352  |    0    |    0    |
|          |  or_ln10373_25_fu_1366  |    0    |    0    |
|          |  or_ln10373_26_fu_1380  |    0    |    0    |
|          |  or_ln10373_27_fu_1394  |    0    |    0    |
|          |  or_ln10373_28_fu_1408  |    0    |    0    |
|          |  or_ln10373_29_fu_1422  |    0    |    0    |
|          |  or_ln10373_30_fu_1436  |    0    |    0    |
|----------|-------------------------|---------|---------|
|   Total  |                         |    0    |   161   |
|----------|-------------------------|---------|---------|

Memories:
+----------------+--------+--------+--------+--------+
|                |  BRAM  |   FF   |   LUT  |  URAM  |
+----------------+--------+--------+--------+--------+
|buf_data_split_V|    0   |   32   |   33   |    -   |
|    local_C_V   |    -   |    0   |    0   |    1   |
+----------------+--------+--------+--------+--------+
|      Total     |    0   |   32   |   33   |    1   |
+----------------+--------+--------+--------+--------+

* Register list:
+----------------------------------------------------------+--------+
|                                                          |   FF   |
+----------------------------------------------------------+--------+
|                  add_ln691_473_reg_1503                  |    5   |
|                  add_ln691_475_reg_2036                  |    5   |
|                  add_ln890_157_reg_1508                  |    6   |
|                    add_ln890_reg_1467                    |   11   |
|            buf_data_split_V_addr_102_reg_1461            |    1   |
|              buf_data_split_V_addr_reg_1455              |    1   |
|                       c4_V_reg_502                       |    4   |
|                       c5_V_reg_513                       |    5   |
|                       c6_V_reg_469                       |    7   |
|                       c7_V_reg_480                       |    5   |
|                 conv_i113_mid2_v_reg_1487                |    5   |
|fifo_C_drain_C_drain_IO_L1_out_0_11_x1120_read_10_reg_1836|   64   |
|fifo_C_drain_C_drain_IO_L1_out_0_11_x1120_read_11_reg_1861|   64   |
|fifo_C_drain_C_drain_IO_L1_out_0_11_x1120_read_12_reg_1886|   64   |
|fifo_C_drain_C_drain_IO_L1_out_0_11_x1120_read_13_reg_1911|   64   |
|fifo_C_drain_C_drain_IO_L1_out_0_11_x1120_read_14_reg_1936|   64   |
|fifo_C_drain_C_drain_IO_L1_out_0_11_x1120_read_15_reg_1951|   64   |
|fifo_C_drain_C_drain_IO_L1_out_0_11_x1120_read_16_reg_1966|   64   |
|fifo_C_drain_C_drain_IO_L1_out_0_11_x1120_read_17_reg_1971|   64   |
|fifo_C_drain_C_drain_IO_L1_out_0_11_x1120_read_18_reg_1976|   64   |
|fifo_C_drain_C_drain_IO_L1_out_0_11_x1120_read_19_reg_1981|   64   |
| fifo_C_drain_C_drain_IO_L1_out_0_11_x1120_read_1_reg_1611|   64   |
|fifo_C_drain_C_drain_IO_L1_out_0_11_x1120_read_20_reg_1986|   64   |
|fifo_C_drain_C_drain_IO_L1_out_0_11_x1120_read_21_reg_1991|   64   |
|fifo_C_drain_C_drain_IO_L1_out_0_11_x1120_read_22_reg_1996|   64   |
|fifo_C_drain_C_drain_IO_L1_out_0_11_x1120_read_23_reg_2001|   64   |
|fifo_C_drain_C_drain_IO_L1_out_0_11_x1120_read_24_reg_2006|   64   |
|fifo_C_drain_C_drain_IO_L1_out_0_11_x1120_read_25_reg_2011|   64   |
|fifo_C_drain_C_drain_IO_L1_out_0_11_x1120_read_26_reg_2016|   64   |
|fifo_C_drain_C_drain_IO_L1_out_0_11_x1120_read_27_reg_2021|   64   |
|fifo_C_drain_C_drain_IO_L1_out_0_11_x1120_read_28_reg_2026|   64   |
|fifo_C_drain_C_drain_IO_L1_out_0_11_x1120_read_29_reg_2031|   64   |
| fifo_C_drain_C_drain_IO_L1_out_0_11_x1120_read_2_reg_1636|   64   |
|fifo_C_drain_C_drain_IO_L1_out_0_11_x1120_read_30_reg_2041|   64   |
|fifo_C_drain_C_drain_IO_L1_out_0_11_x1120_read_31_reg_2046|   64   |
| fifo_C_drain_C_drain_IO_L1_out_0_11_x1120_read_3_reg_1661|   64   |
| fifo_C_drain_C_drain_IO_L1_out_0_11_x1120_read_4_reg_1686|   64   |
| fifo_C_drain_C_drain_IO_L1_out_0_11_x1120_read_5_reg_1711|   64   |
| fifo_C_drain_C_drain_IO_L1_out_0_11_x1120_read_6_reg_1736|   64   |
| fifo_C_drain_C_drain_IO_L1_out_0_11_x1120_read_7_reg_1761|   64   |
| fifo_C_drain_C_drain_IO_L1_out_0_11_x1120_read_8_reg_1786|   64   |
| fifo_C_drain_C_drain_IO_L1_out_0_11_x1120_read_9_reg_1811|   64   |
|  fifo_C_drain_C_drain_IO_L1_out_0_11_x1120_read_reg_1586 |   64   |
|                  fifo_data_44_0_reg_524                  |   64   |
|                  fifo_data_44_10_reg_624                 |   64   |
|                  fifo_data_44_11_reg_634                 |   64   |
|                  fifo_data_44_12_reg_644                 |   64   |
|                  fifo_data_44_13_reg_654                 |   64   |
|                  fifo_data_44_14_reg_664                 |   64   |
|                  fifo_data_44_15_reg_674                 |   64   |
|                  fifo_data_44_16_reg_684                 |   64   |
|                  fifo_data_44_17_reg_694                 |   64   |
|                  fifo_data_44_18_reg_704                 |   64   |
|                  fifo_data_44_19_reg_714                 |   64   |
|                  fifo_data_44_1_reg_534                  |   64   |
|                  fifo_data_44_20_reg_724                 |   64   |
|                  fifo_data_44_21_reg_734                 |   64   |
|                  fifo_data_44_22_reg_744                 |   64   |
|                  fifo_data_44_23_reg_754                 |   64   |
|                  fifo_data_44_24_reg_764                 |   64   |
|                  fifo_data_44_25_reg_774                 |   64   |
|                  fifo_data_44_26_reg_784                 |   64   |
|                  fifo_data_44_27_reg_794                 |   64   |
|                  fifo_data_44_28_reg_804                 |   64   |
|                  fifo_data_44_29_reg_814                 |   64   |
|                  fifo_data_44_2_reg_544                  |   64   |
|                  fifo_data_44_30_reg_824                 |   64   |
|                  fifo_data_44_31_reg_834                 |   64   |
|                  fifo_data_44_3_reg_554                  |   64   |
|                  fifo_data_44_4_reg_564                  |   64   |
|                  fifo_data_44_5_reg_574                  |   64   |
|                  fifo_data_44_6_reg_584                  |   64   |
|                  fifo_data_44_7_reg_594                  |   64   |
|                  fifo_data_44_8_reg_604                  |   64   |
|                  fifo_data_44_9_reg_614                  |   64   |
|                  icmp_ln890_376_reg_1513                 |    1   |
|                    icmp_ln890_reg_1472                   |    1   |
|                  indvar_flatten8_reg_491                 |    6   |
|                  indvar_flatten_reg_458                  |   11   |
|                local_C_V_addr_898_reg_1566               |    9   |
|                local_C_V_addr_899_reg_1571               |    9   |
|                local_C_V_addr_900_reg_1576               |    9   |
|                local_C_V_addr_901_reg_1581               |    9   |
|                local_C_V_addr_902_reg_1601               |    9   |
|                local_C_V_addr_903_reg_1606               |    9   |
|                local_C_V_addr_904_reg_1626               |    9   |
|                local_C_V_addr_905_reg_1631               |    9   |
|                local_C_V_addr_906_reg_1651               |    9   |
|                local_C_V_addr_907_reg_1656               |    9   |
|                local_C_V_addr_908_reg_1676               |    9   |
|                local_C_V_addr_909_reg_1681               |    9   |
|                local_C_V_addr_910_reg_1701               |    9   |
|                local_C_V_addr_911_reg_1706               |    9   |
|                local_C_V_addr_912_reg_1726               |    9   |
|                local_C_V_addr_913_reg_1731               |    9   |
|                local_C_V_addr_914_reg_1751               |    9   |
|                local_C_V_addr_915_reg_1756               |    9   |
|                local_C_V_addr_916_reg_1776               |    9   |
|                local_C_V_addr_917_reg_1781               |    9   |
|                local_C_V_addr_918_reg_1801               |    9   |
|                local_C_V_addr_919_reg_1806               |    9   |
|                local_C_V_addr_920_reg_1826               |    9   |
|                local_C_V_addr_921_reg_1831               |    9   |
|                local_C_V_addr_922_reg_1851               |    9   |
|                local_C_V_addr_923_reg_1856               |    9   |
|                local_C_V_addr_924_reg_1876               |    9   |
|                local_C_V_addr_925_reg_1881               |    9   |
|                local_C_V_addr_926_reg_1901               |    9   |
|                local_C_V_addr_927_reg_1906               |    9   |
|                local_C_V_addr_928_reg_1926               |    9   |
|                local_C_V_addr_929_reg_1931               |    9   |
|                  local_C_V_addr_reg_1497                 |    9   |
|                local_C_V_load_10_reg_1716                |   64   |
|                local_C_V_load_11_reg_1721                |   64   |
|                local_C_V_load_12_reg_1741                |   64   |
|                local_C_V_load_13_reg_1746                |   64   |
|                local_C_V_load_14_reg_1766                |   64   |
|                local_C_V_load_15_reg_1771                |   64   |
|                local_C_V_load_16_reg_1791                |   64   |
|                local_C_V_load_17_reg_1796                |   64   |
|                local_C_V_load_18_reg_1816                |   64   |
|                local_C_V_load_19_reg_1821                |   64   |
|                 local_C_V_load_1_reg_1596                |   64   |
|                local_C_V_load_20_reg_1841                |   64   |
|                local_C_V_load_21_reg_1846                |   64   |
|                local_C_V_load_22_reg_1866                |   64   |
|                local_C_V_load_23_reg_1871                |   64   |
|                local_C_V_load_24_reg_1891                |   64   |
|                local_C_V_load_25_reg_1896                |   64   |
|                local_C_V_load_26_reg_1916                |   64   |
|                local_C_V_load_27_reg_1921                |   64   |
|                local_C_V_load_28_reg_1941                |   64   |
|                local_C_V_load_29_reg_1946                |   64   |
|                 local_C_V_load_2_reg_1616                |   64   |
|                local_C_V_load_30_reg_1956                |   64   |
|                local_C_V_load_31_reg_1961                |   64   |
|                 local_C_V_load_3_reg_1621                |   64   |
|                 local_C_V_load_4_reg_1641                |   64   |
|                 local_C_V_load_5_reg_1646                |   64   |
|                 local_C_V_load_6_reg_1666                |   64   |
|                 local_C_V_load_7_reg_1671                |   64   |
|                 local_C_V_load_8_reg_1691                |   64   |
|                 local_C_V_load_9_reg_1696                |   64   |
|                  local_C_V_load_reg_1591                 |   64   |
|                 select_ln10365_1_reg_1523                |    1   |
|                  select_ln10365_reg_1517                 |    5   |
|                 select_ln890_393_reg_1482                |    7   |
|                 select_ln890_394_reg_1527                |    4   |
|                   select_ln890_reg_1476                  |    5   |
|                       tmp_reg_1532                       |   10   |
|                   trunc_ln890_reg_1492                   |    1   |
+----------------------------------------------------------+--------+
|                           Total                          |  6548  |
+----------------------------------------------------------+--------+

* Multiplexer (MUX) list: 
|-------------------|------|------|------|--------||---------||---------|
|        Comp       |  Pin | Size |  BW  | S x BW ||  Delay  ||   LUT   |
|-------------------|------|------|------|--------||---------||---------|
|  grp_write_fu_178 |  p2  |  32  |  64  |  2048  ||   148   |
| grp_access_fu_207 |  p0  |  34  |   9  |   306  ||   155   |
| grp_access_fu_207 |  p2  |  33  |   0  |    0   ||   152   |
| grp_access_fu_213 |  p0  |   3  |   1  |    3   ||    14   |
| grp_access_fu_213 |  p1  |   2  |  32  |   64   ||    9    |
| grp_access_fu_213 |  p2  |   2  |   0  |    0   ||    9    |
|-------------------|------|------|------|--------||---------||---------|
|       Total       |      |      |      |  2421  || 3.19052 ||   487   |
|-------------------|------|------|------|--------||---------||---------|



* Summary:
+-----------+--------+--------+--------+--------+--------+
|           |  BRAM  |  Delay |   FF   |   LUT  |  URAM  |
+-----------+--------+--------+--------+--------+--------+
|  Function |    -   |    -   |    0   |   161  |    -   |
|   Memory  |    0   |    -   |   32   |   33   |    1   |
|Multiplexer|    -   |    3   |    -   |   487  |    -   |
|  Register |    -   |    -   |  6548  |    -   |    -   |
+-----------+--------+--------+--------+--------+--------+
|   Total   |    0   |    3   |  6580  |   681  |    1   |
+-----------+--------+--------+--------+--------+--------+
