

================================================================
== Synthesis Summary Report of 'top'
================================================================
+ General Information: 
    * Date:           Sun Sep 18 09:18:56 2022
    * Version:        2020.2 (Build 3064766 on Wed Nov 18 09:12:47 MST 2020)
    * Project:        top
    * Solution:       solution (Vitis Kernel Flow Target)
    * Product family: virtexuplus
    * Target device:  xcu250-figd2104-2L-e
    

+ Performance & Resource Estimates: 
    
    PS: '+' for module; 'o' for loop; '*' for dataflow
    +----------------------------------------------------------------------------------------------------------------------+--------+-------+-----------+-----------+----------+-----------+--------+----------+----------+----------+--------------+--------------+-----+
    |                                                        Modules                                                       |  Issue |       |  Latency  |  Latency  | Iteration|           |  Trip  |          |          |          |              |              |     |
    |                                                        & Loops                                                       |  Type  | Slack |  (cycles) |    (ns)   |  Latency |  Interval |  Count | Pipelined|   BRAM   |    DSP   |      FF      |      LUT     | URAM|
    +----------------------------------------------------------------------------------------------------------------------+--------+-------+-----------+-----------+----------+-----------+--------+----------+----------+----------+--------------+--------------+-----+
    |+ top                                                                                                                 |  Timing|   0.00|  131307045|  4.376e+08|         -|  131307046|       -|        no|  234 (4%)|  208 (1%)|  386341 (11%)|  226814 (13%)|    -|
    | + grp_kernel0_x0_fu_90*                                                                                              |  Timing|   0.00|  129123159|  4.304e+08|         -|  129122850|       -|  dataflow|  144 (2%)|  64 (~0%)|  376606 (10%)|  217052 (12%)|    -|
    |  + grp_PE_wrapper_0_0_x0_fu_2218                                                                                     |       -|  -0.53|  129122849|  4.304e+08|         -|  129122849|       -|        no|         -|   1 (~0%)|    2164 (~0%)|     951 (~0%)|    -|
    |   o PE_wrapper_0_0_x0_loop_1                                                                                         |       -|  -2.43|  129122848|  4.304e+08|   8070178|          -|      16|        no|         -|         -|             -|             -|    -|
    |    o PE_wrapper_0_0_x0_loop_2                                                                                        |       -|  -2.43|    8070176|  2.690e+07|    504386|          -|      16|        no|         -|         -|             -|             -|    -|
    |     o PE_wrapper_0_0_x0_loop_3                                                                                       |       -|  -2.43|     504384|  1.681e+06|     15762|          -|      32|        no|         -|         -|             -|             -|    -|
    |      o PE_wrapper_0_0_x0_loop_4                                                                                      |       -|  -2.43|      15760|  5.253e+04|      1970|          -|       8|        no|         -|         -|             -|             -|    -|
    |       o PE_wrapper_0_0_x0_loop_5                                                                                     |       -|  -2.43|       1968|  6.559e+03|       246|          -|       8|        no|         -|         -|             -|             -|    -|
    |        o PE_wrapper_0_0_x0_loop_6                                                                                    |       -|  -2.43|         32|    106.656|         1|          -|      32|        no|         -|         -|             -|             -|    -|
    |        o PE_wrapper_0_0_x0_loop_7                                                                                    |       -|  -2.43|         32|    106.656|         1|          -|      32|        no|         -|         -|             -|             -|    -|
    |        o PE_wrapper_0_0_x0_loop_8                                                                                    |       -|  -2.43|        160|    533.280|         5|          -|      32|        no|         -|         -|             -|             -|    -|
    |  + grp_PE_wrapper_0_1_x0_fu_2227                                                                                     |       -|  -0.53|  129122849|  4.304e+08|         -|  129122849|       -|        no|         -|   1 (~0%)|    2164 (~0%)|     951 (~0%)|    -|
    |   o PE_wrapper_0_1_x0_loop_1                                                                                         |       -|  -2.43|  129122848|  4.304e+08|   8070178|          -|      16|        no|         -|         -|             -|             -|    -|
    |    o PE_wrapper_0_1_x0_loop_2                                                                                        |       -|  -2.43|    8070176|  2.690e+07|    504386|          -|      16|        no|         -|         -|             -|             -|    -|
    |     o PE_wrapper_0_1_x0_loop_3                                                                                       |       -|  -2.43|     504384|  1.681e+06|     15762|          -|      32|        no|         -|         -|             -|             -|    -|
    |      o PE_wrapper_0_1_x0_loop_4                                                                                      |       -|  -2.43|      15760|  5.253e+04|      1970|          -|       8|        no|         -|         -|             -|             -|    -|
    |       o PE_wrapper_0_1_x0_loop_5                                                                                     |       -|  -2.43|       1968|  6.559e+03|       246|          -|       8|        no|         -|         -|             -|             -|    -|
    |        o PE_wrapper_0_1_x0_loop_6                                                                                    |       -|  -2.43|         32|    106.656|         1|          -|      32|        no|         -|         -|             -|             -|    -|
    |        o PE_wrapper_0_1_x0_loop_7                                                                                    |       -|  -2.43|         32|    106.656|         1|          -|      32|        no|         -|         -|             -|             -|    -|
    |        o PE_wrapper_0_1_x0_loop_8                                                                                    |       -|  -2.43|        160|    533.280|         5|          -|      32|        no|         -|         -|             -|             -|    -|
    |  + grp_PE_wrapper_1_0_x0_fu_2236                                                                                     |       -|  -0.53|  129122849|  4.304e+08|         -|  129122849|       -|        no|         -|   1 (~0%)|    2164 (~0%)|     951 (~0%)|    -|
    |   o PE_wrapper_1_0_x0_loop_1                                                                                         |       -|  -2.43|  129122848|  4.304e+08|   8070178|          -|      16|        no|         -|         -|             -|             -|    -|
    |    o PE_wrapper_1_0_x0_loop_2                                                                                        |       -|  -2.43|    8070176|  2.690e+07|    504386|          -|      16|        no|         -|         -|             -|             -|    -|
    |     o PE_wrapper_1_0_x0_loop_3                                                                                       |       -|  -2.43|     504384|  1.681e+06|     15762|          -|      32|        no|         -|         -|             -|             -|    -|
    |      o PE_wrapper_1_0_x0_loop_4                                                                                      |       -|  -2.43|      15760|  5.253e+04|      1970|          -|       8|        no|         -|         -|             -|             -|    -|
    |       o PE_wrapper_1_0_x0_loop_5                                                                                     |       -|  -2.43|       1968|  6.559e+03|       246|          -|       8|        no|         -|         -|             -|             -|    -|
    |        o PE_wrapper_1_0_x0_loop_6                                                                                    |       -|  -2.43|         32|    106.656|         1|          -|      32|        no|         -|         -|             -|             -|    -|
    |        o PE_wrapper_1_0_x0_loop_7                                                                                    |       -|  -2.43|         32|    106.656|         1|          -|      32|        no|         -|         -|             -|             -|    -|
    |        o PE_wrapper_1_0_x0_loop_8                                                                                    |       -|  -2.43|        160|    533.280|         5|          -|      32|        no|         -|         -|             -|             -|    -|
    |  + grp_PE_wrapper_0_2_x0_fu_2245                                                                                     |       -|  -0.53|  129122849|  4.304e+08|         -|  129122849|       -|        no|         -|   1 (~0%)|    2164 (~0%)|     951 (~0%)|    -|
    |   o PE_wrapper_0_2_x0_loop_1                                                                                         |       -|  -2.43|  129122848|  4.304e+08|   8070178|          -|      16|        no|         -|         -|             -|             -|    -|
    |    o PE_wrapper_0_2_x0_loop_2                                                                                        |       -|  -2.43|    8070176|  2.690e+07|    504386|          -|      16|        no|         -|         -|             -|             -|    -|
    |     o PE_wrapper_0_2_x0_loop_3                                                                                       |       -|  -2.43|     504384|  1.681e+06|     15762|          -|      32|        no|         -|         -|             -|             -|    -|
    |      o PE_wrapper_0_2_x0_loop_4                                                                                      |       -|  -2.43|      15760|  5.253e+04|      1970|          -|       8|        no|         -|         -|             -|             -|    -|
    |       o PE_wrapper_0_2_x0_loop_5                                                                                     |       -|  -2.43|       1968|  6.559e+03|       246|          -|       8|        no|         -|         -|             -|             -|    -|
    |        o PE_wrapper_0_2_x0_loop_6                                                                                    |       -|  -2.43|         32|    106.656|         1|          -|      32|        no|         -|         -|             -|             -|    -|
    |        o PE_wrapper_0_2_x0_loop_7                                                                                    |       -|  -2.43|         32|    106.656|         1|          -|      32|        no|         -|         -|             -|             -|    -|
    |        o PE_wrapper_0_2_x0_loop_8                                                                                    |       -|  -2.43|        160|    533.280|         5|          -|      32|        no|         -|         -|             -|             -|    -|
    |  + grp_PE_wrapper_1_1_x0_fu_2254                                                                                     |       -|  -0.53|  129122849|  4.304e+08|         -|  129122849|       -|        no|         -|   1 (~0%)|    2164 (~0%)|     951 (~0%)|    -|
    |   o PE_wrapper_1_1_x0_loop_1                                                                                         |       -|  -2.43|  129122848|  4.304e+08|   8070178|          -|      16|        no|         -|         -|             -|             -|    -|
    |    o PE_wrapper_1_1_x0_loop_2                                                                                        |       -|  -2.43|    8070176|  2.690e+07|    504386|          -|      16|        no|         -|         -|             -|             -|    -|
    |     o PE_wrapper_1_1_x0_loop_3                                                                                       |       -|  -2.43|     504384|  1.681e+06|     15762|          -|      32|        no|         -|         -|             -|             -|    -|
    |      o PE_wrapper_1_1_x0_loop_4                                                                                      |       -|  -2.43|      15760|  5.253e+04|      1970|          -|       8|        no|         -|         -|             -|             -|    -|
    |       o PE_wrapper_1_1_x0_loop_5                                                                                     |       -|  -2.43|       1968|  6.559e+03|       246|          -|       8|        no|         -|         -|             -|             -|    -|
    |        o PE_wrapper_1_1_x0_loop_6                                                                                    |       -|  -2.43|         32|    106.656|         1|          -|      32|        no|         -|         -|             -|             -|    -|
    |        o PE_wrapper_1_1_x0_loop_7                                                                                    |       -|  -2.43|         32|    106.656|         1|          -|      32|        no|         -|         -|             -|             -|    -|
    |        o PE_wrapper_1_1_x0_loop_8                                                                                    |       -|  -2.43|        160|    533.280|         5|          -|      32|        no|         -|         -|             -|             -|    -|
    |  + grp_PE_wrapper_2_0_x0_fu_2263                                                                                     |       -|  -0.53|  129122849|  4.304e+08|         -|  129122849|       -|        no|         -|   1 (~0%)|    2164 (~0%)|     951 (~0%)|    -|
    |   o PE_wrapper_2_0_x0_loop_1                                                                                         |       -|  -2.43|  129122848|  4.304e+08|   8070178|          -|      16|        no|         -|         -|             -|             -|    -|
    |    o PE_wrapper_2_0_x0_loop_2                                                                                        |       -|  -2.43|    8070176|  2.690e+07|    504386|          -|      16|        no|         -|         -|             -|             -|    -|
    |     o PE_wrapper_2_0_x0_loop_3                                                                                       |       -|  -2.43|     504384|  1.681e+06|     15762|          -|      32|        no|         -|         -|             -|             -|    -|
    |      o PE_wrapper_2_0_x0_loop_4                                                                                      |       -|  -2.43|      15760|  5.253e+04|      1970|          -|       8|        no|         -|         -|             -|             -|    -|
    |       o PE_wrapper_2_0_x0_loop_5                                                                                     |       -|  -2.43|       1968|  6.559e+03|       246|          -|       8|        no|         -|         -|             -|             -|    -|
    |        o PE_wrapper_2_0_x0_loop_6                                                                                    |       -|  -2.43|         32|    106.656|         1|          -|      32|        no|         -|         -|             -|             -|    -|
    |        o PE_wrapper_2_0_x0_loop_7                                                                                    |       -|  -2.43|         32|    106.656|         1|          -|      32|        no|         -|         -|             -|             -|    -|
    |        o PE_wrapper_2_0_x0_loop_8                                                                                    |       -|  -2.43|        160|    533.280|         5|          -|      32|        no|         -|         -|             -|             -|    -|
    |  + grp_PE_wrapper_0_3_x0_fu_2272                                                                                     |       -|  -0.53|  129122849|  4.304e+08|         -|  129122849|       -|        no|         -|   1 (~0%)|    2164 (~0%)|     951 (~0%)|    -|
    |   o PE_wrapper_0_3_x0_loop_1                                                                                         |       -|  -2.43|  129122848|  4.304e+08|   8070178|          -|      16|        no|         -|         -|             -|             -|    -|
    |    o PE_wrapper_0_3_x0_loop_2                                                                                        |       -|  -2.43|    8070176|  2.690e+07|    504386|          -|      16|        no|         -|         -|             -|             -|    -|
    |     o PE_wrapper_0_3_x0_loop_3                                                                                       |       -|  -2.43|     504384|  1.681e+06|     15762|          -|      32|        no|         -|         -|             -|             -|    -|
    |      o PE_wrapper_0_3_x0_loop_4                                                                                      |       -|  -2.43|      15760|  5.253e+04|      1970|          -|       8|        no|         -|         -|             -|             -|    -|
    |       o PE_wrapper_0_3_x0_loop_5                                                                                     |       -|  -2.43|       1968|  6.559e+03|       246|          -|       8|        no|         -|         -|             -|             -|    -|
    |        o PE_wrapper_0_3_x0_loop_6                                                                                    |       -|  -2.43|         32|    106.656|         1|          -|      32|        no|         -|         -|             -|             -|    -|
    |        o PE_wrapper_0_3_x0_loop_7                                                                                    |       -|  -2.43|         32|    106.656|         1|          -|      32|        no|         -|         -|             -|             -|    -|
    |        o PE_wrapper_0_3_x0_loop_8                                                                                    |       -|  -2.43|        160|    533.280|         5|          -|      32|        no|         -|         -|             -|             -|    -|
    |  + grp_PE_wrapper_1_2_x0_fu_2281                                                                                     |       -|  -0.53|  129122849|  4.304e+08|         -|  129122849|       -|        no|         -|   1 (~0%)|    2164 (~0%)|     951 (~0%)|    -|
    |   o PE_wrapper_1_2_x0_loop_1                                                                                         |       -|  -2.43|  129122848|  4.304e+08|   8070178|          -|      16|        no|         -|         -|             -|             -|    -|
    |    o PE_wrapper_1_2_x0_loop_2                                                                                        |       -|  -2.43|    8070176|  2.690e+07|    504386|          -|      16|        no|         -|         -|             -|             -|    -|
    |     o PE_wrapper_1_2_x0_loop_3                                                                                       |       -|  -2.43|     504384|  1.681e+06|     15762|          -|      32|        no|         -|         -|             -|             -|    -|
    |      o PE_wrapper_1_2_x0_loop_4                                                                                      |       -|  -2.43|      15760|  5.253e+04|      1970|          -|       8|        no|         -|         -|             -|             -|    -|
    |       o PE_wrapper_1_2_x0_loop_5                                                                                     |       -|  -2.43|       1968|  6.559e+03|       246|          -|       8|        no|         -|         -|             -|             -|    -|
    |        o PE_wrapper_1_2_x0_loop_6                                                                                    |       -|  -2.43|         32|    106.656|         1|          -|      32|        no|         -|         -|             -|             -|    -|
    |        o PE_wrapper_1_2_x0_loop_7                                                                                    |       -|  -2.43|         32|    106.656|         1|          -|      32|        no|         -|         -|             -|             -|    -|
    |        o PE_wrapper_1_2_x0_loop_8                                                                                    |       -|  -2.43|        160|    533.280|         5|          -|      32|        no|         -|         -|             -|             -|    -|
    |  + grp_PE_wrapper_2_1_x0_fu_2290                                                                                     |       -|  -0.53|  129122849|  4.304e+08|         -|  129122849|       -|        no|         -|   1 (~0%)|    2164 (~0%)|     951 (~0%)|    -|
    |   o PE_wrapper_2_1_x0_loop_1                                                                                         |       -|  -2.43|  129122848|  4.304e+08|   8070178|          -|      16|        no|         -|         -|             -|             -|    -|
    |    o PE_wrapper_2_1_x0_loop_2                                                                                        |       -|  -2.43|    8070176|  2.690e+07|    504386|          -|      16|        no|         -|         -|             -|             -|    -|
    |     o PE_wrapper_2_1_x0_loop_3                                                                                       |       -|  -2.43|     504384|  1.681e+06|     15762|          -|      32|        no|         -|         -|             -|             -|    -|
    |      o PE_wrapper_2_1_x0_loop_4                                                                                      |       -|  -2.43|      15760|  5.253e+04|      1970|          -|       8|        no|         -|         -|             -|             -|    -|
    |       o PE_wrapper_2_1_x0_loop_5                                                                                     |       -|  -2.43|       1968|  6.559e+03|       246|          -|       8|        no|         -|         -|             -|             -|    -|
    |        o PE_wrapper_2_1_x0_loop_6                                                                                    |       -|  -2.43|         32|    106.656|         1|          -|      32|        no|         -|         -|             -|             -|    -|
    |        o PE_wrapper_2_1_x0_loop_7                                                                                    |       -|  -2.43|         32|    106.656|         1|          -|      32|        no|         -|         -|             -|             -|    -|
    |        o PE_wrapper_2_1_x0_loop_8                                                                                    |       -|  -2.43|        160|    533.280|         5|          -|      32|        no|         -|         -|             -|             -|    -|
    |  + grp_PE_wrapper_3_0_x0_fu_2299                                                                                     |       -|  -0.53|  129122849|  4.304e+08|         -|  129122849|       -|        no|         -|   1 (~0%)|    2164 (~0%)|     951 (~0%)|    -|
    |   o PE_wrapper_3_0_x0_loop_1                                                                                         |       -|  -2.43|  129122848|  4.304e+08|   8070178|          -|      16|        no|         -|         -|             -|             -|    -|
    |    o PE_wrapper_3_0_x0_loop_2                                                                                        |       -|  -2.43|    8070176|  2.690e+07|    504386|          -|      16|        no|         -|         -|             -|             -|    -|
    |     o PE_wrapper_3_0_x0_loop_3                                                                                       |       -|  -2.43|     504384|  1.681e+06|     15762|          -|      32|        no|         -|         -|             -|             -|    -|
    |      o PE_wrapper_3_0_x0_loop_4                                                                                      |       -|  -2.43|      15760|  5.253e+04|      1970|          -|       8|        no|         -|         -|             -|             -|    -|
    |       o PE_wrapper_3_0_x0_loop_5                                                                                     |       -|  -2.43|       1968|  6.559e+03|       246|          -|       8|        no|         -|         -|             -|             -|    -|
    |        o PE_wrapper_3_0_x0_loop_6                                                                                    |       -|  -2.43|         32|    106.656|         1|          -|      32|        no|         -|         -|             -|             -|    -|
    |        o PE_wrapper_3_0_x0_loop_7                                                                                    |       -|  -2.43|         32|    106.656|         1|          -|      32|        no|         -|         -|             -|             -|    -|
    |        o PE_wrapper_3_0_x0_loop_8                                                                                    |       -|  -2.43|        160|    533.280|         5|          -|      32|        no|         -|         -|             -|             -|    -|
    |  + grp_PE_wrapper_0_4_x0_fu_2308                                                                                     |       -|  -0.53|  129122849|  4.304e+08|         -|  129122849|       -|        no|         -|   1 (~0%)|    2164 (~0%)|     951 (~0%)|    -|
    |   o PE_wrapper_0_4_x0_loop_1                                                                                         |       -|  -2.43|  129122848|  4.304e+08|   8070178|          -|      16|        no|         -|         -|             -|             -|    -|
    |    o PE_wrapper_0_4_x0_loop_2                                                                                        |       -|  -2.43|    8070176|  2.690e+07|    504386|          -|      16|        no|         -|         -|             -|             -|    -|
    |     o PE_wrapper_0_4_x0_loop_3                                                                                       |       -|  -2.43|     504384|  1.681e+06|     15762|          -|      32|        no|         -|         -|             -|             -|    -|
    |      o PE_wrapper_0_4_x0_loop_4                                                                                      |       -|  -2.43|      15760|  5.253e+04|      1970|          -|       8|        no|         -|         -|             -|             -|    -|
    |       o PE_wrapper_0_4_x0_loop_5                                                                                     |       -|  -2.43|       1968|  6.559e+03|       246|          -|       8|        no|         -|         -|             -|             -|    -|
    |        o PE_wrapper_0_4_x0_loop_6                                                                                    |       -|  -2.43|         32|    106.656|         1|          -|      32|        no|         -|         -|             -|             -|    -|
    |        o PE_wrapper_0_4_x0_loop_7                                                                                    |       -|  -2.43|         32|    106.656|         1|          -|      32|        no|         -|         -|             -|             -|    -|
    |        o PE_wrapper_0_4_x0_loop_8                                                                                    |       -|  -2.43|        160|    533.280|         5|          -|      32|        no|         -|         -|             -|             -|    -|
    |  + grp_PE_wrapper_1_3_x0_fu_2317                                                                                     |       -|  -0.53|  129122849|  4.304e+08|         -|  129122849|       -|        no|         -|   1 (~0%)|    2164 (~0%)|     951 (~0%)|    -|
    |   o PE_wrapper_1_3_x0_loop_1                                                                                         |       -|  -2.43|  129122848|  4.304e+08|   8070178|          -|      16|        no|         -|         -|             -|             -|    -|
    |    o PE_wrapper_1_3_x0_loop_2                                                                                        |       -|  -2.43|    8070176|  2.690e+07|    504386|          -|      16|        no|         -|         -|             -|             -|    -|
    |     o PE_wrapper_1_3_x0_loop_3                                                                                       |       -|  -2.43|     504384|  1.681e+06|     15762|          -|      32|        no|         -|         -|             -|             -|    -|
    |      o PE_wrapper_1_3_x0_loop_4                                                                                      |       -|  -2.43|      15760|  5.253e+04|      1970|          -|       8|        no|         -|         -|             -|             -|    -|
    |       o PE_wrapper_1_3_x0_loop_5                                                                                     |       -|  -2.43|       1968|  6.559e+03|       246|          -|       8|        no|         -|         -|             -|             -|    -|
    |        o PE_wrapper_1_3_x0_loop_6                                                                                    |       -|  -2.43|         32|    106.656|         1|          -|      32|        no|         -|         -|             -|             -|    -|
    |        o PE_wrapper_1_3_x0_loop_7                                                                                    |       -|  -2.43|         32|    106.656|         1|          -|      32|        no|         -|         -|             -|             -|    -|
    |        o PE_wrapper_1_3_x0_loop_8                                                                                    |       -|  -2.43|        160|    533.280|         5|          -|      32|        no|         -|         -|             -|             -|    -|
    |  + grp_PE_wrapper_2_2_x0_fu_2326                                                                                     |       -|  -0.53|  129122849|  4.304e+08|         -|  129122849|       -|        no|         -|   1 (~0%)|    2164 (~0%)|     951 (~0%)|    -|
    |   o PE_wrapper_2_2_x0_loop_1                                                                                         |       -|  -2.43|  129122848|  4.304e+08|   8070178|          -|      16|        no|         -|         -|             -|             -|    -|
    |    o PE_wrapper_2_2_x0_loop_2                                                                                        |       -|  -2.43|    8070176|  2.690e+07|    504386|          -|      16|        no|         -|         -|             -|             -|    -|
    |     o PE_wrapper_2_2_x0_loop_3                                                                                       |       -|  -2.43|     504384|  1.681e+06|     15762|          -|      32|        no|         -|         -|             -|             -|    -|
    |      o PE_wrapper_2_2_x0_loop_4                                                                                      |       -|  -2.43|      15760|  5.253e+04|      1970|          -|       8|        no|         -|         -|             -|             -|    -|
    |       o PE_wrapper_2_2_x0_loop_5                                                                                     |       -|  -2.43|       1968|  6.559e+03|       246|          -|       8|        no|         -|         -|             -|             -|    -|
    |        o PE_wrapper_2_2_x0_loop_6                                                                                    |       -|  -2.43|         32|    106.656|         1|          -|      32|        no|         -|         -|             -|             -|    -|
    |        o PE_wrapper_2_2_x0_loop_7                                                                                    |       -|  -2.43|         32|    106.656|         1|          -|      32|        no|         -|         -|             -|             -|    -|
    |        o PE_wrapper_2_2_x0_loop_8                                                                                    |       -|  -2.43|        160|    533.280|         5|          -|      32|        no|         -|         -|             -|             -|    -|
    |  + grp_PE_wrapper_3_1_x0_fu_2335                                                                                     |       -|  -0.53|  129122849|  4.304e+08|         -|  129122849|       -|        no|         -|   1 (~0%)|    2164 (~0%)|     951 (~0%)|    -|
    |   o PE_wrapper_3_1_x0_loop_1                                                                                         |       -|  -2.43|  129122848|  4.304e+08|   8070178|          -|      16|        no|         -|         -|             -|             -|    -|
    |    o PE_wrapper_3_1_x0_loop_2                                                                                        |       -|  -2.43|    8070176|  2.690e+07|    504386|          -|      16|        no|         -|         -|             -|             -|    -|
    |     o PE_wrapper_3_1_x0_loop_3                                                                                       |       -|  -2.43|     504384|  1.681e+06|     15762|          -|      32|        no|         -|         -|             -|             -|    -|
    |      o PE_wrapper_3_1_x0_loop_4                                                                                      |       -|  -2.43|      15760|  5.253e+04|      1970|          -|       8|        no|         -|         -|             -|             -|    -|
    |       o PE_wrapper_3_1_x0_loop_5                                                                                     |       -|  -2.43|       1968|  6.559e+03|       246|          -|       8|        no|         -|         -|             -|             -|    -|
    |        o PE_wrapper_3_1_x0_loop_6                                                                                    |       -|  -2.43|         32|    106.656|         1|          -|      32|        no|         -|         -|             -|             -|    -|
    |        o PE_wrapper_3_1_x0_loop_7                                                                                    |       -|  -2.43|         32|    106.656|         1|          -|      32|        no|         -|         -|             -|             -|    -|
    |        o PE_wrapper_3_1_x0_loop_8                                                                                    |       -|  -2.43|        160|    533.280|         5|          -|      32|        no|         -|         -|             -|             -|    -|
    |  + grp_PE_wrapper_4_0_x0_fu_2344                                                                                     |       -|  -0.53|  129122849|  4.304e+08|         -|  129122849|       -|        no|         -|   1 (~0%)|    2164 (~0%)|     951 (~0%)|    -|
    |   o PE_wrapper_4_0_x0_loop_1                                                                                         |       -|  -2.43|  129122848|  4.304e+08|   8070178|          -|      16|        no|         -|         -|             -|             -|    -|
    |    o PE_wrapper_4_0_x0_loop_2                                                                                        |       -|  -2.43|    8070176|  2.690e+07|    504386|          -|      16|        no|         -|         -|             -|             -|    -|
    |     o PE_wrapper_4_0_x0_loop_3                                                                                       |       -|  -2.43|     504384|  1.681e+06|     15762|          -|      32|        no|         -|         -|             -|             -|    -|
    |      o PE_wrapper_4_0_x0_loop_4                                                                                      |       -|  -2.43|      15760|  5.253e+04|      1970|          -|       8|        no|         -|         -|             -|             -|    -|
    |       o PE_wrapper_4_0_x0_loop_5                                                                                     |       -|  -2.43|       1968|  6.559e+03|       246|          -|       8|        no|         -|         -|             -|             -|    -|
    |        o PE_wrapper_4_0_x0_loop_6                                                                                    |       -|  -2.43|         32|    106.656|         1|          -|      32|        no|         -|         -|             -|             -|    -|
    |        o PE_wrapper_4_0_x0_loop_7                                                                                    |       -|  -2.43|         32|    106.656|         1|          -|      32|        no|         -|         -|             -|             -|    -|
    |        o PE_wrapper_4_0_x0_loop_8                                                                                    |       -|  -2.43|        160|    533.280|         5|          -|      32|        no|         -|         -|             -|             -|    -|
    |  + grp_PE_wrapper_0_5_x0_fu_2353                                                                                     |       -|  -0.53|  129122849|  4.304e+08|         -|  129122849|       -|        no|         -|   1 (~0%)|    2164 (~0%)|     951 (~0%)|    -|
    |   o PE_wrapper_0_5_x0_loop_1                                                                                         |       -|  -2.43|  129122848|  4.304e+08|   8070178|          -|      16|        no|         -|         -|             -|             -|    -|
    |    o PE_wrapper_0_5_x0_loop_2                                                                                        |       -|  -2.43|    8070176|  2.690e+07|    504386|          -|      16|        no|         -|         -|             -|             -|    -|
    |     o PE_wrapper_0_5_x0_loop_3                                                                                       |       -|  -2.43|     504384|  1.681e+06|     15762|          -|      32|        no|         -|         -|             -|             -|    -|
    |      o PE_wrapper_0_5_x0_loop_4                                                                                      |       -|  -2.43|      15760|  5.253e+04|      1970|          -|       8|        no|         -|         -|             -|             -|    -|
    |       o PE_wrapper_0_5_x0_loop_5                                                                                     |       -|  -2.43|       1968|  6.559e+03|       246|          -|       8|        no|         -|         -|             -|             -|    -|
    |        o PE_wrapper_0_5_x0_loop_6                                                                                    |       -|  -2.43|         32|    106.656|         1|          -|      32|        no|         -|         -|             -|             -|    -|
    |        o PE_wrapper_0_5_x0_loop_7                                                                                    |       -|  -2.43|         32|    106.656|         1|          -|      32|        no|         -|         -|             -|             -|    -|
    |        o PE_wrapper_0_5_x0_loop_8                                                                                    |       -|  -2.43|        160|    533.280|         5|          -|      32|        no|         -|         -|             -|             -|    -|
    |  + grp_PE_wrapper_1_4_x0_fu_2362                                                                                     |       -|  -0.53|  129122849|  4.304e+08|         -|  129122849|       -|        no|         -|   1 (~0%)|    2164 (~0%)|     951 (~0%)|    -|
    |   o PE_wrapper_1_4_x0_loop_1                                                                                         |       -|  -2.43|  129122848|  4.304e+08|   8070178|          -|      16|        no|         -|         -|             -|             -|    -|
    |    o PE_wrapper_1_4_x0_loop_2                                                                                        |       -|  -2.43|    8070176|  2.690e+07|    504386|          -|      16|        no|         -|         -|             -|             -|    -|
    |     o PE_wrapper_1_4_x0_loop_3                                                                                       |       -|  -2.43|     504384|  1.681e+06|     15762|          -|      32|        no|         -|         -|             -|             -|    -|
    |      o PE_wrapper_1_4_x0_loop_4                                                                                      |       -|  -2.43|      15760|  5.253e+04|      1970|          -|       8|        no|         -|         -|             -|             -|    -|
    |       o PE_wrapper_1_4_x0_loop_5                                                                                     |       -|  -2.43|       1968|  6.559e+03|       246|          -|       8|        no|         -|         -|             -|             -|    -|
    |        o PE_wrapper_1_4_x0_loop_6                                                                                    |       -|  -2.43|         32|    106.656|         1|          -|      32|        no|         -|         -|             -|             -|    -|
    |        o PE_wrapper_1_4_x0_loop_7                                                                                    |       -|  -2.43|         32|    106.656|         1|          -|      32|        no|         -|         -|             -|             -|    -|
    |        o PE_wrapper_1_4_x0_loop_8                                                                                    |       -|  -2.43|        160|    533.280|         5|          -|      32|        no|         -|         -|             -|             -|    -|
    |  + grp_PE_wrapper_2_3_x0_fu_2371                                                                                     |       -|  -0.53|  129122849|  4.304e+08|         -|  129122849|       -|        no|         -|   1 (~0%)|    2164 (~0%)|     951 (~0%)|    -|
    |   o PE_wrapper_2_3_x0_loop_1                                                                                         |       -|  -2.43|  129122848|  4.304e+08|   8070178|          -|      16|        no|         -|         -|             -|             -|    -|
    |    o PE_wrapper_2_3_x0_loop_2                                                                                        |       -|  -2.43|    8070176|  2.690e+07|    504386|          -|      16|        no|         -|         -|             -|             -|    -|
    |     o PE_wrapper_2_3_x0_loop_3                                                                                       |       -|  -2.43|     504384|  1.681e+06|     15762|          -|      32|        no|         -|         -|             -|             -|    -|
    |      o PE_wrapper_2_3_x0_loop_4                                                                                      |       -|  -2.43|      15760|  5.253e+04|      1970|          -|       8|        no|         -|         -|             -|             -|    -|
    |       o PE_wrapper_2_3_x0_loop_5                                                                                     |       -|  -2.43|       1968|  6.559e+03|       246|          -|       8|        no|         -|         -|             -|             -|    -|
    |        o PE_wrapper_2_3_x0_loop_6                                                                                    |       -|  -2.43|         32|    106.656|         1|          -|      32|        no|         -|         -|             -|             -|    -|
    |        o PE_wrapper_2_3_x0_loop_7                                                                                    |       -|  -2.43|         32|    106.656|         1|          -|      32|        no|         -|         -|             -|             -|    -|
    |        o PE_wrapper_2_3_x0_loop_8                                                                                    |       -|  -2.43|        160|    533.280|         5|          -|      32|        no|         -|         -|             -|             -|    -|
    |  + grp_PE_wrapper_3_2_x0_fu_2380                                                                                     |       -|  -0.53|  129122849|  4.304e+08|         -|  129122849|       -|        no|         -|   1 (~0%)|    2164 (~0%)|     951 (~0%)|    -|
    |   o PE_wrapper_3_2_x0_loop_1                                                                                         |       -|  -2.43|  129122848|  4.304e+08|   8070178|          -|      16|        no|         -|         -|             -|             -|    -|
    |    o PE_wrapper_3_2_x0_loop_2                                                                                        |       -|  -2.43|    8070176|  2.690e+07|    504386|          -|      16|        no|         -|         -|             -|             -|    -|
    |     o PE_wrapper_3_2_x0_loop_3                                                                                       |       -|  -2.43|     504384|  1.681e+06|     15762|          -|      32|        no|         -|         -|             -|             -|    -|
    |      o PE_wrapper_3_2_x0_loop_4                                                                                      |       -|  -2.43|      15760|  5.253e+04|      1970|          -|       8|        no|         -|         -|             -|             -|    -|
    |       o PE_wrapper_3_2_x0_loop_5                                                                                     |       -|  -2.43|       1968|  6.559e+03|       246|          -|       8|        no|         -|         -|             -|             -|    -|
    |        o PE_wrapper_3_2_x0_loop_6                                                                                    |       -|  -2.43|         32|    106.656|         1|          -|      32|        no|         -|         -|             -|             -|    -|
    |        o PE_wrapper_3_2_x0_loop_7                                                                                    |       -|  -2.43|         32|    106.656|         1|          -|      32|        no|         -|         -|             -|             -|    -|
    |        o PE_wrapper_3_2_x0_loop_8                                                                                    |       -|  -2.43|        160|    533.280|         5|          -|      32|        no|         -|         -|             -|             -|    -|
    |  + grp_PE_wrapper_4_1_x0_fu_2389                                                                                     |       -|  -0.53|  129122849|  4.304e+08|         -|  129122849|       -|        no|         -|   1 (~0%)|    2164 (~0%)|     951 (~0%)|    -|
    |   o PE_wrapper_4_1_x0_loop_1                                                                                         |       -|  -2.43|  129122848|  4.304e+08|   8070178|          -|      16|        no|         -|         -|             -|             -|    -|
    |    o PE_wrapper_4_1_x0_loop_2                                                                                        |       -|  -2.43|    8070176|  2.690e+07|    504386|          -|      16|        no|         -|         -|             -|             -|    -|
    |     o PE_wrapper_4_1_x0_loop_3                                                                                       |       -|  -2.43|     504384|  1.681e+06|     15762|          -|      32|        no|         -|         -|             -|             -|    -|
    |      o PE_wrapper_4_1_x0_loop_4                                                                                      |       -|  -2.43|      15760|  5.253e+04|      1970|          -|       8|        no|         -|         -|             -|             -|    -|
    |       o PE_wrapper_4_1_x0_loop_5                                                                                     |       -|  -2.43|       1968|  6.559e+03|       246|          -|       8|        no|         -|         -|             -|             -|    -|
    |        o PE_wrapper_4_1_x0_loop_6                                                                                    |       -|  -2.43|         32|    106.656|         1|          -|      32|        no|         -|         -|             -|             -|    -|
    |        o PE_wrapper_4_1_x0_loop_7                                                                                    |       -|  -2.43|         32|    106.656|         1|          -|      32|        no|         -|         -|             -|             -|    -|
    |        o PE_wrapper_4_1_x0_loop_8                                                                                    |       -|  -2.43|        160|    533.280|         5|          -|      32|        no|         -|         -|             -|             -|    -|
    |  + grp_PE_wrapper_5_0_x0_fu_2398                                                                                     |       -|  -0.53|  129122849|  4.304e+08|         -|  129122849|       -|        no|         -|   1 (~0%)|    2164 (~0%)|     951 (~0%)|    -|
    |   o PE_wrapper_5_0_x0_loop_1                                                                                         |       -|  -2.43|  129122848|  4.304e+08|   8070178|          -|      16|        no|         -|         -|             -|             -|    -|
    |    o PE_wrapper_5_0_x0_loop_2                                                                                        |       -|  -2.43|    8070176|  2.690e+07|    504386|          -|      16|        no|         -|         -|             -|             -|    -|
    |     o PE_wrapper_5_0_x0_loop_3                                                                                       |       -|  -2.43|     504384|  1.681e+06|     15762|          -|      32|        no|         -|         -|             -|             -|    -|
    |      o PE_wrapper_5_0_x0_loop_4                                                                                      |       -|  -2.43|      15760|  5.253e+04|      1970|          -|       8|        no|         -|         -|             -|             -|    -|
    |       o PE_wrapper_5_0_x0_loop_5                                                                                     |       -|  -2.43|       1968|  6.559e+03|       246|          -|       8|        no|         -|         -|             -|             -|    -|
    |        o PE_wrapper_5_0_x0_loop_6                                                                                    |       -|  -2.43|         32|    106.656|         1|          -|      32|        no|         -|         -|             -|             -|    -|
    |        o PE_wrapper_5_0_x0_loop_7                                                                                    |       -|  -2.43|         32|    106.656|         1|          -|      32|        no|         -|         -|             -|             -|    -|
    |        o PE_wrapper_5_0_x0_loop_8                                                                                    |       -|  -2.43|        160|    533.280|         5|          -|      32|        no|         -|         -|             -|             -|    -|
    |  + grp_PE_wrapper_0_6_x0_fu_2407                                                                                     |       -|  -0.53|  129122849|  4.304e+08|         -|  129122849|       -|        no|         -|   1 (~0%)|    2164 (~0%)|     951 (~0%)|    -|
    |   o PE_wrapper_0_6_x0_loop_1                                                                                         |       -|  -2.43|  129122848|  4.304e+08|   8070178|          -|      16|        no|         -|         -|             -|             -|    -|
    |    o PE_wrapper_0_6_x0_loop_2                                                                                        |       -|  -2.43|    8070176|  2.690e+07|    504386|          -|      16|        no|         -|         -|             -|             -|    -|
    |     o PE_wrapper_0_6_x0_loop_3                                                                                       |       -|  -2.43|     504384|  1.681e+06|     15762|          -|      32|        no|         -|         -|             -|             -|    -|
    |      o PE_wrapper_0_6_x0_loop_4                                                                                      |       -|  -2.43|      15760|  5.253e+04|      1970|          -|       8|        no|         -|         -|             -|             -|    -|
    |       o PE_wrapper_0_6_x0_loop_5                                                                                     |       -|  -2.43|       1968|  6.559e+03|       246|          -|       8|        no|         -|         -|             -|             -|    -|
    |        o PE_wrapper_0_6_x0_loop_6                                                                                    |       -|  -2.43|         32|    106.656|         1|          -|      32|        no|         -|         -|             -|             -|    -|
    |        o PE_wrapper_0_6_x0_loop_7                                                                                    |       -|  -2.43|         32|    106.656|         1|          -|      32|        no|         -|         -|             -|             -|    -|
    |        o PE_wrapper_0_6_x0_loop_8                                                                                    |       -|  -2.43|        160|    533.280|         5|          -|      32|        no|         -|         -|             -|             -|    -|
    |  + grp_PE_wrapper_1_5_x0_fu_2416                                                                                     |       -|  -0.53|  129122849|  4.304e+08|         -|  129122849|       -|        no|         -|   1 (~0%)|    2164 (~0%)|     951 (~0%)|    -|
    |   o PE_wrapper_1_5_x0_loop_1                                                                                         |       -|  -2.43|  129122848|  4.304e+08|   8070178|          -|      16|        no|         -|         -|             -|             -|    -|
    |    o PE_wrapper_1_5_x0_loop_2                                                                                        |       -|  -2.43|    8070176|  2.690e+07|    504386|          -|      16|        no|         -|         -|             -|             -|    -|
    |     o PE_wrapper_1_5_x0_loop_3                                                                                       |       -|  -2.43|     504384|  1.681e+06|     15762|          -|      32|        no|         -|         -|             -|             -|    -|
    |      o PE_wrapper_1_5_x0_loop_4                                                                                      |       -|  -2.43|      15760|  5.253e+04|      1970|          -|       8|        no|         -|         -|             -|             -|    -|
    |       o PE_wrapper_1_5_x0_loop_5                                                                                     |       -|  -2.43|       1968|  6.559e+03|       246|          -|       8|        no|         -|         -|             -|             -|    -|
    |        o PE_wrapper_1_5_x0_loop_6                                                                                    |       -|  -2.43|         32|    106.656|         1|          -|      32|        no|         -|         -|             -|             -|    -|
    |        o PE_wrapper_1_5_x0_loop_7                                                                                    |       -|  -2.43|         32|    106.656|         1|          -|      32|        no|         -|         -|             -|             -|    -|
    |        o PE_wrapper_1_5_x0_loop_8                                                                                    |       -|  -2.43|        160|    533.280|         5|          -|      32|        no|         -|         -|             -|             -|    -|
    |  + grp_PE_wrapper_2_4_x0_fu_2425                                                                                     |       -|  -0.53|  129122849|  4.304e+08|         -|  129122849|       -|        no|         -|   1 (~0%)|    2164 (~0%)|     951 (~0%)|    -|
    |   o PE_wrapper_2_4_x0_loop_1                                                                                         |       -|  -2.43|  129122848|  4.304e+08|   8070178|          -|      16|        no|         -|         -|             -|             -|    -|
    |    o PE_wrapper_2_4_x0_loop_2                                                                                        |       -|  -2.43|    8070176|  2.690e+07|    504386|          -|      16|        no|         -|         -|             -|             -|    -|
    |     o PE_wrapper_2_4_x0_loop_3                                                                                       |       -|  -2.43|     504384|  1.681e+06|     15762|          -|      32|        no|         -|         -|             -|             -|    -|
    |      o PE_wrapper_2_4_x0_loop_4                                                                                      |       -|  -2.43|      15760|  5.253e+04|      1970|          -|       8|        no|         -|         -|             -|             -|    -|
    |       o PE_wrapper_2_4_x0_loop_5                                                                                     |       -|  -2.43|       1968|  6.559e+03|       246|          -|       8|        no|         -|         -|             -|             -|    -|
    |        o PE_wrapper_2_4_x0_loop_6                                                                                    |       -|  -2.43|         32|    106.656|         1|          -|      32|        no|         -|         -|             -|             -|    -|
    |        o PE_wrapper_2_4_x0_loop_7                                                                                    |       -|  -2.43|         32|    106.656|         1|          -|      32|        no|         -|         -|             -|             -|    -|
    |        o PE_wrapper_2_4_x0_loop_8                                                                                    |       -|  -2.43|        160|    533.280|         5|          -|      32|        no|         -|         -|             -|             -|    -|
    |  + grp_PE_wrapper_3_3_x0_fu_2434                                                                                     |       -|  -0.53|  129122849|  4.304e+08|         -|  129122849|       -|        no|         -|   1 (~0%)|    2164 (~0%)|     951 (~0%)|    -|
    |   o PE_wrapper_3_3_x0_loop_1                                                                                         |       -|  -2.43|  129122848|  4.304e+08|   8070178|          -|      16|        no|         -|         -|             -|             -|    -|
    |    o PE_wrapper_3_3_x0_loop_2                                                                                        |       -|  -2.43|    8070176|  2.690e+07|    504386|          -|      16|        no|         -|         -|             -|             -|    -|
    |     o PE_wrapper_3_3_x0_loop_3                                                                                       |       -|  -2.43|     504384|  1.681e+06|     15762|          -|      32|        no|         -|         -|             -|             -|    -|
    |      o PE_wrapper_3_3_x0_loop_4                                                                                      |       -|  -2.43|      15760|  5.253e+04|      1970|          -|       8|        no|         -|         -|             -|             -|    -|
    |       o PE_wrapper_3_3_x0_loop_5                                                                                     |       -|  -2.43|       1968|  6.559e+03|       246|          -|       8|        no|         -|         -|             -|             -|    -|
    |        o PE_wrapper_3_3_x0_loop_6                                                                                    |       -|  -2.43|         32|    106.656|         1|          -|      32|        no|         -|         -|             -|             -|    -|
    |        o PE_wrapper_3_3_x0_loop_7                                                                                    |       -|  -2.43|         32|    106.656|         1|          -|      32|        no|         -|         -|             -|             -|    -|
    |        o PE_wrapper_3_3_x0_loop_8                                                                                    |       -|  -2.43|        160|    533.280|         5|          -|      32|        no|         -|         -|             -|             -|    -|
    |  + grp_PE_wrapper_4_2_x0_fu_2443                                                                                     |       -|  -0.53|  129122849|  4.304e+08|         -|  129122849|       -|        no|         -|   1 (~0%)|    2164 (~0%)|     951 (~0%)|    -|
    |   o PE_wrapper_4_2_x0_loop_1                                                                                         |       -|  -2.43|  129122848|  4.304e+08|   8070178|          -|      16|        no|         -|         -|             -|             -|    -|
    |    o PE_wrapper_4_2_x0_loop_2                                                                                        |       -|  -2.43|    8070176|  2.690e+07|    504386|          -|      16|        no|         -|         -|             -|             -|    -|
    |     o PE_wrapper_4_2_x0_loop_3                                                                                       |       -|  -2.43|     504384|  1.681e+06|     15762|          -|      32|        no|         -|         -|             -|             -|    -|
    |      o PE_wrapper_4_2_x0_loop_4                                                                                      |       -|  -2.43|      15760|  5.253e+04|      1970|          -|       8|        no|         -|         -|             -|             -|    -|
    |       o PE_wrapper_4_2_x0_loop_5                                                                                     |       -|  -2.43|       1968|  6.559e+03|       246|          -|       8|        no|         -|         -|             -|             -|    -|
    |        o PE_wrapper_4_2_x0_loop_6                                                                                    |       -|  -2.43|         32|    106.656|         1|          -|      32|        no|         -|         -|             -|             -|    -|
    |        o PE_wrapper_4_2_x0_loop_7                                                                                    |       -|  -2.43|         32|    106.656|         1|          -|      32|        no|         -|         -|             -|             -|    -|
    |        o PE_wrapper_4_2_x0_loop_8                                                                                    |       -|  -2.43|        160|    533.280|         5|          -|      32|        no|         -|         -|             -|             -|    -|
    |  + grp_PE_wrapper_5_1_x0_fu_2452                                                                                     |       -|  -0.53|  129122849|  4.304e+08|         -|  129122849|       -|        no|         -|   1 (~0%)|    2164 (~0%)|     951 (~0%)|    -|
    |   o PE_wrapper_5_1_x0_loop_1                                                                                         |       -|  -2.43|  129122848|  4.304e+08|   8070178|          -|      16|        no|         -|         -|             -|             -|    -|
    |    o PE_wrapper_5_1_x0_loop_2                                                                                        |       -|  -2.43|    8070176|  2.690e+07|    504386|          -|      16|        no|         -|         -|             -|             -|    -|
    |     o PE_wrapper_5_1_x0_loop_3                                                                                       |       -|  -2.43|     504384|  1.681e+06|     15762|          -|      32|        no|         -|         -|             -|             -|    -|
    |      o PE_wrapper_5_1_x0_loop_4                                                                                      |       -|  -2.43|      15760|  5.253e+04|      1970|          -|       8|        no|         -|         -|             -|             -|    -|
    |       o PE_wrapper_5_1_x0_loop_5                                                                                     |       -|  -2.43|       1968|  6.559e+03|       246|          -|       8|        no|         -|         -|             -|             -|    -|
    |        o PE_wrapper_5_1_x0_loop_6                                                                                    |       -|  -2.43|         32|    106.656|         1|          -|      32|        no|         -|         -|             -|             -|    -|
    |        o PE_wrapper_5_1_x0_loop_7                                                                                    |       -|  -2.43|         32|    106.656|         1|          -|      32|        no|         -|         -|             -|             -|    -|
    |        o PE_wrapper_5_1_x0_loop_8                                                                                    |       -|  -2.43|        160|    533.280|         5|          -|      32|        no|         -|         -|             -|             -|    -|
    |  + grp_PE_wrapper_6_0_x0_fu_2461                                                                                     |       -|  -0.53|  129122849|  4.304e+08|         -|  129122849|       -|        no|         -|   1 (~0%)|    2164 (~0%)|     951 (~0%)|    -|
    |   o PE_wrapper_6_0_x0_loop_1                                                                                         |       -|  -2.43|  129122848|  4.304e+08|   8070178|          -|      16|        no|         -|         -|             -|             -|    -|
    |    o PE_wrapper_6_0_x0_loop_2                                                                                        |       -|  -2.43|    8070176|  2.690e+07|    504386|          -|      16|        no|         -|         -|             -|             -|    -|
    |     o PE_wrapper_6_0_x0_loop_3                                                                                       |       -|  -2.43|     504384|  1.681e+06|     15762|          -|      32|        no|         -|         -|             -|             -|    -|
    |      o PE_wrapper_6_0_x0_loop_4                                                                                      |       -|  -2.43|      15760|  5.253e+04|      1970|          -|       8|        no|         -|         -|             -|             -|    -|
    |       o PE_wrapper_6_0_x0_loop_5                                                                                     |       -|  -2.43|       1968|  6.559e+03|       246|          -|       8|        no|         -|         -|             -|             -|    -|
    |        o PE_wrapper_6_0_x0_loop_6                                                                                    |       -|  -2.43|         32|    106.656|         1|          -|      32|        no|         -|         -|             -|             -|    -|
    |        o PE_wrapper_6_0_x0_loop_7                                                                                    |       -|  -2.43|         32|    106.656|         1|          -|      32|        no|         -|         -|             -|             -|    -|
    |        o PE_wrapper_6_0_x0_loop_8                                                                                    |       -|  -2.43|        160|    533.280|         5|          -|      32|        no|         -|         -|             -|             -|    -|
    |  + grp_PE_wrapper_0_7_x0_fu_2470                                                                                     |       -|  -0.53|  129122849|  4.304e+08|         -|  129122849|       -|        no|         -|   1 (~0%)|    2164 (~0%)|     951 (~0%)|    -|
    |   o PE_wrapper_0_7_x0_loop_1                                                                                         |       -|  -2.43|  129122848|  4.304e+08|   8070178|          -|      16|        no|         -|         -|             -|             -|    -|
    |    o PE_wrapper_0_7_x0_loop_2                                                                                        |       -|  -2.43|    8070176|  2.690e+07|    504386|          -|      16|        no|         -|         -|             -|             -|    -|
    |     o PE_wrapper_0_7_x0_loop_3                                                                                       |       -|  -2.43|     504384|  1.681e+06|     15762|          -|      32|        no|         -|         -|             -|             -|    -|
    |      o PE_wrapper_0_7_x0_loop_4                                                                                      |       -|  -2.43|      15760|  5.253e+04|      1970|          -|       8|        no|         -|         -|             -|             -|    -|
    |       o PE_wrapper_0_7_x0_loop_5                                                                                     |       -|  -2.43|       1968|  6.559e+03|       246|          -|       8|        no|         -|         -|             -|             -|    -|
    |        o PE_wrapper_0_7_x0_loop_6                                                                                    |       -|  -2.43|         32|    106.656|         1|          -|      32|        no|         -|         -|             -|             -|    -|
    |        o PE_wrapper_0_7_x0_loop_7                                                                                    |       -|  -2.43|         32|    106.656|         1|          -|      32|        no|         -|         -|             -|             -|    -|
    |        o PE_wrapper_0_7_x0_loop_8                                                                                    |       -|  -2.43|        160|    533.280|         5|          -|      32|        no|         -|         -|             -|             -|    -|
    |  + grp_PE_wrapper_1_6_x0_fu_2479                                                                                     |       -|  -0.53|  129122849|  4.304e+08|         -|  129122849|       -|        no|         -|   1 (~0%)|    2164 (~0%)|     951 (~0%)|    -|
    |   o PE_wrapper_1_6_x0_loop_1                                                                                         |       -|  -2.43|  129122848|  4.304e+08|   8070178|          -|      16|        no|         -|         -|             -|             -|    -|
    |    o PE_wrapper_1_6_x0_loop_2                                                                                        |       -|  -2.43|    8070176|  2.690e+07|    504386|          -|      16|        no|         -|         -|             -|             -|    -|
    |     o PE_wrapper_1_6_x0_loop_3                                                                                       |       -|  -2.43|     504384|  1.681e+06|     15762|          -|      32|        no|         -|         -|             -|             -|    -|
    |      o PE_wrapper_1_6_x0_loop_4                                                                                      |       -|  -2.43|      15760|  5.253e+04|      1970|          -|       8|        no|         -|         -|             -|             -|    -|
    |       o PE_wrapper_1_6_x0_loop_5                                                                                     |       -|  -2.43|       1968|  6.559e+03|       246|          -|       8|        no|         -|         -|             -|             -|    -|
    |        o PE_wrapper_1_6_x0_loop_6                                                                                    |       -|  -2.43|         32|    106.656|         1|          -|      32|        no|         -|         -|             -|             -|    -|
    |        o PE_wrapper_1_6_x0_loop_7                                                                                    |       -|  -2.43|         32|    106.656|         1|          -|      32|        no|         -|         -|             -|             -|    -|
    |        o PE_wrapper_1_6_x0_loop_8                                                                                    |       -|  -2.43|        160|    533.280|         5|          -|      32|        no|         -|         -|             -|             -|    -|
    |  + grp_PE_wrapper_2_5_x0_fu_2488                                                                                     |       -|  -0.53|  129122849|  4.304e+08|         -|  129122849|       -|        no|         -|   1 (~0%)|    2164 (~0%)|     951 (~0%)|    -|
    |   o PE_wrapper_2_5_x0_loop_1                                                                                         |       -|  -2.43|  129122848|  4.304e+08|   8070178|          -|      16|        no|         -|         -|             -|             -|    -|
    |    o PE_wrapper_2_5_x0_loop_2                                                                                        |       -|  -2.43|    8070176|  2.690e+07|    504386|          -|      16|        no|         -|         -|             -|             -|    -|
    |     o PE_wrapper_2_5_x0_loop_3                                                                                       |       -|  -2.43|     504384|  1.681e+06|     15762|          -|      32|        no|         -|         -|             -|             -|    -|
    |      o PE_wrapper_2_5_x0_loop_4                                                                                      |       -|  -2.43|      15760|  5.253e+04|      1970|          -|       8|        no|         -|         -|             -|             -|    -|
    |       o PE_wrapper_2_5_x0_loop_5                                                                                     |       -|  -2.43|       1968|  6.559e+03|       246|          -|       8|        no|         -|         -|             -|             -|    -|
    |        o PE_wrapper_2_5_x0_loop_6                                                                                    |       -|  -2.43|         32|    106.656|         1|          -|      32|        no|         -|         -|             -|             -|    -|
    |        o PE_wrapper_2_5_x0_loop_7                                                                                    |       -|  -2.43|         32|    106.656|         1|          -|      32|        no|         -|         -|             -|             -|    -|
    |        o PE_wrapper_2_5_x0_loop_8                                                                                    |       -|  -2.43|        160|    533.280|         5|          -|      32|        no|         -|         -|             -|             -|    -|
    |  + grp_PE_wrapper_3_4_x0_fu_2497                                                                                     |       -|  -0.53|  129122849|  4.304e+08|         -|  129122849|       -|        no|         -|   1 (~0%)|    2164 (~0%)|     951 (~0%)|    -|
    |   o PE_wrapper_3_4_x0_loop_1                                                                                         |       -|  -2.43|  129122848|  4.304e+08|   8070178|          -|      16|        no|         -|         -|             -|             -|    -|
    |    o PE_wrapper_3_4_x0_loop_2                                                                                        |       -|  -2.43|    8070176|  2.690e+07|    504386|          -|      16|        no|         -|         -|             -|             -|    -|
    |     o PE_wrapper_3_4_x0_loop_3                                                                                       |       -|  -2.43|     504384|  1.681e+06|     15762|          -|      32|        no|         -|         -|             -|             -|    -|
    |      o PE_wrapper_3_4_x0_loop_4                                                                                      |       -|  -2.43|      15760|  5.253e+04|      1970|          -|       8|        no|         -|         -|             -|             -|    -|
    |       o PE_wrapper_3_4_x0_loop_5                                                                                     |       -|  -2.43|       1968|  6.559e+03|       246|          -|       8|        no|         -|         -|             -|             -|    -|
    |        o PE_wrapper_3_4_x0_loop_6                                                                                    |       -|  -2.43|         32|    106.656|         1|          -|      32|        no|         -|         -|             -|             -|    -|
    |        o PE_wrapper_3_4_x0_loop_7                                                                                    |       -|  -2.43|         32|    106.656|         1|          -|      32|        no|         -|         -|             -|             -|    -|
    |        o PE_wrapper_3_4_x0_loop_8                                                                                    |       -|  -2.43|        160|    533.280|         5|          -|      32|        no|         -|         -|             -|             -|    -|
    |  + grp_PE_wrapper_4_3_x0_fu_2506                                                                                     |       -|  -0.53|  129122849|  4.304e+08|         -|  129122849|       -|        no|         -|   1 (~0%)|    2164 (~0%)|     951 (~0%)|    -|
    |   o PE_wrapper_4_3_x0_loop_1                                                                                         |       -|  -2.43|  129122848|  4.304e+08|   8070178|          -|      16|        no|         -|         -|             -|             -|    -|
    |    o PE_wrapper_4_3_x0_loop_2                                                                                        |       -|  -2.43|    8070176|  2.690e+07|    504386|          -|      16|        no|         -|         -|             -|             -|    -|
    |     o PE_wrapper_4_3_x0_loop_3                                                                                       |       -|  -2.43|     504384|  1.681e+06|     15762|          -|      32|        no|         -|         -|             -|             -|    -|
    |      o PE_wrapper_4_3_x0_loop_4                                                                                      |       -|  -2.43|      15760|  5.253e+04|      1970|          -|       8|        no|         -|         -|             -|             -|    -|
    |       o PE_wrapper_4_3_x0_loop_5                                                                                     |       -|  -2.43|       1968|  6.559e+03|       246|          -|       8|        no|         -|         -|             -|             -|    -|
    |        o PE_wrapper_4_3_x0_loop_6                                                                                    |       -|  -2.43|         32|    106.656|         1|          -|      32|        no|         -|         -|             -|             -|    -|
    |        o PE_wrapper_4_3_x0_loop_7                                                                                    |       -|  -2.43|         32|    106.656|         1|          -|      32|        no|         -|         -|             -|             -|    -|
    |        o PE_wrapper_4_3_x0_loop_8                                                                                    |       -|  -2.43|        160|    533.280|         5|          -|      32|        no|         -|         -|             -|             -|    -|
    |  + grp_PE_wrapper_5_2_x0_fu_2515                                                                                     |       -|  -0.53|  129122849|  4.304e+08|         -|  129122849|       -|        no|         -|   1 (~0%)|    2164 (~0%)|     951 (~0%)|    -|
    |   o PE_wrapper_5_2_x0_loop_1                                                                                         |       -|  -2.43|  129122848|  4.304e+08|   8070178|          -|      16|        no|         -|         -|             -|             -|    -|
    |    o PE_wrapper_5_2_x0_loop_2                                                                                        |       -|  -2.43|    8070176|  2.690e+07|    504386|          -|      16|        no|         -|         -|             -|             -|    -|
    |     o PE_wrapper_5_2_x0_loop_3                                                                                       |       -|  -2.43|     504384|  1.681e+06|     15762|          -|      32|        no|         -|         -|             -|             -|    -|
    |      o PE_wrapper_5_2_x0_loop_4                                                                                      |       -|  -2.43|      15760|  5.253e+04|      1970|          -|       8|        no|         -|         -|             -|             -|    -|
    |       o PE_wrapper_5_2_x0_loop_5                                                                                     |       -|  -2.43|       1968|  6.559e+03|       246|          -|       8|        no|         -|         -|             -|             -|    -|
    |        o PE_wrapper_5_2_x0_loop_6                                                                                    |       -|  -2.43|         32|    106.656|         1|          -|      32|        no|         -|         -|             -|             -|    -|
    |        o PE_wrapper_5_2_x0_loop_7                                                                                    |       -|  -2.43|         32|    106.656|         1|          -|      32|        no|         -|         -|             -|             -|    -|
    |        o PE_wrapper_5_2_x0_loop_8                                                                                    |       -|  -2.43|        160|    533.280|         5|          -|      32|        no|         -|         -|             -|             -|    -|
    |  + grp_PE_wrapper_6_1_x0_fu_2524                                                                                     |       -|  -0.53|  129122849|  4.304e+08|         -|  129122849|       -|        no|         -|   1 (~0%)|    2164 (~0%)|     951 (~0%)|    -|
    |   o PE_wrapper_6_1_x0_loop_1                                                                                         |       -|  -2.43|  129122848|  4.304e+08|   8070178|          -|      16|        no|         -|         -|             -|             -|    -|
    |    o PE_wrapper_6_1_x0_loop_2                                                                                        |       -|  -2.43|    8070176|  2.690e+07|    504386|          -|      16|        no|         -|         -|             -|             -|    -|
    |     o PE_wrapper_6_1_x0_loop_3                                                                                       |       -|  -2.43|     504384|  1.681e+06|     15762|          -|      32|        no|         -|         -|             -|             -|    -|
    |      o PE_wrapper_6_1_x0_loop_4                                                                                      |       -|  -2.43|      15760|  5.253e+04|      1970|          -|       8|        no|         -|         -|             -|             -|    -|
    |       o PE_wrapper_6_1_x0_loop_5                                                                                     |       -|  -2.43|       1968|  6.559e+03|       246|          -|       8|        no|         -|         -|             -|             -|    -|
    |        o PE_wrapper_6_1_x0_loop_6                                                                                    |       -|  -2.43|         32|    106.656|         1|          -|      32|        no|         -|         -|             -|             -|    -|
    |        o PE_wrapper_6_1_x0_loop_7                                                                                    |       -|  -2.43|         32|    106.656|         1|          -|      32|        no|         -|         -|             -|             -|    -|
    |        o PE_wrapper_6_1_x0_loop_8                                                                                    |       -|  -2.43|        160|    533.280|         5|          -|      32|        no|         -|         -|             -|             -|    -|
    |  + grp_PE_wrapper_7_0_x0_fu_2533                                                                                     |       -|  -0.53|  129122849|  4.304e+08|         -|  129122849|       -|        no|         -|   1 (~0%)|    2164 (~0%)|     951 (~0%)|    -|
    |   o PE_wrapper_7_0_x0_loop_1                                                                                         |       -|  -2.43|  129122848|  4.304e+08|   8070178|          -|      16|        no|         -|         -|             -|             -|    -|
    |    o PE_wrapper_7_0_x0_loop_2                                                                                        |       -|  -2.43|    8070176|  2.690e+07|    504386|          -|      16|        no|         -|         -|             -|             -|    -|
    |     o PE_wrapper_7_0_x0_loop_3                                                                                       |       -|  -2.43|     504384|  1.681e+06|     15762|          -|      32|        no|         -|         -|             -|             -|    -|
    |      o PE_wrapper_7_0_x0_loop_4                                                                                      |       -|  -2.43|      15760|  5.253e+04|      1970|          -|       8|        no|         -|         -|             -|             -|    -|
    |       o PE_wrapper_7_0_x0_loop_5                                                                                     |       -|  -2.43|       1968|  6.559e+03|       246|          -|       8|        no|         -|         -|             -|             -|    -|
    |        o PE_wrapper_7_0_x0_loop_6                                                                                    |       -|  -2.43|         32|    106.656|         1|          -|      32|        no|         -|         -|             -|             -|    -|
    |        o PE_wrapper_7_0_x0_loop_7                                                                                    |       -|  -2.43|         32|    106.656|         1|          -|      32|        no|         -|         -|             -|             -|    -|
    |        o PE_wrapper_7_0_x0_loop_8                                                                                    |       -|  -2.43|        160|    533.280|         5|          -|      32|        no|         -|         -|             -|             -|    -|
    |  + grp_PE_wrapper_1_7_x0_fu_2542                                                                                     |       -|  -0.53|  129122849|  4.304e+08|         -|  129122849|       -|        no|         -|   1 (~0%)|    2164 (~0%)|     951 (~0%)|    -|
    |   o PE_wrapper_1_7_x0_loop_1                                                                                         |       -|  -2.43|  129122848|  4.304e+08|   8070178|          -|      16|        no|         -|         -|             -|             -|    -|
    |    o PE_wrapper_1_7_x0_loop_2                                                                                        |       -|  -2.43|    8070176|  2.690e+07|    504386|          -|      16|        no|         -|         -|             -|             -|    -|
    |     o PE_wrapper_1_7_x0_loop_3                                                                                       |       -|  -2.43|     504384|  1.681e+06|     15762|          -|      32|        no|         -|         -|             -|             -|    -|
    |      o PE_wrapper_1_7_x0_loop_4                                                                                      |       -|  -2.43|      15760|  5.253e+04|      1970|          -|       8|        no|         -|         -|             -|             -|    -|
    |       o PE_wrapper_1_7_x0_loop_5                                                                                     |       -|  -2.43|       1968|  6.559e+03|       246|          -|       8|        no|         -|         -|             -|             -|    -|
    |        o PE_wrapper_1_7_x0_loop_6                                                                                    |       -|  -2.43|         32|    106.656|         1|          -|      32|        no|         -|         -|             -|             -|    -|
    |        o PE_wrapper_1_7_x0_loop_7                                                                                    |       -|  -2.43|         32|    106.656|         1|          -|      32|        no|         -|         -|             -|             -|    -|
    |        o PE_wrapper_1_7_x0_loop_8                                                                                    |       -|  -2.43|        160|    533.280|         5|          -|      32|        no|         -|         -|             -|             -|    -|
    |  + grp_PE_wrapper_2_6_x0_fu_2551                                                                                     |       -|  -0.53|  129122849|  4.304e+08|         -|  129122849|       -|        no|         -|   1 (~0%)|    2164 (~0%)|     951 (~0%)|    -|
    |   o PE_wrapper_2_6_x0_loop_1                                                                                         |       -|  -2.43|  129122848|  4.304e+08|   8070178|          -|      16|        no|         -|         -|             -|             -|    -|
    |    o PE_wrapper_2_6_x0_loop_2                                                                                        |       -|  -2.43|    8070176|  2.690e+07|    504386|          -|      16|        no|         -|         -|             -|             -|    -|
    |     o PE_wrapper_2_6_x0_loop_3                                                                                       |       -|  -2.43|     504384|  1.681e+06|     15762|          -|      32|        no|         -|         -|             -|             -|    -|
    |      o PE_wrapper_2_6_x0_loop_4                                                                                      |       -|  -2.43|      15760|  5.253e+04|      1970|          -|       8|        no|         -|         -|             -|             -|    -|
    |       o PE_wrapper_2_6_x0_loop_5                                                                                     |       -|  -2.43|       1968|  6.559e+03|       246|          -|       8|        no|         -|         -|             -|             -|    -|
    |        o PE_wrapper_2_6_x0_loop_6                                                                                    |       -|  -2.43|         32|    106.656|         1|          -|      32|        no|         -|         -|             -|             -|    -|
    |        o PE_wrapper_2_6_x0_loop_7                                                                                    |       -|  -2.43|         32|    106.656|         1|          -|      32|        no|         -|         -|             -|             -|    -|
    |        o PE_wrapper_2_6_x0_loop_8                                                                                    |       -|  -2.43|        160|    533.280|         5|          -|      32|        no|         -|         -|             -|             -|    -|
    |  + grp_PE_wrapper_3_5_x0_fu_2560                                                                                     |       -|  -0.53|  129122849|  4.304e+08|         -|  129122849|       -|        no|         -|   1 (~0%)|    2164 (~0%)|     951 (~0%)|    -|
    |   o PE_wrapper_3_5_x0_loop_1                                                                                         |       -|  -2.43|  129122848|  4.304e+08|   8070178|          -|      16|        no|         -|         -|             -|             -|    -|
    |    o PE_wrapper_3_5_x0_loop_2                                                                                        |       -|  -2.43|    8070176|  2.690e+07|    504386|          -|      16|        no|         -|         -|             -|             -|    -|
    |     o PE_wrapper_3_5_x0_loop_3                                                                                       |       -|  -2.43|     504384|  1.681e+06|     15762|          -|      32|        no|         -|         -|             -|             -|    -|
    |      o PE_wrapper_3_5_x0_loop_4                                                                                      |       -|  -2.43|      15760|  5.253e+04|      1970|          -|       8|        no|         -|         -|             -|             -|    -|
    |       o PE_wrapper_3_5_x0_loop_5                                                                                     |       -|  -2.43|       1968|  6.559e+03|       246|          -|       8|        no|         -|         -|             -|             -|    -|
    |        o PE_wrapper_3_5_x0_loop_6                                                                                    |       -|  -2.43|         32|    106.656|         1|          -|      32|        no|         -|         -|             -|             -|    -|
    |        o PE_wrapper_3_5_x0_loop_7                                                                                    |       -|  -2.43|         32|    106.656|         1|          -|      32|        no|         -|         -|             -|             -|    -|
    |        o PE_wrapper_3_5_x0_loop_8                                                                                    |       -|  -2.43|        160|    533.280|         5|          -|      32|        no|         -|         -|             -|             -|    -|
    |  + grp_PE_wrapper_4_4_x0_fu_2569                                                                                     |       -|  -0.53|  129122849|  4.304e+08|         -|  129122849|       -|        no|         -|   1 (~0%)|    2164 (~0%)|     951 (~0%)|    -|
    |   o PE_wrapper_4_4_x0_loop_1                                                                                         |       -|  -2.43|  129122848|  4.304e+08|   8070178|          -|      16|        no|         -|         -|             -|             -|    -|
    |    o PE_wrapper_4_4_x0_loop_2                                                                                        |       -|  -2.43|    8070176|  2.690e+07|    504386|          -|      16|        no|         -|         -|             -|             -|    -|
    |     o PE_wrapper_4_4_x0_loop_3                                                                                       |       -|  -2.43|     504384|  1.681e+06|     15762|          -|      32|        no|         -|         -|             -|             -|    -|
    |      o PE_wrapper_4_4_x0_loop_4                                                                                      |       -|  -2.43|      15760|  5.253e+04|      1970|          -|       8|        no|         -|         -|             -|             -|    -|
    |       o PE_wrapper_4_4_x0_loop_5                                                                                     |       -|  -2.43|       1968|  6.559e+03|       246|          -|       8|        no|         -|         -|             -|             -|    -|
    |        o PE_wrapper_4_4_x0_loop_6                                                                                    |       -|  -2.43|         32|    106.656|         1|          -|      32|        no|         -|         -|             -|             -|    -|
    |        o PE_wrapper_4_4_x0_loop_7                                                                                    |       -|  -2.43|         32|    106.656|         1|          -|      32|        no|         -|         -|             -|             -|    -|
    |        o PE_wrapper_4_4_x0_loop_8                                                                                    |       -|  -2.43|        160|    533.280|         5|          -|      32|        no|         -|         -|             -|             -|    -|
    |  + grp_PE_wrapper_5_3_x0_fu_2578                                                                                     |       -|  -0.53|  129122849|  4.304e+08|         -|  129122849|       -|        no|         -|   1 (~0%)|    2164 (~0%)|     951 (~0%)|    -|
    |   o PE_wrapper_5_3_x0_loop_1                                                                                         |       -|  -2.43|  129122848|  4.304e+08|   8070178|          -|      16|        no|         -|         -|             -|             -|    -|
    |    o PE_wrapper_5_3_x0_loop_2                                                                                        |       -|  -2.43|    8070176|  2.690e+07|    504386|          -|      16|        no|         -|         -|             -|             -|    -|
    |     o PE_wrapper_5_3_x0_loop_3                                                                                       |       -|  -2.43|     504384|  1.681e+06|     15762|          -|      32|        no|         -|         -|             -|             -|    -|
    |      o PE_wrapper_5_3_x0_loop_4                                                                                      |       -|  -2.43|      15760|  5.253e+04|      1970|          -|       8|        no|         -|         -|             -|             -|    -|
    |       o PE_wrapper_5_3_x0_loop_5                                                                                     |       -|  -2.43|       1968|  6.559e+03|       246|          -|       8|        no|         -|         -|             -|             -|    -|
    |        o PE_wrapper_5_3_x0_loop_6                                                                                    |       -|  -2.43|         32|    106.656|         1|          -|      32|        no|         -|         -|             -|             -|    -|
    |        o PE_wrapper_5_3_x0_loop_7                                                                                    |       -|  -2.43|         32|    106.656|         1|          -|      32|        no|         -|         -|             -|             -|    -|
    |        o PE_wrapper_5_3_x0_loop_8                                                                                    |       -|  -2.43|        160|    533.280|         5|          -|      32|        no|         -|         -|             -|             -|    -|
    |  + grp_PE_wrapper_6_2_x0_fu_2587                                                                                     |       -|  -0.53|  129122849|  4.304e+08|         -|  129122849|       -|        no|         -|   1 (~0%)|    2164 (~0%)|     951 (~0%)|    -|
    |   o PE_wrapper_6_2_x0_loop_1                                                                                         |       -|  -2.43|  129122848|  4.304e+08|   8070178|          -|      16|        no|         -|         -|             -|             -|    -|
    |    o PE_wrapper_6_2_x0_loop_2                                                                                        |       -|  -2.43|    8070176|  2.690e+07|    504386|          -|      16|        no|         -|         -|             -|             -|    -|
    |     o PE_wrapper_6_2_x0_loop_3                                                                                       |       -|  -2.43|     504384|  1.681e+06|     15762|          -|      32|        no|         -|         -|             -|             -|    -|
    |      o PE_wrapper_6_2_x0_loop_4                                                                                      |       -|  -2.43|      15760|  5.253e+04|      1970|          -|       8|        no|         -|         -|             -|             -|    -|
    |       o PE_wrapper_6_2_x0_loop_5                                                                                     |       -|  -2.43|       1968|  6.559e+03|       246|          -|       8|        no|         -|         -|             -|             -|    -|
    |        o PE_wrapper_6_2_x0_loop_6                                                                                    |       -|  -2.43|         32|    106.656|         1|          -|      32|        no|         -|         -|             -|             -|    -|
    |        o PE_wrapper_6_2_x0_loop_7                                                                                    |       -|  -2.43|         32|    106.656|         1|          -|      32|        no|         -|         -|             -|             -|    -|
    |        o PE_wrapper_6_2_x0_loop_8                                                                                    |       -|  -2.43|        160|    533.280|         5|          -|      32|        no|         -|         -|             -|             -|    -|
    |  + grp_PE_wrapper_7_1_x0_fu_2596                                                                                     |       -|  -0.53|  129122849|  4.304e+08|         -|  129122849|       -|        no|         -|   1 (~0%)|    2164 (~0%)|     951 (~0%)|    -|
    |   o PE_wrapper_7_1_x0_loop_1                                                                                         |       -|  -2.43|  129122848|  4.304e+08|   8070178|          -|      16|        no|         -|         -|             -|             -|    -|
    |    o PE_wrapper_7_1_x0_loop_2                                                                                        |       -|  -2.43|    8070176|  2.690e+07|    504386|          -|      16|        no|         -|         -|             -|             -|    -|
    |     o PE_wrapper_7_1_x0_loop_3                                                                                       |       -|  -2.43|     504384|  1.681e+06|     15762|          -|      32|        no|         -|         -|             -|             -|    -|
    |      o PE_wrapper_7_1_x0_loop_4                                                                                      |       -|  -2.43|      15760|  5.253e+04|      1970|          -|       8|        no|         -|         -|             -|             -|    -|
    |       o PE_wrapper_7_1_x0_loop_5                                                                                     |       -|  -2.43|       1968|  6.559e+03|       246|          -|       8|        no|         -|         -|             -|             -|    -|
    |        o PE_wrapper_7_1_x0_loop_6                                                                                    |       -|  -2.43|         32|    106.656|         1|          -|      32|        no|         -|         -|             -|             -|    -|
    |        o PE_wrapper_7_1_x0_loop_7                                                                                    |       -|  -2.43|         32|    106.656|         1|          -|      32|        no|         -|         -|             -|             -|    -|
    |        o PE_wrapper_7_1_x0_loop_8                                                                                    |       -|  -2.43|        160|    533.280|         5|          -|      32|        no|         -|         -|             -|             -|    -|
    |  + grp_PE_wrapper_2_7_x0_fu_2605                                                                                     |       -|  -0.53|  129122849|  4.304e+08|         -|  129122849|       -|        no|         -|   1 (~0%)|    2164 (~0%)|     951 (~0%)|    -|
    |   o PE_wrapper_2_7_x0_loop_1                                                                                         |       -|  -2.43|  129122848|  4.304e+08|   8070178|          -|      16|        no|         -|         -|             -|             -|    -|
    |    o PE_wrapper_2_7_x0_loop_2                                                                                        |       -|  -2.43|    8070176|  2.690e+07|    504386|          -|      16|        no|         -|         -|             -|             -|    -|
    |     o PE_wrapper_2_7_x0_loop_3                                                                                       |       -|  -2.43|     504384|  1.681e+06|     15762|          -|      32|        no|         -|         -|             -|             -|    -|
    |      o PE_wrapper_2_7_x0_loop_4                                                                                      |       -|  -2.43|      15760|  5.253e+04|      1970|          -|       8|        no|         -|         -|             -|             -|    -|
    |       o PE_wrapper_2_7_x0_loop_5                                                                                     |       -|  -2.43|       1968|  6.559e+03|       246|          -|       8|        no|         -|         -|             -|             -|    -|
    |        o PE_wrapper_2_7_x0_loop_6                                                                                    |       -|  -2.43|         32|    106.656|         1|          -|      32|        no|         -|         -|             -|             -|    -|
    |        o PE_wrapper_2_7_x0_loop_7                                                                                    |       -|  -2.43|         32|    106.656|         1|          -|      32|        no|         -|         -|             -|             -|    -|
    |        o PE_wrapper_2_7_x0_loop_8                                                                                    |       -|  -2.43|        160|    533.280|         5|          -|      32|        no|         -|         -|             -|             -|    -|
    |  + grp_PE_wrapper_3_6_x0_fu_2614                                                                                     |       -|  -0.53|  129122849|  4.304e+08|         -|  129122849|       -|        no|         -|   1 (~0%)|    2164 (~0%)|     951 (~0%)|    -|
    |   o PE_wrapper_3_6_x0_loop_1                                                                                         |       -|  -2.43|  129122848|  4.304e+08|   8070178|          -|      16|        no|         -|         -|             -|             -|    -|
    |    o PE_wrapper_3_6_x0_loop_2                                                                                        |       -|  -2.43|    8070176|  2.690e+07|    504386|          -|      16|        no|         -|         -|             -|             -|    -|
    |     o PE_wrapper_3_6_x0_loop_3                                                                                       |       -|  -2.43|     504384|  1.681e+06|     15762|          -|      32|        no|         -|         -|             -|             -|    -|
    |      o PE_wrapper_3_6_x0_loop_4                                                                                      |       -|  -2.43|      15760|  5.253e+04|      1970|          -|       8|        no|         -|         -|             -|             -|    -|
    |       o PE_wrapper_3_6_x0_loop_5                                                                                     |       -|  -2.43|       1968|  6.559e+03|       246|          -|       8|        no|         -|         -|             -|             -|    -|
    |        o PE_wrapper_3_6_x0_loop_6                                                                                    |       -|  -2.43|         32|    106.656|         1|          -|      32|        no|         -|         -|             -|             -|    -|
    |        o PE_wrapper_3_6_x0_loop_7                                                                                    |       -|  -2.43|         32|    106.656|         1|          -|      32|        no|         -|         -|             -|             -|    -|
    |        o PE_wrapper_3_6_x0_loop_8                                                                                    |       -|  -2.43|        160|    533.280|         5|          -|      32|        no|         -|         -|             -|             -|    -|
    |  + grp_PE_wrapper_4_5_x0_fu_2623                                                                                     |       -|  -0.53|  129122849|  4.304e+08|         -|  129122849|       -|        no|         -|   1 (~0%)|    2164 (~0%)|     951 (~0%)|    -|
    |   o PE_wrapper_4_5_x0_loop_1                                                                                         |       -|  -2.43|  129122848|  4.304e+08|   8070178|          -|      16|        no|         -|         -|             -|             -|    -|
    |    o PE_wrapper_4_5_x0_loop_2                                                                                        |       -|  -2.43|    8070176|  2.690e+07|    504386|          -|      16|        no|         -|         -|             -|             -|    -|
    |     o PE_wrapper_4_5_x0_loop_3                                                                                       |       -|  -2.43|     504384|  1.681e+06|     15762|          -|      32|        no|         -|         -|             -|             -|    -|
    |      o PE_wrapper_4_5_x0_loop_4                                                                                      |       -|  -2.43|      15760|  5.253e+04|      1970|          -|       8|        no|         -|         -|             -|             -|    -|
    |       o PE_wrapper_4_5_x0_loop_5                                                                                     |       -|  -2.43|       1968|  6.559e+03|       246|          -|       8|        no|         -|         -|             -|             -|    -|
    |        o PE_wrapper_4_5_x0_loop_6                                                                                    |       -|  -2.43|         32|    106.656|         1|          -|      32|        no|         -|         -|             -|             -|    -|
    |        o PE_wrapper_4_5_x0_loop_7                                                                                    |       -|  -2.43|         32|    106.656|         1|          -|      32|        no|         -|         -|             -|             -|    -|
    |        o PE_wrapper_4_5_x0_loop_8                                                                                    |       -|  -2.43|        160|    533.280|         5|          -|      32|        no|         -|         -|             -|             -|    -|
    |  + grp_PE_wrapper_5_4_x0_fu_2632                                                                                     |       -|  -0.53|  129122849|  4.304e+08|         -|  129122849|       -|        no|         -|   1 (~0%)|    2164 (~0%)|     951 (~0%)|    -|
    |   o PE_wrapper_5_4_x0_loop_1                                                                                         |       -|  -2.43|  129122848|  4.304e+08|   8070178|          -|      16|        no|         -|         -|             -|             -|    -|
    |    o PE_wrapper_5_4_x0_loop_2                                                                                        |       -|  -2.43|    8070176|  2.690e+07|    504386|          -|      16|        no|         -|         -|             -|             -|    -|
    |     o PE_wrapper_5_4_x0_loop_3                                                                                       |       -|  -2.43|     504384|  1.681e+06|     15762|          -|      32|        no|         -|         -|             -|             -|    -|
    |      o PE_wrapper_5_4_x0_loop_4                                                                                      |       -|  -2.43|      15760|  5.253e+04|      1970|          -|       8|        no|         -|         -|             -|             -|    -|
    |       o PE_wrapper_5_4_x0_loop_5                                                                                     |       -|  -2.43|       1968|  6.559e+03|       246|          -|       8|        no|         -|         -|             -|             -|    -|
    |        o PE_wrapper_5_4_x0_loop_6                                                                                    |       -|  -2.43|         32|    106.656|         1|          -|      32|        no|         -|         -|             -|             -|    -|
    |        o PE_wrapper_5_4_x0_loop_7                                                                                    |       -|  -2.43|         32|    106.656|         1|          -|      32|        no|         -|         -|             -|             -|    -|
    |        o PE_wrapper_5_4_x0_loop_8                                                                                    |       -|  -2.43|        160|    533.280|         5|          -|      32|        no|         -|         -|             -|             -|    -|
    |  + grp_PE_wrapper_6_3_x0_fu_2641                                                                                     |       -|  -0.53|  129122849|  4.304e+08|         -|  129122849|       -|        no|         -|   1 (~0%)|    2164 (~0%)|     951 (~0%)|    -|
    |   o PE_wrapper_6_3_x0_loop_1                                                                                         |       -|  -2.43|  129122848|  4.304e+08|   8070178|          -|      16|        no|         -|         -|             -|             -|    -|
    |    o PE_wrapper_6_3_x0_loop_2                                                                                        |       -|  -2.43|    8070176|  2.690e+07|    504386|          -|      16|        no|         -|         -|             -|             -|    -|
    |     o PE_wrapper_6_3_x0_loop_3                                                                                       |       -|  -2.43|     504384|  1.681e+06|     15762|          -|      32|        no|         -|         -|             -|             -|    -|
    |      o PE_wrapper_6_3_x0_loop_4                                                                                      |       -|  -2.43|      15760|  5.253e+04|      1970|          -|       8|        no|         -|         -|             -|             -|    -|
    |       o PE_wrapper_6_3_x0_loop_5                                                                                     |       -|  -2.43|       1968|  6.559e+03|       246|          -|       8|        no|         -|         -|             -|             -|    -|
    |        o PE_wrapper_6_3_x0_loop_6                                                                                    |       -|  -2.43|         32|    106.656|         1|          -|      32|        no|         -|         -|             -|             -|    -|
    |        o PE_wrapper_6_3_x0_loop_7                                                                                    |       -|  -2.43|         32|    106.656|         1|          -|      32|        no|         -|         -|             -|             -|    -|
    |        o PE_wrapper_6_3_x0_loop_8                                                                                    |       -|  -2.43|        160|    533.280|         5|          -|      32|        no|         -|         -|             -|             -|    -|
    |  + grp_PE_wrapper_7_2_x0_fu_2650                                                                                     |       -|  -0.53|  129122849|  4.304e+08|         -|  129122849|       -|        no|         -|   1 (~0%)|    2164 (~0%)|     951 (~0%)|    -|
    |   o PE_wrapper_7_2_x0_loop_1                                                                                         |       -|  -2.43|  129122848|  4.304e+08|   8070178|          -|      16|        no|         -|         -|             -|             -|    -|
    |    o PE_wrapper_7_2_x0_loop_2                                                                                        |       -|  -2.43|    8070176|  2.690e+07|    504386|          -|      16|        no|         -|         -|             -|             -|    -|
    |     o PE_wrapper_7_2_x0_loop_3                                                                                       |       -|  -2.43|     504384|  1.681e+06|     15762|          -|      32|        no|         -|         -|             -|             -|    -|
    |      o PE_wrapper_7_2_x0_loop_4                                                                                      |       -|  -2.43|      15760|  5.253e+04|      1970|          -|       8|        no|         -|         -|             -|             -|    -|
    |       o PE_wrapper_7_2_x0_loop_5                                                                                     |       -|  -2.43|       1968|  6.559e+03|       246|          -|       8|        no|         -|         -|             -|             -|    -|
    |        o PE_wrapper_7_2_x0_loop_6                                                                                    |       -|  -2.43|         32|    106.656|         1|          -|      32|        no|         -|         -|             -|             -|    -|
    |        o PE_wrapper_7_2_x0_loop_7                                                                                    |       -|  -2.43|         32|    106.656|         1|          -|      32|        no|         -|         -|             -|             -|    -|
    |        o PE_wrapper_7_2_x0_loop_8                                                                                    |       -|  -2.43|        160|    533.280|         5|          -|      32|        no|         -|         -|             -|             -|    -|
    |  + grp_PE_wrapper_3_7_x0_fu_2659                                                                                     |       -|  -0.53|  129122849|  4.304e+08|         -|  129122849|       -|        no|         -|   1 (~0%)|    2164 (~0%)|     951 (~0%)|    -|
    |   o PE_wrapper_3_7_x0_loop_1                                                                                         |       -|  -2.43|  129122848|  4.304e+08|   8070178|          -|      16|        no|         -|         -|             -|             -|    -|
    |    o PE_wrapper_3_7_x0_loop_2                                                                                        |       -|  -2.43|    8070176|  2.690e+07|    504386|          -|      16|        no|         -|         -|             -|             -|    -|
    |     o PE_wrapper_3_7_x0_loop_3                                                                                       |       -|  -2.43|     504384|  1.681e+06|     15762|          -|      32|        no|         -|         -|             -|             -|    -|
    |      o PE_wrapper_3_7_x0_loop_4                                                                                      |       -|  -2.43|      15760|  5.253e+04|      1970|          -|       8|        no|         -|         -|             -|             -|    -|
    |       o PE_wrapper_3_7_x0_loop_5                                                                                     |       -|  -2.43|       1968|  6.559e+03|       246|          -|       8|        no|         -|         -|             -|             -|    -|
    |        o PE_wrapper_3_7_x0_loop_6                                                                                    |       -|  -2.43|         32|    106.656|         1|          -|      32|        no|         -|         -|             -|             -|    -|
    |        o PE_wrapper_3_7_x0_loop_7                                                                                    |       -|  -2.43|         32|    106.656|         1|          -|      32|        no|         -|         -|             -|             -|    -|
    |        o PE_wrapper_3_7_x0_loop_8                                                                                    |       -|  -2.43|        160|    533.280|         5|          -|      32|        no|         -|         -|             -|             -|    -|
    |  + grp_PE_wrapper_4_6_x0_fu_2668                                                                                     |       -|  -0.53|  129122849|  4.304e+08|         -|  129122849|       -|        no|         -|   1 (~0%)|    2164 (~0%)|     951 (~0%)|    -|
    |   o PE_wrapper_4_6_x0_loop_1                                                                                         |       -|  -2.43|  129122848|  4.304e+08|   8070178|          -|      16|        no|         -|         -|             -|             -|    -|
    |    o PE_wrapper_4_6_x0_loop_2                                                                                        |       -|  -2.43|    8070176|  2.690e+07|    504386|          -|      16|        no|         -|         -|             -|             -|    -|
    |     o PE_wrapper_4_6_x0_loop_3                                                                                       |       -|  -2.43|     504384|  1.681e+06|     15762|          -|      32|        no|         -|         -|             -|             -|    -|
    |      o PE_wrapper_4_6_x0_loop_4                                                                                      |       -|  -2.43|      15760|  5.253e+04|      1970|          -|       8|        no|         -|         -|             -|             -|    -|
    |       o PE_wrapper_4_6_x0_loop_5                                                                                     |       -|  -2.43|       1968|  6.559e+03|       246|          -|       8|        no|         -|         -|             -|             -|    -|
    |        o PE_wrapper_4_6_x0_loop_6                                                                                    |       -|  -2.43|         32|    106.656|         1|          -|      32|        no|         -|         -|             -|             -|    -|
    |        o PE_wrapper_4_6_x0_loop_7                                                                                    |       -|  -2.43|         32|    106.656|         1|          -|      32|        no|         -|         -|             -|             -|    -|
    |        o PE_wrapper_4_6_x0_loop_8                                                                                    |       -|  -2.43|        160|    533.280|         5|          -|      32|        no|         -|         -|             -|             -|    -|
    |  + grp_PE_wrapper_5_5_x0_fu_2677                                                                                     |       -|  -0.53|  129122849|  4.304e+08|         -|  129122849|       -|        no|         -|   1 (~0%)|    2164 (~0%)|     951 (~0%)|    -|
    |   o PE_wrapper_5_5_x0_loop_1                                                                                         |       -|  -2.43|  129122848|  4.304e+08|   8070178|          -|      16|        no|         -|         -|             -|             -|    -|
    |    o PE_wrapper_5_5_x0_loop_2                                                                                        |       -|  -2.43|    8070176|  2.690e+07|    504386|          -|      16|        no|         -|         -|             -|             -|    -|
    |     o PE_wrapper_5_5_x0_loop_3                                                                                       |       -|  -2.43|     504384|  1.681e+06|     15762|          -|      32|        no|         -|         -|             -|             -|    -|
    |      o PE_wrapper_5_5_x0_loop_4                                                                                      |       -|  -2.43|      15760|  5.253e+04|      1970|          -|       8|        no|         -|         -|             -|             -|    -|
    |       o PE_wrapper_5_5_x0_loop_5                                                                                     |       -|  -2.43|       1968|  6.559e+03|       246|          -|       8|        no|         -|         -|             -|             -|    -|
    |        o PE_wrapper_5_5_x0_loop_6                                                                                    |       -|  -2.43|         32|    106.656|         1|          -|      32|        no|         -|         -|             -|             -|    -|
    |        o PE_wrapper_5_5_x0_loop_7                                                                                    |       -|  -2.43|         32|    106.656|         1|          -|      32|        no|         -|         -|             -|             -|    -|
    |        o PE_wrapper_5_5_x0_loop_8                                                                                    |       -|  -2.43|        160|    533.280|         5|          -|      32|        no|         -|         -|             -|             -|    -|
    |  + grp_PE_wrapper_6_4_x0_fu_2686                                                                                     |       -|  -0.53|  129122849|  4.304e+08|         -|  129122849|       -|        no|         -|   1 (~0%)|    2164 (~0%)|     951 (~0%)|    -|
    |   o PE_wrapper_6_4_x0_loop_1                                                                                         |       -|  -2.43|  129122848|  4.304e+08|   8070178|          -|      16|        no|         -|         -|             -|             -|    -|
    |    o PE_wrapper_6_4_x0_loop_2                                                                                        |       -|  -2.43|    8070176|  2.690e+07|    504386|          -|      16|        no|         -|         -|             -|             -|    -|
    |     o PE_wrapper_6_4_x0_loop_3                                                                                       |       -|  -2.43|     504384|  1.681e+06|     15762|          -|      32|        no|         -|         -|             -|             -|    -|
    |      o PE_wrapper_6_4_x0_loop_4                                                                                      |       -|  -2.43|      15760|  5.253e+04|      1970|          -|       8|        no|         -|         -|             -|             -|    -|
    |       o PE_wrapper_6_4_x0_loop_5                                                                                     |       -|  -2.43|       1968|  6.559e+03|       246|          -|       8|        no|         -|         -|             -|             -|    -|
    |        o PE_wrapper_6_4_x0_loop_6                                                                                    |       -|  -2.43|         32|    106.656|         1|          -|      32|        no|         -|         -|             -|             -|    -|
    |        o PE_wrapper_6_4_x0_loop_7                                                                                    |       -|  -2.43|         32|    106.656|         1|          -|      32|        no|         -|         -|             -|             -|    -|
    |        o PE_wrapper_6_4_x0_loop_8                                                                                    |       -|  -2.43|        160|    533.280|         5|          -|      32|        no|         -|         -|             -|             -|    -|
    |  + grp_PE_wrapper_7_3_x0_fu_2695                                                                                     |       -|  -0.53|  129122849|  4.304e+08|         -|  129122849|       -|        no|         -|   1 (~0%)|    2164 (~0%)|     951 (~0%)|    -|
    |   o PE_wrapper_7_3_x0_loop_1                                                                                         |       -|  -2.43|  129122848|  4.304e+08|   8070178|          -|      16|        no|         -|         -|             -|             -|    -|
    |    o PE_wrapper_7_3_x0_loop_2                                                                                        |       -|  -2.43|    8070176|  2.690e+07|    504386|          -|      16|        no|         -|         -|             -|             -|    -|
    |     o PE_wrapper_7_3_x0_loop_3                                                                                       |       -|  -2.43|     504384|  1.681e+06|     15762|          -|      32|        no|         -|         -|             -|             -|    -|
    |      o PE_wrapper_7_3_x0_loop_4                                                                                      |       -|  -2.43|      15760|  5.253e+04|      1970|          -|       8|        no|         -|         -|             -|             -|    -|
    |       o PE_wrapper_7_3_x0_loop_5                                                                                     |       -|  -2.43|       1968|  6.559e+03|       246|          -|       8|        no|         -|         -|             -|             -|    -|
    |        o PE_wrapper_7_3_x0_loop_6                                                                                    |       -|  -2.43|         32|    106.656|         1|          -|      32|        no|         -|         -|             -|             -|    -|
    |        o PE_wrapper_7_3_x0_loop_7                                                                                    |       -|  -2.43|         32|    106.656|         1|          -|      32|        no|         -|         -|             -|             -|    -|
    |        o PE_wrapper_7_3_x0_loop_8                                                                                    |       -|  -2.43|        160|    533.280|         5|          -|      32|        no|         -|         -|             -|             -|    -|
    |  + grp_PE_wrapper_4_7_x0_fu_2704                                                                                     |       -|  -0.53|  129122849|  4.304e+08|         -|  129122849|       -|        no|         -|   1 (~0%)|    2164 (~0%)|     951 (~0%)|    -|
    |   o PE_wrapper_4_7_x0_loop_1                                                                                         |       -|  -2.43|  129122848|  4.304e+08|   8070178|          -|      16|        no|         -|         -|             -|             -|    -|
    |    o PE_wrapper_4_7_x0_loop_2                                                                                        |       -|  -2.43|    8070176|  2.690e+07|    504386|          -|      16|        no|         -|         -|             -|             -|    -|
    |     o PE_wrapper_4_7_x0_loop_3                                                                                       |       -|  -2.43|     504384|  1.681e+06|     15762|          -|      32|        no|         -|         -|             -|             -|    -|
    |      o PE_wrapper_4_7_x0_loop_4                                                                                      |       -|  -2.43|      15760|  5.253e+04|      1970|          -|       8|        no|         -|         -|             -|             -|    -|
    |       o PE_wrapper_4_7_x0_loop_5                                                                                     |       -|  -2.43|       1968|  6.559e+03|       246|          -|       8|        no|         -|         -|             -|             -|    -|
    |        o PE_wrapper_4_7_x0_loop_6                                                                                    |       -|  -2.43|         32|    106.656|         1|          -|      32|        no|         -|         -|             -|             -|    -|
    |        o PE_wrapper_4_7_x0_loop_7                                                                                    |       -|  -2.43|         32|    106.656|         1|          -|      32|        no|         -|         -|             -|             -|    -|
    |        o PE_wrapper_4_7_x0_loop_8                                                                                    |       -|  -2.43|        160|    533.280|         5|          -|      32|        no|         -|         -|             -|             -|    -|
    |  + grp_PE_wrapper_5_6_x0_fu_2713                                                                                     |       -|  -0.53|  129122849|  4.304e+08|         -|  129122849|       -|        no|         -|   1 (~0%)|    2164 (~0%)|     951 (~0%)|    -|
    |   o PE_wrapper_5_6_x0_loop_1                                                                                         |       -|  -2.43|  129122848|  4.304e+08|   8070178|          -|      16|        no|         -|         -|             -|             -|    -|
    |    o PE_wrapper_5_6_x0_loop_2                                                                                        |       -|  -2.43|    8070176|  2.690e+07|    504386|          -|      16|        no|         -|         -|             -|             -|    -|
    |     o PE_wrapper_5_6_x0_loop_3                                                                                       |       -|  -2.43|     504384|  1.681e+06|     15762|          -|      32|        no|         -|         -|             -|             -|    -|
    |      o PE_wrapper_5_6_x0_loop_4                                                                                      |       -|  -2.43|      15760|  5.253e+04|      1970|          -|       8|        no|         -|         -|             -|             -|    -|
    |       o PE_wrapper_5_6_x0_loop_5                                                                                     |       -|  -2.43|       1968|  6.559e+03|       246|          -|       8|        no|         -|         -|             -|             -|    -|
    |        o PE_wrapper_5_6_x0_loop_6                                                                                    |       -|  -2.43|         32|    106.656|         1|          -|      32|        no|         -|         -|             -|             -|    -|
    |        o PE_wrapper_5_6_x0_loop_7                                                                                    |       -|  -2.43|         32|    106.656|         1|          -|      32|        no|         -|         -|             -|             -|    -|
    |        o PE_wrapper_5_6_x0_loop_8                                                                                    |       -|  -2.43|        160|    533.280|         5|          -|      32|        no|         -|         -|             -|             -|    -|
    |  + grp_PE_wrapper_6_5_x0_fu_2722                                                                                     |       -|  -0.53|  129122849|  4.304e+08|         -|  129122849|       -|        no|         -|   1 (~0%)|    2164 (~0%)|     951 (~0%)|    -|
    |   o PE_wrapper_6_5_x0_loop_1                                                                                         |       -|  -2.43|  129122848|  4.304e+08|   8070178|          -|      16|        no|         -|         -|             -|             -|    -|
    |    o PE_wrapper_6_5_x0_loop_2                                                                                        |       -|  -2.43|    8070176|  2.690e+07|    504386|          -|      16|        no|         -|         -|             -|             -|    -|
    |     o PE_wrapper_6_5_x0_loop_3                                                                                       |       -|  -2.43|     504384|  1.681e+06|     15762|          -|      32|        no|         -|         -|             -|             -|    -|
    |      o PE_wrapper_6_5_x0_loop_4                                                                                      |       -|  -2.43|      15760|  5.253e+04|      1970|          -|       8|        no|         -|         -|             -|             -|    -|
    |       o PE_wrapper_6_5_x0_loop_5                                                                                     |       -|  -2.43|       1968|  6.559e+03|       246|          -|       8|        no|         -|         -|             -|             -|    -|
    |        o PE_wrapper_6_5_x0_loop_6                                                                                    |       -|  -2.43|         32|    106.656|         1|          -|      32|        no|         -|         -|             -|             -|    -|
    |        o PE_wrapper_6_5_x0_loop_7                                                                                    |       -|  -2.43|         32|    106.656|         1|          -|      32|        no|         -|         -|             -|             -|    -|
    |        o PE_wrapper_6_5_x0_loop_8                                                                                    |       -|  -2.43|        160|    533.280|         5|          -|      32|        no|         -|         -|             -|             -|    -|
    |  + grp_PE_wrapper_7_4_x0_fu_2731                                                                                     |       -|  -0.53|  129122849|  4.304e+08|         -|  129122849|       -|        no|         -|   1 (~0%)|    2164 (~0%)|     951 (~0%)|    -|
    |   o PE_wrapper_7_4_x0_loop_1                                                                                         |       -|  -2.43|  129122848|  4.304e+08|   8070178|          -|      16|        no|         -|         -|             -|             -|    -|
    |    o PE_wrapper_7_4_x0_loop_2                                                                                        |       -|  -2.43|    8070176|  2.690e+07|    504386|          -|      16|        no|         -|         -|             -|             -|    -|
    |     o PE_wrapper_7_4_x0_loop_3                                                                                       |       -|  -2.43|     504384|  1.681e+06|     15762|          -|      32|        no|         -|         -|             -|             -|    -|
    |      o PE_wrapper_7_4_x0_loop_4                                                                                      |       -|  -2.43|      15760|  5.253e+04|      1970|          -|       8|        no|         -|         -|             -|             -|    -|
    |       o PE_wrapper_7_4_x0_loop_5                                                                                     |       -|  -2.43|       1968|  6.559e+03|       246|          -|       8|        no|         -|         -|             -|             -|    -|
    |        o PE_wrapper_7_4_x0_loop_6                                                                                    |       -|  -2.43|         32|    106.656|         1|          -|      32|        no|         -|         -|             -|             -|    -|
    |        o PE_wrapper_7_4_x0_loop_7                                                                                    |       -|  -2.43|         32|    106.656|         1|          -|      32|        no|         -|         -|             -|             -|    -|
    |        o PE_wrapper_7_4_x0_loop_8                                                                                    |       -|  -2.43|        160|    533.280|         5|          -|      32|        no|         -|         -|             -|             -|    -|
    |  + grp_PE_wrapper_5_7_x0_fu_2740                                                                                     |       -|  -0.53|  129122849|  4.304e+08|         -|  129122849|       -|        no|         -|   1 (~0%)|    2164 (~0%)|     951 (~0%)|    -|
    |   o PE_wrapper_5_7_x0_loop_1                                                                                         |       -|  -2.43|  129122848|  4.304e+08|   8070178|          -|      16|        no|         -|         -|             -|             -|    -|
    |    o PE_wrapper_5_7_x0_loop_2                                                                                        |       -|  -2.43|    8070176|  2.690e+07|    504386|          -|      16|        no|         -|         -|             -|             -|    -|
    |     o PE_wrapper_5_7_x0_loop_3                                                                                       |       -|  -2.43|     504384|  1.681e+06|     15762|          -|      32|        no|         -|         -|             -|             -|    -|
    |      o PE_wrapper_5_7_x0_loop_4                                                                                      |       -|  -2.43|      15760|  5.253e+04|      1970|          -|       8|        no|         -|         -|             -|             -|    -|
    |       o PE_wrapper_5_7_x0_loop_5                                                                                     |       -|  -2.43|       1968|  6.559e+03|       246|          -|       8|        no|         -|         -|             -|             -|    -|
    |        o PE_wrapper_5_7_x0_loop_6                                                                                    |       -|  -2.43|         32|    106.656|         1|          -|      32|        no|         -|         -|             -|             -|    -|
    |        o PE_wrapper_5_7_x0_loop_7                                                                                    |       -|  -2.43|         32|    106.656|         1|          -|      32|        no|         -|         -|             -|             -|    -|
    |        o PE_wrapper_5_7_x0_loop_8                                                                                    |       -|  -2.43|        160|    533.280|         5|          -|      32|        no|         -|         -|             -|             -|    -|
    |  + grp_PE_wrapper_6_6_x0_fu_2749                                                                                     |       -|  -0.53|  129122849|  4.304e+08|         -|  129122849|       -|        no|         -|   1 (~0%)|    2164 (~0%)|     951 (~0%)|    -|
    |   o PE_wrapper_6_6_x0_loop_1                                                                                         |       -|  -2.43|  129122848|  4.304e+08|   8070178|          -|      16|        no|         -|         -|             -|             -|    -|
    |    o PE_wrapper_6_6_x0_loop_2                                                                                        |       -|  -2.43|    8070176|  2.690e+07|    504386|          -|      16|        no|         -|         -|             -|             -|    -|
    |     o PE_wrapper_6_6_x0_loop_3                                                                                       |       -|  -2.43|     504384|  1.681e+06|     15762|          -|      32|        no|         -|         -|             -|             -|    -|
    |      o PE_wrapper_6_6_x0_loop_4                                                                                      |       -|  -2.43|      15760|  5.253e+04|      1970|          -|       8|        no|         -|         -|             -|             -|    -|
    |       o PE_wrapper_6_6_x0_loop_5                                                                                     |       -|  -2.43|       1968|  6.559e+03|       246|          -|       8|        no|         -|         -|             -|             -|    -|
    |        o PE_wrapper_6_6_x0_loop_6                                                                                    |       -|  -2.43|         32|    106.656|         1|          -|      32|        no|         -|         -|             -|             -|    -|
    |        o PE_wrapper_6_6_x0_loop_7                                                                                    |       -|  -2.43|         32|    106.656|         1|          -|      32|        no|         -|         -|             -|             -|    -|
    |        o PE_wrapper_6_6_x0_loop_8                                                                                    |       -|  -2.43|        160|    533.280|         5|          -|      32|        no|         -|         -|             -|             -|    -|
    |  + grp_PE_wrapper_7_5_x0_fu_2758                                                                                     |       -|  -0.53|  129122849|  4.304e+08|         -|  129122849|       -|        no|         -|   1 (~0%)|    2164 (~0%)|     951 (~0%)|    -|
    |   o PE_wrapper_7_5_x0_loop_1                                                                                         |       -|  -2.43|  129122848|  4.304e+08|   8070178|          -|      16|        no|         -|         -|             -|             -|    -|
    |    o PE_wrapper_7_5_x0_loop_2                                                                                        |       -|  -2.43|    8070176|  2.690e+07|    504386|          -|      16|        no|         -|         -|             -|             -|    -|
    |     o PE_wrapper_7_5_x0_loop_3                                                                                       |       -|  -2.43|     504384|  1.681e+06|     15762|          -|      32|        no|         -|         -|             -|             -|    -|
    |      o PE_wrapper_7_5_x0_loop_4                                                                                      |       -|  -2.43|      15760|  5.253e+04|      1970|          -|       8|        no|         -|         -|             -|             -|    -|
    |       o PE_wrapper_7_5_x0_loop_5                                                                                     |       -|  -2.43|       1968|  6.559e+03|       246|          -|       8|        no|         -|         -|             -|             -|    -|
    |        o PE_wrapper_7_5_x0_loop_6                                                                                    |       -|  -2.43|         32|    106.656|         1|          -|      32|        no|         -|         -|             -|             -|    -|
    |        o PE_wrapper_7_5_x0_loop_7                                                                                    |       -|  -2.43|         32|    106.656|         1|          -|      32|        no|         -|         -|             -|             -|    -|
    |        o PE_wrapper_7_5_x0_loop_8                                                                                    |       -|  -2.43|        160|    533.280|         5|          -|      32|        no|         -|         -|             -|             -|    -|
    |  + grp_PE_wrapper_6_7_x0_fu_2767                                                                                     |       -|  -0.53|  129122849|  4.304e+08|         -|  129122849|       -|        no|         -|   1 (~0%)|    2164 (~0%)|     951 (~0%)|    -|
    |   o PE_wrapper_6_7_x0_loop_1                                                                                         |       -|  -2.43|  129122848|  4.304e+08|   8070178|          -|      16|        no|         -|         -|             -|             -|    -|
    |    o PE_wrapper_6_7_x0_loop_2                                                                                        |       -|  -2.43|    8070176|  2.690e+07|    504386|          -|      16|        no|         -|         -|             -|             -|    -|
    |     o PE_wrapper_6_7_x0_loop_3                                                                                       |       -|  -2.43|     504384|  1.681e+06|     15762|          -|      32|        no|         -|         -|             -|             -|    -|
    |      o PE_wrapper_6_7_x0_loop_4                                                                                      |       -|  -2.43|      15760|  5.253e+04|      1970|          -|       8|        no|         -|         -|             -|             -|    -|
    |       o PE_wrapper_6_7_x0_loop_5                                                                                     |       -|  -2.43|       1968|  6.559e+03|       246|          -|       8|        no|         -|         -|             -|             -|    -|
    |        o PE_wrapper_6_7_x0_loop_6                                                                                    |       -|  -2.43|         32|    106.656|         1|          -|      32|        no|         -|         -|             -|             -|    -|
    |        o PE_wrapper_6_7_x0_loop_7                                                                                    |       -|  -2.43|         32|    106.656|         1|          -|      32|        no|         -|         -|             -|             -|    -|
    |        o PE_wrapper_6_7_x0_loop_8                                                                                    |       -|  -2.43|        160|    533.280|         5|          -|      32|        no|         -|         -|             -|             -|    -|
    |  + grp_PE_wrapper_7_6_x0_fu_2776                                                                                     |       -|  -0.53|  129122849|  4.304e+08|         -|  129122849|       -|        no|         -|   1 (~0%)|    2164 (~0%)|     951 (~0%)|    -|
    |   o PE_wrapper_7_6_x0_loop_1                                                                                         |       -|  -2.43|  129122848|  4.304e+08|   8070178|          -|      16|        no|         -|         -|             -|             -|    -|
    |    o PE_wrapper_7_6_x0_loop_2                                                                                        |       -|  -2.43|    8070176|  2.690e+07|    504386|          -|      16|        no|         -|         -|             -|             -|    -|
    |     o PE_wrapper_7_6_x0_loop_3                                                                                       |       -|  -2.43|     504384|  1.681e+06|     15762|          -|      32|        no|         -|         -|             -|             -|    -|
    |      o PE_wrapper_7_6_x0_loop_4                                                                                      |       -|  -2.43|      15760|  5.253e+04|      1970|          -|       8|        no|         -|         -|             -|             -|    -|
    |       o PE_wrapper_7_6_x0_loop_5                                                                                     |       -|  -2.43|       1968|  6.559e+03|       246|          -|       8|        no|         -|         -|             -|             -|    -|
    |        o PE_wrapper_7_6_x0_loop_6                                                                                    |       -|  -2.43|         32|    106.656|         1|          -|      32|        no|         -|         -|             -|             -|    -|
    |        o PE_wrapper_7_6_x0_loop_7                                                                                    |       -|  -2.43|         32|    106.656|         1|          -|      32|        no|         -|         -|             -|             -|    -|
    |        o PE_wrapper_7_6_x0_loop_8                                                                                    |       -|  -2.43|        160|    533.280|         5|          -|      32|        no|         -|         -|             -|             -|    -|
    |  + grp_PE_wrapper_7_7_x0_fu_2785                                                                                     |       -|  -0.53|  129122849|  4.304e+08|         -|  129122849|       -|        no|         -|   1 (~0%)|    2164 (~0%)|     951 (~0%)|    -|
    |   o PE_wrapper_7_7_x0_loop_1                                                                                         |       -|  -2.43|  129122848|  4.304e+08|   8070178|          -|      16|        no|         -|         -|             -|             -|    -|
    |    o PE_wrapper_7_7_x0_loop_2                                                                                        |       -|  -2.43|    8070176|  2.690e+07|    504386|          -|      16|        no|         -|         -|             -|             -|    -|
    |     o PE_wrapper_7_7_x0_loop_3                                                                                       |       -|  -2.43|     504384|  1.681e+06|     15762|          -|      32|        no|         -|         -|             -|             -|    -|
    |      o PE_wrapper_7_7_x0_loop_4                                                                                      |       -|  -2.43|      15760|  5.253e+04|      1970|          -|       8|        no|         -|         -|             -|             -|    -|
    |       o PE_wrapper_7_7_x0_loop_5                                                                                     |       -|  -2.43|       1968|  6.559e+03|       246|          -|       8|        no|         -|         -|             -|             -|    -|
    |        o PE_wrapper_7_7_x0_loop_6                                                                                    |       -|  -2.43|         32|    106.656|         1|          -|      32|        no|         -|         -|             -|             -|    -|
    |        o PE_wrapper_7_7_x0_loop_7                                                                                    |       -|  -2.43|         32|    106.656|         1|          -|      32|        no|         -|         -|             -|             -|    -|
    |        o PE_wrapper_7_7_x0_loop_8                                                                                    |       -|  -2.43|        160|    533.280|         5|          -|      32|        no|         -|         -|             -|             -|    -|
    |  + grp_B_IO_L2_in_1_x0_fu_2794                                                                                       |  Timing|   0.00|    1147011|  3.823e+06|         -|    1147011|       -|        no|  16 (~0%)|         -|    1178 (~0%)|     802 (~0%)|    -|
    |   o B_IO_L2_in_1_x0_loop_1_B_IO_L2_in_1_x0_loop_2_B_IO_L2_in_1_x0_loop_3                                             |       -|  -2.43|    1146880|  3.823e+06|       140|          -|    8192|        no|         -|         -|             -|             -|    -|
    |    o B_IO_L2_in_1_x0_loop_4                                                                                          |       -|  -2.43|         63|    209.979|         9|          9|       7|       yes|         -|         -|             -|             -|    -|
    |    o B_IO_L2_in_1_x0_loop_7                                                                                          |       -|  -2.43|         72|    239.976|         9|          9|       8|       yes|         -|         -|             -|             -|    -|
    |    o B_IO_L2_in_1_x0_loop_9                                                                                          |       -|  -2.43|         63|    209.979|         9|          9|       7|       yes|         -|         -|             -|             -|    -|
    |    o B_IO_L2_in_1_x0_loop_12                                                                                         |       -|  -2.43|         72|    239.976|         9|          9|       8|       yes|         -|         -|             -|             -|    -|
    |   o B_IO_L2_in_1_x0_loop_14_B_IO_L2_in_1_x0_loop_15                                                                  |       -|  -2.43|        128|    426.624|         2|          2|      64|       yes|         -|         -|             -|             -|    -|
    |  + grp_B_IO_L2_in_2_x0_fu_2801                                                                                       |  Timing|   0.00|    1073283|  3.577e+06|         -|    1073283|       -|        no|  16 (~0%)|         -|    1178 (~0%)|     802 (~0%)|    -|
    |   o B_IO_L2_in_2_x0_loop_1_B_IO_L2_in_2_x0_loop_2_B_IO_L2_in_2_x0_loop_3                                             |       -|  -2.43|    1073152|  3.577e+06|       131|          -|    8192|        no|         -|         -|             -|             -|    -|
    |    o B_IO_L2_in_2_x0_loop_4                                                                                          |       -|  -2.43|         54|    179.982|         9|          9|       6|       yes|         -|         -|             -|             -|    -|
    |    o B_IO_L2_in_2_x0_loop_7                                                                                          |       -|  -2.43|         72|    239.976|         9|          9|       8|       yes|         -|         -|             -|             -|    -|
    |    o B_IO_L2_in_2_x0_loop_9                                                                                          |       -|  -2.43|         54|    179.982|         9|          9|       6|       yes|         -|         -|             -|             -|    -|
    |    o B_IO_L2_in_2_x0_loop_12                                                                                         |       -|  -2.43|         72|    239.976|         9|          9|       8|       yes|         -|         -|             -|             -|    -|
    |   o B_IO_L2_in_2_x0_loop_14_B_IO_L2_in_2_x0_loop_15                                                                  |       -|  -2.43|        128|    426.624|         2|          2|      64|       yes|         -|         -|             -|             -|    -|
    |  + grp_B_IO_L2_in_3_x0_fu_2808                                                                                       |  Timing|   0.00|     999555|  3.332e+06|         -|     999555|       -|        no|  16 (~0%)|         -|    1178 (~0%)|     802 (~0%)|    -|
    |   o B_IO_L2_in_3_x0_loop_1_B_IO_L2_in_3_x0_loop_2_B_IO_L2_in_3_x0_loop_3                                             |       -|  -2.43|     999424|  3.331e+06|       122|          -|    8192|        no|         -|         -|             -|             -|    -|
    |    o B_IO_L2_in_3_x0_loop_4                                                                                          |       -|  -2.43|         45|    149.985|         9|          9|       5|       yes|         -|         -|             -|             -|    -|
    |    o B_IO_L2_in_3_x0_loop_7                                                                                          |       -|  -2.43|         72|    239.976|         9|          9|       8|       yes|         -|         -|             -|             -|    -|
    |    o B_IO_L2_in_3_x0_loop_9                                                                                          |       -|  -2.43|         45|    149.985|         9|          9|       5|       yes|         -|         -|             -|             -|    -|
    |    o B_IO_L2_in_3_x0_loop_12                                                                                         |       -|  -2.43|         72|    239.976|         9|          9|       8|       yes|         -|         -|             -|             -|    -|
    |   o B_IO_L2_in_3_x0_loop_14_B_IO_L2_in_3_x0_loop_15                                                                  |       -|  -2.43|        128|    426.624|         2|          2|      64|       yes|         -|         -|             -|             -|    -|
    |  + grp_B_IO_L2_in_4_x0_fu_2815                                                                                       |  Timing|   0.00|     925827|  3.086e+06|         -|     925827|       -|        no|  16 (~0%)|         -|    1178 (~0%)|     802 (~0%)|    -|
    |   o B_IO_L2_in_4_x0_loop_1_B_IO_L2_in_4_x0_loop_2_B_IO_L2_in_4_x0_loop_3                                             |       -|  -2.43|     925696|  3.085e+06|       113|          -|    8192|        no|         -|         -|             -|             -|    -|
    |    o B_IO_L2_in_4_x0_loop_4                                                                                          |       -|  -2.43|         36|    119.988|         9|          9|       4|       yes|         -|         -|             -|             -|    -|
    |    o B_IO_L2_in_4_x0_loop_7                                                                                          |       -|  -2.43|         72|    239.976|         9|          9|       8|       yes|         -|         -|             -|             -|    -|
    |    o B_IO_L2_in_4_x0_loop_9                                                                                          |       -|  -2.43|         36|    119.988|         9|          9|       4|       yes|         -|         -|             -|             -|    -|
    |    o B_IO_L2_in_4_x0_loop_12                                                                                         |       -|  -2.43|         72|    239.976|         9|          9|       8|       yes|         -|         -|             -|             -|    -|
    |   o B_IO_L2_in_4_x0_loop_14_B_IO_L2_in_4_x0_loop_15                                                                  |       -|  -2.43|        128|    426.624|         2|          2|      64|       yes|         -|         -|             -|             -|    -|
    |  + grp_B_IO_L2_in_5_x0_fu_2822                                                                                       |  Timing|   0.00|     852099|  2.840e+06|         -|     852099|       -|        no|  16 (~0%)|         -|    1178 (~0%)|     802 (~0%)|    -|
    |   o B_IO_L2_in_5_x0_loop_1_B_IO_L2_in_5_x0_loop_2_B_IO_L2_in_5_x0_loop_3                                             |       -|  -2.43|     851968|  2.840e+06|       104|          -|    8192|        no|         -|         -|             -|             -|    -|
    |    o B_IO_L2_in_5_x0_loop_4                                                                                          |       -|  -2.43|         27|     89.991|         9|          9|       3|       yes|         -|         -|             -|             -|    -|
    |    o B_IO_L2_in_5_x0_loop_7                                                                                          |       -|  -2.43|         72|    239.976|         9|          9|       8|       yes|         -|         -|             -|             -|    -|
    |    o B_IO_L2_in_5_x0_loop_9                                                                                          |       -|  -2.43|         27|     89.991|         9|          9|       3|       yes|         -|         -|             -|             -|    -|
    |    o B_IO_L2_in_5_x0_loop_12                                                                                         |       -|  -2.43|         72|    239.976|         9|          9|       8|       yes|         -|         -|             -|             -|    -|
    |   o B_IO_L2_in_5_x0_loop_14_B_IO_L2_in_5_x0_loop_15                                                                  |       -|  -2.43|        128|    426.624|         2|          2|      64|       yes|         -|         -|             -|             -|    -|
    |  + grp_B_IO_L2_in_6_x0_fu_2829                                                                                       |  Timing|   0.00|     778371|  2.594e+06|         -|     778371|       -|        no|  16 (~0%)|         -|    1178 (~0%)|     802 (~0%)|    -|
    |   o B_IO_L2_in_6_x0_loop_1_B_IO_L2_in_6_x0_loop_2_B_IO_L2_in_6_x0_loop_3                                             |       -|  -2.43|     778240|  2.594e+06|        95|          -|    8192|        no|         -|         -|             -|             -|    -|
    |    o B_IO_L2_in_6_x0_loop_4                                                                                          |       -|  -2.43|         18|     59.994|         9|          9|       2|       yes|         -|         -|             -|             -|    -|
    |    o B_IO_L2_in_6_x0_loop_7                                                                                          |       -|  -2.43|         72|    239.976|         9|          9|       8|       yes|         -|         -|             -|             -|    -|
    |    o B_IO_L2_in_6_x0_loop_9                                                                                          |       -|  -2.43|         18|     59.994|         9|          9|       2|       yes|         -|         -|             -|             -|    -|
    |    o B_IO_L2_in_6_x0_loop_12                                                                                         |       -|  -2.43|         72|    239.976|         9|          9|       8|       yes|         -|         -|             -|             -|    -|
    |   o B_IO_L2_in_6_x0_loop_14_B_IO_L2_in_6_x0_loop_15                                                                  |       -|  -2.43|        128|    426.624|         2|          2|      64|       yes|         -|         -|             -|             -|    -|
    |  + grp_B_IO_L2_in_0_x0_fu_2836                                                                                       |  Timing|   0.00|    1220739|  4.069e+06|         -|    1220739|       -|        no|  16 (~0%)|         -|    1186 (~0%)|     802 (~0%)|    -|
    |   o B_IO_L2_in_0_x0_loop_1_B_IO_L2_in_0_x0_loop_2_B_IO_L2_in_0_x0_loop_3                                             |       -|  -2.43|    1220608|  4.068e+06|       149|          -|    8192|        no|         -|         -|             -|             -|    -|
    |    o B_IO_L2_in_0_x0_loop_4                                                                                          |       -|  -2.43|         72|    239.976|         9|          9|       8|       yes|         -|         -|             -|             -|    -|
    |    o B_IO_L2_in_0_x0_loop_7                                                                                          |       -|  -2.43|         72|    239.976|         9|          9|       8|       yes|         -|         -|             -|             -|    -|
    |    o B_IO_L2_in_0_x0_loop_9                                                                                          |       -|  -2.43|         72|    239.976|         9|          9|       8|       yes|         -|         -|             -|             -|    -|
    |    o B_IO_L2_in_0_x0_loop_12                                                                                         |       -|  -2.43|         72|    239.976|         9|          9|       8|       yes|         -|         -|             -|             -|    -|
    |   o B_IO_L2_in_0_x0_loop_14_B_IO_L2_in_0_x0_loop_15                                                                  |       -|  -2.43|        128|    426.624|         2|          2|      64|       yes|         -|         -|             -|             -|    -|
    |  + grp_C_drain_IO_L3_out_serialize_x0_fu_2843                                                                        |  Timing|   0.00|      16455|  5.484e+04|         -|      16455|       -|        no|         -|         -|     675 (~0%)|     471 (~0%)|    -|
    |   o C_drain_IO_L3_out_serialize_x0_loop_1                                                                            |       -|  -2.43|      16385|  5.461e+04|         6|          4|    4096|       yes|         -|         -|             -|             -|    -|
    |  + grp_B_IO_L2_in_boundary_x0_fu_2851                                                                                |       -|  -0.02|     630874|  2.103e+06|         -|     630874|       -|        no|  16 (~0%)|         -|     654 (~0%)|     718 (~0%)|    -|
    |   o B_IO_L2_in_boundary_x0_loop_1_B_IO_L2_in_boundary_x0_loop_2_B_IO_L2_in_boundary_x0_loop_3                        |       -|  -2.43|     630784|  2.102e+06|        77|          -|    8192|        no|         -|         -|             -|             -|    -|
    |    o B_IO_L2_in_boundary_x0_loop_5                                                                                   |       -|  -2.43|          8|     26.664|         2|          1|       8|       yes|         -|         -|             -|             -|    -|
    |    o B_IO_L2_in_boundary_x0_loop_6_B_IO_L2_in_boundary_x0_loop_7                                                     |       -|  -2.43|         64|    213.312|         2|          1|      64|       yes|         -|         -|             -|             -|    -|
    |    o B_IO_L2_in_boundary_x0_loop_9                                                                                   |       -|  -2.43|          8|     26.664|         2|          1|       8|       yes|         -|         -|             -|             -|    -|
    |    o B_IO_L2_in_boundary_x0_loop_10_B_IO_L2_in_boundary_x0_loop_11                                                   |       -|  -2.43|         64|    213.312|         2|          1|      64|       yes|         -|         -|             -|             -|    -|
    |   o B_IO_L2_in_boundary_x0_loop_12                                                                                   |       -|  -2.43|         88|    293.304|        11|          -|       8|        no|         -|         -|             -|             -|    -|
    |    o B_IO_L2_in_boundary_x0_loop_13                                                                                  |       -|  -2.43|          8|     26.664|         1|          -|       8|        no|         -|         -|             -|             -|    -|
    |  + grp_C_drain_IO_L1_out_boundary_wrapper_0_x0_fu_2857                                                               |  Timing|   0.00|      16386|  5.461e+04|         -|      16386|       -|        no|         -|         -|     984 (~0%)|     452 (~0%)|    -|
    |   o C_drain_IO_L1_out_boundary_wrapper_0_x0_loop_1_C_drain_IO_L1_out_boundary_wrapper_0_x0_loop_2                    |       -|  -2.43|      16384|  5.461e+04|        65|         64|     256|       yes|         -|         -|             -|             -|    -|
    |  + grp_C_drain_IO_L1_out_boundary_wrapper_1_x0_fu_2863                                                               |  Timing|   0.00|      16386|  5.461e+04|         -|      16386|       -|        no|         -|         -|     984 (~0%)|     452 (~0%)|    -|
    |   o C_drain_IO_L1_out_boundary_wrapper_1_x0_loop_1_C_drain_IO_L1_out_boundary_wrapper_1_x0_loop_2                    |       -|  -2.43|      16384|  5.461e+04|        65|         64|     256|       yes|         -|         -|             -|             -|    -|
    |  + grp_C_drain_IO_L1_out_boundary_wrapper_2_x0_fu_2869                                                               |  Timing|   0.00|      16386|  5.461e+04|         -|      16386|       -|        no|         -|         -|     984 (~0%)|     452 (~0%)|    -|
    |   o C_drain_IO_L1_out_boundary_wrapper_2_x0_loop_1_C_drain_IO_L1_out_boundary_wrapper_2_x0_loop_2                    |       -|  -2.43|      16384|  5.461e+04|        65|         64|     256|       yes|         -|         -|             -|             -|    -|
    |  + grp_C_drain_IO_L1_out_boundary_wrapper_3_x0_fu_2875                                                               |  Timing|   0.00|      16386|  5.461e+04|         -|      16386|       -|        no|         -|         -|     984 (~0%)|     452 (~0%)|    -|
    |   o C_drain_IO_L1_out_boundary_wrapper_3_x0_loop_1_C_drain_IO_L1_out_boundary_wrapper_3_x0_loop_2                    |       -|  -2.43|      16384|  5.461e+04|        65|         64|     256|       yes|         -|         -|             -|             -|    -|
    |  + grp_C_drain_IO_L1_out_boundary_wrapper_4_x0_fu_2881                                                               |  Timing|   0.00|      16386|  5.461e+04|         -|      16386|       -|        no|         -|         -|     984 (~0%)|     452 (~0%)|    -|
    |   o C_drain_IO_L1_out_boundary_wrapper_4_x0_loop_1_C_drain_IO_L1_out_boundary_wrapper_4_x0_loop_2                    |       -|  -2.43|      16384|  5.461e+04|        65|         64|     256|       yes|         -|         -|             -|             -|    -|
    |  + grp_C_drain_IO_L1_out_boundary_wrapper_5_x0_fu_2887                                                               |  Timing|   0.00|      16386|  5.461e+04|         -|      16386|       -|        no|         -|         -|     984 (~0%)|     452 (~0%)|    -|
    |   o C_drain_IO_L1_out_boundary_wrapper_5_x0_loop_1_C_drain_IO_L1_out_boundary_wrapper_5_x0_loop_2                    |       -|  -2.43|      16384|  5.461e+04|        65|         64|     256|       yes|         -|         -|             -|             -|    -|
    |  + grp_C_drain_IO_L1_out_boundary_wrapper_6_x0_fu_2893                                                               |  Timing|   0.00|      16386|  5.461e+04|         -|      16386|       -|        no|         -|         -|     984 (~0%)|     452 (~0%)|    -|
    |   o C_drain_IO_L1_out_boundary_wrapper_6_x0_loop_1_C_drain_IO_L1_out_boundary_wrapper_6_x0_loop_2                    |       -|  -2.43|      16384|  5.461e+04|        65|         64|     256|       yes|         -|         -|             -|             -|    -|
    |  + grp_C_drain_IO_L1_out_boundary_wrapper_7_x0_fu_2899                                                               |  Timing|   0.00|      16386|  5.461e+04|         -|      16386|       -|        no|         -|         -|     984 (~0%)|     452 (~0%)|    -|
    |   o C_drain_IO_L1_out_boundary_wrapper_7_x0_loop_1_C_drain_IO_L1_out_boundary_wrapper_7_x0_loop_2                    |       -|  -2.43|      16384|  5.461e+04|        65|         64|     256|       yes|         -|         -|             -|             -|    -|
    |  + grp_C_drain_IO_L1_out_wrapper_0_6_x0_fu_2905                                                                      |  Timing|   0.00|     276257|  9.208e+05|         -|     276257|       -|        no|         -|         -|     468 (~0%)|     638 (~0%)|    -|
    |   o C_drain_IO_L1_out_wrapper_0_6_x0_loop_1                                                                          |       -|  -2.43|     276256|  9.208e+05|     17266|          -|      16|        no|         -|         -|             -|             -|    -|
    |    o C_drain_IO_L1_out_wrapper_0_6_x0_loop_2                                                                         |       -|  -2.43|      17264|  5.754e+04|      1079|          -|      16|        no|         -|         -|             -|             -|    -|
    |     o C_drain_IO_L1_out_wrapper_0_6_x0_loop_3                                                                        |       -|  -2.43|       1040|  3.466e+03|       130|          -|       8|        no|         -|         -|             -|             -|    -|
    |      o C_drain_IO_L1_out_wrapper_0_6_x0_loop_4                                                                       |       -|  -2.43|        128|    426.624|        16|          -|       8|        no|         -|         -|             -|             -|    -|
    |       o C_drain_IO_L1_out_wrapper_0_6_x0_loop_5                                                                      |       -|  -2.43|          8|     26.664|         1|          -|       8|        no|         -|         -|             -|             -|    -|
    |     o C_drain_IO_L1_out_wrapper_0_6_x0_loop_6                                                                        |       -|  -2.43|         36|    119.988|        18|          -|       2|        no|         -|         -|             -|             -|    -|
    |      o C_drain_IO_L1_out_wrapper_0_6_x0_loop_7                                                                       |       -|  -2.43|         16|     53.328|         2|          -|       8|        no|         -|         -|             -|             -|    -|
    |      o C_drain_IO_L1_out_wrapper_0_6_x0_loop_8                                                                       |       -|  -2.43|         16|     53.328|         2|          -|       8|        no|         -|         -|             -|             -|    -|
    |  + grp_C_drain_IO_L1_out_wrapper_0_5_x0_fu_2912                                                                      |  Timing|   0.00|     280865|  9.361e+05|         -|     280865|       -|        no|         -|         -|     468 (~0%)|     638 (~0%)|    -|
    |   o C_drain_IO_L1_out_wrapper_0_5_x0_loop_1                                                                          |       -|  -2.43|     280864|  9.361e+05|     17554|          -|      16|        no|         -|         -|             -|             -|    -|
    |    o C_drain_IO_L1_out_wrapper_0_5_x0_loop_2                                                                         |       -|  -2.43|      17552|  5.850e+04|      1097|          -|      16|        no|         -|         -|             -|             -|    -|
    |     o C_drain_IO_L1_out_wrapper_0_5_x0_loop_3                                                                        |       -|  -2.43|       1040|  3.466e+03|       130|          -|       8|        no|         -|         -|             -|             -|    -|
    |      o C_drain_IO_L1_out_wrapper_0_5_x0_loop_4                                                                       |       -|  -2.43|        128|    426.624|        16|          -|       8|        no|         -|         -|             -|             -|    -|
    |       o C_drain_IO_L1_out_wrapper_0_5_x0_loop_5                                                                      |       -|  -2.43|          8|     26.664|         1|          -|       8|        no|         -|         -|             -|             -|    -|
    |     o C_drain_IO_L1_out_wrapper_0_5_x0_loop_6                                                                        |       -|  -2.43|         54|    179.982|        18|          -|       3|        no|         -|         -|             -|             -|    -|
    |      o C_drain_IO_L1_out_wrapper_0_5_x0_loop_7                                                                       |       -|  -2.43|         16|     53.328|         2|          -|       8|        no|         -|         -|             -|             -|    -|
    |      o C_drain_IO_L1_out_wrapper_0_5_x0_loop_8                                                                       |       -|  -2.43|         16|     53.328|         2|          -|       8|        no|         -|         -|             -|             -|    -|
    |  + grp_C_drain_IO_L1_out_wrapper_1_6_x0_fu_2919                                                                      |  Timing|   0.00|     276257|  9.208e+05|         -|     276257|       -|        no|         -|         -|     468 (~0%)|     638 (~0%)|    -|
    |   o C_drain_IO_L1_out_wrapper_1_6_x0_loop_1                                                                          |       -|  -2.43|     276256|  9.208e+05|     17266|          -|      16|        no|         -|         -|             -|             -|    -|
    |    o C_drain_IO_L1_out_wrapper_1_6_x0_loop_2                                                                         |       -|  -2.43|      17264|  5.754e+04|      1079|          -|      16|        no|         -|         -|             -|             -|    -|
    |     o C_drain_IO_L1_out_wrapper_1_6_x0_loop_3                                                                        |       -|  -2.43|       1040|  3.466e+03|       130|          -|       8|        no|         -|         -|             -|             -|    -|
    |      o C_drain_IO_L1_out_wrapper_1_6_x0_loop_4                                                                       |       -|  -2.43|        128|    426.624|        16|          -|       8|        no|         -|         -|             -|             -|    -|
    |       o C_drain_IO_L1_out_wrapper_1_6_x0_loop_5                                                                      |       -|  -2.43|          8|     26.664|         1|          -|       8|        no|         -|         -|             -|             -|    -|
    |     o C_drain_IO_L1_out_wrapper_1_6_x0_loop_6                                                                        |       -|  -2.43|         36|    119.988|        18|          -|       2|        no|         -|         -|             -|             -|    -|
    |      o C_drain_IO_L1_out_wrapper_1_6_x0_loop_7                                                                       |       -|  -2.43|         16|     53.328|         2|          -|       8|        no|         -|         -|             -|             -|    -|
    |      o C_drain_IO_L1_out_wrapper_1_6_x0_loop_8                                                                       |       -|  -2.43|         16|     53.328|         2|          -|       8|        no|         -|         -|             -|             -|    -|
    |  + grp_C_drain_IO_L1_out_wrapper_0_4_x0_fu_2926                                                                      |  Timing|   0.00|     285473|  9.515e+05|         -|     285473|       -|        no|         -|         -|     468 (~0%)|     638 (~0%)|    -|
    |   o C_drain_IO_L1_out_wrapper_0_4_x0_loop_1                                                                          |       -|  -2.43|     285472|  9.515e+05|     17842|          -|      16|        no|         -|         -|             -|             -|    -|
    |    o C_drain_IO_L1_out_wrapper_0_4_x0_loop_2                                                                         |       -|  -2.43|      17840|  5.946e+04|      1115|          -|      16|        no|         -|         -|             -|             -|    -|
    |     o C_drain_IO_L1_out_wrapper_0_4_x0_loop_3                                                                        |       -|  -2.43|       1040|  3.466e+03|       130|          -|       8|        no|         -|         -|             -|             -|    -|
    |      o C_drain_IO_L1_out_wrapper_0_4_x0_loop_4                                                                       |       -|  -2.43|        128|    426.624|        16|          -|       8|        no|         -|         -|             -|             -|    -|
    |       o C_drain_IO_L1_out_wrapper_0_4_x0_loop_5                                                                      |       -|  -2.43|          8|     26.664|         1|          -|       8|        no|         -|         -|             -|             -|    -|
    |     o C_drain_IO_L1_out_wrapper_0_4_x0_loop_6                                                                        |       -|  -2.43|         72|    239.976|        18|          -|       4|        no|         -|         -|             -|             -|    -|
    |      o C_drain_IO_L1_out_wrapper_0_4_x0_loop_7                                                                       |       -|  -2.43|         16|     53.328|         2|          -|       8|        no|         -|         -|             -|             -|    -|
    |      o C_drain_IO_L1_out_wrapper_0_4_x0_loop_8                                                                       |       -|  -2.43|         16|     53.328|         2|          -|       8|        no|         -|         -|             -|             -|    -|
    |  + grp_C_drain_IO_L1_out_wrapper_1_5_x0_fu_2933                                                                      |  Timing|   0.00|     280865|  9.361e+05|         -|     280865|       -|        no|         -|         -|     468 (~0%)|     638 (~0%)|    -|
    |   o C_drain_IO_L1_out_wrapper_1_5_x0_loop_1                                                                          |       -|  -2.43|     280864|  9.361e+05|     17554|          -|      16|        no|         -|         -|             -|             -|    -|
    |    o C_drain_IO_L1_out_wrapper_1_5_x0_loop_2                                                                         |       -|  -2.43|      17552|  5.850e+04|      1097|          -|      16|        no|         -|         -|             -|             -|    -|
    |     o C_drain_IO_L1_out_wrapper_1_5_x0_loop_3                                                                        |       -|  -2.43|       1040|  3.466e+03|       130|          -|       8|        no|         -|         -|             -|             -|    -|
    |      o C_drain_IO_L1_out_wrapper_1_5_x0_loop_4                                                                       |       -|  -2.43|        128|    426.624|        16|          -|       8|        no|         -|         -|             -|             -|    -|
    |       o C_drain_IO_L1_out_wrapper_1_5_x0_loop_5                                                                      |       -|  -2.43|          8|     26.664|         1|          -|       8|        no|         -|         -|             -|             -|    -|
    |     o C_drain_IO_L1_out_wrapper_1_5_x0_loop_6                                                                        |       -|  -2.43|         54|    179.982|        18|          -|       3|        no|         -|         -|             -|             -|    -|
    |      o C_drain_IO_L1_out_wrapper_1_5_x0_loop_7                                                                       |       -|  -2.43|         16|     53.328|         2|          -|       8|        no|         -|         -|             -|             -|    -|
    |      o C_drain_IO_L1_out_wrapper_1_5_x0_loop_8                                                                       |       -|  -2.43|         16|     53.328|         2|          -|       8|        no|         -|         -|             -|             -|    -|
    |  + grp_C_drain_IO_L1_out_wrapper_2_6_x0_fu_2940                                                                      |  Timing|   0.00|     276257|  9.208e+05|         -|     276257|       -|        no|         -|         -|     468 (~0%)|     638 (~0%)|    -|
    |   o C_drain_IO_L1_out_wrapper_2_6_x0_loop_1                                                                          |       -|  -2.43|     276256|  9.208e+05|     17266|          -|      16|        no|         -|         -|             -|             -|    -|
    |    o C_drain_IO_L1_out_wrapper_2_6_x0_loop_2                                                                         |       -|  -2.43|      17264|  5.754e+04|      1079|          -|      16|        no|         -|         -|             -|             -|    -|
    |     o C_drain_IO_L1_out_wrapper_2_6_x0_loop_3                                                                        |       -|  -2.43|       1040|  3.466e+03|       130|          -|       8|        no|         -|         -|             -|             -|    -|
    |      o C_drain_IO_L1_out_wrapper_2_6_x0_loop_4                                                                       |       -|  -2.43|        128|    426.624|        16|          -|       8|        no|         -|         -|             -|             -|    -|
    |       o C_drain_IO_L1_out_wrapper_2_6_x0_loop_5                                                                      |       -|  -2.43|          8|     26.664|         1|          -|       8|        no|         -|         -|             -|             -|    -|
    |     o C_drain_IO_L1_out_wrapper_2_6_x0_loop_6                                                                        |       -|  -2.43|         36|    119.988|        18|          -|       2|        no|         -|         -|             -|             -|    -|
    |      o C_drain_IO_L1_out_wrapper_2_6_x0_loop_7                                                                       |       -|  -2.43|         16|     53.328|         2|          -|       8|        no|         -|         -|             -|             -|    -|
    |      o C_drain_IO_L1_out_wrapper_2_6_x0_loop_8                                                                       |       -|  -2.43|         16|     53.328|         2|          -|       8|        no|         -|         -|             -|             -|    -|
    |  + grp_C_drain_IO_L1_out_wrapper_0_3_x0_fu_2947                                                                      |  Timing|   0.00|     290081|  9.668e+05|         -|     290081|       -|        no|         -|         -|     468 (~0%)|     638 (~0%)|    -|
    |   o C_drain_IO_L1_out_wrapper_0_3_x0_loop_1                                                                          |       -|  -2.43|     290080|  9.668e+05|     18130|          -|      16|        no|         -|         -|             -|             -|    -|
    |    o C_drain_IO_L1_out_wrapper_0_3_x0_loop_2                                                                         |       -|  -2.43|      18128|  6.042e+04|      1133|          -|      16|        no|         -|         -|             -|             -|    -|
    |     o C_drain_IO_L1_out_wrapper_0_3_x0_loop_3                                                                        |       -|  -2.43|       1040|  3.466e+03|       130|          -|       8|        no|         -|         -|             -|             -|    -|
    |      o C_drain_IO_L1_out_wrapper_0_3_x0_loop_4                                                                       |       -|  -2.43|        128|    426.624|        16|          -|       8|        no|         -|         -|             -|             -|    -|
    |       o C_drain_IO_L1_out_wrapper_0_3_x0_loop_5                                                                      |       -|  -2.43|          8|     26.664|         1|          -|       8|        no|         -|         -|             -|             -|    -|
    |     o C_drain_IO_L1_out_wrapper_0_3_x0_loop_6                                                                        |       -|  -2.43|         90|    299.970|        18|          -|       5|        no|         -|         -|             -|             -|    -|
    |      o C_drain_IO_L1_out_wrapper_0_3_x0_loop_7                                                                       |       -|  -2.43|         16|     53.328|         2|          -|       8|        no|         -|         -|             -|             -|    -|
    |      o C_drain_IO_L1_out_wrapper_0_3_x0_loop_8                                                                       |       -|  -2.43|         16|     53.328|         2|          -|       8|        no|         -|         -|             -|             -|    -|
    |  + grp_C_drain_IO_L1_out_wrapper_1_4_x0_fu_2954                                                                      |  Timing|   0.00|     285473|  9.515e+05|         -|     285473|       -|        no|         -|         -|     468 (~0%)|     638 (~0%)|    -|
    |   o C_drain_IO_L1_out_wrapper_1_4_x0_loop_1                                                                          |       -|  -2.43|     285472|  9.515e+05|     17842|          -|      16|        no|         -|         -|             -|             -|    -|
    |    o C_drain_IO_L1_out_wrapper_1_4_x0_loop_2                                                                         |       -|  -2.43|      17840|  5.946e+04|      1115|          -|      16|        no|         -|         -|             -|             -|    -|
    |     o C_drain_IO_L1_out_wrapper_1_4_x0_loop_3                                                                        |       -|  -2.43|       1040|  3.466e+03|       130|          -|       8|        no|         -|         -|             -|             -|    -|
    |      o C_drain_IO_L1_out_wrapper_1_4_x0_loop_4                                                                       |       -|  -2.43|        128|    426.624|        16|          -|       8|        no|         -|         -|             -|             -|    -|
    |       o C_drain_IO_L1_out_wrapper_1_4_x0_loop_5                                                                      |       -|  -2.43|          8|     26.664|         1|          -|       8|        no|         -|         -|             -|             -|    -|
    |     o C_drain_IO_L1_out_wrapper_1_4_x0_loop_6                                                                        |       -|  -2.43|         72|    239.976|        18|          -|       4|        no|         -|         -|             -|             -|    -|
    |      o C_drain_IO_L1_out_wrapper_1_4_x0_loop_7                                                                       |       -|  -2.43|         16|     53.328|         2|          -|       8|        no|         -|         -|             -|             -|    -|
    |      o C_drain_IO_L1_out_wrapper_1_4_x0_loop_8                                                                       |       -|  -2.43|         16|     53.328|         2|          -|       8|        no|         -|         -|             -|             -|    -|
    |  + grp_C_drain_IO_L1_out_wrapper_2_5_x0_fu_2961                                                                      |  Timing|   0.00|     280865|  9.361e+05|         -|     280865|       -|        no|         -|         -|     468 (~0%)|     638 (~0%)|    -|
    |   o C_drain_IO_L1_out_wrapper_2_5_x0_loop_1                                                                          |       -|  -2.43|     280864|  9.361e+05|     17554|          -|      16|        no|         -|         -|             -|             -|    -|
    |    o C_drain_IO_L1_out_wrapper_2_5_x0_loop_2                                                                         |       -|  -2.43|      17552|  5.850e+04|      1097|          -|      16|        no|         -|         -|             -|             -|    -|
    |     o C_drain_IO_L1_out_wrapper_2_5_x0_loop_3                                                                        |       -|  -2.43|       1040|  3.466e+03|       130|          -|       8|        no|         -|         -|             -|             -|    -|
    |      o C_drain_IO_L1_out_wrapper_2_5_x0_loop_4                                                                       |       -|  -2.43|        128|    426.624|        16|          -|       8|        no|         -|         -|             -|             -|    -|
    |       o C_drain_IO_L1_out_wrapper_2_5_x0_loop_5                                                                      |       -|  -2.43|          8|     26.664|         1|          -|       8|        no|         -|         -|             -|             -|    -|
    |     o C_drain_IO_L1_out_wrapper_2_5_x0_loop_6                                                                        |       -|  -2.43|         54|    179.982|        18|          -|       3|        no|         -|         -|             -|             -|    -|
    |      o C_drain_IO_L1_out_wrapper_2_5_x0_loop_7                                                                       |       -|  -2.43|         16|     53.328|         2|          -|       8|        no|         -|         -|             -|             -|    -|
    |      o C_drain_IO_L1_out_wrapper_2_5_x0_loop_8                                                                       |       -|  -2.43|         16|     53.328|         2|          -|       8|        no|         -|         -|             -|             -|    -|
    |  + grp_C_drain_IO_L1_out_wrapper_3_6_x0_fu_2968                                                                      |  Timing|   0.00|     276257|  9.208e+05|         -|     276257|       -|        no|         -|         -|     468 (~0%)|     638 (~0%)|    -|
    |   o C_drain_IO_L1_out_wrapper_3_6_x0_loop_1                                                                          |       -|  -2.43|     276256|  9.208e+05|     17266|          -|      16|        no|         -|         -|             -|             -|    -|
    |    o C_drain_IO_L1_out_wrapper_3_6_x0_loop_2                                                                         |       -|  -2.43|      17264|  5.754e+04|      1079|          -|      16|        no|         -|         -|             -|             -|    -|
    |     o C_drain_IO_L1_out_wrapper_3_6_x0_loop_3                                                                        |       -|  -2.43|       1040|  3.466e+03|       130|          -|       8|        no|         -|         -|             -|             -|    -|
    |      o C_drain_IO_L1_out_wrapper_3_6_x0_loop_4                                                                       |       -|  -2.43|        128|    426.624|        16|          -|       8|        no|         -|         -|             -|             -|    -|
    |       o C_drain_IO_L1_out_wrapper_3_6_x0_loop_5                                                                      |       -|  -2.43|          8|     26.664|         1|          -|       8|        no|         -|         -|             -|             -|    -|
    |     o C_drain_IO_L1_out_wrapper_3_6_x0_loop_6                                                                        |       -|  -2.43|         36|    119.988|        18|          -|       2|        no|         -|         -|             -|             -|    -|
    |      o C_drain_IO_L1_out_wrapper_3_6_x0_loop_7                                                                       |       -|  -2.43|         16|     53.328|         2|          -|       8|        no|         -|         -|             -|             -|    -|
    |      o C_drain_IO_L1_out_wrapper_3_6_x0_loop_8                                                                       |       -|  -2.43|         16|     53.328|         2|          -|       8|        no|         -|         -|             -|             -|    -|
    |  + grp_C_drain_IO_L1_out_wrapper_0_2_x0_fu_2975                                                                      |  Timing|   0.00|     294689|  9.822e+05|         -|     294689|       -|        no|         -|         -|     468 (~0%)|     638 (~0%)|    -|
    |   o C_drain_IO_L1_out_wrapper_0_2_x0_loop_1                                                                          |       -|  -2.43|     294688|  9.822e+05|     18418|          -|      16|        no|         -|         -|             -|             -|    -|
    |    o C_drain_IO_L1_out_wrapper_0_2_x0_loop_2                                                                         |       -|  -2.43|      18416|  6.138e+04|      1151|          -|      16|        no|         -|         -|             -|             -|    -|
    |     o C_drain_IO_L1_out_wrapper_0_2_x0_loop_3                                                                        |       -|  -2.43|       1040|  3.466e+03|       130|          -|       8|        no|         -|         -|             -|             -|    -|
    |      o C_drain_IO_L1_out_wrapper_0_2_x0_loop_4                                                                       |       -|  -2.43|        128|    426.624|        16|          -|       8|        no|         -|         -|             -|             -|    -|
    |       o C_drain_IO_L1_out_wrapper_0_2_x0_loop_5                                                                      |       -|  -2.43|          8|     26.664|         1|          -|       8|        no|         -|         -|             -|             -|    -|
    |     o C_drain_IO_L1_out_wrapper_0_2_x0_loop_6                                                                        |       -|  -2.43|        108|    359.964|        18|          -|       6|        no|         -|         -|             -|             -|    -|
    |      o C_drain_IO_L1_out_wrapper_0_2_x0_loop_7                                                                       |       -|  -2.43|         16|     53.328|         2|          -|       8|        no|         -|         -|             -|             -|    -|
    |      o C_drain_IO_L1_out_wrapper_0_2_x0_loop_8                                                                       |       -|  -2.43|         16|     53.328|         2|          -|       8|        no|         -|         -|             -|             -|    -|
    |  + grp_C_drain_IO_L1_out_wrapper_1_3_x0_fu_2982                                                                      |  Timing|   0.00|     290081|  9.668e+05|         -|     290081|       -|        no|         -|         -|     468 (~0%)|     638 (~0%)|    -|
    |   o C_drain_IO_L1_out_wrapper_1_3_x0_loop_1                                                                          |       -|  -2.43|     290080|  9.668e+05|     18130|          -|      16|        no|         -|         -|             -|             -|    -|
    |    o C_drain_IO_L1_out_wrapper_1_3_x0_loop_2                                                                         |       -|  -2.43|      18128|  6.042e+04|      1133|          -|      16|        no|         -|         -|             -|             -|    -|
    |     o C_drain_IO_L1_out_wrapper_1_3_x0_loop_3                                                                        |       -|  -2.43|       1040|  3.466e+03|       130|          -|       8|        no|         -|         -|             -|             -|    -|
    |      o C_drain_IO_L1_out_wrapper_1_3_x0_loop_4                                                                       |       -|  -2.43|        128|    426.624|        16|          -|       8|        no|         -|         -|             -|             -|    -|
    |       o C_drain_IO_L1_out_wrapper_1_3_x0_loop_5                                                                      |       -|  -2.43|          8|     26.664|         1|          -|       8|        no|         -|         -|             -|             -|    -|
    |     o C_drain_IO_L1_out_wrapper_1_3_x0_loop_6                                                                        |       -|  -2.43|         90|    299.970|        18|          -|       5|        no|         -|         -|             -|             -|    -|
    |      o C_drain_IO_L1_out_wrapper_1_3_x0_loop_7                                                                       |       -|  -2.43|         16|     53.328|         2|          -|       8|        no|         -|         -|             -|             -|    -|
    |      o C_drain_IO_L1_out_wrapper_1_3_x0_loop_8                                                                       |       -|  -2.43|         16|     53.328|         2|          -|       8|        no|         -|         -|             -|             -|    -|
    |  + grp_C_drain_IO_L1_out_wrapper_2_4_x0_fu_2989                                                                      |  Timing|   0.00|     285473|  9.515e+05|         -|     285473|       -|        no|         -|         -|     468 (~0%)|     638 (~0%)|    -|
    |   o C_drain_IO_L1_out_wrapper_2_4_x0_loop_1                                                                          |       -|  -2.43|     285472|  9.515e+05|     17842|          -|      16|        no|         -|         -|             -|             -|    -|
    |    o C_drain_IO_L1_out_wrapper_2_4_x0_loop_2                                                                         |       -|  -2.43|      17840|  5.946e+04|      1115|          -|      16|        no|         -|         -|             -|             -|    -|
    |     o C_drain_IO_L1_out_wrapper_2_4_x0_loop_3                                                                        |       -|  -2.43|       1040|  3.466e+03|       130|          -|       8|        no|         -|         -|             -|             -|    -|
    |      o C_drain_IO_L1_out_wrapper_2_4_x0_loop_4                                                                       |       -|  -2.43|        128|    426.624|        16|          -|       8|        no|         -|         -|             -|             -|    -|
    |       o C_drain_IO_L1_out_wrapper_2_4_x0_loop_5                                                                      |       -|  -2.43|          8|     26.664|         1|          -|       8|        no|         -|         -|             -|             -|    -|
    |     o C_drain_IO_L1_out_wrapper_2_4_x0_loop_6                                                                        |       -|  -2.43|         72|    239.976|        18|          -|       4|        no|         -|         -|             -|             -|    -|
    |      o C_drain_IO_L1_out_wrapper_2_4_x0_loop_7                                                                       |       -|  -2.43|         16|     53.328|         2|          -|       8|        no|         -|         -|             -|             -|    -|
    |      o C_drain_IO_L1_out_wrapper_2_4_x0_loop_8                                                                       |       -|  -2.43|         16|     53.328|         2|          -|       8|        no|         -|         -|             -|             -|    -|
    |  + grp_C_drain_IO_L1_out_wrapper_3_5_x0_fu_2996                                                                      |  Timing|   0.00|     280865|  9.361e+05|         -|     280865|       -|        no|         -|         -|     468 (~0%)|     638 (~0%)|    -|
    |   o C_drain_IO_L1_out_wrapper_3_5_x0_loop_1                                                                          |       -|  -2.43|     280864|  9.361e+05|     17554|          -|      16|        no|         -|         -|             -|             -|    -|
    |    o C_drain_IO_L1_out_wrapper_3_5_x0_loop_2                                                                         |       -|  -2.43|      17552|  5.850e+04|      1097|          -|      16|        no|         -|         -|             -|             -|    -|
    |     o C_drain_IO_L1_out_wrapper_3_5_x0_loop_3                                                                        |       -|  -2.43|       1040|  3.466e+03|       130|          -|       8|        no|         -|         -|             -|             -|    -|
    |      o C_drain_IO_L1_out_wrapper_3_5_x0_loop_4                                                                       |       -|  -2.43|        128|    426.624|        16|          -|       8|        no|         -|         -|             -|             -|    -|
    |       o C_drain_IO_L1_out_wrapper_3_5_x0_loop_5                                                                      |       -|  -2.43|          8|     26.664|         1|          -|       8|        no|         -|         -|             -|             -|    -|
    |     o C_drain_IO_L1_out_wrapper_3_5_x0_loop_6                                                                        |       -|  -2.43|         54|    179.982|        18|          -|       3|        no|         -|         -|             -|             -|    -|
    |      o C_drain_IO_L1_out_wrapper_3_5_x0_loop_7                                                                       |       -|  -2.43|         16|     53.328|         2|          -|       8|        no|         -|         -|             -|             -|    -|
    |      o C_drain_IO_L1_out_wrapper_3_5_x0_loop_8                                                                       |       -|  -2.43|         16|     53.328|         2|          -|       8|        no|         -|         -|             -|             -|    -|
    |  + grp_C_drain_IO_L1_out_wrapper_4_6_x0_fu_3003                                                                      |  Timing|   0.00|     276257|  9.208e+05|         -|     276257|       -|        no|         -|         -|     468 (~0%)|     638 (~0%)|    -|
    |   o C_drain_IO_L1_out_wrapper_4_6_x0_loop_1                                                                          |       -|  -2.43|     276256|  9.208e+05|     17266|          -|      16|        no|         -|         -|             -|             -|    -|
    |    o C_drain_IO_L1_out_wrapper_4_6_x0_loop_2                                                                         |       -|  -2.43|      17264|  5.754e+04|      1079|          -|      16|        no|         -|         -|             -|             -|    -|
    |     o C_drain_IO_L1_out_wrapper_4_6_x0_loop_3                                                                        |       -|  -2.43|       1040|  3.466e+03|       130|          -|       8|        no|         -|         -|             -|             -|    -|
    |      o C_drain_IO_L1_out_wrapper_4_6_x0_loop_4                                                                       |       -|  -2.43|        128|    426.624|        16|          -|       8|        no|         -|         -|             -|             -|    -|
    |       o C_drain_IO_L1_out_wrapper_4_6_x0_loop_5                                                                      |       -|  -2.43|          8|     26.664|         1|          -|       8|        no|         -|         -|             -|             -|    -|
    |     o C_drain_IO_L1_out_wrapper_4_6_x0_loop_6                                                                        |       -|  -2.43|         36|    119.988|        18|          -|       2|        no|         -|         -|             -|             -|    -|
    |      o C_drain_IO_L1_out_wrapper_4_6_x0_loop_7                                                                       |       -|  -2.43|         16|     53.328|         2|          -|       8|        no|         -|         -|             -|             -|    -|
    |      o C_drain_IO_L1_out_wrapper_4_6_x0_loop_8                                                                       |       -|  -2.43|         16|     53.328|         2|          -|       8|        no|         -|         -|             -|             -|    -|
    |  + grp_C_drain_IO_L1_out_wrapper_0_1_x0_fu_3010                                                                      |  Timing|   0.00|     299297|  9.976e+05|         -|     299297|       -|        no|         -|         -|     468 (~0%)|     638 (~0%)|    -|
    |   o C_drain_IO_L1_out_wrapper_0_1_x0_loop_1                                                                          |       -|  -2.43|     299296|  9.976e+05|     18706|          -|      16|        no|         -|         -|             -|             -|    -|
    |    o C_drain_IO_L1_out_wrapper_0_1_x0_loop_2                                                                         |       -|  -2.43|      18704|  6.234e+04|      1169|          -|      16|        no|         -|         -|             -|             -|    -|
    |     o C_drain_IO_L1_out_wrapper_0_1_x0_loop_3                                                                        |       -|  -2.43|       1040|  3.466e+03|       130|          -|       8|        no|         -|         -|             -|             -|    -|
    |      o C_drain_IO_L1_out_wrapper_0_1_x0_loop_4                                                                       |       -|  -2.43|        128|    426.624|        16|          -|       8|        no|         -|         -|             -|             -|    -|
    |       o C_drain_IO_L1_out_wrapper_0_1_x0_loop_5                                                                      |       -|  -2.43|          8|     26.664|         1|          -|       8|        no|         -|         -|             -|             -|    -|
    |     o C_drain_IO_L1_out_wrapper_0_1_x0_loop_6                                                                        |       -|  -2.43|        126|    419.958|        18|          -|       7|        no|         -|         -|             -|             -|    -|
    |      o C_drain_IO_L1_out_wrapper_0_1_x0_loop_7                                                                       |       -|  -2.43|         16|     53.328|         2|          -|       8|        no|         -|         -|             -|             -|    -|
    |      o C_drain_IO_L1_out_wrapper_0_1_x0_loop_8                                                                       |       -|  -2.43|         16|     53.328|         2|          -|       8|        no|         -|         -|             -|             -|    -|
    |  + grp_C_drain_IO_L1_out_wrapper_1_2_x0_fu_3017                                                                      |  Timing|   0.00|     294689|  9.822e+05|         -|     294689|       -|        no|         -|         -|     468 (~0%)|     638 (~0%)|    -|
    |   o C_drain_IO_L1_out_wrapper_1_2_x0_loop_1                                                                          |       -|  -2.43|     294688|  9.822e+05|     18418|          -|      16|        no|         -|         -|             -|             -|    -|
    |    o C_drain_IO_L1_out_wrapper_1_2_x0_loop_2                                                                         |       -|  -2.43|      18416|  6.138e+04|      1151|          -|      16|        no|         -|         -|             -|             -|    -|
    |     o C_drain_IO_L1_out_wrapper_1_2_x0_loop_3                                                                        |       -|  -2.43|       1040|  3.466e+03|       130|          -|       8|        no|         -|         -|             -|             -|    -|
    |      o C_drain_IO_L1_out_wrapper_1_2_x0_loop_4                                                                       |       -|  -2.43|        128|    426.624|        16|          -|       8|        no|         -|         -|             -|             -|    -|
    |       o C_drain_IO_L1_out_wrapper_1_2_x0_loop_5                                                                      |       -|  -2.43|          8|     26.664|         1|          -|       8|        no|         -|         -|             -|             -|    -|
    |     o C_drain_IO_L1_out_wrapper_1_2_x0_loop_6                                                                        |       -|  -2.43|        108|    359.964|        18|          -|       6|        no|         -|         -|             -|             -|    -|
    |      o C_drain_IO_L1_out_wrapper_1_2_x0_loop_7                                                                       |       -|  -2.43|         16|     53.328|         2|          -|       8|        no|         -|         -|             -|             -|    -|
    |      o C_drain_IO_L1_out_wrapper_1_2_x0_loop_8                                                                       |       -|  -2.43|         16|     53.328|         2|          -|       8|        no|         -|         -|             -|             -|    -|
    |  + grp_C_drain_IO_L1_out_wrapper_2_3_x0_fu_3024                                                                      |  Timing|   0.00|     290081|  9.668e+05|         -|     290081|       -|        no|         -|         -|     468 (~0%)|     638 (~0%)|    -|
    |   o C_drain_IO_L1_out_wrapper_2_3_x0_loop_1                                                                          |       -|  -2.43|     290080|  9.668e+05|     18130|          -|      16|        no|         -|         -|             -|             -|    -|
    |    o C_drain_IO_L1_out_wrapper_2_3_x0_loop_2                                                                         |       -|  -2.43|      18128|  6.042e+04|      1133|          -|      16|        no|         -|         -|             -|             -|    -|
    |     o C_drain_IO_L1_out_wrapper_2_3_x0_loop_3                                                                        |       -|  -2.43|       1040|  3.466e+03|       130|          -|       8|        no|         -|         -|             -|             -|    -|
    |      o C_drain_IO_L1_out_wrapper_2_3_x0_loop_4                                                                       |       -|  -2.43|        128|    426.624|        16|          -|       8|        no|         -|         -|             -|             -|    -|
    |       o C_drain_IO_L1_out_wrapper_2_3_x0_loop_5                                                                      |       -|  -2.43|          8|     26.664|         1|          -|       8|        no|         -|         -|             -|             -|    -|
    |     o C_drain_IO_L1_out_wrapper_2_3_x0_loop_6                                                                        |       -|  -2.43|         90|    299.970|        18|          -|       5|        no|         -|         -|             -|             -|    -|
    |      o C_drain_IO_L1_out_wrapper_2_3_x0_loop_7                                                                       |       -|  -2.43|         16|     53.328|         2|          -|       8|        no|         -|         -|             -|             -|    -|
    |      o C_drain_IO_L1_out_wrapper_2_3_x0_loop_8                                                                       |       -|  -2.43|         16|     53.328|         2|          -|       8|        no|         -|         -|             -|             -|    -|
    |  + grp_C_drain_IO_L1_out_wrapper_3_4_x0_fu_3031                                                                      |  Timing|   0.00|     285473|  9.515e+05|         -|     285473|       -|        no|         -|         -|     468 (~0%)|     638 (~0%)|    -|
    |   o C_drain_IO_L1_out_wrapper_3_4_x0_loop_1                                                                          |       -|  -2.43|     285472|  9.515e+05|     17842|          -|      16|        no|         -|         -|             -|             -|    -|
    |    o C_drain_IO_L1_out_wrapper_3_4_x0_loop_2                                                                         |       -|  -2.43|      17840|  5.946e+04|      1115|          -|      16|        no|         -|         -|             -|             -|    -|
    |     o C_drain_IO_L1_out_wrapper_3_4_x0_loop_3                                                                        |       -|  -2.43|       1040|  3.466e+03|       130|          -|       8|        no|         -|         -|             -|             -|    -|
    |      o C_drain_IO_L1_out_wrapper_3_4_x0_loop_4                                                                       |       -|  -2.43|        128|    426.624|        16|          -|       8|        no|         -|         -|             -|             -|    -|
    |       o C_drain_IO_L1_out_wrapper_3_4_x0_loop_5                                                                      |       -|  -2.43|          8|     26.664|         1|          -|       8|        no|         -|         -|             -|             -|    -|
    |     o C_drain_IO_L1_out_wrapper_3_4_x0_loop_6                                                                        |       -|  -2.43|         72|    239.976|        18|          -|       4|        no|         -|         -|             -|             -|    -|
    |      o C_drain_IO_L1_out_wrapper_3_4_x0_loop_7                                                                       |       -|  -2.43|         16|     53.328|         2|          -|       8|        no|         -|         -|             -|             -|    -|
    |      o C_drain_IO_L1_out_wrapper_3_4_x0_loop_8                                                                       |       -|  -2.43|         16|     53.328|         2|          -|       8|        no|         -|         -|             -|             -|    -|
    |  + grp_C_drain_IO_L1_out_wrapper_4_5_x0_fu_3038                                                                      |  Timing|   0.00|     280865|  9.361e+05|         -|     280865|       -|        no|         -|         -|     468 (~0%)|     638 (~0%)|    -|
    |   o C_drain_IO_L1_out_wrapper_4_5_x0_loop_1                                                                          |       -|  -2.43|     280864|  9.361e+05|     17554|          -|      16|        no|         -|         -|             -|             -|    -|
    |    o C_drain_IO_L1_out_wrapper_4_5_x0_loop_2                                                                         |       -|  -2.43|      17552|  5.850e+04|      1097|          -|      16|        no|         -|         -|             -|             -|    -|
    |     o C_drain_IO_L1_out_wrapper_4_5_x0_loop_3                                                                        |       -|  -2.43|       1040|  3.466e+03|       130|          -|       8|        no|         -|         -|             -|             -|    -|
    |      o C_drain_IO_L1_out_wrapper_4_5_x0_loop_4                                                                       |       -|  -2.43|        128|    426.624|        16|          -|       8|        no|         -|         -|             -|             -|    -|
    |       o C_drain_IO_L1_out_wrapper_4_5_x0_loop_5                                                                      |       -|  -2.43|          8|     26.664|         1|          -|       8|        no|         -|         -|             -|             -|    -|
    |     o C_drain_IO_L1_out_wrapper_4_5_x0_loop_6                                                                        |       -|  -2.43|         54|    179.982|        18|          -|       3|        no|         -|         -|             -|             -|    -|
    |      o C_drain_IO_L1_out_wrapper_4_5_x0_loop_7                                                                       |       -|  -2.43|         16|     53.328|         2|          -|       8|        no|         -|         -|             -|             -|    -|
    |      o C_drain_IO_L1_out_wrapper_4_5_x0_loop_8                                                                       |       -|  -2.43|         16|     53.328|         2|          -|       8|        no|         -|         -|             -|             -|    -|
    |  + grp_C_drain_IO_L1_out_wrapper_5_6_x0_fu_3045                                                                      |  Timing|   0.00|     276257|  9.208e+05|         -|     276257|       -|        no|         -|         -|     468 (~0%)|     638 (~0%)|    -|
    |   o C_drain_IO_L1_out_wrapper_5_6_x0_loop_1                                                                          |       -|  -2.43|     276256|  9.208e+05|     17266|          -|      16|        no|         -|         -|             -|             -|    -|
    |    o C_drain_IO_L1_out_wrapper_5_6_x0_loop_2                                                                         |       -|  -2.43|      17264|  5.754e+04|      1079|          -|      16|        no|         -|         -|             -|             -|    -|
    |     o C_drain_IO_L1_out_wrapper_5_6_x0_loop_3                                                                        |       -|  -2.43|       1040|  3.466e+03|       130|          -|       8|        no|         -|         -|             -|             -|    -|
    |      o C_drain_IO_L1_out_wrapper_5_6_x0_loop_4                                                                       |       -|  -2.43|        128|    426.624|        16|          -|       8|        no|         -|         -|             -|             -|    -|
    |       o C_drain_IO_L1_out_wrapper_5_6_x0_loop_5                                                                      |       -|  -2.43|          8|     26.664|         1|          -|       8|        no|         -|         -|             -|             -|    -|
    |     o C_drain_IO_L1_out_wrapper_5_6_x0_loop_6                                                                        |       -|  -2.43|         36|    119.988|        18|          -|       2|        no|         -|         -|             -|             -|    -|
    |      o C_drain_IO_L1_out_wrapper_5_6_x0_loop_7                                                                       |       -|  -2.43|         16|     53.328|         2|          -|       8|        no|         -|         -|             -|             -|    -|
    |      o C_drain_IO_L1_out_wrapper_5_6_x0_loop_8                                                                       |       -|  -2.43|         16|     53.328|         2|          -|       8|        no|         -|         -|             -|             -|    -|
    |  + grp_C_drain_IO_L1_out_wrapper_1_1_x0_fu_3052                                                                      |  Timing|   0.00|     299297|  9.976e+05|         -|     299297|       -|        no|         -|         -|     468 (~0%)|     638 (~0%)|    -|
    |   o C_drain_IO_L1_out_wrapper_1_1_x0_loop_1                                                                          |       -|  -2.43|     299296|  9.976e+05|     18706|          -|      16|        no|         -|         -|             -|             -|    -|
    |    o C_drain_IO_L1_out_wrapper_1_1_x0_loop_2                                                                         |       -|  -2.43|      18704|  6.234e+04|      1169|          -|      16|        no|         -|         -|             -|             -|    -|
    |     o C_drain_IO_L1_out_wrapper_1_1_x0_loop_3                                                                        |       -|  -2.43|       1040|  3.466e+03|       130|          -|       8|        no|         -|         -|             -|             -|    -|
    |      o C_drain_IO_L1_out_wrapper_1_1_x0_loop_4                                                                       |       -|  -2.43|        128|    426.624|        16|          -|       8|        no|         -|         -|             -|             -|    -|
    |       o C_drain_IO_L1_out_wrapper_1_1_x0_loop_5                                                                      |       -|  -2.43|          8|     26.664|         1|          -|       8|        no|         -|         -|             -|             -|    -|
    |     o C_drain_IO_L1_out_wrapper_1_1_x0_loop_6                                                                        |       -|  -2.43|        126|    419.958|        18|          -|       7|        no|         -|         -|             -|             -|    -|
    |      o C_drain_IO_L1_out_wrapper_1_1_x0_loop_7                                                                       |       -|  -2.43|         16|     53.328|         2|          -|       8|        no|         -|         -|             -|             -|    -|
    |      o C_drain_IO_L1_out_wrapper_1_1_x0_loop_8                                                                       |       -|  -2.43|         16|     53.328|         2|          -|       8|        no|         -|         -|             -|             -|    -|
    |  + grp_C_drain_IO_L1_out_wrapper_2_2_x0_fu_3059                                                                      |  Timing|   0.00|     294689|  9.822e+05|         -|     294689|       -|        no|         -|         -|     468 (~0%)|     638 (~0%)|    -|
    |   o C_drain_IO_L1_out_wrapper_2_2_x0_loop_1                                                                          |       -|  -2.43|     294688|  9.822e+05|     18418|          -|      16|        no|         -|         -|             -|             -|    -|
    |    o C_drain_IO_L1_out_wrapper_2_2_x0_loop_2                                                                         |       -|  -2.43|      18416|  6.138e+04|      1151|          -|      16|        no|         -|         -|             -|             -|    -|
    |     o C_drain_IO_L1_out_wrapper_2_2_x0_loop_3                                                                        |       -|  -2.43|       1040|  3.466e+03|       130|          -|       8|        no|         -|         -|             -|             -|    -|
    |      o C_drain_IO_L1_out_wrapper_2_2_x0_loop_4                                                                       |       -|  -2.43|        128|    426.624|        16|          -|       8|        no|         -|         -|             -|             -|    -|
    |       o C_drain_IO_L1_out_wrapper_2_2_x0_loop_5                                                                      |       -|  -2.43|          8|     26.664|         1|          -|       8|        no|         -|         -|             -|             -|    -|
    |     o C_drain_IO_L1_out_wrapper_2_2_x0_loop_6                                                                        |       -|  -2.43|        108|    359.964|        18|          -|       6|        no|         -|         -|             -|             -|    -|
    |      o C_drain_IO_L1_out_wrapper_2_2_x0_loop_7                                                                       |       -|  -2.43|         16|     53.328|         2|          -|       8|        no|         -|         -|             -|             -|    -|
    |      o C_drain_IO_L1_out_wrapper_2_2_x0_loop_8                                                                       |       -|  -2.43|         16|     53.328|         2|          -|       8|        no|         -|         -|             -|             -|    -|
    |  + grp_C_drain_IO_L1_out_wrapper_3_3_x0_fu_3066                                                                      |  Timing|   0.00|     290081|  9.668e+05|         -|     290081|       -|        no|         -|         -|     468 (~0%)|     638 (~0%)|    -|
    |   o C_drain_IO_L1_out_wrapper_3_3_x0_loop_1                                                                          |       -|  -2.43|     290080|  9.668e+05|     18130|          -|      16|        no|         -|         -|             -|             -|    -|
    |    o C_drain_IO_L1_out_wrapper_3_3_x0_loop_2                                                                         |       -|  -2.43|      18128|  6.042e+04|      1133|          -|      16|        no|         -|         -|             -|             -|    -|
    |     o C_drain_IO_L1_out_wrapper_3_3_x0_loop_3                                                                        |       -|  -2.43|       1040|  3.466e+03|       130|          -|       8|        no|         -|         -|             -|             -|    -|
    |      o C_drain_IO_L1_out_wrapper_3_3_x0_loop_4                                                                       |       -|  -2.43|        128|    426.624|        16|          -|       8|        no|         -|         -|             -|             -|    -|
    |       o C_drain_IO_L1_out_wrapper_3_3_x0_loop_5                                                                      |       -|  -2.43|          8|     26.664|         1|          -|       8|        no|         -|         -|             -|             -|    -|
    |     o C_drain_IO_L1_out_wrapper_3_3_x0_loop_6                                                                        |       -|  -2.43|         90|    299.970|        18|          -|       5|        no|         -|         -|             -|             -|    -|
    |      o C_drain_IO_L1_out_wrapper_3_3_x0_loop_7                                                                       |       -|  -2.43|         16|     53.328|         2|          -|       8|        no|         -|         -|             -|             -|    -|
    |      o C_drain_IO_L1_out_wrapper_3_3_x0_loop_8                                                                       |       -|  -2.43|         16|     53.328|         2|          -|       8|        no|         -|         -|             -|             -|    -|
    |  + grp_C_drain_IO_L1_out_wrapper_4_4_x0_fu_3073                                                                      |  Timing|   0.00|     285473|  9.515e+05|         -|     285473|       -|        no|         -|         -|     468 (~0%)|     638 (~0%)|    -|
    |   o C_drain_IO_L1_out_wrapper_4_4_x0_loop_1                                                                          |       -|  -2.43|     285472|  9.515e+05|     17842|          -|      16|        no|         -|         -|             -|             -|    -|
    |    o C_drain_IO_L1_out_wrapper_4_4_x0_loop_2                                                                         |       -|  -2.43|      17840|  5.946e+04|      1115|          -|      16|        no|         -|         -|             -|             -|    -|
    |     o C_drain_IO_L1_out_wrapper_4_4_x0_loop_3                                                                        |       -|  -2.43|       1040|  3.466e+03|       130|          -|       8|        no|         -|         -|             -|             -|    -|
    |      o C_drain_IO_L1_out_wrapper_4_4_x0_loop_4                                                                       |       -|  -2.43|        128|    426.624|        16|          -|       8|        no|         -|         -|             -|             -|    -|
    |       o C_drain_IO_L1_out_wrapper_4_4_x0_loop_5                                                                      |       -|  -2.43|          8|     26.664|         1|          -|       8|        no|         -|         -|             -|             -|    -|
    |     o C_drain_IO_L1_out_wrapper_4_4_x0_loop_6                                                                        |       -|  -2.43|         72|    239.976|        18|          -|       4|        no|         -|         -|             -|             -|    -|
    |      o C_drain_IO_L1_out_wrapper_4_4_x0_loop_7                                                                       |       -|  -2.43|         16|     53.328|         2|          -|       8|        no|         -|         -|             -|             -|    -|
    |      o C_drain_IO_L1_out_wrapper_4_4_x0_loop_8                                                                       |       -|  -2.43|         16|     53.328|         2|          -|       8|        no|         -|         -|             -|             -|    -|
    |  + grp_C_drain_IO_L1_out_wrapper_5_5_x0_fu_3080                                                                      |  Timing|   0.00|     280865|  9.361e+05|         -|     280865|       -|        no|         -|         -|     468 (~0%)|     638 (~0%)|    -|
    |   o C_drain_IO_L1_out_wrapper_5_5_x0_loop_1                                                                          |       -|  -2.43|     280864|  9.361e+05|     17554|          -|      16|        no|         -|         -|             -|             -|    -|
    |    o C_drain_IO_L1_out_wrapper_5_5_x0_loop_2                                                                         |       -|  -2.43|      17552|  5.850e+04|      1097|          -|      16|        no|         -|         -|             -|             -|    -|
    |     o C_drain_IO_L1_out_wrapper_5_5_x0_loop_3                                                                        |       -|  -2.43|       1040|  3.466e+03|       130|          -|       8|        no|         -|         -|             -|             -|    -|
    |      o C_drain_IO_L1_out_wrapper_5_5_x0_loop_4                                                                       |       -|  -2.43|        128|    426.624|        16|          -|       8|        no|         -|         -|             -|             -|    -|
    |       o C_drain_IO_L1_out_wrapper_5_5_x0_loop_5                                                                      |       -|  -2.43|          8|     26.664|         1|          -|       8|        no|         -|         -|             -|             -|    -|
    |     o C_drain_IO_L1_out_wrapper_5_5_x0_loop_6                                                                        |       -|  -2.43|         54|    179.982|        18|          -|       3|        no|         -|         -|             -|             -|    -|
    |      o C_drain_IO_L1_out_wrapper_5_5_x0_loop_7                                                                       |       -|  -2.43|         16|     53.328|         2|          -|       8|        no|         -|         -|             -|             -|    -|
    |      o C_drain_IO_L1_out_wrapper_5_5_x0_loop_8                                                                       |       -|  -2.43|         16|     53.328|         2|          -|       8|        no|         -|         -|             -|             -|    -|
    |  + grp_C_drain_IO_L1_out_wrapper_6_6_x0_fu_3087                                                                      |  Timing|   0.00|     276257|  9.208e+05|         -|     276257|       -|        no|         -|         -|     468 (~0%)|     638 (~0%)|    -|
    |   o C_drain_IO_L1_out_wrapper_6_6_x0_loop_1                                                                          |       -|  -2.43|     276256|  9.208e+05|     17266|          -|      16|        no|         -|         -|             -|             -|    -|
    |    o C_drain_IO_L1_out_wrapper_6_6_x0_loop_2                                                                         |       -|  -2.43|      17264|  5.754e+04|      1079|          -|      16|        no|         -|         -|             -|             -|    -|
    |     o C_drain_IO_L1_out_wrapper_6_6_x0_loop_3                                                                        |       -|  -2.43|       1040|  3.466e+03|       130|          -|       8|        no|         -|         -|             -|             -|    -|
    |      o C_drain_IO_L1_out_wrapper_6_6_x0_loop_4                                                                       |       -|  -2.43|        128|    426.624|        16|          -|       8|        no|         -|         -|             -|             -|    -|
    |       o C_drain_IO_L1_out_wrapper_6_6_x0_loop_5                                                                      |       -|  -2.43|          8|     26.664|         1|          -|       8|        no|         -|         -|             -|             -|    -|
    |     o C_drain_IO_L1_out_wrapper_6_6_x0_loop_6                                                                        |       -|  -2.43|         36|    119.988|        18|          -|       2|        no|         -|         -|             -|             -|    -|
    |      o C_drain_IO_L1_out_wrapper_6_6_x0_loop_7                                                                       |       -|  -2.43|         16|     53.328|         2|          -|       8|        no|         -|         -|             -|             -|    -|
    |      o C_drain_IO_L1_out_wrapper_6_6_x0_loop_8                                                                       |       -|  -2.43|         16|     53.328|         2|          -|       8|        no|         -|         -|             -|             -|    -|
    |  + grp_C_drain_IO_L1_out_wrapper_2_1_x0_fu_3094                                                                      |  Timing|   0.00|     299297|  9.976e+05|         -|     299297|       -|        no|         -|         -|     468 (~0%)|     638 (~0%)|    -|
    |   o C_drain_IO_L1_out_wrapper_2_1_x0_loop_1                                                                          |       -|  -2.43|     299296|  9.976e+05|     18706|          -|      16|        no|         -|         -|             -|             -|    -|
    |    o C_drain_IO_L1_out_wrapper_2_1_x0_loop_2                                                                         |       -|  -2.43|      18704|  6.234e+04|      1169|          -|      16|        no|         -|         -|             -|             -|    -|
    |     o C_drain_IO_L1_out_wrapper_2_1_x0_loop_3                                                                        |       -|  -2.43|       1040|  3.466e+03|       130|          -|       8|        no|         -|         -|             -|             -|    -|
    |      o C_drain_IO_L1_out_wrapper_2_1_x0_loop_4                                                                       |       -|  -2.43|        128|    426.624|        16|          -|       8|        no|         -|         -|             -|             -|    -|
    |       o C_drain_IO_L1_out_wrapper_2_1_x0_loop_5                                                                      |       -|  -2.43|          8|     26.664|         1|          -|       8|        no|         -|         -|             -|             -|    -|
    |     o C_drain_IO_L1_out_wrapper_2_1_x0_loop_6                                                                        |       -|  -2.43|        126|    419.958|        18|          -|       7|        no|         -|         -|             -|             -|    -|
    |      o C_drain_IO_L1_out_wrapper_2_1_x0_loop_7                                                                       |       -|  -2.43|         16|     53.328|         2|          -|       8|        no|         -|         -|             -|             -|    -|
    |      o C_drain_IO_L1_out_wrapper_2_1_x0_loop_8                                                                       |       -|  -2.43|         16|     53.328|         2|          -|       8|        no|         -|         -|             -|             -|    -|
    |  + grp_C_drain_IO_L1_out_wrapper_3_2_x0_fu_3101                                                                      |  Timing|   0.00|     294689|  9.822e+05|         -|     294689|       -|        no|         -|         -|     468 (~0%)|     638 (~0%)|    -|
    |   o C_drain_IO_L1_out_wrapper_3_2_x0_loop_1                                                                          |       -|  -2.43|     294688|  9.822e+05|     18418|          -|      16|        no|         -|         -|             -|             -|    -|
    |    o C_drain_IO_L1_out_wrapper_3_2_x0_loop_2                                                                         |       -|  -2.43|      18416|  6.138e+04|      1151|          -|      16|        no|         -|         -|             -|             -|    -|
    |     o C_drain_IO_L1_out_wrapper_3_2_x0_loop_3                                                                        |       -|  -2.43|       1040|  3.466e+03|       130|          -|       8|        no|         -|         -|             -|             -|    -|
    |      o C_drain_IO_L1_out_wrapper_3_2_x0_loop_4                                                                       |       -|  -2.43|        128|    426.624|        16|          -|       8|        no|         -|         -|             -|             -|    -|
    |       o C_drain_IO_L1_out_wrapper_3_2_x0_loop_5                                                                      |       -|  -2.43|          8|     26.664|         1|          -|       8|        no|         -|         -|             -|             -|    -|
    |     o C_drain_IO_L1_out_wrapper_3_2_x0_loop_6                                                                        |       -|  -2.43|        108|    359.964|        18|          -|       6|        no|         -|         -|             -|             -|    -|
    |      o C_drain_IO_L1_out_wrapper_3_2_x0_loop_7                                                                       |       -|  -2.43|         16|     53.328|         2|          -|       8|        no|         -|         -|             -|             -|    -|
    |      o C_drain_IO_L1_out_wrapper_3_2_x0_loop_8                                                                       |       -|  -2.43|         16|     53.328|         2|          -|       8|        no|         -|         -|             -|             -|    -|
    |  + grp_C_drain_IO_L1_out_wrapper_4_3_x0_fu_3108                                                                      |  Timing|   0.00|     290081|  9.668e+05|         -|     290081|       -|        no|         -|         -|     468 (~0%)|     638 (~0%)|    -|
    |   o C_drain_IO_L1_out_wrapper_4_3_x0_loop_1                                                                          |       -|  -2.43|     290080|  9.668e+05|     18130|          -|      16|        no|         -|         -|             -|             -|    -|
    |    o C_drain_IO_L1_out_wrapper_4_3_x0_loop_2                                                                         |       -|  -2.43|      18128|  6.042e+04|      1133|          -|      16|        no|         -|         -|             -|             -|    -|
    |     o C_drain_IO_L1_out_wrapper_4_3_x0_loop_3                                                                        |       -|  -2.43|       1040|  3.466e+03|       130|          -|       8|        no|         -|         -|             -|             -|    -|
    |      o C_drain_IO_L1_out_wrapper_4_3_x0_loop_4                                                                       |       -|  -2.43|        128|    426.624|        16|          -|       8|        no|         -|         -|             -|             -|    -|
    |       o C_drain_IO_L1_out_wrapper_4_3_x0_loop_5                                                                      |       -|  -2.43|          8|     26.664|         1|          -|       8|        no|         -|         -|             -|             -|    -|
    |     o C_drain_IO_L1_out_wrapper_4_3_x0_loop_6                                                                        |       -|  -2.43|         90|    299.970|        18|          -|       5|        no|         -|         -|             -|             -|    -|
    |      o C_drain_IO_L1_out_wrapper_4_3_x0_loop_7                                                                       |       -|  -2.43|         16|     53.328|         2|          -|       8|        no|         -|         -|             -|             -|    -|
    |      o C_drain_IO_L1_out_wrapper_4_3_x0_loop_8                                                                       |       -|  -2.43|         16|     53.328|         2|          -|       8|        no|         -|         -|             -|             -|    -|
    |  + grp_C_drain_IO_L1_out_wrapper_5_4_x0_fu_3115                                                                      |  Timing|   0.00|     285473|  9.515e+05|         -|     285473|       -|        no|         -|         -|     468 (~0%)|     638 (~0%)|    -|
    |   o C_drain_IO_L1_out_wrapper_5_4_x0_loop_1                                                                          |       -|  -2.43|     285472|  9.515e+05|     17842|          -|      16|        no|         -|         -|             -|             -|    -|
    |    o C_drain_IO_L1_out_wrapper_5_4_x0_loop_2                                                                         |       -|  -2.43|      17840|  5.946e+04|      1115|          -|      16|        no|         -|         -|             -|             -|    -|
    |     o C_drain_IO_L1_out_wrapper_5_4_x0_loop_3                                                                        |       -|  -2.43|       1040|  3.466e+03|       130|          -|       8|        no|         -|         -|             -|             -|    -|
    |      o C_drain_IO_L1_out_wrapper_5_4_x0_loop_4                                                                       |       -|  -2.43|        128|    426.624|        16|          -|       8|        no|         -|         -|             -|             -|    -|
    |       o C_drain_IO_L1_out_wrapper_5_4_x0_loop_5                                                                      |       -|  -2.43|          8|     26.664|         1|          -|       8|        no|         -|         -|             -|             -|    -|
    |     o C_drain_IO_L1_out_wrapper_5_4_x0_loop_6                                                                        |       -|  -2.43|         72|    239.976|        18|          -|       4|        no|         -|         -|             -|             -|    -|
    |      o C_drain_IO_L1_out_wrapper_5_4_x0_loop_7                                                                       |       -|  -2.43|         16|     53.328|         2|          -|       8|        no|         -|         -|             -|             -|    -|
    |      o C_drain_IO_L1_out_wrapper_5_4_x0_loop_8                                                                       |       -|  -2.43|         16|     53.328|         2|          -|       8|        no|         -|         -|             -|             -|    -|
    |  + grp_C_drain_IO_L1_out_wrapper_6_5_x0_fu_3122                                                                      |  Timing|   0.00|     280865|  9.361e+05|         -|     280865|       -|        no|         -|         -|     468 (~0%)|     638 (~0%)|    -|
    |   o C_drain_IO_L1_out_wrapper_6_5_x0_loop_1                                                                          |       -|  -2.43|     280864|  9.361e+05|     17554|          -|      16|        no|         -|         -|             -|             -|    -|
    |    o C_drain_IO_L1_out_wrapper_6_5_x0_loop_2                                                                         |       -|  -2.43|      17552|  5.850e+04|      1097|          -|      16|        no|         -|         -|             -|             -|    -|
    |     o C_drain_IO_L1_out_wrapper_6_5_x0_loop_3                                                                        |       -|  -2.43|       1040|  3.466e+03|       130|          -|       8|        no|         -|         -|             -|             -|    -|
    |      o C_drain_IO_L1_out_wrapper_6_5_x0_loop_4                                                                       |       -|  -2.43|        128|    426.624|        16|          -|       8|        no|         -|         -|             -|             -|    -|
    |       o C_drain_IO_L1_out_wrapper_6_5_x0_loop_5                                                                      |       -|  -2.43|          8|     26.664|         1|          -|       8|        no|         -|         -|             -|             -|    -|
    |     o C_drain_IO_L1_out_wrapper_6_5_x0_loop_6                                                                        |       -|  -2.43|         54|    179.982|        18|          -|       3|        no|         -|         -|             -|             -|    -|
    |      o C_drain_IO_L1_out_wrapper_6_5_x0_loop_7                                                                       |       -|  -2.43|         16|     53.328|         2|          -|       8|        no|         -|         -|             -|             -|    -|
    |      o C_drain_IO_L1_out_wrapper_6_5_x0_loop_8                                                                       |       -|  -2.43|         16|     53.328|         2|          -|       8|        no|         -|         -|             -|             -|    -|
    |  + grp_C_drain_IO_L1_out_wrapper_7_6_x0_fu_3129                                                                      |  Timing|   0.00|     276257|  9.208e+05|         -|     276257|       -|        no|         -|         -|     468 (~0%)|     638 (~0%)|    -|
    |   o C_drain_IO_L1_out_wrapper_7_6_x0_loop_1                                                                          |       -|  -2.43|     276256|  9.208e+05|     17266|          -|      16|        no|         -|         -|             -|             -|    -|
    |    o C_drain_IO_L1_out_wrapper_7_6_x0_loop_2                                                                         |       -|  -2.43|      17264|  5.754e+04|      1079|          -|      16|        no|         -|         -|             -|             -|    -|
    |     o C_drain_IO_L1_out_wrapper_7_6_x0_loop_3                                                                        |       -|  -2.43|       1040|  3.466e+03|       130|          -|       8|        no|         -|         -|             -|             -|    -|
    |      o C_drain_IO_L1_out_wrapper_7_6_x0_loop_4                                                                       |       -|  -2.43|        128|    426.624|        16|          -|       8|        no|         -|         -|             -|             -|    -|
    |       o C_drain_IO_L1_out_wrapper_7_6_x0_loop_5                                                                      |       -|  -2.43|          8|     26.664|         1|          -|       8|        no|         -|         -|             -|             -|    -|
    |     o C_drain_IO_L1_out_wrapper_7_6_x0_loop_6                                                                        |       -|  -2.43|         36|    119.988|        18|          -|       2|        no|         -|         -|             -|             -|    -|
    |      o C_drain_IO_L1_out_wrapper_7_6_x0_loop_7                                                                       |       -|  -2.43|         16|     53.328|         2|          -|       8|        no|         -|         -|             -|             -|    -|
    |      o C_drain_IO_L1_out_wrapper_7_6_x0_loop_8                                                                       |       -|  -2.43|         16|     53.328|         2|          -|       8|        no|         -|         -|             -|             -|    -|
    |  + grp_C_drain_IO_L1_out_wrapper_3_1_x0_fu_3136                                                                      |  Timing|   0.00|     299297|  9.976e+05|         -|     299297|       -|        no|         -|         -|     468 (~0%)|     638 (~0%)|    -|
    |   o C_drain_IO_L1_out_wrapper_3_1_x0_loop_1                                                                          |       -|  -2.43|     299296|  9.976e+05|     18706|          -|      16|        no|         -|         -|             -|             -|    -|
    |    o C_drain_IO_L1_out_wrapper_3_1_x0_loop_2                                                                         |       -|  -2.43|      18704|  6.234e+04|      1169|          -|      16|        no|         -|         -|             -|             -|    -|
    |     o C_drain_IO_L1_out_wrapper_3_1_x0_loop_3                                                                        |       -|  -2.43|       1040|  3.466e+03|       130|          -|       8|        no|         -|         -|             -|             -|    -|
    |      o C_drain_IO_L1_out_wrapper_3_1_x0_loop_4                                                                       |       -|  -2.43|        128|    426.624|        16|          -|       8|        no|         -|         -|             -|             -|    -|
    |       o C_drain_IO_L1_out_wrapper_3_1_x0_loop_5                                                                      |       -|  -2.43|          8|     26.664|         1|          -|       8|        no|         -|         -|             -|             -|    -|
    |     o C_drain_IO_L1_out_wrapper_3_1_x0_loop_6                                                                        |       -|  -2.43|        126|    419.958|        18|          -|       7|        no|         -|         -|             -|             -|    -|
    |      o C_drain_IO_L1_out_wrapper_3_1_x0_loop_7                                                                       |       -|  -2.43|         16|     53.328|         2|          -|       8|        no|         -|         -|             -|             -|    -|
    |      o C_drain_IO_L1_out_wrapper_3_1_x0_loop_8                                                                       |       -|  -2.43|         16|     53.328|         2|          -|       8|        no|         -|         -|             -|             -|    -|
    |  + grp_C_drain_IO_L1_out_wrapper_4_2_x0_fu_3143                                                                      |  Timing|   0.00|     294689|  9.822e+05|         -|     294689|       -|        no|         -|         -|     468 (~0%)|     638 (~0%)|    -|
    |   o C_drain_IO_L1_out_wrapper_4_2_x0_loop_1                                                                          |       -|  -2.43|     294688|  9.822e+05|     18418|          -|      16|        no|         -|         -|             -|             -|    -|
    |    o C_drain_IO_L1_out_wrapper_4_2_x0_loop_2                                                                         |       -|  -2.43|      18416|  6.138e+04|      1151|          -|      16|        no|         -|         -|             -|             -|    -|
    |     o C_drain_IO_L1_out_wrapper_4_2_x0_loop_3                                                                        |       -|  -2.43|       1040|  3.466e+03|       130|          -|       8|        no|         -|         -|             -|             -|    -|
    |      o C_drain_IO_L1_out_wrapper_4_2_x0_loop_4                                                                       |       -|  -2.43|        128|    426.624|        16|          -|       8|        no|         -|         -|             -|             -|    -|
    |       o C_drain_IO_L1_out_wrapper_4_2_x0_loop_5                                                                      |       -|  -2.43|          8|     26.664|         1|          -|       8|        no|         -|         -|             -|             -|    -|
    |     o C_drain_IO_L1_out_wrapper_4_2_x0_loop_6                                                                        |       -|  -2.43|        108|    359.964|        18|          -|       6|        no|         -|         -|             -|             -|    -|
    |      o C_drain_IO_L1_out_wrapper_4_2_x0_loop_7                                                                       |       -|  -2.43|         16|     53.328|         2|          -|       8|        no|         -|         -|             -|             -|    -|
    |      o C_drain_IO_L1_out_wrapper_4_2_x0_loop_8                                                                       |       -|  -2.43|         16|     53.328|         2|          -|       8|        no|         -|         -|             -|             -|    -|
    |  + grp_C_drain_IO_L1_out_wrapper_5_3_x0_fu_3150                                                                      |  Timing|   0.00|     290081|  9.668e+05|         -|     290081|       -|        no|         -|         -|     468 (~0%)|     638 (~0%)|    -|
    |   o C_drain_IO_L1_out_wrapper_5_3_x0_loop_1                                                                          |       -|  -2.43|     290080|  9.668e+05|     18130|          -|      16|        no|         -|         -|             -|             -|    -|
    |    o C_drain_IO_L1_out_wrapper_5_3_x0_loop_2                                                                         |       -|  -2.43|      18128|  6.042e+04|      1133|          -|      16|        no|         -|         -|             -|             -|    -|
    |     o C_drain_IO_L1_out_wrapper_5_3_x0_loop_3                                                                        |       -|  -2.43|       1040|  3.466e+03|       130|          -|       8|        no|         -|         -|             -|             -|    -|
    |      o C_drain_IO_L1_out_wrapper_5_3_x0_loop_4                                                                       |       -|  -2.43|        128|    426.624|        16|          -|       8|        no|         -|         -|             -|             -|    -|
    |       o C_drain_IO_L1_out_wrapper_5_3_x0_loop_5                                                                      |       -|  -2.43|          8|     26.664|         1|          -|       8|        no|         -|         -|             -|             -|    -|
    |     o C_drain_IO_L1_out_wrapper_5_3_x0_loop_6                                                                        |       -|  -2.43|         90|    299.970|        18|          -|       5|        no|         -|         -|             -|             -|    -|
    |      o C_drain_IO_L1_out_wrapper_5_3_x0_loop_7                                                                       |       -|  -2.43|         16|     53.328|         2|          -|       8|        no|         -|         -|             -|             -|    -|
    |      o C_drain_IO_L1_out_wrapper_5_3_x0_loop_8                                                                       |       -|  -2.43|         16|     53.328|         2|          -|       8|        no|         -|         -|             -|             -|    -|
    |  + grp_C_drain_IO_L1_out_wrapper_6_4_x0_fu_3157                                                                      |  Timing|   0.00|     285473|  9.515e+05|         -|     285473|       -|        no|         -|         -|     468 (~0%)|     638 (~0%)|    -|
    |   o C_drain_IO_L1_out_wrapper_6_4_x0_loop_1                                                                          |       -|  -2.43|     285472|  9.515e+05|     17842|          -|      16|        no|         -|         -|             -|             -|    -|
    |    o C_drain_IO_L1_out_wrapper_6_4_x0_loop_2                                                                         |       -|  -2.43|      17840|  5.946e+04|      1115|          -|      16|        no|         -|         -|             -|             -|    -|
    |     o C_drain_IO_L1_out_wrapper_6_4_x0_loop_3                                                                        |       -|  -2.43|       1040|  3.466e+03|       130|          -|       8|        no|         -|         -|             -|             -|    -|
    |      o C_drain_IO_L1_out_wrapper_6_4_x0_loop_4                                                                       |       -|  -2.43|        128|    426.624|        16|          -|       8|        no|         -|         -|             -|             -|    -|
    |       o C_drain_IO_L1_out_wrapper_6_4_x0_loop_5                                                                      |       -|  -2.43|          8|     26.664|         1|          -|       8|        no|         -|         -|             -|             -|    -|
    |     o C_drain_IO_L1_out_wrapper_6_4_x0_loop_6                                                                        |       -|  -2.43|         72|    239.976|        18|          -|       4|        no|         -|         -|             -|             -|    -|
    |      o C_drain_IO_L1_out_wrapper_6_4_x0_loop_7                                                                       |       -|  -2.43|         16|     53.328|         2|          -|       8|        no|         -|         -|             -|             -|    -|
    |      o C_drain_IO_L1_out_wrapper_6_4_x0_loop_8                                                                       |       -|  -2.43|         16|     53.328|         2|          -|       8|        no|         -|         -|             -|             -|    -|
    |  + grp_C_drain_IO_L1_out_wrapper_7_5_x0_fu_3164                                                                      |  Timing|   0.00|     280865|  9.361e+05|         -|     280865|       -|        no|         -|         -|     468 (~0%)|     638 (~0%)|    -|
    |   o C_drain_IO_L1_out_wrapper_7_5_x0_loop_1                                                                          |       -|  -2.43|     280864|  9.361e+05|     17554|          -|      16|        no|         -|         -|             -|             -|    -|
    |    o C_drain_IO_L1_out_wrapper_7_5_x0_loop_2                                                                         |       -|  -2.43|      17552|  5.850e+04|      1097|          -|      16|        no|         -|         -|             -|             -|    -|
    |     o C_drain_IO_L1_out_wrapper_7_5_x0_loop_3                                                                        |       -|  -2.43|       1040|  3.466e+03|       130|          -|       8|        no|         -|         -|             -|             -|    -|
    |      o C_drain_IO_L1_out_wrapper_7_5_x0_loop_4                                                                       |       -|  -2.43|        128|    426.624|        16|          -|       8|        no|         -|         -|             -|             -|    -|
    |       o C_drain_IO_L1_out_wrapper_7_5_x0_loop_5                                                                      |       -|  -2.43|          8|     26.664|         1|          -|       8|        no|         -|         -|             -|             -|    -|
    |     o C_drain_IO_L1_out_wrapper_7_5_x0_loop_6                                                                        |       -|  -2.43|         54|    179.982|        18|          -|       3|        no|         -|         -|             -|             -|    -|
    |      o C_drain_IO_L1_out_wrapper_7_5_x0_loop_7                                                                       |       -|  -2.43|         16|     53.328|         2|          -|       8|        no|         -|         -|             -|             -|    -|
    |      o C_drain_IO_L1_out_wrapper_7_5_x0_loop_8                                                                       |       -|  -2.43|         16|     53.328|         2|          -|       8|        no|         -|         -|             -|             -|    -|
    |  + grp_C_drain_IO_L1_out_wrapper_4_1_x0_fu_3171                                                                      |  Timing|   0.00|     299297|  9.976e+05|         -|     299297|       -|        no|         -|         -|     468 (~0%)|     638 (~0%)|    -|
    |   o C_drain_IO_L1_out_wrapper_4_1_x0_loop_1                                                                          |       -|  -2.43|     299296|  9.976e+05|     18706|          -|      16|        no|         -|         -|             -|             -|    -|
    |    o C_drain_IO_L1_out_wrapper_4_1_x0_loop_2                                                                         |       -|  -2.43|      18704|  6.234e+04|      1169|          -|      16|        no|         -|         -|             -|             -|    -|
    |     o C_drain_IO_L1_out_wrapper_4_1_x0_loop_3                                                                        |       -|  -2.43|       1040|  3.466e+03|       130|          -|       8|        no|         -|         -|             -|             -|    -|
    |      o C_drain_IO_L1_out_wrapper_4_1_x0_loop_4                                                                       |       -|  -2.43|        128|    426.624|        16|          -|       8|        no|         -|         -|             -|             -|    -|
    |       o C_drain_IO_L1_out_wrapper_4_1_x0_loop_5                                                                      |       -|  -2.43|          8|     26.664|         1|          -|       8|        no|         -|         -|             -|             -|    -|
    |     o C_drain_IO_L1_out_wrapper_4_1_x0_loop_6                                                                        |       -|  -2.43|        126|    419.958|        18|          -|       7|        no|         -|         -|             -|             -|    -|
    |      o C_drain_IO_L1_out_wrapper_4_1_x0_loop_7                                                                       |       -|  -2.43|         16|     53.328|         2|          -|       8|        no|         -|         -|             -|             -|    -|
    |      o C_drain_IO_L1_out_wrapper_4_1_x0_loop_8                                                                       |       -|  -2.43|         16|     53.328|         2|          -|       8|        no|         -|         -|             -|             -|    -|
    |  + grp_C_drain_IO_L1_out_wrapper_5_2_x0_fu_3178                                                                      |  Timing|   0.00|     294689|  9.822e+05|         -|     294689|       -|        no|         -|         -|     468 (~0%)|     638 (~0%)|    -|
    |   o C_drain_IO_L1_out_wrapper_5_2_x0_loop_1                                                                          |       -|  -2.43|     294688|  9.822e+05|     18418|          -|      16|        no|         -|         -|             -|             -|    -|
    |    o C_drain_IO_L1_out_wrapper_5_2_x0_loop_2                                                                         |       -|  -2.43|      18416|  6.138e+04|      1151|          -|      16|        no|         -|         -|             -|             -|    -|
    |     o C_drain_IO_L1_out_wrapper_5_2_x0_loop_3                                                                        |       -|  -2.43|       1040|  3.466e+03|       130|          -|       8|        no|         -|         -|             -|             -|    -|
    |      o C_drain_IO_L1_out_wrapper_5_2_x0_loop_4                                                                       |       -|  -2.43|        128|    426.624|        16|          -|       8|        no|         -|         -|             -|             -|    -|
    |       o C_drain_IO_L1_out_wrapper_5_2_x0_loop_5                                                                      |       -|  -2.43|          8|     26.664|         1|          -|       8|        no|         -|         -|             -|             -|    -|
    |     o C_drain_IO_L1_out_wrapper_5_2_x0_loop_6                                                                        |       -|  -2.43|        108|    359.964|        18|          -|       6|        no|         -|         -|             -|             -|    -|
    |      o C_drain_IO_L1_out_wrapper_5_2_x0_loop_7                                                                       |       -|  -2.43|         16|     53.328|         2|          -|       8|        no|         -|         -|             -|             -|    -|
    |      o C_drain_IO_L1_out_wrapper_5_2_x0_loop_8                                                                       |       -|  -2.43|         16|     53.328|         2|          -|       8|        no|         -|         -|             -|             -|    -|
    |  + grp_C_drain_IO_L1_out_wrapper_6_3_x0_fu_3185                                                                      |  Timing|   0.00|     290081|  9.668e+05|         -|     290081|       -|        no|         -|         -|     468 (~0%)|     638 (~0%)|    -|
    |   o C_drain_IO_L1_out_wrapper_6_3_x0_loop_1                                                                          |       -|  -2.43|     290080|  9.668e+05|     18130|          -|      16|        no|         -|         -|             -|             -|    -|
    |    o C_drain_IO_L1_out_wrapper_6_3_x0_loop_2                                                                         |       -|  -2.43|      18128|  6.042e+04|      1133|          -|      16|        no|         -|         -|             -|             -|    -|
    |     o C_drain_IO_L1_out_wrapper_6_3_x0_loop_3                                                                        |       -|  -2.43|       1040|  3.466e+03|       130|          -|       8|        no|         -|         -|             -|             -|    -|
    |      o C_drain_IO_L1_out_wrapper_6_3_x0_loop_4                                                                       |       -|  -2.43|        128|    426.624|        16|          -|       8|        no|         -|         -|             -|             -|    -|
    |       o C_drain_IO_L1_out_wrapper_6_3_x0_loop_5                                                                      |       -|  -2.43|          8|     26.664|         1|          -|       8|        no|         -|         -|             -|             -|    -|
    |     o C_drain_IO_L1_out_wrapper_6_3_x0_loop_6                                                                        |       -|  -2.43|         90|    299.970|        18|          -|       5|        no|         -|         -|             -|             -|    -|
    |      o C_drain_IO_L1_out_wrapper_6_3_x0_loop_7                                                                       |       -|  -2.43|         16|     53.328|         2|          -|       8|        no|         -|         -|             -|             -|    -|
    |      o C_drain_IO_L1_out_wrapper_6_3_x0_loop_8                                                                       |       -|  -2.43|         16|     53.328|         2|          -|       8|        no|         -|         -|             -|             -|    -|
    |  + grp_C_drain_IO_L1_out_wrapper_7_4_x0_fu_3192                                                                      |  Timing|   0.00|     285473|  9.515e+05|         -|     285473|       -|        no|         -|         -|     468 (~0%)|     638 (~0%)|    -|
    |   o C_drain_IO_L1_out_wrapper_7_4_x0_loop_1                                                                          |       -|  -2.43|     285472|  9.515e+05|     17842|          -|      16|        no|         -|         -|             -|             -|    -|
    |    o C_drain_IO_L1_out_wrapper_7_4_x0_loop_2                                                                         |       -|  -2.43|      17840|  5.946e+04|      1115|          -|      16|        no|         -|         -|             -|             -|    -|
    |     o C_drain_IO_L1_out_wrapper_7_4_x0_loop_3                                                                        |       -|  -2.43|       1040|  3.466e+03|       130|          -|       8|        no|         -|         -|             -|             -|    -|
    |      o C_drain_IO_L1_out_wrapper_7_4_x0_loop_4                                                                       |       -|  -2.43|        128|    426.624|        16|          -|       8|        no|         -|         -|             -|             -|    -|
    |       o C_drain_IO_L1_out_wrapper_7_4_x0_loop_5                                                                      |       -|  -2.43|          8|     26.664|         1|          -|       8|        no|         -|         -|             -|             -|    -|
    |     o C_drain_IO_L1_out_wrapper_7_4_x0_loop_6                                                                        |       -|  -2.43|         72|    239.976|        18|          -|       4|        no|         -|         -|             -|             -|    -|
    |      o C_drain_IO_L1_out_wrapper_7_4_x0_loop_7                                                                       |       -|  -2.43|         16|     53.328|         2|          -|       8|        no|         -|         -|             -|             -|    -|
    |      o C_drain_IO_L1_out_wrapper_7_4_x0_loop_8                                                                       |       -|  -2.43|         16|     53.328|         2|          -|       8|        no|         -|         -|             -|             -|    -|
    |  + grp_C_drain_IO_L1_out_wrapper_5_1_x0_fu_3199                                                                      |  Timing|   0.00|     299297|  9.976e+05|         -|     299297|       -|        no|         -|         -|     468 (~0%)|     638 (~0%)|    -|
    |   o C_drain_IO_L1_out_wrapper_5_1_x0_loop_1                                                                          |       -|  -2.43|     299296|  9.976e+05|     18706|          -|      16|        no|         -|         -|             -|             -|    -|
    |    o C_drain_IO_L1_out_wrapper_5_1_x0_loop_2                                                                         |       -|  -2.43|      18704|  6.234e+04|      1169|          -|      16|        no|         -|         -|             -|             -|    -|
    |     o C_drain_IO_L1_out_wrapper_5_1_x0_loop_3                                                                        |       -|  -2.43|       1040|  3.466e+03|       130|          -|       8|        no|         -|         -|             -|             -|    -|
    |      o C_drain_IO_L1_out_wrapper_5_1_x0_loop_4                                                                       |       -|  -2.43|        128|    426.624|        16|          -|       8|        no|         -|         -|             -|             -|    -|
    |       o C_drain_IO_L1_out_wrapper_5_1_x0_loop_5                                                                      |       -|  -2.43|          8|     26.664|         1|          -|       8|        no|         -|         -|             -|             -|    -|
    |     o C_drain_IO_L1_out_wrapper_5_1_x0_loop_6                                                                        |       -|  -2.43|        126|    419.958|        18|          -|       7|        no|         -|         -|             -|             -|    -|
    |      o C_drain_IO_L1_out_wrapper_5_1_x0_loop_7                                                                       |       -|  -2.43|         16|     53.328|         2|          -|       8|        no|         -|         -|             -|             -|    -|
    |      o C_drain_IO_L1_out_wrapper_5_1_x0_loop_8                                                                       |       -|  -2.43|         16|     53.328|         2|          -|       8|        no|         -|         -|             -|             -|    -|
    |  + grp_C_drain_IO_L1_out_wrapper_6_2_x0_fu_3206                                                                      |  Timing|   0.00|     294689|  9.822e+05|         -|     294689|       -|        no|         -|         -|     468 (~0%)|     638 (~0%)|    -|
    |   o C_drain_IO_L1_out_wrapper_6_2_x0_loop_1                                                                          |       -|  -2.43|     294688|  9.822e+05|     18418|          -|      16|        no|         -|         -|             -|             -|    -|
    |    o C_drain_IO_L1_out_wrapper_6_2_x0_loop_2                                                                         |       -|  -2.43|      18416|  6.138e+04|      1151|          -|      16|        no|         -|         -|             -|             -|    -|
    |     o C_drain_IO_L1_out_wrapper_6_2_x0_loop_3                                                                        |       -|  -2.43|       1040|  3.466e+03|       130|          -|       8|        no|         -|         -|             -|             -|    -|
    |      o C_drain_IO_L1_out_wrapper_6_2_x0_loop_4                                                                       |       -|  -2.43|        128|    426.624|        16|          -|       8|        no|         -|         -|             -|             -|    -|
    |       o C_drain_IO_L1_out_wrapper_6_2_x0_loop_5                                                                      |       -|  -2.43|          8|     26.664|         1|          -|       8|        no|         -|         -|             -|             -|    -|
    |     o C_drain_IO_L1_out_wrapper_6_2_x0_loop_6                                                                        |       -|  -2.43|        108|    359.964|        18|          -|       6|        no|         -|         -|             -|             -|    -|
    |      o C_drain_IO_L1_out_wrapper_6_2_x0_loop_7                                                                       |       -|  -2.43|         16|     53.328|         2|          -|       8|        no|         -|         -|             -|             -|    -|
    |      o C_drain_IO_L1_out_wrapper_6_2_x0_loop_8                                                                       |       -|  -2.43|         16|     53.328|         2|          -|       8|        no|         -|         -|             -|             -|    -|
    |  + grp_C_drain_IO_L1_out_wrapper_7_3_x0_fu_3213                                                                      |  Timing|   0.00|     290081|  9.668e+05|         -|     290081|       -|        no|         -|         -|     468 (~0%)|     638 (~0%)|    -|
    |   o C_drain_IO_L1_out_wrapper_7_3_x0_loop_1                                                                          |       -|  -2.43|     290080|  9.668e+05|     18130|          -|      16|        no|         -|         -|             -|             -|    -|
    |    o C_drain_IO_L1_out_wrapper_7_3_x0_loop_2                                                                         |       -|  -2.43|      18128|  6.042e+04|      1133|          -|      16|        no|         -|         -|             -|             -|    -|
    |     o C_drain_IO_L1_out_wrapper_7_3_x0_loop_3                                                                        |       -|  -2.43|       1040|  3.466e+03|       130|          -|       8|        no|         -|         -|             -|             -|    -|
    |      o C_drain_IO_L1_out_wrapper_7_3_x0_loop_4                                                                       |       -|  -2.43|        128|    426.624|        16|          -|       8|        no|         -|         -|             -|             -|    -|
    |       o C_drain_IO_L1_out_wrapper_7_3_x0_loop_5                                                                      |       -|  -2.43|          8|     26.664|         1|          -|       8|        no|         -|         -|             -|             -|    -|
    |     o C_drain_IO_L1_out_wrapper_7_3_x0_loop_6                                                                        |       -|  -2.43|         90|    299.970|        18|          -|       5|        no|         -|         -|             -|             -|    -|
    |      o C_drain_IO_L1_out_wrapper_7_3_x0_loop_7                                                                       |       -|  -2.43|         16|     53.328|         2|          -|       8|        no|         -|         -|             -|             -|    -|
    |      o C_drain_IO_L1_out_wrapper_7_3_x0_loop_8                                                                       |       -|  -2.43|         16|     53.328|         2|          -|       8|        no|         -|         -|             -|             -|    -|
    |  + grp_C_drain_IO_L1_out_wrapper_6_1_x0_fu_3220                                                                      |  Timing|   0.00|     299297|  9.976e+05|         -|     299297|       -|        no|         -|         -|     468 (~0%)|     638 (~0%)|    -|
    |   o C_drain_IO_L1_out_wrapper_6_1_x0_loop_1                                                                          |       -|  -2.43|     299296|  9.976e+05|     18706|          -|      16|        no|         -|         -|             -|             -|    -|
    |    o C_drain_IO_L1_out_wrapper_6_1_x0_loop_2                                                                         |       -|  -2.43|      18704|  6.234e+04|      1169|          -|      16|        no|         -|         -|             -|             -|    -|
    |     o C_drain_IO_L1_out_wrapper_6_1_x0_loop_3                                                                        |       -|  -2.43|       1040|  3.466e+03|       130|          -|       8|        no|         -|         -|             -|             -|    -|
    |      o C_drain_IO_L1_out_wrapper_6_1_x0_loop_4                                                                       |       -|  -2.43|        128|    426.624|        16|          -|       8|        no|         -|         -|             -|             -|    -|
    |       o C_drain_IO_L1_out_wrapper_6_1_x0_loop_5                                                                      |       -|  -2.43|          8|     26.664|         1|          -|       8|        no|         -|         -|             -|             -|    -|
    |     o C_drain_IO_L1_out_wrapper_6_1_x0_loop_6                                                                        |       -|  -2.43|        126|    419.958|        18|          -|       7|        no|         -|         -|             -|             -|    -|
    |      o C_drain_IO_L1_out_wrapper_6_1_x0_loop_7                                                                       |       -|  -2.43|         16|     53.328|         2|          -|       8|        no|         -|         -|             -|             -|    -|
    |      o C_drain_IO_L1_out_wrapper_6_1_x0_loop_8                                                                       |       -|  -2.43|         16|     53.328|         2|          -|       8|        no|         -|         -|             -|             -|    -|
    |  + grp_C_drain_IO_L1_out_wrapper_7_2_x0_fu_3227                                                                      |  Timing|   0.00|     294689|  9.822e+05|         -|     294689|       -|        no|         -|         -|     468 (~0%)|     638 (~0%)|    -|
    |   o C_drain_IO_L1_out_wrapper_7_2_x0_loop_1                                                                          |       -|  -2.43|     294688|  9.822e+05|     18418|          -|      16|        no|         -|         -|             -|             -|    -|
    |    o C_drain_IO_L1_out_wrapper_7_2_x0_loop_2                                                                         |       -|  -2.43|      18416|  6.138e+04|      1151|          -|      16|        no|         -|         -|             -|             -|    -|
    |     o C_drain_IO_L1_out_wrapper_7_2_x0_loop_3                                                                        |       -|  -2.43|       1040|  3.466e+03|       130|          -|       8|        no|         -|         -|             -|             -|    -|
    |      o C_drain_IO_L1_out_wrapper_7_2_x0_loop_4                                                                       |       -|  -2.43|        128|    426.624|        16|          -|       8|        no|         -|         -|             -|             -|    -|
    |       o C_drain_IO_L1_out_wrapper_7_2_x0_loop_5                                                                      |       -|  -2.43|          8|     26.664|         1|          -|       8|        no|         -|         -|             -|             -|    -|
    |     o C_drain_IO_L1_out_wrapper_7_2_x0_loop_6                                                                        |       -|  -2.43|        108|    359.964|        18|          -|       6|        no|         -|         -|             -|             -|    -|
    |      o C_drain_IO_L1_out_wrapper_7_2_x0_loop_7                                                                       |       -|  -2.43|         16|     53.328|         2|          -|       8|        no|         -|         -|             -|             -|    -|
    |      o C_drain_IO_L1_out_wrapper_7_2_x0_loop_8                                                                       |       -|  -2.43|         16|     53.328|         2|          -|       8|        no|         -|         -|             -|             -|    -|
    |  + grp_C_drain_IO_L1_out_wrapper_7_1_x0_fu_3234                                                                      |  Timing|   0.00|     299297|  9.976e+05|         -|     299297|       -|        no|         -|         -|     468 (~0%)|     638 (~0%)|    -|
    |   o C_drain_IO_L1_out_wrapper_7_1_x0_loop_1                                                                          |       -|  -2.43|     299296|  9.976e+05|     18706|          -|      16|        no|         -|         -|             -|             -|    -|
    |    o C_drain_IO_L1_out_wrapper_7_1_x0_loop_2                                                                         |       -|  -2.43|      18704|  6.234e+04|      1169|          -|      16|        no|         -|         -|             -|             -|    -|
    |     o C_drain_IO_L1_out_wrapper_7_1_x0_loop_3                                                                        |       -|  -2.43|       1040|  3.466e+03|       130|          -|       8|        no|         -|         -|             -|             -|    -|
    |      o C_drain_IO_L1_out_wrapper_7_1_x0_loop_4                                                                       |       -|  -2.43|        128|    426.624|        16|          -|       8|        no|         -|         -|             -|             -|    -|
    |       o C_drain_IO_L1_out_wrapper_7_1_x0_loop_5                                                                      |       -|  -2.43|          8|     26.664|         1|          -|       8|        no|         -|         -|             -|             -|    -|
    |     o C_drain_IO_L1_out_wrapper_7_1_x0_loop_6                                                                        |       -|  -2.43|        126|    419.958|        18|          -|       7|        no|         -|         -|             -|             -|    -|
    |      o C_drain_IO_L1_out_wrapper_7_1_x0_loop_7                                                                       |       -|  -2.43|         16|     53.328|         2|          -|       8|        no|         -|         -|             -|             -|    -|
    |      o C_drain_IO_L1_out_wrapper_7_1_x0_loop_8                                                                       |       -|  -2.43|         16|     53.328|         2|          -|       8|        no|         -|         -|             -|             -|    -|
    |  + grp_C_drain_IO_L1_out_wrapper_0_0_x0_fu_3241                                                                      |  Timing|   0.00|     303905|  1.013e+06|         -|     303905|       -|        no|         -|         -|     472 (~0%)|     638 (~0%)|    -|
    |   o C_drain_IO_L1_out_wrapper_0_0_x0_loop_1                                                                          |       -|  -2.43|     303904|  1.013e+06|     18994|          -|      16|        no|         -|         -|             -|             -|    -|
    |    o C_drain_IO_L1_out_wrapper_0_0_x0_loop_2                                                                         |       -|  -2.43|      18992|  6.330e+04|      1187|          -|      16|        no|         -|         -|             -|             -|    -|
    |     o C_drain_IO_L1_out_wrapper_0_0_x0_loop_3                                                                        |       -|  -2.43|       1040|  3.466e+03|       130|          -|       8|        no|         -|         -|             -|             -|    -|
    |      o C_drain_IO_L1_out_wrapper_0_0_x0_loop_4                                                                       |       -|  -2.43|        128|    426.624|        16|          -|       8|        no|         -|         -|             -|             -|    -|
    |       o C_drain_IO_L1_out_wrapper_0_0_x0_loop_5                                                                      |       -|  -2.43|          8|     26.664|         1|          -|       8|        no|         -|         -|             -|             -|    -|
    |     o C_drain_IO_L1_out_wrapper_0_0_x0_loop_6                                                                        |       -|  -2.43|        144|    479.952|        18|          -|       8|        no|         -|         -|             -|             -|    -|
    |      o C_drain_IO_L1_out_wrapper_0_0_x0_loop_7                                                                       |       -|  -2.43|         16|     53.328|         2|          -|       8|        no|         -|         -|             -|             -|    -|
    |      o C_drain_IO_L1_out_wrapper_0_0_x0_loop_8                                                                       |       -|  -2.43|         16|     53.328|         2|          -|       8|        no|         -|         -|             -|             -|    -|
    |  + grp_C_drain_IO_L1_out_wrapper_1_0_x0_fu_3248                                                                      |  Timing|   0.00|     303905|  1.013e+06|         -|     303905|       -|        no|         -|         -|     472 (~0%)|     638 (~0%)|    -|
    |   o C_drain_IO_L1_out_wrapper_1_0_x0_loop_1                                                                          |       -|  -2.43|     303904|  1.013e+06|     18994|          -|      16|        no|         -|         -|             -|             -|    -|
    |    o C_drain_IO_L1_out_wrapper_1_0_x0_loop_2                                                                         |       -|  -2.43|      18992|  6.330e+04|      1187|          -|      16|        no|         -|         -|             -|             -|    -|
    |     o C_drain_IO_L1_out_wrapper_1_0_x0_loop_3                                                                        |       -|  -2.43|       1040|  3.466e+03|       130|          -|       8|        no|         -|         -|             -|             -|    -|
    |      o C_drain_IO_L1_out_wrapper_1_0_x0_loop_4                                                                       |       -|  -2.43|        128|    426.624|        16|          -|       8|        no|         -|         -|             -|             -|    -|
    |       o C_drain_IO_L1_out_wrapper_1_0_x0_loop_5                                                                      |       -|  -2.43|          8|     26.664|         1|          -|       8|        no|         -|         -|             -|             -|    -|
    |     o C_drain_IO_L1_out_wrapper_1_0_x0_loop_6                                                                        |       -|  -2.43|        144|    479.952|        18|          -|       8|        no|         -|         -|             -|             -|    -|
    |      o C_drain_IO_L1_out_wrapper_1_0_x0_loop_7                                                                       |       -|  -2.43|         16|     53.328|         2|          -|       8|        no|         -|         -|             -|             -|    -|
    |      o C_drain_IO_L1_out_wrapper_1_0_x0_loop_8                                                                       |       -|  -2.43|         16|     53.328|         2|          -|       8|        no|         -|         -|             -|             -|    -|
    |  + grp_C_drain_IO_L1_out_wrapper_2_0_x0_fu_3255                                                                      |  Timing|   0.00|     303905|  1.013e+06|         -|     303905|       -|        no|         -|         -|     472 (~0%)|     638 (~0%)|    -|
    |   o C_drain_IO_L1_out_wrapper_2_0_x0_loop_1                                                                          |       -|  -2.43|     303904|  1.013e+06|     18994|          -|      16|        no|         -|         -|             -|             -|    -|
    |    o C_drain_IO_L1_out_wrapper_2_0_x0_loop_2                                                                         |       -|  -2.43|      18992|  6.330e+04|      1187|          -|      16|        no|         -|         -|             -|             -|    -|
    |     o C_drain_IO_L1_out_wrapper_2_0_x0_loop_3                                                                        |       -|  -2.43|       1040|  3.466e+03|       130|          -|       8|        no|         -|         -|             -|             -|    -|
    |      o C_drain_IO_L1_out_wrapper_2_0_x0_loop_4                                                                       |       -|  -2.43|        128|    426.624|        16|          -|       8|        no|         -|         -|             -|             -|    -|
    |       o C_drain_IO_L1_out_wrapper_2_0_x0_loop_5                                                                      |       -|  -2.43|          8|     26.664|         1|          -|       8|        no|         -|         -|             -|             -|    -|
    |     o C_drain_IO_L1_out_wrapper_2_0_x0_loop_6                                                                        |       -|  -2.43|        144|    479.952|        18|          -|       8|        no|         -|         -|             -|             -|    -|
    |      o C_drain_IO_L1_out_wrapper_2_0_x0_loop_7                                                                       |       -|  -2.43|         16|     53.328|         2|          -|       8|        no|         -|         -|             -|             -|    -|
    |      o C_drain_IO_L1_out_wrapper_2_0_x0_loop_8                                                                       |       -|  -2.43|         16|     53.328|         2|          -|       8|        no|         -|         -|             -|             -|    -|
    |  + grp_C_drain_IO_L1_out_wrapper_3_0_x0_fu_3262                                                                      |  Timing|   0.00|     303905|  1.013e+06|         -|     303905|       -|        no|         -|         -|     472 (~0%)|     638 (~0%)|    -|
    |   o C_drain_IO_L1_out_wrapper_3_0_x0_loop_1                                                                          |       -|  -2.43|     303904|  1.013e+06|     18994|          -|      16|        no|         -|         -|             -|             -|    -|
    |    o C_drain_IO_L1_out_wrapper_3_0_x0_loop_2                                                                         |       -|  -2.43|      18992|  6.330e+04|      1187|          -|      16|        no|         -|         -|             -|             -|    -|
    |     o C_drain_IO_L1_out_wrapper_3_0_x0_loop_3                                                                        |       -|  -2.43|       1040|  3.466e+03|       130|          -|       8|        no|         -|         -|             -|             -|    -|
    |      o C_drain_IO_L1_out_wrapper_3_0_x0_loop_4                                                                       |       -|  -2.43|        128|    426.624|        16|          -|       8|        no|         -|         -|             -|             -|    -|
    |       o C_drain_IO_L1_out_wrapper_3_0_x0_loop_5                                                                      |       -|  -2.43|          8|     26.664|         1|          -|       8|        no|         -|         -|             -|             -|    -|
    |     o C_drain_IO_L1_out_wrapper_3_0_x0_loop_6                                                                        |       -|  -2.43|        144|    479.952|        18|          -|       8|        no|         -|         -|             -|             -|    -|
    |      o C_drain_IO_L1_out_wrapper_3_0_x0_loop_7                                                                       |       -|  -2.43|         16|     53.328|         2|          -|       8|        no|         -|         -|             -|             -|    -|
    |      o C_drain_IO_L1_out_wrapper_3_0_x0_loop_8                                                                       |       -|  -2.43|         16|     53.328|         2|          -|       8|        no|         -|         -|             -|             -|    -|
    |  + grp_C_drain_IO_L1_out_wrapper_4_0_x0_fu_3269                                                                      |  Timing|   0.00|     303905|  1.013e+06|         -|     303905|       -|        no|         -|         -|     472 (~0%)|     638 (~0%)|    -|
    |   o C_drain_IO_L1_out_wrapper_4_0_x0_loop_1                                                                          |       -|  -2.43|     303904|  1.013e+06|     18994|          -|      16|        no|         -|         -|             -|             -|    -|
    |    o C_drain_IO_L1_out_wrapper_4_0_x0_loop_2                                                                         |       -|  -2.43|      18992|  6.330e+04|      1187|          -|      16|        no|         -|         -|             -|             -|    -|
    |     o C_drain_IO_L1_out_wrapper_4_0_x0_loop_3                                                                        |       -|  -2.43|       1040|  3.466e+03|       130|          -|       8|        no|         -|         -|             -|             -|    -|
    |      o C_drain_IO_L1_out_wrapper_4_0_x0_loop_4                                                                       |       -|  -2.43|        128|    426.624|        16|          -|       8|        no|         -|         -|             -|             -|    -|
    |       o C_drain_IO_L1_out_wrapper_4_0_x0_loop_5                                                                      |       -|  -2.43|          8|     26.664|         1|          -|       8|        no|         -|         -|             -|             -|    -|
    |     o C_drain_IO_L1_out_wrapper_4_0_x0_loop_6                                                                        |       -|  -2.43|        144|    479.952|        18|          -|       8|        no|         -|         -|             -|             -|    -|
    |      o C_drain_IO_L1_out_wrapper_4_0_x0_loop_7                                                                       |       -|  -2.43|         16|     53.328|         2|          -|       8|        no|         -|         -|             -|             -|    -|
    |      o C_drain_IO_L1_out_wrapper_4_0_x0_loop_8                                                                       |       -|  -2.43|         16|     53.328|         2|          -|       8|        no|         -|         -|             -|             -|    -|
    |  + grp_C_drain_IO_L1_out_wrapper_5_0_x0_fu_3276                                                                      |  Timing|   0.00|     303905|  1.013e+06|         -|     303905|       -|        no|         -|         -|     472 (~0%)|     638 (~0%)|    -|
    |   o C_drain_IO_L1_out_wrapper_5_0_x0_loop_1                                                                          |       -|  -2.43|     303904|  1.013e+06|     18994|          -|      16|        no|         -|         -|             -|             -|    -|
    |    o C_drain_IO_L1_out_wrapper_5_0_x0_loop_2                                                                         |       -|  -2.43|      18992|  6.330e+04|      1187|          -|      16|        no|         -|         -|             -|             -|    -|
    |     o C_drain_IO_L1_out_wrapper_5_0_x0_loop_3                                                                        |       -|  -2.43|       1040|  3.466e+03|       130|          -|       8|        no|         -|         -|             -|             -|    -|
    |      o C_drain_IO_L1_out_wrapper_5_0_x0_loop_4                                                                       |       -|  -2.43|        128|    426.624|        16|          -|       8|        no|         -|         -|             -|             -|    -|
    |       o C_drain_IO_L1_out_wrapper_5_0_x0_loop_5                                                                      |       -|  -2.43|          8|     26.664|         1|          -|       8|        no|         -|         -|             -|             -|    -|
    |     o C_drain_IO_L1_out_wrapper_5_0_x0_loop_6                                                                        |       -|  -2.43|        144|    479.952|        18|          -|       8|        no|         -|         -|             -|             -|    -|
    |      o C_drain_IO_L1_out_wrapper_5_0_x0_loop_7                                                                       |       -|  -2.43|         16|     53.328|         2|          -|       8|        no|         -|         -|             -|             -|    -|
    |      o C_drain_IO_L1_out_wrapper_5_0_x0_loop_8                                                                       |       -|  -2.43|         16|     53.328|         2|          -|       8|        no|         -|         -|             -|             -|    -|
    |  + grp_C_drain_IO_L1_out_wrapper_6_0_x0_fu_3283                                                                      |  Timing|   0.00|     303905|  1.013e+06|         -|     303905|       -|        no|         -|         -|     472 (~0%)|     638 (~0%)|    -|
    |   o C_drain_IO_L1_out_wrapper_6_0_x0_loop_1                                                                          |       -|  -2.43|     303904|  1.013e+06|     18994|          -|      16|        no|         -|         -|             -|             -|    -|
    |    o C_drain_IO_L1_out_wrapper_6_0_x0_loop_2                                                                         |       -|  -2.43|      18992|  6.330e+04|      1187|          -|      16|        no|         -|         -|             -|             -|    -|
    |     o C_drain_IO_L1_out_wrapper_6_0_x0_loop_3                                                                        |       -|  -2.43|       1040|  3.466e+03|       130|          -|       8|        no|         -|         -|             -|             -|    -|
    |      o C_drain_IO_L1_out_wrapper_6_0_x0_loop_4                                                                       |       -|  -2.43|        128|    426.624|        16|          -|       8|        no|         -|         -|             -|             -|    -|
    |       o C_drain_IO_L1_out_wrapper_6_0_x0_loop_5                                                                      |       -|  -2.43|          8|     26.664|         1|          -|       8|        no|         -|         -|             -|             -|    -|
    |     o C_drain_IO_L1_out_wrapper_6_0_x0_loop_6                                                                        |       -|  -2.43|        144|    479.952|        18|          -|       8|        no|         -|         -|             -|             -|    -|
    |      o C_drain_IO_L1_out_wrapper_6_0_x0_loop_7                                                                       |       -|  -2.43|         16|     53.328|         2|          -|       8|        no|         -|         -|             -|             -|    -|
    |      o C_drain_IO_L1_out_wrapper_6_0_x0_loop_8                                                                       |       -|  -2.43|         16|     53.328|         2|          -|       8|        no|         -|         -|             -|             -|    -|
    |  + grp_C_drain_IO_L1_out_wrapper_7_0_x0_fu_3290                                                                      |  Timing|   0.00|     303905|  1.013e+06|         -|     303905|       -|        no|         -|         -|     472 (~0%)|     638 (~0%)|    -|
    |   o C_drain_IO_L1_out_wrapper_7_0_x0_loop_1                                                                          |       -|  -2.43|     303904|  1.013e+06|     18994|          -|      16|        no|         -|         -|             -|             -|    -|
    |    o C_drain_IO_L1_out_wrapper_7_0_x0_loop_2                                                                         |       -|  -2.43|      18992|  6.330e+04|      1187|          -|      16|        no|         -|         -|             -|             -|    -|
    |     o C_drain_IO_L1_out_wrapper_7_0_x0_loop_3                                                                        |       -|  -2.43|       1040|  3.466e+03|       130|          -|       8|        no|         -|         -|             -|             -|    -|
    |      o C_drain_IO_L1_out_wrapper_7_0_x0_loop_4                                                                       |       -|  -2.43|        128|    426.624|        16|          -|       8|        no|         -|         -|             -|             -|    -|
    |       o C_drain_IO_L1_out_wrapper_7_0_x0_loop_5                                                                      |       -|  -2.43|          8|     26.664|         1|          -|       8|        no|         -|         -|             -|             -|    -|
    |     o C_drain_IO_L1_out_wrapper_7_0_x0_loop_6                                                                        |       -|  -2.43|        144|    479.952|        18|          -|       8|        no|         -|         -|             -|             -|    -|
    |      o C_drain_IO_L1_out_wrapper_7_0_x0_loop_7                                                                       |       -|  -2.43|         16|     53.328|         2|          -|       8|        no|         -|         -|             -|             -|    -|
    |      o C_drain_IO_L1_out_wrapper_7_0_x0_loop_8                                                                       |       -|  -2.43|         16|     53.328|         2|          -|       8|        no|         -|         -|             -|             -|    -|
    |  + grp_A_IO_L2_in_1_x0_fu_3297                                                                                       |  Timing|   0.00|    2294450|  7.647e+06|         -|    2294450|       -|        no|         -|         -|     663 (~0%)|    1224 (~0%)|    -|
    |   o A_IO_L2_in_1_x0_loop_1                                                                                           |       -|  -2.43|    2294304|  7.647e+06|    143394|          -|      16|        no|         -|         -|             -|             -|    -|
    |    o A_IO_L2_in_1_x0_loop_2                                                                                          |       -|  -2.43|     143392|  4.779e+05|      8962|          -|      16|        no|         -|         -|             -|             -|    -|
    |     o A_IO_L2_in_1_x0_loop_3                                                                                         |       -|  -2.43|       8960|  2.986e+04|       280|          -|      32|        no|         -|         -|             -|             -|    -|
    |      o A_IO_L2_in_1_x0_loop_4                                                                                        |       -|  -2.43|        133|    443.289|        19|          -|       7|        no|         -|         -|             -|             -|    -|
    |       o A_IO_L2_in_1_x0_loop_5                                                                                       |       -|  -2.43|         17|     56.661|         2|          -|       8|        no|         -|         -|             -|             -|    -|
    |       o A_IO_L2_in_1_x0_loop_6                                                                                       |       -|  -2.43|         16|     53.328|         2|          -|       8|        no|         -|         -|             -|             -|    -|
    |      o A_IO_L2_in_1_x0_loop_7                                                                                        |       -|  -2.43|        144|    479.952|        18|          -|       8|        no|         -|         -|             -|             -|    -|
    |       o A_IO_L2_in_1_x0_loop_8                                                                                       |       -|  -2.43|         16|     53.328|         2|          -|       8|        no|         -|         -|             -|             -|    -|
    |      o A_IO_L2_in_1_x0_loop_9                                                                                        |       -|  -2.43|        133|    443.289|        19|          -|       7|        no|         -|         -|             -|             -|    -|
    |       o A_IO_L2_in_1_x0_loop_10                                                                                      |       -|  -2.43|         17|     56.661|         2|          -|       8|        no|         -|         -|             -|             -|    -|
    |       o A_IO_L2_in_1_x0_loop_11                                                                                      |       -|  -2.43|         16|     53.328|         2|          -|       8|        no|         -|         -|             -|             -|    -|
    |      o A_IO_L2_in_1_x0_loop_12                                                                                       |       -|  -2.43|        144|    479.952|        18|          -|       8|        no|         -|         -|             -|             -|    -|
    |       o A_IO_L2_in_1_x0_loop_13                                                                                      |       -|  -2.43|         16|     53.328|         2|          -|       8|        no|         -|         -|             -|             -|    -|
    |   o A_IO_L2_in_1_x0_loop_14                                                                                          |       -|  -2.43|        144|    479.952|        18|          -|       8|        no|         -|         -|             -|             -|    -|
    |    o A_IO_L2_in_1_x0_loop_15                                                                                         |       -|  -2.43|         16|     53.328|         2|          -|       8|        no|         -|         -|             -|             -|    -|
    |  + grp_A_IO_L2_in_2_x0_fu_3304                                                                                       |  Timing|   0.00|    2138802|  7.129e+06|         -|    2138802|       -|        no|         -|         -|     663 (~0%)|    1224 (~0%)|    -|
    |   o A_IO_L2_in_2_x0_loop_1                                                                                           |       -|  -2.43|    2138656|  7.128e+06|    133666|          -|      16|        no|         -|         -|             -|             -|    -|
    |    o A_IO_L2_in_2_x0_loop_2                                                                                          |       -|  -2.43|     133664|  4.455e+05|      8354|          -|      16|        no|         -|         -|             -|             -|    -|
    |     o A_IO_L2_in_2_x0_loop_3                                                                                         |       -|  -2.43|       8352|  2.784e+04|       261|          -|      32|        no|         -|         -|             -|             -|    -|
    |      o A_IO_L2_in_2_x0_loop_4                                                                                        |       -|  -2.43|        114|    379.962|        19|          -|       6|        no|         -|         -|             -|             -|    -|
    |       o A_IO_L2_in_2_x0_loop_5                                                                                       |       -|  -2.43|         17|     56.661|         2|          -|       8|        no|         -|         -|             -|             -|    -|
    |       o A_IO_L2_in_2_x0_loop_6                                                                                       |       -|  -2.43|         16|     53.328|         2|          -|       8|        no|         -|         -|             -|             -|    -|
    |      o A_IO_L2_in_2_x0_loop_7                                                                                        |       -|  -2.43|        144|    479.952|        18|          -|       8|        no|         -|         -|             -|             -|    -|
    |       o A_IO_L2_in_2_x0_loop_8                                                                                       |       -|  -2.43|         16|     53.328|         2|          -|       8|        no|         -|         -|             -|             -|    -|
    |      o A_IO_L2_in_2_x0_loop_9                                                                                        |       -|  -2.43|        114|    379.962|        19|          -|       6|        no|         -|         -|             -|             -|    -|
    |       o A_IO_L2_in_2_x0_loop_10                                                                                      |       -|  -2.43|         17|     56.661|         2|          -|       8|        no|         -|         -|             -|             -|    -|
    |       o A_IO_L2_in_2_x0_loop_11                                                                                      |       -|  -2.43|         16|     53.328|         2|          -|       8|        no|         -|         -|             -|             -|    -|
    |      o A_IO_L2_in_2_x0_loop_12                                                                                       |       -|  -2.43|        144|    479.952|        18|          -|       8|        no|         -|         -|             -|             -|    -|
    |       o A_IO_L2_in_2_x0_loop_13                                                                                      |       -|  -2.43|         16|     53.328|         2|          -|       8|        no|         -|         -|             -|             -|    -|
    |   o A_IO_L2_in_2_x0_loop_14                                                                                          |       -|  -2.43|        144|    479.952|        18|          -|       8|        no|         -|         -|             -|             -|    -|
    |    o A_IO_L2_in_2_x0_loop_15                                                                                         |       -|  -2.43|         16|     53.328|         2|          -|       8|        no|         -|         -|             -|             -|    -|
    |  + grp_A_IO_L2_in_3_x0_fu_3311                                                                                       |  Timing|   0.00|    1983154|  6.610e+06|         -|    1983154|       -|        no|         -|         -|     663 (~0%)|    1224 (~0%)|    -|
    |   o A_IO_L2_in_3_x0_loop_1                                                                                           |       -|  -2.43|    1983008|  6.609e+06|    123938|          -|      16|        no|         -|         -|             -|             -|    -|
    |    o A_IO_L2_in_3_x0_loop_2                                                                                          |       -|  -2.43|     123936|  4.131e+05|      7746|          -|      16|        no|         -|         -|             -|             -|    -|
    |     o A_IO_L2_in_3_x0_loop_3                                                                                         |       -|  -2.43|       7744|  2.581e+04|       242|          -|      32|        no|         -|         -|             -|             -|    -|
    |      o A_IO_L2_in_3_x0_loop_4                                                                                        |       -|  -2.43|         95|    316.635|        19|          -|       5|        no|         -|         -|             -|             -|    -|
    |       o A_IO_L2_in_3_x0_loop_5                                                                                       |       -|  -2.43|         17|     56.661|         2|          -|       8|        no|         -|         -|             -|             -|    -|
    |       o A_IO_L2_in_3_x0_loop_6                                                                                       |       -|  -2.43|         16|     53.328|         2|          -|       8|        no|         -|         -|             -|             -|    -|
    |      o A_IO_L2_in_3_x0_loop_7                                                                                        |       -|  -2.43|        144|    479.952|        18|          -|       8|        no|         -|         -|             -|             -|    -|
    |       o A_IO_L2_in_3_x0_loop_8                                                                                       |       -|  -2.43|         16|     53.328|         2|          -|       8|        no|         -|         -|             -|             -|    -|
    |      o A_IO_L2_in_3_x0_loop_9                                                                                        |       -|  -2.43|         95|    316.635|        19|          -|       5|        no|         -|         -|             -|             -|    -|
    |       o A_IO_L2_in_3_x0_loop_10                                                                                      |       -|  -2.43|         17|     56.661|         2|          -|       8|        no|         -|         -|             -|             -|    -|
    |       o A_IO_L2_in_3_x0_loop_11                                                                                      |       -|  -2.43|         16|     53.328|         2|          -|       8|        no|         -|         -|             -|             -|    -|
    |      o A_IO_L2_in_3_x0_loop_12                                                                                       |       -|  -2.43|        144|    479.952|        18|          -|       8|        no|         -|         -|             -|             -|    -|
    |       o A_IO_L2_in_3_x0_loop_13                                                                                      |       -|  -2.43|         16|     53.328|         2|          -|       8|        no|         -|         -|             -|             -|    -|
    |   o A_IO_L2_in_3_x0_loop_14                                                                                          |       -|  -2.43|        144|    479.952|        18|          -|       8|        no|         -|         -|             -|             -|    -|
    |    o A_IO_L2_in_3_x0_loop_15                                                                                         |       -|  -2.43|         16|     53.328|         2|          -|       8|        no|         -|         -|             -|             -|    -|
    |  + grp_A_IO_L2_in_4_x0_fu_3318                                                                                       |  Timing|   0.00|    1827506|  6.091e+06|         -|    1827506|       -|        no|         -|         -|     663 (~0%)|    1224 (~0%)|    -|
    |   o A_IO_L2_in_4_x0_loop_1                                                                                           |       -|  -2.43|    1827360|  6.091e+06|    114210|          -|      16|        no|         -|         -|             -|             -|    -|
    |    o A_IO_L2_in_4_x0_loop_2                                                                                          |       -|  -2.43|     114208|  3.807e+05|      7138|          -|      16|        no|         -|         -|             -|             -|    -|
    |     o A_IO_L2_in_4_x0_loop_3                                                                                         |       -|  -2.43|       7136|  2.378e+04|       223|          -|      32|        no|         -|         -|             -|             -|    -|
    |      o A_IO_L2_in_4_x0_loop_4                                                                                        |       -|  -2.43|         76|    253.308|        19|          -|       4|        no|         -|         -|             -|             -|    -|
    |       o A_IO_L2_in_4_x0_loop_5                                                                                       |       -|  -2.43|         17|     56.661|         2|          -|       8|        no|         -|         -|             -|             -|    -|
    |       o A_IO_L2_in_4_x0_loop_6                                                                                       |       -|  -2.43|         16|     53.328|         2|          -|       8|        no|         -|         -|             -|             -|    -|
    |      o A_IO_L2_in_4_x0_loop_7                                                                                        |       -|  -2.43|        144|    479.952|        18|          -|       8|        no|         -|         -|             -|             -|    -|
    |       o A_IO_L2_in_4_x0_loop_8                                                                                       |       -|  -2.43|         16|     53.328|         2|          -|       8|        no|         -|         -|             -|             -|    -|
    |      o A_IO_L2_in_4_x0_loop_9                                                                                        |       -|  -2.43|         76|    253.308|        19|          -|       4|        no|         -|         -|             -|             -|    -|
    |       o A_IO_L2_in_4_x0_loop_10                                                                                      |       -|  -2.43|         17|     56.661|         2|          -|       8|        no|         -|         -|             -|             -|    -|
    |       o A_IO_L2_in_4_x0_loop_11                                                                                      |       -|  -2.43|         16|     53.328|         2|          -|       8|        no|         -|         -|             -|             -|    -|
    |      o A_IO_L2_in_4_x0_loop_12                                                                                       |       -|  -2.43|        144|    479.952|        18|          -|       8|        no|         -|         -|             -|             -|    -|
    |       o A_IO_L2_in_4_x0_loop_13                                                                                      |       -|  -2.43|         16|     53.328|         2|          -|       8|        no|         -|         -|             -|             -|    -|
    |   o A_IO_L2_in_4_x0_loop_14                                                                                          |       -|  -2.43|        144|    479.952|        18|          -|       8|        no|         -|         -|             -|             -|    -|
    |    o A_IO_L2_in_4_x0_loop_15                                                                                         |       -|  -2.43|         16|     53.328|         2|          -|       8|        no|         -|         -|             -|             -|    -|
    |  + grp_A_IO_L2_in_5_x0_fu_3325                                                                                       |  Timing|   0.00|    1671858|  5.572e+06|         -|    1671858|       -|        no|         -|         -|     663 (~0%)|    1224 (~0%)|    -|
    |   o A_IO_L2_in_5_x0_loop_1                                                                                           |       -|  -2.43|    1671712|  5.572e+06|    104482|          -|      16|        no|         -|         -|             -|             -|    -|
    |    o A_IO_L2_in_5_x0_loop_2                                                                                          |       -|  -2.43|     104480|  3.482e+05|      6530|          -|      16|        no|         -|         -|             -|             -|    -|
    |     o A_IO_L2_in_5_x0_loop_3                                                                                         |       -|  -2.43|       6528|  2.176e+04|       204|          -|      32|        no|         -|         -|             -|             -|    -|
    |      o A_IO_L2_in_5_x0_loop_4                                                                                        |       -|  -2.43|         57|    189.981|        19|          -|       3|        no|         -|         -|             -|             -|    -|
    |       o A_IO_L2_in_5_x0_loop_5                                                                                       |       -|  -2.43|         17|     56.661|         2|          -|       8|        no|         -|         -|             -|             -|    -|
    |       o A_IO_L2_in_5_x0_loop_6                                                                                       |       -|  -2.43|         16|     53.328|         2|          -|       8|        no|         -|         -|             -|             -|    -|
    |      o A_IO_L2_in_5_x0_loop_7                                                                                        |       -|  -2.43|        144|    479.952|        18|          -|       8|        no|         -|         -|             -|             -|    -|
    |       o A_IO_L2_in_5_x0_loop_8                                                                                       |       -|  -2.43|         16|     53.328|         2|          -|       8|        no|         -|         -|             -|             -|    -|
    |      o A_IO_L2_in_5_x0_loop_9                                                                                        |       -|  -2.43|         57|    189.981|        19|          -|       3|        no|         -|         -|             -|             -|    -|
    |       o A_IO_L2_in_5_x0_loop_10                                                                                      |       -|  -2.43|         17|     56.661|         2|          -|       8|        no|         -|         -|             -|             -|    -|
    |       o A_IO_L2_in_5_x0_loop_11                                                                                      |       -|  -2.43|         16|     53.328|         2|          -|       8|        no|         -|         -|             -|             -|    -|
    |      o A_IO_L2_in_5_x0_loop_12                                                                                       |       -|  -2.43|        144|    479.952|        18|          -|       8|        no|         -|         -|             -|             -|    -|
    |       o A_IO_L2_in_5_x0_loop_13                                                                                      |       -|  -2.43|         16|     53.328|         2|          -|       8|        no|         -|         -|             -|             -|    -|
    |   o A_IO_L2_in_5_x0_loop_14                                                                                          |       -|  -2.43|        144|    479.952|        18|          -|       8|        no|         -|         -|             -|             -|    -|
    |    o A_IO_L2_in_5_x0_loop_15                                                                                         |       -|  -2.43|         16|     53.328|         2|          -|       8|        no|         -|         -|             -|             -|    -|
    |  + grp_A_IO_L2_in_6_x0_fu_3332                                                                                       |  Timing|   0.00|    1516210|  5.054e+06|         -|    1516210|       -|        no|         -|         -|     663 (~0%)|    1224 (~0%)|    -|
    |   o A_IO_L2_in_6_x0_loop_1                                                                                           |       -|  -2.43|    1516064|  5.053e+06|     94754|          -|      16|        no|         -|         -|             -|             -|    -|
    |    o A_IO_L2_in_6_x0_loop_2                                                                                          |       -|  -2.43|      94752|  3.158e+05|      5922|          -|      16|        no|         -|         -|             -|             -|    -|
    |     o A_IO_L2_in_6_x0_loop_3                                                                                         |       -|  -2.43|       5920|  1.973e+04|       185|          -|      32|        no|         -|         -|             -|             -|    -|
    |      o A_IO_L2_in_6_x0_loop_4                                                                                        |       -|  -2.43|         38|    126.654|        19|          -|       2|        no|         -|         -|             -|             -|    -|
    |       o A_IO_L2_in_6_x0_loop_5                                                                                       |       -|  -2.43|         17|     56.661|         2|          -|       8|        no|         -|         -|             -|             -|    -|
    |       o A_IO_L2_in_6_x0_loop_6                                                                                       |       -|  -2.43|         16|     53.328|         2|          -|       8|        no|         -|         -|             -|             -|    -|
    |      o A_IO_L2_in_6_x0_loop_7                                                                                        |       -|  -2.43|        144|    479.952|        18|          -|       8|        no|         -|         -|             -|             -|    -|
    |       o A_IO_L2_in_6_x0_loop_8                                                                                       |       -|  -2.43|         16|     53.328|         2|          -|       8|        no|         -|         -|             -|             -|    -|
    |      o A_IO_L2_in_6_x0_loop_9                                                                                        |       -|  -2.43|         38|    126.654|        19|          -|       2|        no|         -|         -|             -|             -|    -|
    |       o A_IO_L2_in_6_x0_loop_10                                                                                      |       -|  -2.43|         17|     56.661|         2|          -|       8|        no|         -|         -|             -|             -|    -|
    |       o A_IO_L2_in_6_x0_loop_11                                                                                      |       -|  -2.43|         16|     53.328|         2|          -|       8|        no|         -|         -|             -|             -|    -|
    |      o A_IO_L2_in_6_x0_loop_12                                                                                       |       -|  -2.43|        144|    479.952|        18|          -|       8|        no|         -|         -|             -|             -|    -|
    |       o A_IO_L2_in_6_x0_loop_13                                                                                      |       -|  -2.43|         16|     53.328|         2|          -|       8|        no|         -|         -|             -|             -|    -|
    |   o A_IO_L2_in_6_x0_loop_14                                                                                          |       -|  -2.43|        144|    479.952|        18|          -|       8|        no|         -|         -|             -|             -|    -|
    |    o A_IO_L2_in_6_x0_loop_15                                                                                         |       -|  -2.43|         16|     53.328|         2|          -|       8|        no|         -|         -|             -|             -|    -|
    |  + grp_A_IO_L2_in_0_x0_fu_3339                                                                                       |  Timing|   0.00|    2450098|  8.166e+06|         -|    2450098|       -|        no|         -|         -|     671 (~0%)|    1224 (~0%)|    -|
    |   o A_IO_L2_in_0_x0_loop_1                                                                                           |       -|  -2.43|    2449952|  8.166e+06|    153122|          -|      16|        no|         -|         -|             -|             -|    -|
    |    o A_IO_L2_in_0_x0_loop_2                                                                                          |       -|  -2.43|     153120|  5.103e+05|      9570|          -|      16|        no|         -|         -|             -|             -|    -|
    |     o A_IO_L2_in_0_x0_loop_3                                                                                         |       -|  -2.43|       9568|  3.189e+04|       299|          -|      32|        no|         -|         -|             -|             -|    -|
    |      o A_IO_L2_in_0_x0_loop_4                                                                                        |       -|  -2.43|        152|    506.616|        19|          -|       8|        no|         -|         -|             -|             -|    -|
    |       o A_IO_L2_in_0_x0_loop_5                                                                                       |       -|  -2.43|         17|     56.661|         2|          -|       8|        no|         -|         -|             -|             -|    -|
    |       o A_IO_L2_in_0_x0_loop_6                                                                                       |       -|  -2.43|         16|     53.328|         2|          -|       8|        no|         -|         -|             -|             -|    -|
    |      o A_IO_L2_in_0_x0_loop_7                                                                                        |       -|  -2.43|        144|    479.952|        18|          -|       8|        no|         -|         -|             -|             -|    -|
    |       o A_IO_L2_in_0_x0_loop_8                                                                                       |       -|  -2.43|         16|     53.328|         2|          -|       8|        no|         -|         -|             -|             -|    -|
    |      o A_IO_L2_in_0_x0_loop_9                                                                                        |       -|  -2.43|        152|    506.616|        19|          -|       8|        no|         -|         -|             -|             -|    -|
    |       o A_IO_L2_in_0_x0_loop_10                                                                                      |       -|  -2.43|         17|     56.661|         2|          -|       8|        no|         -|         -|             -|             -|    -|
    |       o A_IO_L2_in_0_x0_loop_11                                                                                      |       -|  -2.43|         16|     53.328|         2|          -|       8|        no|         -|         -|             -|             -|    -|
    |      o A_IO_L2_in_0_x0_loop_12                                                                                       |       -|  -2.43|        144|    479.952|        18|          -|       8|        no|         -|         -|             -|             -|    -|
    |       o A_IO_L2_in_0_x0_loop_13                                                                                      |       -|  -2.43|         16|     53.328|         2|          -|       8|        no|         -|         -|             -|             -|    -|
    |   o A_IO_L2_in_0_x0_loop_14                                                                                          |       -|  -2.43|        144|    479.952|        18|          -|       8|        no|         -|         -|             -|             -|    -|
    |    o A_IO_L2_in_0_x0_loop_15                                                                                         |       -|  -2.43|         16|     53.328|         2|          -|       8|        no|         -|         -|             -|             -|    -|
    |  + grp_A_IO_L2_in_boundary_x0_fu_3346                                                                                |       -|  -0.02|     630930|  2.103e+06|         -|     630930|       -|        no|  16 (~0%)|         -|     130 (~0%)|     642 (~0%)|    -|
    |   o A_IO_L2_in_boundary_x0_loop_1_A_IO_L2_in_boundary_x0_loop_2_A_IO_L2_in_boundary_x0_loop_3                        |       -|  -2.43|     630784|  2.102e+06|        77|          -|    8192|        no|         -|         -|             -|             -|    -|
    |    o A_IO_L2_in_boundary_x0_loop_5                                                                                   |       -|  -2.43|          8|     26.664|         2|          1|       8|       yes|         -|         -|             -|             -|    -|
    |    o A_IO_L2_in_boundary_x0_loop_6_A_IO_L2_in_boundary_x0_loop_7                                                     |       -|  -2.43|         64|    213.312|         2|          1|      64|       yes|         -|         -|             -|             -|    -|
    |    o A_IO_L2_in_boundary_x0_loop_9                                                                                   |       -|  -2.43|          8|     26.664|         2|          1|       8|       yes|         -|         -|             -|             -|    -|
    |    o A_IO_L2_in_boundary_x0_loop_10_A_IO_L2_in_boundary_x0_loop_11                                                   |       -|  -2.43|         64|    213.312|         2|          1|      64|       yes|         -|         -|             -|             -|    -|
    |   o A_IO_L2_in_boundary_x0_loop_12                                                                                   |       -|  -2.43|        144|    479.952|        18|          -|       8|        no|         -|         -|             -|             -|    -|
    |    o A_IO_L2_in_boundary_x0_loop_13                                                                                  |       -|  -2.43|         16|     53.328|         2|          -|       8|        no|         -|         -|             -|             -|    -|
    |  + grp_C_drain_IO_L2_out_0_x0_fu_3352                                                                                |  Timing|   0.00|     137217|  4.573e+05|         -|     137217|       -|        no|         -|         -|      68 (~0%)|     329 (~0%)|    -|
    |   o C_drain_IO_L2_out_0_x0_loop_1_C_drain_IO_L2_out_0_x0_loop_2_C_drain_IO_L2_out_0_x0_loop_3                        |       -|  -2.43|     137216|  4.573e+05|        67|          -|    2048|        no|         -|         -|             -|             -|    -|
    |    o C_drain_IO_L2_out_0_x0_loop_4_C_drain_IO_L2_out_0_x0_loop_5                                                     |       -|  -2.43|         64|    213.312|         2|          1|      64|       yes|         -|         -|             -|             -|    -|
    |    o C_drain_IO_L2_out_0_x0_loop_6_C_drain_IO_L2_out_0_x0_loop_7                                                     |       -|  -2.43|         64|    213.312|         2|          1|      64|       yes|         -|         -|             -|             -|    -|
    |  + grp_C_drain_IO_L2_out_4_x0_fu_3359                                                                                |  Timing|   0.00|      68609|  2.287e+05|         -|      68609|       -|        no|         -|         -|      65 (~0%)|     326 (~0%)|    -|
    |   o C_drain_IO_L2_out_4_x0_loop_1_C_drain_IO_L2_out_4_x0_loop_2_C_drain_IO_L2_out_4_x0_loop_3                        |       -|  -2.43|      68608|  2.287e+05|        67|          -|    1024|        no|         -|         -|             -|             -|    -|
    |    o C_drain_IO_L2_out_4_x0_loop_4_C_drain_IO_L2_out_4_x0_loop_5                                                     |       -|  -2.43|         64|    213.312|         2|          1|      64|       yes|         -|         -|             -|             -|    -|
    |    o C_drain_IO_L2_out_4_x0_loop_6_C_drain_IO_L2_out_4_x0_loop_7                                                     |       -|  -2.43|         64|    213.312|         2|          1|      64|       yes|         -|         -|             -|             -|    -|
    |  + grp_C_drain_IO_L2_out_3_x0_fu_3366                                                                                |  Timing|   0.00|      85761|  2.858e+05|         -|      85761|       -|        no|         -|         -|      65 (~0%)|     325 (~0%)|    -|
    |   o C_drain_IO_L2_out_3_x0_loop_1_C_drain_IO_L2_out_3_x0_loop_2_C_drain_IO_L2_out_3_x0_loop_3                        |       -|  -2.43|      85760|  2.858e+05|        67|          -|    1280|        no|         -|         -|             -|             -|    -|
    |    o C_drain_IO_L2_out_3_x0_loop_4_C_drain_IO_L2_out_3_x0_loop_5                                                     |       -|  -2.43|         64|    213.312|         2|          1|      64|       yes|         -|         -|             -|             -|    -|
    |    o C_drain_IO_L2_out_3_x0_loop_6_C_drain_IO_L2_out_3_x0_loop_7                                                     |       -|  -2.43|         64|    213.312|         2|          1|      64|       yes|         -|         -|             -|             -|    -|
    |  + grp_C_drain_IO_L2_out_2_x0_fu_3373                                                                                |  Timing|   0.00|     102913|  3.430e+05|         -|     102913|       -|        no|         -|         -|      65 (~0%)|     325 (~0%)|    -|
    |   o C_drain_IO_L2_out_2_x0_loop_1_C_drain_IO_L2_out_2_x0_loop_2_C_drain_IO_L2_out_2_x0_loop_3                        |       -|  -2.43|     102912|  3.430e+05|        67|          -|    1536|        no|         -|         -|             -|             -|    -|
    |    o C_drain_IO_L2_out_2_x0_loop_4_C_drain_IO_L2_out_2_x0_loop_5                                                     |       -|  -2.43|         64|    213.312|         2|          1|      64|       yes|         -|         -|             -|             -|    -|
    |    o C_drain_IO_L2_out_2_x0_loop_6_C_drain_IO_L2_out_2_x0_loop_7                                                     |       -|  -2.43|         64|    213.312|         2|          1|      64|       yes|         -|         -|             -|             -|    -|
    |  + grp_C_drain_IO_L2_out_1_x0_fu_3380                                                                                |  Timing|   0.00|     120065|  4.002e+05|         -|     120065|       -|        no|         -|         -|      65 (~0%)|     325 (~0%)|    -|
    |   o C_drain_IO_L2_out_1_x0_loop_1_C_drain_IO_L2_out_1_x0_loop_2_C_drain_IO_L2_out_1_x0_loop_3                        |       -|  -2.43|     120064|  4.002e+05|        67|          -|    1792|        no|         -|         -|             -|             -|    -|
    |    o C_drain_IO_L2_out_1_x0_loop_4_C_drain_IO_L2_out_1_x0_loop_5                                                     |       -|  -2.43|         64|    213.312|         2|          1|      64|       yes|         -|         -|             -|             -|    -|
    |    o C_drain_IO_L2_out_1_x0_loop_6_C_drain_IO_L2_out_1_x0_loop_7                                                     |       -|  -2.43|         64|    213.312|         2|          1|      64|       yes|         -|         -|             -|             -|    -|
    |  + grp_C_drain_IO_L2_out_6_x0_fu_3387                                                                                |  Timing|   0.00|      34305|  1.143e+05|         -|      34305|       -|        no|         -|         -|      62 (~0%)|     321 (~0%)|    -|
    |   o C_drain_IO_L2_out_6_x0_loop_1_C_drain_IO_L2_out_6_x0_loop_2_C_drain_IO_L2_out_6_x0_loop_3                        |       -|  -2.43|      34304|  1.143e+05|        67|          -|     512|        no|         -|         -|             -|             -|    -|
    |    o C_drain_IO_L2_out_6_x0_loop_4_C_drain_IO_L2_out_6_x0_loop_5                                                     |       -|  -2.43|         64|    213.312|         2|          1|      64|       yes|         -|         -|             -|             -|    -|
    |    o C_drain_IO_L2_out_6_x0_loop_6_C_drain_IO_L2_out_6_x0_loop_7                                                     |       -|  -2.43|         64|    213.312|         2|          1|      64|       yes|         -|         -|             -|             -|    -|
    |  + grp_C_drain_IO_L2_out_5_x0_fu_3394                                                                                |  Timing|   0.00|      51457|  1.715e+05|         -|      51457|       -|        no|         -|         -|      62 (~0%)|     321 (~0%)|    -|
    |   o C_drain_IO_L2_out_5_x0_loop_1_C_drain_IO_L2_out_5_x0_loop_2_C_drain_IO_L2_out_5_x0_loop_3                        |       -|  -2.43|      51456|  1.715e+05|        67|          -|     768|        no|         -|         -|             -|             -|    -|
    |    o C_drain_IO_L2_out_5_x0_loop_4_C_drain_IO_L2_out_5_x0_loop_5                                                     |       -|  -2.43|         64|    213.312|         2|          1|      64|       yes|         -|         -|             -|             -|    -|
    |    o C_drain_IO_L2_out_5_x0_loop_6_C_drain_IO_L2_out_5_x0_loop_7                                                     |       -|  -2.43|         64|    213.312|         2|          1|      64|       yes|         -|         -|             -|             -|    -|
    |  + grp_A_IO_L3_in_serialize_x0_fu_3401                                                                               |       -|  -0.79|      12289|  4.096e+04|         -|      12289|       -|        no|         -|         -|     150 (~0%)|      87 (~0%)|    -|
    |   o A_IO_L3_in_serialize_x0_loop_1                                                                                   |       -|  -2.43|      12288|  4.096e+04|         3|          -|    4096|        no|         -|         -|             -|             -|    -|
    |  + grp_B_IO_L3_in_serialize_x0_fu_3408                                                                               |       -|  -0.79|      12289|  4.096e+04|         -|      12289|       -|        no|         -|         -|     150 (~0%)|      87 (~0%)|    -|
    |   o B_IO_L3_in_serialize_x0_loop_1                                                                                   |       -|  -2.43|      12288|  4.096e+04|         3|          -|    4096|        no|         -|         -|             -|             -|    -|
    |  + grp_A_IO_L3_in_x0_fu_3415                                                                                         |  Timing|   0.00|     524290|  1.747e+06|         -|     524290|       -|        no|         -|         -|      27 (~0%)|     122 (~0%)|    -|
    |   o A_IO_L3_in_x0_loop_1_A_IO_L3_in_x0_loop_3_A_IO_L3_in_x0_loop_4_A_IO_L3_in_x0_loop_5                              |       -|  -2.43|     524288|  1.747e+06|         2|          1|  524288|       yes|         -|         -|             -|             -|    -|
    |  + grp_B_IO_L3_in_x0_fu_3421                                                                                         |  Timing|   0.00|     524290|  1.747e+06|         -|     524290|       -|        no|         -|         -|      27 (~0%)|     122 (~0%)|    -|
    |   o B_IO_L3_in_x0_loop_1_B_IO_L3_in_x0_loop_3_B_IO_L3_in_x0_loop_4_B_IO_L3_in_x0_loop_5                              |       -|  -2.43|     524288|  1.747e+06|         2|          1|  524288|       yes|         -|         -|             -|             -|    -|
    |  + grp_A_PE_dummy_in_0_x0_fu_3427                                                                                    |       -|  -1.22|     524290|  1.747e+06|         -|     524290|       -|        no|         -|         -|      27 (~0%)|     113 (~0%)|    -|
    |   o A_PE_dummy_in_0_x0_loop_1_A_PE_dummy_in_0_x0_loop_3_A_PE_dummy_in_0_x0_loop_4_A_PE_dummy_in_0_x0_loop_5          |       -|  -2.43|     524288|  1.747e+06|         2|          1|  524288|       yes|         -|         -|             -|             -|    -|
    |  + grp_B_PE_dummy_in_0_x0_fu_3432                                                                                    |       -|  -1.22|     524290|  1.747e+06|         -|     524290|       -|        no|         -|         -|      27 (~0%)|     113 (~0%)|    -|
    |   o B_PE_dummy_in_0_x0_loop_1_B_PE_dummy_in_0_x0_loop_3_B_PE_dummy_in_0_x0_loop_4_B_PE_dummy_in_0_x0_loop_5          |       -|  -2.43|     524288|  1.747e+06|         2|          1|  524288|       yes|         -|         -|             -|             -|    -|
    |  + grp_A_PE_dummy_in_1_x0_fu_3437                                                                                    |       -|  -1.22|     524290|  1.747e+06|         -|     524290|       -|        no|         -|         -|      27 (~0%)|     113 (~0%)|    -|
    |   o A_PE_dummy_in_1_x0_loop_1_A_PE_dummy_in_1_x0_loop_3_A_PE_dummy_in_1_x0_loop_4_A_PE_dummy_in_1_x0_loop_5          |       -|  -2.43|     524288|  1.747e+06|         2|          1|  524288|       yes|         -|         -|             -|             -|    -|
    |  + grp_B_PE_dummy_in_1_x0_fu_3442                                                                                    |       -|  -1.22|     524290|  1.747e+06|         -|     524290|       -|        no|         -|         -|      27 (~0%)|     113 (~0%)|    -|
    |   o B_PE_dummy_in_1_x0_loop_1_B_PE_dummy_in_1_x0_loop_3_B_PE_dummy_in_1_x0_loop_4_B_PE_dummy_in_1_x0_loop_5          |       -|  -2.43|     524288|  1.747e+06|         2|          1|  524288|       yes|         -|         -|             -|             -|    -|
    |  + grp_A_PE_dummy_in_2_x0_fu_3447                                                                                    |       -|  -1.22|     524290|  1.747e+06|         -|     524290|       -|        no|         -|         -|      27 (~0%)|     113 (~0%)|    -|
    |   o A_PE_dummy_in_2_x0_loop_1_A_PE_dummy_in_2_x0_loop_3_A_PE_dummy_in_2_x0_loop_4_A_PE_dummy_in_2_x0_loop_5          |       -|  -2.43|     524288|  1.747e+06|         2|          1|  524288|       yes|         -|         -|             -|             -|    -|
    |  + grp_B_PE_dummy_in_2_x0_fu_3452                                                                                    |       -|  -1.22|     524290|  1.747e+06|         -|     524290|       -|        no|         -|         -|      27 (~0%)|     113 (~0%)|    -|
    |   o B_PE_dummy_in_2_x0_loop_1_B_PE_dummy_in_2_x0_loop_3_B_PE_dummy_in_2_x0_loop_4_B_PE_dummy_in_2_x0_loop_5          |       -|  -2.43|     524288|  1.747e+06|         2|          1|  524288|       yes|         -|         -|             -|             -|    -|
    |  + grp_A_PE_dummy_in_3_x0_fu_3457                                                                                    |       -|  -1.22|     524290|  1.747e+06|         -|     524290|       -|        no|         -|         -|      27 (~0%)|     113 (~0%)|    -|
    |   o A_PE_dummy_in_3_x0_loop_1_A_PE_dummy_in_3_x0_loop_3_A_PE_dummy_in_3_x0_loop_4_A_PE_dummy_in_3_x0_loop_5          |       -|  -2.43|     524288|  1.747e+06|         2|          1|  524288|       yes|         -|         -|             -|             -|    -|
    |  + grp_B_PE_dummy_in_3_x0_fu_3462                                                                                    |       -|  -1.22|     524290|  1.747e+06|         -|     524290|       -|        no|         -|         -|      27 (~0%)|     113 (~0%)|    -|
    |   o B_PE_dummy_in_3_x0_loop_1_B_PE_dummy_in_3_x0_loop_3_B_PE_dummy_in_3_x0_loop_4_B_PE_dummy_in_3_x0_loop_5          |       -|  -2.43|     524288|  1.747e+06|         2|          1|  524288|       yes|         -|         -|             -|             -|    -|
    |  + grp_A_PE_dummy_in_4_x0_fu_3467                                                                                    |       -|  -1.22|     524290|  1.747e+06|         -|     524290|       -|        no|         -|         -|      27 (~0%)|     113 (~0%)|    -|
    |   o A_PE_dummy_in_4_x0_loop_1_A_PE_dummy_in_4_x0_loop_3_A_PE_dummy_in_4_x0_loop_4_A_PE_dummy_in_4_x0_loop_5          |       -|  -2.43|     524288|  1.747e+06|         2|          1|  524288|       yes|         -|         -|             -|             -|    -|
    |  + grp_B_PE_dummy_in_4_x0_fu_3472                                                                                    |       -|  -1.22|     524290|  1.747e+06|         -|     524290|       -|        no|         -|         -|      27 (~0%)|     113 (~0%)|    -|
    |   o B_PE_dummy_in_4_x0_loop_1_B_PE_dummy_in_4_x0_loop_3_B_PE_dummy_in_4_x0_loop_4_B_PE_dummy_in_4_x0_loop_5          |       -|  -2.43|     524288|  1.747e+06|         2|          1|  524288|       yes|         -|         -|             -|             -|    -|
    |  + grp_A_PE_dummy_in_5_x0_fu_3477                                                                                    |       -|  -1.22|     524290|  1.747e+06|         -|     524290|       -|        no|         -|         -|      27 (~0%)|     113 (~0%)|    -|
    |   o A_PE_dummy_in_5_x0_loop_1_A_PE_dummy_in_5_x0_loop_3_A_PE_dummy_in_5_x0_loop_4_A_PE_dummy_in_5_x0_loop_5          |       -|  -2.43|     524288|  1.747e+06|         2|          1|  524288|       yes|         -|         -|             -|             -|    -|
    |  + grp_B_PE_dummy_in_5_x0_fu_3482                                                                                    |       -|  -1.22|     524290|  1.747e+06|         -|     524290|       -|        no|         -|         -|      27 (~0%)|     113 (~0%)|    -|
    |   o B_PE_dummy_in_5_x0_loop_1_B_PE_dummy_in_5_x0_loop_3_B_PE_dummy_in_5_x0_loop_4_B_PE_dummy_in_5_x0_loop_5          |       -|  -2.43|     524288|  1.747e+06|         2|          1|  524288|       yes|         -|         -|             -|             -|    -|
    |  + grp_A_PE_dummy_in_6_x0_fu_3487                                                                                    |       -|  -1.22|     524290|  1.747e+06|         -|     524290|       -|        no|         -|         -|      27 (~0%)|     113 (~0%)|    -|
    |   o A_PE_dummy_in_6_x0_loop_1_A_PE_dummy_in_6_x0_loop_3_A_PE_dummy_in_6_x0_loop_4_A_PE_dummy_in_6_x0_loop_5          |       -|  -2.43|     524288|  1.747e+06|         2|          1|  524288|       yes|         -|         -|             -|             -|    -|
    |  + grp_B_PE_dummy_in_6_x0_fu_3492                                                                                    |       -|  -1.22|     524290|  1.747e+06|         -|     524290|       -|        no|         -|         -|      27 (~0%)|     113 (~0%)|    -|
    |   o B_PE_dummy_in_6_x0_loop_1_B_PE_dummy_in_6_x0_loop_3_B_PE_dummy_in_6_x0_loop_4_B_PE_dummy_in_6_x0_loop_5          |       -|  -2.43|     524288|  1.747e+06|         2|          1|  524288|       yes|         -|         -|             -|             -|    -|
    |  + grp_A_PE_dummy_in_7_x0_fu_3497                                                                                    |       -|  -1.22|     524290|  1.747e+06|         -|     524290|       -|        no|         -|         -|      27 (~0%)|     113 (~0%)|    -|
    |   o A_PE_dummy_in_7_x0_loop_1_A_PE_dummy_in_7_x0_loop_3_A_PE_dummy_in_7_x0_loop_4_A_PE_dummy_in_7_x0_loop_5          |       -|  -2.43|     524288|  1.747e+06|         2|          1|  524288|       yes|         -|         -|             -|             -|    -|
    |  + grp_B_PE_dummy_in_7_x0_fu_3502                                                                                    |       -|  -1.22|     524290|  1.747e+06|         -|     524290|       -|        no|         -|         -|      27 (~0%)|     113 (~0%)|    -|
    |   o B_PE_dummy_in_7_x0_loop_1_B_PE_dummy_in_7_x0_loop_3_B_PE_dummy_in_7_x0_loop_4_B_PE_dummy_in_7_x0_loop_5          |       -|  -2.43|     524288|  1.747e+06|         2|          1|  524288|       yes|         -|         -|             -|             -|    -|
    |  + grp_C_drain_IO_L3_out_x0_fu_3507                                                                                  |  Timing|   0.00|     131074|  4.369e+05|         -|     131074|       -|        no|         -|         -|      25 (~0%)|     119 (~0%)|    -|
    |   o C_drain_IO_L3_out_x0_loop_1_C_drain_IO_L3_out_x0_loop_3_C_drain_IO_L3_out_x0_loop_4_C_drain_IO_L3_out_x0_loop_5  |       -|  -2.43|     131072|  4.369e+05|         2|          1|  131072|       yes|         -|         -|             -|             -|    -|
    |  + grp_C_drain_IO_L2_out_boundary_x0_fu_3513                                                                         |  Timing|   0.00|      16386|  5.461e+04|         -|      16386|       -|        no|         -|         -|      22 (~0%)|     115 (~0%)|    -|
    |   o C_drain_IO_L2_out_boundary_x0_loop_1_C_drain_IO_L2_out_boundary_x0_loop_4_C_drain_IO_L2_out_boundary_x0_loop_5   |       -|  -2.43|      16384|  5.461e+04|         2|          1|   16384|       yes|         -|         -|             -|             -|    -|
    |  + call_ln17601_kernel0_x0_entry5_fu_3519                                                                            |       -|  -1.22|          0|      0.000|         -|          0|       -|        no|         -|         -|       2 (~0%)|      20 (~0%)|    -|
    |  + call_ln17601_kernel0_x0_entry12_fu_3526                                                                           |       -|  -0.09|          0|      0.000|         -|          0|       -|        no|         -|         -|       2 (~0%)|      29 (~0%)|    -|
    | + grp_nondf_kernel_cov_x0_fu_99                                                                                      |  Timing|   0.00|    2183882|  7.279e+06|         -|    2183882|       -|        no|         -|  72 (~0%)|    2519 (~0%)|    2199 (~0%)|    -|
    |  o nondf_kernel_cov_x0_loop_1                                                                                        |       -|  -2.43|      12416|  4.138e+04|       194|          -|      64|        no|         -|         -|             -|             -|    -|
    |   o nondf_kernel_cov_x0_loop_2                                                                                       |       -|  -2.43|        192|    639.936|         3|          -|      64|        no|         -|         -|             -|             -|    -|
    |  o nondf_kernel_cov_x0_loop_3                                                                                        |       -|  -2.43|      12416|  4.138e+04|       194|          -|      64|        no|         -|         -|             -|             -|    -|
    |   o nondf_kernel_cov_x0_loop_4                                                                                       |       -|  -2.43|        192|    639.936|         3|          -|      64|        no|         -|         -|             -|             -|    -|
    |  o nondf_kernel_cov_x0_loop_5                                                                                        |       -|  -2.43|      16512|  5.503e+04|       258|          -|      64|        no|         -|         -|             -|             -|    -|
    |   o nondf_kernel_cov_x0_loop_6                                                                                       |       -|  -2.43|        256|    853.248|         4|          -|      64|        no|         -|         -|             -|             -|    -|
    |  o nondf_kernel_cov_x0_loop_7                                                                                        |       -|  -2.43|    2130048|  7.099e+06|     33282|          -|      64|        no|         -|         -|             -|             -|    -|
    |   o nondf_kernel_cov_x0_loop_8                                                                                       |       -|  -2.43|      33280|  1.109e+05|       520|          -|      64|        no|         -|         -|             -|             -|    -|
    |    o nondf_kernel_cov_x0_loop_9                                                                                      |       -|  -2.43|        512|  1.706e+03|         8|          -|      64|        no|         -|         -|             -|             -|    -|
    |  o nondf_kernel_cov_x0_loop_10                                                                                       |       -|  -2.43|      12416|  4.138e+04|       194|          -|      64|        no|         -|         -|             -|             -|    -|
    |   o nondf_kernel_cov_x0_loop_11                                                                                      |       -|  -2.43|        192|    639.936|         3|          -|      64|        no|         -|         -|             -|             -|    -|
    | + grp_nondf_kernel_cov_x1_fu_107                                                                                     |  Timing|   0.00|    2183882|  7.279e+06|         -|    2183882|       -|        no|         -|  72 (~0%)|    2519 (~0%)|    2199 (~0%)|    -|
    |  o nondf_kernel_cov_x1_loop_1                                                                                        |       -|  -2.43|      12416|  4.138e+04|       194|          -|      64|        no|         -|         -|             -|             -|    -|
    |   o nondf_kernel_cov_x1_loop_2                                                                                       |       -|  -2.43|        192|    639.936|         3|          -|      64|        no|         -|         -|             -|             -|    -|
    |  o nondf_kernel_cov_x1_loop_3                                                                                        |       -|  -2.43|      12416|  4.138e+04|       194|          -|      64|        no|         -|         -|             -|             -|    -|
    |   o nondf_kernel_cov_x1_loop_4                                                                                       |       -|  -2.43|        192|    639.936|         3|          -|      64|        no|         -|         -|             -|             -|    -|
    |  o nondf_kernel_cov_x1_loop_5                                                                                        |       -|  -2.43|      16512|  5.503e+04|       258|          -|      64|        no|         -|         -|             -|             -|    -|
    |   o nondf_kernel_cov_x1_loop_6                                                                                       |       -|  -2.43|        256|    853.248|         4|          -|      64|        no|         -|         -|             -|             -|    -|
    |  o nondf_kernel_cov_x1_loop_7                                                                                        |       -|  -2.43|    2130048|  7.099e+06|     33282|          -|      64|        no|         -|         -|             -|             -|    -|
    |   o nondf_kernel_cov_x1_loop_8                                                                                       |       -|  -2.43|      33280|  1.109e+05|       520|          -|      64|        no|         -|         -|             -|             -|    -|
    |    o nondf_kernel_cov_x1_loop_9                                                                                      |       -|  -2.43|        512|  1.706e+03|         8|          -|      64|        no|         -|         -|             -|             -|    -|
    |  o nondf_kernel_cov_x1_loop_10                                                                                       |       -|  -2.43|      12416|  4.138e+04|       194|          -|      64|        no|         -|         -|             -|             -|    -|
    |   o nondf_kernel_cov_x1_loop_11                                                                                      |       -|  -2.43|        192|    639.936|         3|          -|      64|        no|         -|         -|             -|             -|    -|
    +----------------------------------------------------------------------------------------------------------------------+--------+-------+-----------+-----------+----------+-----------+--------+----------+----------+----------+--------------+--------------+-----+

