

================================================================
== Vitis HLS Report for 'A_IO_L2_in_boundary_x1'
================================================================
* Date:           Wed Aug 31 19:41:37 2022

* Version:        2020.2 (Build 3064766 on Wed Nov 18 09:12:47 MST 2020)
* Project:        top
* Solution:       solution (Vitis Kernel Flow Target)
* Product family: virtexuplus
* Target device:  xcu250-figd2104-2L-e


================================================================
== Performance Estimates
================================================================
+ Timing: 
    * Summary: 
    +--------+---------+----------+------------+
    |  Clock |  Target | Estimated| Uncertainty|
    +--------+---------+----------+------------+
    |ap_clk  |  3.33 ns|  2.417 ns|     0.90 ns|
    +--------+---------+----------+------------+

+ Latency: 
    * Summary: 
    +---------+---------+----------+----------+-------+-------+---------+
    |  Latency (cycles) |  Latency (absolute) |    Interval   | Pipeline|
    |   min   |   max   |    min   |    max   |  min  |  max  |   Type  |
    +---------+---------+----------+----------+-------+-------+---------+
    |    33284|    33284|  0.111 ms|  0.111 ms|  33284|  33284|     none|
    +---------+---------+----------+----------+-------+-------+---------+

    + Detail: 
        * Instance: 
        N/A

        * Loop: 
        +---------------------------------------------------------------+---------+---------+----------+-----------+-----------+------+----------+
        |                                                               |  Latency (cycles) | Iteration|  Initiation Interval  | Trip |          |
        |                           Loop Name                           |   min   |   max   |  Latency |  achieved |   target  | Count| Pipelined|
        +---------------------------------------------------------------+---------+---------+----------+-----------+-----------+------+----------+
        |- A_IO_L2_in_boundary_x1_loop_2_A_IO_L2_in_boundary_x1_loop_3  |      512|      512|         2|          1|          1|   512|       yes|
        |- A_IO_L2_in_boundary_x1_loop_4_A_IO_L2_in_boundary_x1_loop_5  |    32768|    32768|        17|         16|         16|  2048|       yes|
        +---------------------------------------------------------------+---------+---------+----------+-----------+-----------+------+----------+

============================================================
+ Verbose Summary: Synthesis Manager
============================================================
InlineROM: 1
ExposeGlobal: 0
============================================================
+ Verbose Summary: CDFG Model
============================================================
IsTopModel: 0
ResetActiveHigh: 1
IsCombinational: 2
IsDatapathOnly: 0
HasWiredReturn: 1
HasMFsm: 0
HasVarLatency: 1
IsPipeline: 0
IsRtlPipelined: 0
IsInstanceOverlapped: 0
IsDontTouch: 0
HasImplIP: 0
IsGatedGlobalClock: 0

+ Individual pipeline summary: 
  * Pipeline-0: initiation interval (II) = 1, depth = 2
  * Pipeline-1: initiation interval (II) = 16, depth = 17


============================================================
+ Verbose Summary: Schedule
============================================================
* Number of FSM states : 22
* Pipeline : 2
  Pipeline-0 : II = 1, D = 2, States = { 2 3 }
  Pipeline-1 : II = 16, D = 17, States = { 5 6 7 8 9 10 11 12 13 14 15 16 17 18 19 20 21 }
* Dataflow Pipeline: 0

* FSM state transitions: 
1 --> 2 
2 --> 4 3 
3 --> 2 
4 --> 5 
5 --> 22 6 
6 --> 7 
7 --> 8 
8 --> 9 
9 --> 10 
10 --> 11 
11 --> 12 
12 --> 13 
13 --> 14 
14 --> 15 
15 --> 16 
16 --> 17 
17 --> 18 
18 --> 19 
19 --> 20 
20 --> 21 
21 --> 5 
22 --> 

* FSM state operations: 

State 1 <SV = 0> <Delay = 1.20>
ST_1 : Operation 23 [1/1] (0.00ns)   --->   "%specinterface_ln0 = specinterface void @_ssdm_op_SpecInterface, i256 %fifo_A_PE_12_0_x152, void @empty_312, i32 0, i32 0, void @empty_356, i32 0, i32 0, void @empty_356, void @empty_356, void @empty_356, i32 0, i32 0, i32 0, i32 0, void @empty_356, void @empty_356"   --->   Operation 23 'specinterface' 'specinterface_ln0' <Predicate = true> <Delay = 0.00>
ST_1 : Operation 24 [1/1] (0.00ns)   --->   "%specinterface_ln0 = specinterface void @_ssdm_op_SpecInterface, i256 %fifo_A_A_IO_L2_in_12_x113, void @empty_312, i32 0, i32 0, void @empty_356, i32 0, i32 0, void @empty_356, void @empty_356, void @empty_356, i32 0, i32 0, i32 0, i32 0, void @empty_356, void @empty_356"   --->   Operation 24 'specinterface' 'specinterface_ln0' <Predicate = true> <Delay = 0.00>
ST_1 : Operation 25 [1/1] (1.20ns)   --->   "%local_A_pong_V = alloca i64 1" [./dut.cpp:7079]   --->   Operation 25 'alloca' 'local_A_pong_V' <Predicate = true> <Delay = 1.20> <CoreInst = "RAM_2P_BRAM">   --->   Core 94 'RAM_2P_BRAM' <Latency = 1> <II = 1> <Delay = 1.20> <Storage> <Opcode : 'load' 'store'> <Ports = 2> <Width = 256> <Depth = 512> <RAM>
ST_1 : Operation 26 [1/1] (0.00ns)   --->   "%specmemcore_ln7079 = specmemcore void @_ssdm_op_SpecMemCore, i256 %local_A_pong_V, i64 666, i64 22, i64 18446744073709551615" [./dut.cpp:7079]   --->   Operation 26 'specmemcore' 'specmemcore_ln7079' <Predicate = true> <Delay = 0.00>
ST_1 : Operation 27 [1/1] (0.00ns)   --->   "%specmemcore_ln7080 = specmemcore void @_ssdm_op_SpecMemCore, i256 %local_A_pong_V, i64 666, i64 22, i64 18446744073709551615" [./dut.cpp:7080]   --->   Operation 27 'specmemcore' 'specmemcore_ln7080' <Predicate = true> <Delay = 0.00>
ST_1 : Operation 28 [1/1] (0.38ns)   --->   "%br_ln7086 = br void" [./dut.cpp:7086]   --->   Operation 28 'br' 'br_ln7086' <Predicate = true> <Delay = 0.38>

State 2 <SV = 1> <Delay = 1.70>
ST_2 : Operation 29 [1/1] (0.00ns)   --->   "%indvar_flatten = phi i10 0, void, i10 %add_ln890, void %.split8"   --->   Operation 29 'phi' 'indvar_flatten' <Predicate = true> <Delay = 0.00>
ST_2 : Operation 30 [1/1] (0.00ns)   --->   "%c4_V = phi i5 0, void, i5 %select_ln890_377, void %.split8"   --->   Operation 30 'phi' 'c4_V' <Predicate = true> <Delay = 0.00>
ST_2 : Operation 31 [1/1] (0.00ns)   --->   "%c5_V_5 = phi i6 0, void, i6 %add_ln691_415, void %.split8"   --->   Operation 31 'phi' 'c5_V_5' <Predicate = true> <Delay = 0.00>
ST_2 : Operation 32 [1/1] (0.72ns)   --->   "%add_ln890 = add i10 %indvar_flatten, i10 1"   --->   Operation 32 'add' 'add_ln890' <Predicate = true> <Delay = 0.72> <CoreInst = "Adder">   --->   Core 1 'Adder' <Latency = 0> <II = 1> <Delay = 0.71> <FuncUnit> <Opcode : 'add' 'sub'> <InPorts = 2> <OutPorts = 1>
ST_2 : Operation 33 [1/1] (0.60ns)   --->   "%icmp_ln890 = icmp_eq  i10 %indvar_flatten, i10 512"   --->   Operation 33 'icmp' 'icmp_ln890' <Predicate = true> <Delay = 0.60> <CoreInst = "Cmp">   --->   Core 9 'Cmp' <Latency = 0> <II = 1> <Delay = 0.59> <FuncUnit> <Opcode : 'icmp'> <InPorts = 2> <OutPorts = 1>
ST_2 : Operation 34 [1/1] (0.00ns)   --->   "%br_ln890 = br i1 %icmp_ln890, void %.split8, void %.preheader.preheader.preheader"   --->   Operation 34 'br' 'br_ln890' <Predicate = true> <Delay = 0.00>
ST_2 : Operation 35 [1/1] (0.70ns)   --->   "%add_ln691 = add i5 %c4_V, i5 1"   --->   Operation 35 'add' 'add_ln691' <Predicate = (!icmp_ln890)> <Delay = 0.70> <CoreInst = "Adder">   --->   Core 1 'Adder' <Latency = 0> <II = 1> <Delay = 0.71> <FuncUnit> <Opcode : 'add' 'sub'> <InPorts = 2> <OutPorts = 1>
ST_2 : Operation 36 [1/1] (0.61ns)   --->   "%icmp_ln890130 = icmp_eq  i6 %c5_V_5, i6 32"   --->   Operation 36 'icmp' 'icmp_ln890130' <Predicate = (!icmp_ln890)> <Delay = 0.61> <CoreInst = "Cmp">   --->   Core 9 'Cmp' <Latency = 0> <II = 1> <Delay = 0.59> <FuncUnit> <Opcode : 'icmp'> <InPorts = 2> <OutPorts = 1>
ST_2 : Operation 37 [1/1] (0.29ns)   --->   "%select_ln890 = select i1 %icmp_ln890130, i6 0, i6 %c5_V_5"   --->   Operation 37 'select' 'select_ln890' <Predicate = (!icmp_ln890)> <Delay = 0.29> <CoreInst = "Sel">   --->   Core 73 'Sel' <Latency = 0> <II = 1> <Delay = 0.30> <FuncUnit> <Opcode : 'select'> <InPorts = 3> <OutPorts = 1>
ST_2 : Operation 38 [1/1] (0.27ns)   --->   "%select_ln890_377 = select i1 %icmp_ln890130, i5 %add_ln691, i5 %c4_V"   --->   Operation 38 'select' 'select_ln890_377' <Predicate = (!icmp_ln890)> <Delay = 0.27> <CoreInst = "Sel">   --->   Core 73 'Sel' <Latency = 0> <II = 1> <Delay = 0.30> <FuncUnit> <Opcode : 'select'> <InPorts = 3> <OutPorts = 1>
ST_2 : Operation 39 [1/1] (0.00ns)   --->   "%trunc_ln7091 = trunc i5 %select_ln890_377" [./dut.cpp:7091]   --->   Operation 39 'trunc' 'trunc_ln7091' <Predicate = (!icmp_ln890)> <Delay = 0.00>
ST_2 : Operation 40 [1/1] (0.00ns)   --->   "%tmp_1480_cast = bitconcatenate i9 @_ssdm_op_BitConcatenate.i9.i4.i5, i4 %trunc_ln7091, i5 0"   --->   Operation 40 'bitconcatenate' 'tmp_1480_cast' <Predicate = (!icmp_ln890)> <Delay = 0.00>
ST_2 : Operation 41 [1/1] (0.00ns)   --->   "%zext_ln7091 = zext i6 %select_ln890" [./dut.cpp:7091]   --->   Operation 41 'zext' 'zext_ln7091' <Predicate = (!icmp_ln890)> <Delay = 0.00>
ST_2 : Operation 42 [1/1] (0.71ns)   --->   "%add_ln7091 = add i9 %tmp_1480_cast, i9 %zext_ln7091" [./dut.cpp:7091]   --->   Operation 42 'add' 'add_ln7091' <Predicate = (!icmp_ln890)> <Delay = 0.71> <CoreInst = "Adder">   --->   Core 1 'Adder' <Latency = 0> <II = 1> <Delay = 0.71> <FuncUnit> <Opcode : 'add' 'sub'> <InPorts = 2> <OutPorts = 1>
ST_2 : Operation 43 [1/1] (0.70ns)   --->   "%add_ln691_415 = add i6 %select_ln890, i6 1"   --->   Operation 43 'add' 'add_ln691_415' <Predicate = (!icmp_ln890)> <Delay = 0.70> <CoreInst = "Adder">   --->   Core 1 'Adder' <Latency = 0> <II = 1> <Delay = 0.71> <FuncUnit> <Opcode : 'add' 'sub'> <InPorts = 2> <OutPorts = 1>

State 3 <SV = 2> <Delay = 2.41>
ST_3 : Operation 44 [1/1] (0.00ns)   --->   "%specloopname_ln0 = specloopname void @_ssdm_op_SpecLoopName, void @A_IO_L2_in_boundary_x1_loop_2_A_IO_L2_in_boundary_x1_loop_3_str"   --->   Operation 44 'specloopname' 'specloopname_ln0' <Predicate = (!icmp_ln890)> <Delay = 0.00>
ST_3 : Operation 45 [1/1] (0.00ns)   --->   "%speclooptripcount_ln0 = speclooptripcount void @_ssdm_op_SpecLoopTripCount, i64 512, i64 512, i64 512"   --->   Operation 45 'speclooptripcount' 'speclooptripcount_ln0' <Predicate = (!icmp_ln890)> <Delay = 0.00>
ST_3 : Operation 46 [1/1] (0.00ns)   --->   "%zext_ln7091_1 = zext i9 %add_ln7091" [./dut.cpp:7091]   --->   Operation 46 'zext' 'zext_ln7091_1' <Predicate = (!icmp_ln890)> <Delay = 0.00>
ST_3 : Operation 47 [1/1] (0.00ns)   --->   "%local_A_pong_V_addr = getelementptr i256 %local_A_pong_V, i64 0, i64 %zext_ln7091_1" [./dut.cpp:7091]   --->   Operation 47 'getelementptr' 'local_A_pong_V_addr' <Predicate = (!icmp_ln890)> <Delay = 0.00>
ST_3 : Operation 48 [1/1] (0.00ns)   --->   "%specpipeline_ln7088 = specpipeline void @_ssdm_op_SpecPipeline, i32 1, i32 0, i32 0, i32 0, void @empty_356" [./dut.cpp:7088]   --->   Operation 48 'specpipeline' 'specpipeline_ln7088' <Predicate = (!icmp_ln890)> <Delay = 0.00>
ST_3 : Operation 49 [1/1] (0.00ns)   --->   "%specloopname_ln7088 = specloopname void @_ssdm_op_SpecLoopName, void @empty_129" [./dut.cpp:7088]   --->   Operation 49 'specloopname' 'specloopname_ln7088' <Predicate = (!icmp_ln890)> <Delay = 0.00>
ST_3 : Operation 50 [1/1] (1.21ns)   --->   "%tmp_1246 = read i256 @_ssdm_op_Read.ap_fifo.volatile.i256P0A, i256 %fifo_A_A_IO_L2_in_12_x113" [/home/rcslfpgaserver/Softwares/Xilinx/Vitis_HLS/2020.2/common/technology/autopilot/hls_stream_39.h:145]   --->   Operation 50 'read' 'tmp_1246' <Predicate = (!icmp_ln890)> <Delay = 1.21> <CoreInst = "FIFO_SRL">   --->   Core 81 'FIFO_SRL' <Latency = 0> <II = 1> <Delay = 1.42> <Storage> <Opcode : 'read' 'write' 'nbread' 'nbwrite'> <Ports = 0> <Width = 256> <Depth = 2> <FIFO>
ST_3 : Operation 51 [1/1] (1.20ns)   --->   "%store_ln7091 = store i256 %tmp_1246, i9 %local_A_pong_V_addr" [./dut.cpp:7091]   --->   Operation 51 'store' 'store_ln7091' <Predicate = (!icmp_ln890)> <Delay = 1.20> <CoreInst = "RAM_2P_BRAM">   --->   Core 94 'RAM_2P_BRAM' <Latency = 1> <II = 1> <Delay = 1.20> <Storage> <Opcode : 'load' 'store'> <Ports = 2> <Width = 256> <Depth = 512> <RAM>
ST_3 : Operation 52 [1/1] (0.00ns)   --->   "%br_ln0 = br void"   --->   Operation 52 'br' 'br_ln0' <Predicate = (!icmp_ln890)> <Delay = 0.00>

State 4 <SV = 2> <Delay = 0.38>
ST_4 : Operation 53 [1/1] (0.38ns)   --->   "%br_ln7095 = br void %.preheader.preheader" [./dut.cpp:7095]   --->   Operation 53 'br' 'br_ln7095' <Predicate = true> <Delay = 0.38>

State 5 <SV = 3> <Delay = 2.19>
ST_5 : Operation 54 [1/1] (0.00ns)   --->   "%indvar_flatten28 = phi i12 %add_ln890_157, void %.preheader, i12 0, void %.preheader.preheader.preheader"   --->   Operation 54 'phi' 'indvar_flatten28' <Predicate = true> <Delay = 0.00>
ST_5 : Operation 55 [1/1] (0.00ns)   --->   "%c5_V = phi i6 %select_ln890_378, void %.preheader, i6 0, void %.preheader.preheader.preheader"   --->   Operation 55 'phi' 'c5_V' <Predicate = true> <Delay = 0.00>
ST_5 : Operation 56 [1/1] (0.00ns)   --->   "%c6_V = phi i7 %select_ln691, void %.preheader, i7 0, void %.preheader.preheader.preheader"   --->   Operation 56 'phi' 'c6_V' <Predicate = true> <Delay = 0.00>
ST_5 : Operation 57 [1/1] (0.74ns)   --->   "%add_ln890_157 = add i12 %indvar_flatten28, i12 1"   --->   Operation 57 'add' 'add_ln890_157' <Predicate = true> <Delay = 0.74> <CoreInst = "Adder">   --->   Core 1 'Adder' <Latency = 0> <II = 1> <Delay = 0.71> <FuncUnit> <Opcode : 'add' 'sub'> <InPorts = 2> <OutPorts = 1>
ST_5 : Operation 58 [1/1] (0.62ns)   --->   "%icmp_ln890_306 = icmp_eq  i12 %indvar_flatten28, i12 2048"   --->   Operation 58 'icmp' 'icmp_ln890_306' <Predicate = true> <Delay = 0.62> <CoreInst = "Cmp">   --->   Core 9 'Cmp' <Latency = 0> <II = 1> <Delay = 0.59> <FuncUnit> <Opcode : 'icmp'> <InPorts = 2> <OutPorts = 1>
ST_5 : Operation 59 [1/1] (0.00ns)   --->   "%br_ln890 = br i1 %icmp_ln890_306, void %.preheader, void"   --->   Operation 59 'br' 'br_ln890' <Predicate = true> <Delay = 0.00>
ST_5 : Operation 60 [1/1] (0.70ns)   --->   "%add_ln691_416 = add i6 %c5_V, i6 1"   --->   Operation 60 'add' 'add_ln691_416' <Predicate = (!icmp_ln890_306)> <Delay = 0.70> <CoreInst = "Adder">   --->   Core 1 'Adder' <Latency = 0> <II = 1> <Delay = 0.71> <FuncUnit> <Opcode : 'add' 'sub'> <InPorts = 2> <OutPorts = 1>
ST_5 : Operation 61 [1/1] (0.59ns)   --->   "%icmp_ln890_307 = icmp_eq  i7 %c6_V, i7 64"   --->   Operation 61 'icmp' 'icmp_ln890_307' <Predicate = (!icmp_ln890_306)> <Delay = 0.59> <CoreInst = "Cmp">   --->   Core 9 'Cmp' <Latency = 0> <II = 1> <Delay = 0.59> <FuncUnit> <Opcode : 'icmp'> <InPorts = 2> <OutPorts = 1>
ST_5 : Operation 62 [1/1] (0.29ns)   --->   "%select_ln890_378 = select i1 %icmp_ln890_307, i6 %add_ln691_416, i6 %c5_V"   --->   Operation 62 'select' 'select_ln890_378' <Predicate = (!icmp_ln890_306)> <Delay = 0.29> <CoreInst = "Sel">   --->   Core 73 'Sel' <Latency = 0> <II = 1> <Delay = 0.30> <FuncUnit> <Opcode : 'select'> <InPorts = 3> <OutPorts = 1>
ST_5 : Operation 63 [1/1] (0.00ns)   --->   "%zext_ln890 = zext i6 %select_ln890_378"   --->   Operation 63 'zext' 'zext_ln890' <Predicate = (!icmp_ln890_306)> <Delay = 0.00>
ST_5 : Operation 64 [1/1] (0.00ns)   --->   "%local_A_pong_V_addr_1 = getelementptr i256 %local_A_pong_V, i64 0, i64 %zext_ln890" [./dut.cpp:7102]   --->   Operation 64 'getelementptr' 'local_A_pong_V_addr_1' <Predicate = (!icmp_ln890_306)> <Delay = 0.00>
ST_5 : Operation 65 [1/1] (0.00ns)   --->   "%tmp = bitconcatenate i64 @_ssdm_op_BitConcatenate.i64.i58.i6, i58 1, i6 %select_ln890_378" [./dut.cpp:7102]   --->   Operation 65 'bitconcatenate' 'tmp' <Predicate = (!icmp_ln890_306)> <Delay = 0.00>
ST_5 : Operation 66 [1/1] (0.00ns)   --->   "%local_A_pong_V_addr_3 = getelementptr i256 %local_A_pong_V, i64 0, i64 %tmp" [./dut.cpp:7102]   --->   Operation 66 'getelementptr' 'local_A_pong_V_addr_3' <Predicate = (!icmp_ln890_306)> <Delay = 0.00>
ST_5 : Operation 67 [2/2] (1.20ns)   --->   "%local_A_pong_V_load = load i9 %local_A_pong_V_addr_1" [./dut.cpp:7102]   --->   Operation 67 'load' 'local_A_pong_V_load' <Predicate = (!icmp_ln890_306)> <Delay = 1.20> <CoreInst = "RAM_2P_BRAM">   --->   Core 94 'RAM_2P_BRAM' <Latency = 1> <II = 1> <Delay = 1.20> <Storage> <Opcode : 'load' 'store'> <Ports = 2> <Width = 256> <Depth = 512> <RAM>
ST_5 : Operation 68 [2/2] (1.20ns)   --->   "%local_A_pong_V_load_2 = load i9 %local_A_pong_V_addr_3" [./dut.cpp:7102]   --->   Operation 68 'load' 'local_A_pong_V_load_2' <Predicate = (!icmp_ln890_306)> <Delay = 1.20> <CoreInst = "RAM_2P_BRAM">   --->   Core 94 'RAM_2P_BRAM' <Latency = 1> <II = 1> <Delay = 1.20> <Storage> <Opcode : 'load' 'store'> <Ports = 2> <Width = 256> <Depth = 512> <RAM>
ST_5 : Operation 69 [1/1] (0.70ns)   --->   "%add_ln691_417 = add i7 %c6_V, i7 1"   --->   Operation 69 'add' 'add_ln691_417' <Predicate = (!icmp_ln890_306)> <Delay = 0.70> <CoreInst = "Adder">   --->   Core 1 'Adder' <Latency = 0> <II = 1> <Delay = 0.71> <FuncUnit> <Opcode : 'add' 'sub'> <InPorts = 2> <OutPorts = 1>
ST_5 : Operation 70 [1/1] (0.30ns)   --->   "%select_ln691 = select i1 %icmp_ln890_307, i7 1, i7 %add_ln691_417"   --->   Operation 70 'select' 'select_ln691' <Predicate = (!icmp_ln890_306)> <Delay = 0.30> <CoreInst = "Sel">   --->   Core 73 'Sel' <Latency = 0> <II = 1> <Delay = 0.30> <FuncUnit> <Opcode : 'select'> <InPorts = 3> <OutPorts = 1>

State 6 <SV = 4> <Delay = 2.41>
ST_6 : Operation 71 [1/1] (0.00ns)   --->   "%zext_ln7102_1 = zext i6 %select_ln890_378" [./dut.cpp:7102]   --->   Operation 71 'zext' 'zext_ln7102_1' <Predicate = (!icmp_ln890_306)> <Delay = 0.00>
ST_6 : Operation 72 [1/1] (0.00ns)   --->   "%zext_ln7102_2 = zext i6 %select_ln890_378" [./dut.cpp:7102]   --->   Operation 72 'zext' 'zext_ln7102_2' <Predicate = (!icmp_ln890_306)> <Delay = 0.00>
ST_6 : Operation 73 [1/1] (0.70ns)   --->   "%add_ln7102 = add i7 %zext_ln7102_2, i7 32" [./dut.cpp:7102]   --->   Operation 73 'add' 'add_ln7102' <Predicate = (!icmp_ln890_306)> <Delay = 0.70> <CoreInst = "Adder">   --->   Core 1 'Adder' <Latency = 0> <II = 1> <Delay = 0.71> <FuncUnit> <Opcode : 'add' 'sub'> <InPorts = 2> <OutPorts = 1>
ST_6 : Operation 74 [1/1] (0.00ns)   --->   "%zext_ln7102_3 = zext i7 %add_ln7102" [./dut.cpp:7102]   --->   Operation 74 'zext' 'zext_ln7102_3' <Predicate = (!icmp_ln890_306)> <Delay = 0.00>
ST_6 : Operation 75 [1/1] (0.00ns)   --->   "%local_A_pong_V_addr_2 = getelementptr i256 %local_A_pong_V, i64 0, i64 %zext_ln7102_3" [./dut.cpp:7102]   --->   Operation 75 'getelementptr' 'local_A_pong_V_addr_2' <Predicate = (!icmp_ln890_306)> <Delay = 0.00>
ST_6 : Operation 76 [1/1] (0.70ns)   --->   "%add_ln7102_1 = add i8 %zext_ln7102_1, i8 96" [./dut.cpp:7102]   --->   Operation 76 'add' 'add_ln7102_1' <Predicate = (!icmp_ln890_306)> <Delay = 0.70> <CoreInst = "Adder">   --->   Core 1 'Adder' <Latency = 0> <II = 1> <Delay = 0.71> <FuncUnit> <Opcode : 'add' 'sub'> <InPorts = 2> <OutPorts = 1>
ST_6 : Operation 77 [1/1] (0.00ns)   --->   "%zext_ln7102_4 = zext i8 %add_ln7102_1" [./dut.cpp:7102]   --->   Operation 77 'zext' 'zext_ln7102_4' <Predicate = (!icmp_ln890_306)> <Delay = 0.00>
ST_6 : Operation 78 [1/1] (0.00ns)   --->   "%local_A_pong_V_addr_4 = getelementptr i256 %local_A_pong_V, i64 0, i64 %zext_ln7102_4" [./dut.cpp:7102]   --->   Operation 78 'getelementptr' 'local_A_pong_V_addr_4' <Predicate = (!icmp_ln890_306)> <Delay = 0.00>
ST_6 : Operation 79 [1/2] (1.20ns)   --->   "%local_A_pong_V_load = load i9 %local_A_pong_V_addr_1" [./dut.cpp:7102]   --->   Operation 79 'load' 'local_A_pong_V_load' <Predicate = (!icmp_ln890_306)> <Delay = 1.20> <CoreInst = "RAM_2P_BRAM">   --->   Core 94 'RAM_2P_BRAM' <Latency = 1> <II = 1> <Delay = 1.20> <Storage> <Opcode : 'load' 'store'> <Ports = 2> <Width = 256> <Depth = 512> <RAM>
ST_6 : Operation 80 [1/1] (1.21ns)   --->   "%write_ln174 = write void @_ssdm_op_Write.ap_fifo.volatile.i256P0A, i256 %fifo_A_PE_12_0_x152, i256 %local_A_pong_V_load" [/home/rcslfpgaserver/Softwares/Xilinx/Vitis_HLS/2020.2/common/technology/autopilot/hls_stream_39.h:174]   --->   Operation 80 'write' 'write_ln174' <Predicate = (!icmp_ln890_306)> <Delay = 1.21> <CoreInst = "FIFO_SRL">   --->   Core 81 'FIFO_SRL' <Latency = 0> <II = 1> <Delay = 1.42> <Storage> <Opcode : 'read' 'write' 'nbread' 'nbwrite'> <Ports = 0> <Width = 256> <Depth = 2> <FIFO>
ST_6 : Operation 81 [2/2] (1.20ns)   --->   "%local_A_pong_V_load_1 = load i9 %local_A_pong_V_addr_2" [./dut.cpp:7102]   --->   Operation 81 'load' 'local_A_pong_V_load_1' <Predicate = (!icmp_ln890_306)> <Delay = 1.20> <CoreInst = "RAM_2P_BRAM">   --->   Core 94 'RAM_2P_BRAM' <Latency = 1> <II = 1> <Delay = 1.20> <Storage> <Opcode : 'load' 'store'> <Ports = 2> <Width = 256> <Depth = 512> <RAM>
ST_6 : Operation 82 [1/2] (1.20ns)   --->   "%local_A_pong_V_load_2 = load i9 %local_A_pong_V_addr_3" [./dut.cpp:7102]   --->   Operation 82 'load' 'local_A_pong_V_load_2' <Predicate = (!icmp_ln890_306)> <Delay = 1.20> <CoreInst = "RAM_2P_BRAM">   --->   Core 94 'RAM_2P_BRAM' <Latency = 1> <II = 1> <Delay = 1.20> <Storage> <Opcode : 'load' 'store'> <Ports = 2> <Width = 256> <Depth = 512> <RAM>
ST_6 : Operation 83 [2/2] (1.20ns)   --->   "%local_A_pong_V_load_3 = load i9 %local_A_pong_V_addr_4" [./dut.cpp:7102]   --->   Operation 83 'load' 'local_A_pong_V_load_3' <Predicate = (!icmp_ln890_306)> <Delay = 1.20> <CoreInst = "RAM_2P_BRAM">   --->   Core 94 'RAM_2P_BRAM' <Latency = 1> <II = 1> <Delay = 1.20> <Storage> <Opcode : 'load' 'store'> <Ports = 2> <Width = 256> <Depth = 512> <RAM>

State 7 <SV = 5> <Delay = 2.41>
ST_7 : Operation 84 [1/1] (0.00ns)   --->   "%tmp_s = bitconcatenate i64 @_ssdm_op_BitConcatenate.i64.i58.i6, i58 2, i6 %select_ln890_378" [./dut.cpp:7102]   --->   Operation 84 'bitconcatenate' 'tmp_s' <Predicate = (!icmp_ln890_306)> <Delay = 0.00>
ST_7 : Operation 85 [1/1] (0.00ns)   --->   "%local_A_pong_V_addr_5 = getelementptr i256 %local_A_pong_V, i64 0, i64 %tmp_s" [./dut.cpp:7102]   --->   Operation 85 'getelementptr' 'local_A_pong_V_addr_5' <Predicate = (!icmp_ln890_306)> <Delay = 0.00>
ST_7 : Operation 86 [1/1] (0.70ns)   --->   "%add_ln7102_2 = add i8 %zext_ln7102_1, i8 160" [./dut.cpp:7102]   --->   Operation 86 'add' 'add_ln7102_2' <Predicate = (!icmp_ln890_306)> <Delay = 0.70> <CoreInst = "Adder">   --->   Core 1 'Adder' <Latency = 0> <II = 1> <Delay = 0.71> <FuncUnit> <Opcode : 'add' 'sub'> <InPorts = 2> <OutPorts = 1>
ST_7 : Operation 87 [1/1] (0.00ns)   --->   "%zext_ln7102_5 = zext i8 %add_ln7102_2" [./dut.cpp:7102]   --->   Operation 87 'zext' 'zext_ln7102_5' <Predicate = (!icmp_ln890_306)> <Delay = 0.00>
ST_7 : Operation 88 [1/1] (0.00ns)   --->   "%local_A_pong_V_addr_6 = getelementptr i256 %local_A_pong_V, i64 0, i64 %zext_ln7102_5" [./dut.cpp:7102]   --->   Operation 88 'getelementptr' 'local_A_pong_V_addr_6' <Predicate = (!icmp_ln890_306)> <Delay = 0.00>
ST_7 : Operation 89 [1/2] (1.20ns)   --->   "%local_A_pong_V_load_1 = load i9 %local_A_pong_V_addr_2" [./dut.cpp:7102]   --->   Operation 89 'load' 'local_A_pong_V_load_1' <Predicate = (!icmp_ln890_306)> <Delay = 1.20> <CoreInst = "RAM_2P_BRAM">   --->   Core 94 'RAM_2P_BRAM' <Latency = 1> <II = 1> <Delay = 1.20> <Storage> <Opcode : 'load' 'store'> <Ports = 2> <Width = 256> <Depth = 512> <RAM>
ST_7 : Operation 90 [1/1] (1.21ns)   --->   "%write_ln174 = write void @_ssdm_op_Write.ap_fifo.volatile.i256P0A, i256 %fifo_A_PE_12_0_x152, i256 %local_A_pong_V_load_1" [/home/rcslfpgaserver/Softwares/Xilinx/Vitis_HLS/2020.2/common/technology/autopilot/hls_stream_39.h:174]   --->   Operation 90 'write' 'write_ln174' <Predicate = (!icmp_ln890_306)> <Delay = 1.21> <CoreInst = "FIFO_SRL">   --->   Core 81 'FIFO_SRL' <Latency = 0> <II = 1> <Delay = 1.42> <Storage> <Opcode : 'read' 'write' 'nbread' 'nbwrite'> <Ports = 0> <Width = 256> <Depth = 2> <FIFO>
ST_7 : Operation 91 [1/2] (1.20ns)   --->   "%local_A_pong_V_load_3 = load i9 %local_A_pong_V_addr_4" [./dut.cpp:7102]   --->   Operation 91 'load' 'local_A_pong_V_load_3' <Predicate = (!icmp_ln890_306)> <Delay = 1.20> <CoreInst = "RAM_2P_BRAM">   --->   Core 94 'RAM_2P_BRAM' <Latency = 1> <II = 1> <Delay = 1.20> <Storage> <Opcode : 'load' 'store'> <Ports = 2> <Width = 256> <Depth = 512> <RAM>
ST_7 : Operation 92 [2/2] (1.20ns)   --->   "%local_A_pong_V_load_4 = load i9 %local_A_pong_V_addr_5" [./dut.cpp:7102]   --->   Operation 92 'load' 'local_A_pong_V_load_4' <Predicate = (!icmp_ln890_306)> <Delay = 1.20> <CoreInst = "RAM_2P_BRAM">   --->   Core 94 'RAM_2P_BRAM' <Latency = 1> <II = 1> <Delay = 1.20> <Storage> <Opcode : 'load' 'store'> <Ports = 2> <Width = 256> <Depth = 512> <RAM>
ST_7 : Operation 93 [2/2] (1.20ns)   --->   "%local_A_pong_V_load_5 = load i9 %local_A_pong_V_addr_6" [./dut.cpp:7102]   --->   Operation 93 'load' 'local_A_pong_V_load_5' <Predicate = (!icmp_ln890_306)> <Delay = 1.20> <CoreInst = "RAM_2P_BRAM">   --->   Core 94 'RAM_2P_BRAM' <Latency = 1> <II = 1> <Delay = 1.20> <Storage> <Opcode : 'load' 'store'> <Ports = 2> <Width = 256> <Depth = 512> <RAM>

State 8 <SV = 6> <Delay = 1.91>
ST_8 : Operation 94 [1/1] (0.00ns)   --->   "%zext_ln7102 = zext i6 %select_ln890_378" [./dut.cpp:7102]   --->   Operation 94 'zext' 'zext_ln7102' <Predicate = (!icmp_ln890_306)> <Delay = 0.00>
ST_8 : Operation 95 [1/1] (0.00ns)   --->   "%tmp_1241 = bitconcatenate i64 @_ssdm_op_BitConcatenate.i64.i58.i6, i58 3, i6 %select_ln890_378" [./dut.cpp:7102]   --->   Operation 95 'bitconcatenate' 'tmp_1241' <Predicate = (!icmp_ln890_306)> <Delay = 0.00>
ST_8 : Operation 96 [1/1] (0.00ns)   --->   "%local_A_pong_V_addr_7 = getelementptr i256 %local_A_pong_V, i64 0, i64 %tmp_1241" [./dut.cpp:7102]   --->   Operation 96 'getelementptr' 'local_A_pong_V_addr_7' <Predicate = (!icmp_ln890_306)> <Delay = 0.00>
ST_8 : Operation 97 [1/1] (0.71ns)   --->   "%add_ln7102_3 = add i9 %zext_ln7102, i9 224" [./dut.cpp:7102]   --->   Operation 97 'add' 'add_ln7102_3' <Predicate = (!icmp_ln890_306)> <Delay = 0.71> <CoreInst = "Adder">   --->   Core 1 'Adder' <Latency = 0> <II = 1> <Delay = 0.71> <FuncUnit> <Opcode : 'add' 'sub'> <InPorts = 2> <OutPorts = 1>
ST_8 : Operation 98 [1/1] (0.00ns)   --->   "%zext_ln7102_6 = zext i9 %add_ln7102_3" [./dut.cpp:7102]   --->   Operation 98 'zext' 'zext_ln7102_6' <Predicate = (!icmp_ln890_306)> <Delay = 0.00>
ST_8 : Operation 99 [1/1] (0.00ns)   --->   "%local_A_pong_V_addr_8 = getelementptr i256 %local_A_pong_V, i64 0, i64 %zext_ln7102_6" [./dut.cpp:7102]   --->   Operation 99 'getelementptr' 'local_A_pong_V_addr_8' <Predicate = (!icmp_ln890_306)> <Delay = 0.00>
ST_8 : Operation 100 [1/1] (1.21ns)   --->   "%write_ln174 = write void @_ssdm_op_Write.ap_fifo.volatile.i256P0A, i256 %fifo_A_PE_12_0_x152, i256 %local_A_pong_V_load_2" [/home/rcslfpgaserver/Softwares/Xilinx/Vitis_HLS/2020.2/common/technology/autopilot/hls_stream_39.h:174]   --->   Operation 100 'write' 'write_ln174' <Predicate = (!icmp_ln890_306)> <Delay = 1.21> <CoreInst = "FIFO_SRL">   --->   Core 81 'FIFO_SRL' <Latency = 0> <II = 1> <Delay = 1.42> <Storage> <Opcode : 'read' 'write' 'nbread' 'nbwrite'> <Ports = 0> <Width = 256> <Depth = 2> <FIFO>
ST_8 : Operation 101 [1/2] (1.20ns)   --->   "%local_A_pong_V_load_4 = load i9 %local_A_pong_V_addr_5" [./dut.cpp:7102]   --->   Operation 101 'load' 'local_A_pong_V_load_4' <Predicate = (!icmp_ln890_306)> <Delay = 1.20> <CoreInst = "RAM_2P_BRAM">   --->   Core 94 'RAM_2P_BRAM' <Latency = 1> <II = 1> <Delay = 1.20> <Storage> <Opcode : 'load' 'store'> <Ports = 2> <Width = 256> <Depth = 512> <RAM>
ST_8 : Operation 102 [1/2] (1.20ns)   --->   "%local_A_pong_V_load_5 = load i9 %local_A_pong_V_addr_6" [./dut.cpp:7102]   --->   Operation 102 'load' 'local_A_pong_V_load_5' <Predicate = (!icmp_ln890_306)> <Delay = 1.20> <CoreInst = "RAM_2P_BRAM">   --->   Core 94 'RAM_2P_BRAM' <Latency = 1> <II = 1> <Delay = 1.20> <Storage> <Opcode : 'load' 'store'> <Ports = 2> <Width = 256> <Depth = 512> <RAM>
ST_8 : Operation 103 [2/2] (1.20ns)   --->   "%local_A_pong_V_load_6 = load i9 %local_A_pong_V_addr_7" [./dut.cpp:7102]   --->   Operation 103 'load' 'local_A_pong_V_load_6' <Predicate = (!icmp_ln890_306)> <Delay = 1.20> <CoreInst = "RAM_2P_BRAM">   --->   Core 94 'RAM_2P_BRAM' <Latency = 1> <II = 1> <Delay = 1.20> <Storage> <Opcode : 'load' 'store'> <Ports = 2> <Width = 256> <Depth = 512> <RAM>
ST_8 : Operation 104 [2/2] (1.20ns)   --->   "%local_A_pong_V_load_7 = load i9 %local_A_pong_V_addr_8" [./dut.cpp:7102]   --->   Operation 104 'load' 'local_A_pong_V_load_7' <Predicate = (!icmp_ln890_306)> <Delay = 1.20> <CoreInst = "RAM_2P_BRAM">   --->   Core 94 'RAM_2P_BRAM' <Latency = 1> <II = 1> <Delay = 1.20> <Storage> <Opcode : 'load' 'store'> <Ports = 2> <Width = 256> <Depth = 512> <RAM>

State 9 <SV = 7> <Delay = 1.91>
ST_9 : Operation 105 [1/1] (0.00ns)   --->   "%tmp_1242 = bitconcatenate i64 @_ssdm_op_BitConcatenate.i64.i58.i6, i58 4, i6 %select_ln890_378" [./dut.cpp:7102]   --->   Operation 105 'bitconcatenate' 'tmp_1242' <Predicate = (!icmp_ln890_306)> <Delay = 0.00>
ST_9 : Operation 106 [1/1] (0.00ns)   --->   "%local_A_pong_V_addr_9 = getelementptr i256 %local_A_pong_V, i64 0, i64 %tmp_1242" [./dut.cpp:7102]   --->   Operation 106 'getelementptr' 'local_A_pong_V_addr_9' <Predicate = (!icmp_ln890_306)> <Delay = 0.00>
ST_9 : Operation 107 [1/1] (0.71ns)   --->   "%add_ln7102_4 = add i9 %zext_ln7102, i9 288" [./dut.cpp:7102]   --->   Operation 107 'add' 'add_ln7102_4' <Predicate = (!icmp_ln890_306)> <Delay = 0.71> <CoreInst = "Adder">   --->   Core 1 'Adder' <Latency = 0> <II = 1> <Delay = 0.71> <FuncUnit> <Opcode : 'add' 'sub'> <InPorts = 2> <OutPorts = 1>
ST_9 : Operation 108 [1/1] (0.00ns)   --->   "%zext_ln7102_7 = zext i9 %add_ln7102_4" [./dut.cpp:7102]   --->   Operation 108 'zext' 'zext_ln7102_7' <Predicate = (!icmp_ln890_306)> <Delay = 0.00>
ST_9 : Operation 109 [1/1] (0.00ns)   --->   "%local_A_pong_V_addr_10 = getelementptr i256 %local_A_pong_V, i64 0, i64 %zext_ln7102_7" [./dut.cpp:7102]   --->   Operation 109 'getelementptr' 'local_A_pong_V_addr_10' <Predicate = (!icmp_ln890_306)> <Delay = 0.00>
ST_9 : Operation 110 [1/1] (1.21ns)   --->   "%write_ln174 = write void @_ssdm_op_Write.ap_fifo.volatile.i256P0A, i256 %fifo_A_PE_12_0_x152, i256 %local_A_pong_V_load_3" [/home/rcslfpgaserver/Softwares/Xilinx/Vitis_HLS/2020.2/common/technology/autopilot/hls_stream_39.h:174]   --->   Operation 110 'write' 'write_ln174' <Predicate = (!icmp_ln890_306)> <Delay = 1.21> <CoreInst = "FIFO_SRL">   --->   Core 81 'FIFO_SRL' <Latency = 0> <II = 1> <Delay = 1.42> <Storage> <Opcode : 'read' 'write' 'nbread' 'nbwrite'> <Ports = 0> <Width = 256> <Depth = 2> <FIFO>
ST_9 : Operation 111 [1/2] (1.20ns)   --->   "%local_A_pong_V_load_6 = load i9 %local_A_pong_V_addr_7" [./dut.cpp:7102]   --->   Operation 111 'load' 'local_A_pong_V_load_6' <Predicate = (!icmp_ln890_306)> <Delay = 1.20> <CoreInst = "RAM_2P_BRAM">   --->   Core 94 'RAM_2P_BRAM' <Latency = 1> <II = 1> <Delay = 1.20> <Storage> <Opcode : 'load' 'store'> <Ports = 2> <Width = 256> <Depth = 512> <RAM>
ST_9 : Operation 112 [1/2] (1.20ns)   --->   "%local_A_pong_V_load_7 = load i9 %local_A_pong_V_addr_8" [./dut.cpp:7102]   --->   Operation 112 'load' 'local_A_pong_V_load_7' <Predicate = (!icmp_ln890_306)> <Delay = 1.20> <CoreInst = "RAM_2P_BRAM">   --->   Core 94 'RAM_2P_BRAM' <Latency = 1> <II = 1> <Delay = 1.20> <Storage> <Opcode : 'load' 'store'> <Ports = 2> <Width = 256> <Depth = 512> <RAM>
ST_9 : Operation 113 [2/2] (1.20ns)   --->   "%local_A_pong_V_load_8 = load i9 %local_A_pong_V_addr_9" [./dut.cpp:7102]   --->   Operation 113 'load' 'local_A_pong_V_load_8' <Predicate = (!icmp_ln890_306)> <Delay = 1.20> <CoreInst = "RAM_2P_BRAM">   --->   Core 94 'RAM_2P_BRAM' <Latency = 1> <II = 1> <Delay = 1.20> <Storage> <Opcode : 'load' 'store'> <Ports = 2> <Width = 256> <Depth = 512> <RAM>
ST_9 : Operation 114 [2/2] (1.20ns)   --->   "%local_A_pong_V_load_9 = load i9 %local_A_pong_V_addr_10" [./dut.cpp:7102]   --->   Operation 114 'load' 'local_A_pong_V_load_9' <Predicate = (!icmp_ln890_306)> <Delay = 1.20> <CoreInst = "RAM_2P_BRAM">   --->   Core 94 'RAM_2P_BRAM' <Latency = 1> <II = 1> <Delay = 1.20> <Storage> <Opcode : 'load' 'store'> <Ports = 2> <Width = 256> <Depth = 512> <RAM>

State 10 <SV = 8> <Delay = 1.91>
ST_10 : Operation 115 [1/1] (0.00ns)   --->   "%tmp_1243 = bitconcatenate i64 @_ssdm_op_BitConcatenate.i64.i58.i6, i58 5, i6 %select_ln890_378" [./dut.cpp:7102]   --->   Operation 115 'bitconcatenate' 'tmp_1243' <Predicate = (!icmp_ln890_306)> <Delay = 0.00>
ST_10 : Operation 116 [1/1] (0.00ns)   --->   "%local_A_pong_V_addr_11 = getelementptr i256 %local_A_pong_V, i64 0, i64 %tmp_1243" [./dut.cpp:7102]   --->   Operation 116 'getelementptr' 'local_A_pong_V_addr_11' <Predicate = (!icmp_ln890_306)> <Delay = 0.00>
ST_10 : Operation 117 [1/1] (0.71ns)   --->   "%add_ln7102_5 = add i9 %zext_ln7102, i9 352" [./dut.cpp:7102]   --->   Operation 117 'add' 'add_ln7102_5' <Predicate = (!icmp_ln890_306)> <Delay = 0.71> <CoreInst = "Adder">   --->   Core 1 'Adder' <Latency = 0> <II = 1> <Delay = 0.71> <FuncUnit> <Opcode : 'add' 'sub'> <InPorts = 2> <OutPorts = 1>
ST_10 : Operation 118 [1/1] (0.00ns)   --->   "%zext_ln7102_8 = zext i9 %add_ln7102_5" [./dut.cpp:7102]   --->   Operation 118 'zext' 'zext_ln7102_8' <Predicate = (!icmp_ln890_306)> <Delay = 0.00>
ST_10 : Operation 119 [1/1] (0.00ns)   --->   "%local_A_pong_V_addr_12 = getelementptr i256 %local_A_pong_V, i64 0, i64 %zext_ln7102_8" [./dut.cpp:7102]   --->   Operation 119 'getelementptr' 'local_A_pong_V_addr_12' <Predicate = (!icmp_ln890_306)> <Delay = 0.00>
ST_10 : Operation 120 [1/1] (1.21ns)   --->   "%write_ln174 = write void @_ssdm_op_Write.ap_fifo.volatile.i256P0A, i256 %fifo_A_PE_12_0_x152, i256 %local_A_pong_V_load_4" [/home/rcslfpgaserver/Softwares/Xilinx/Vitis_HLS/2020.2/common/technology/autopilot/hls_stream_39.h:174]   --->   Operation 120 'write' 'write_ln174' <Predicate = (!icmp_ln890_306)> <Delay = 1.21> <CoreInst = "FIFO_SRL">   --->   Core 81 'FIFO_SRL' <Latency = 0> <II = 1> <Delay = 1.42> <Storage> <Opcode : 'read' 'write' 'nbread' 'nbwrite'> <Ports = 0> <Width = 256> <Depth = 2> <FIFO>
ST_10 : Operation 121 [1/2] (1.20ns)   --->   "%local_A_pong_V_load_8 = load i9 %local_A_pong_V_addr_9" [./dut.cpp:7102]   --->   Operation 121 'load' 'local_A_pong_V_load_8' <Predicate = (!icmp_ln890_306)> <Delay = 1.20> <CoreInst = "RAM_2P_BRAM">   --->   Core 94 'RAM_2P_BRAM' <Latency = 1> <II = 1> <Delay = 1.20> <Storage> <Opcode : 'load' 'store'> <Ports = 2> <Width = 256> <Depth = 512> <RAM>
ST_10 : Operation 122 [1/2] (1.20ns)   --->   "%local_A_pong_V_load_9 = load i9 %local_A_pong_V_addr_10" [./dut.cpp:7102]   --->   Operation 122 'load' 'local_A_pong_V_load_9' <Predicate = (!icmp_ln890_306)> <Delay = 1.20> <CoreInst = "RAM_2P_BRAM">   --->   Core 94 'RAM_2P_BRAM' <Latency = 1> <II = 1> <Delay = 1.20> <Storage> <Opcode : 'load' 'store'> <Ports = 2> <Width = 256> <Depth = 512> <RAM>
ST_10 : Operation 123 [2/2] (1.20ns)   --->   "%local_A_pong_V_load_10 = load i9 %local_A_pong_V_addr_11" [./dut.cpp:7102]   --->   Operation 123 'load' 'local_A_pong_V_load_10' <Predicate = (!icmp_ln890_306)> <Delay = 1.20> <CoreInst = "RAM_2P_BRAM">   --->   Core 94 'RAM_2P_BRAM' <Latency = 1> <II = 1> <Delay = 1.20> <Storage> <Opcode : 'load' 'store'> <Ports = 2> <Width = 256> <Depth = 512> <RAM>
ST_10 : Operation 124 [2/2] (1.20ns)   --->   "%local_A_pong_V_load_11 = load i9 %local_A_pong_V_addr_12" [./dut.cpp:7102]   --->   Operation 124 'load' 'local_A_pong_V_load_11' <Predicate = (!icmp_ln890_306)> <Delay = 1.20> <CoreInst = "RAM_2P_BRAM">   --->   Core 94 'RAM_2P_BRAM' <Latency = 1> <II = 1> <Delay = 1.20> <Storage> <Opcode : 'load' 'store'> <Ports = 2> <Width = 256> <Depth = 512> <RAM>

State 11 <SV = 9> <Delay = 1.21>
ST_11 : Operation 125 [1/1] (0.00ns)   --->   "%tmp_1244 = bitconcatenate i64 @_ssdm_op_BitConcatenate.i64.i58.i6, i58 6, i6 %select_ln890_378" [./dut.cpp:7102]   --->   Operation 125 'bitconcatenate' 'tmp_1244' <Predicate = (!icmp_ln890_306)> <Delay = 0.00>
ST_11 : Operation 126 [1/1] (0.00ns)   --->   "%local_A_pong_V_addr_13 = getelementptr i256 %local_A_pong_V, i64 0, i64 %tmp_1244" [./dut.cpp:7102]   --->   Operation 126 'getelementptr' 'local_A_pong_V_addr_13' <Predicate = (!icmp_ln890_306)> <Delay = 0.00>
ST_11 : Operation 127 [1/1] (0.00ns)   --->   "%sext_ln7102 = sext i8 %add_ln7102_2" [./dut.cpp:7102]   --->   Operation 127 'sext' 'sext_ln7102' <Predicate = (!icmp_ln890_306)> <Delay = 0.00>
ST_11 : Operation 128 [1/1] (0.00ns)   --->   "%zext_ln7102_9 = zext i9 %sext_ln7102" [./dut.cpp:7102]   --->   Operation 128 'zext' 'zext_ln7102_9' <Predicate = (!icmp_ln890_306)> <Delay = 0.00>
ST_11 : Operation 129 [1/1] (0.00ns)   --->   "%local_A_pong_V_addr_14 = getelementptr i256 %local_A_pong_V, i64 0, i64 %zext_ln7102_9" [./dut.cpp:7102]   --->   Operation 129 'getelementptr' 'local_A_pong_V_addr_14' <Predicate = (!icmp_ln890_306)> <Delay = 0.00>
ST_11 : Operation 130 [1/1] (1.21ns)   --->   "%write_ln174 = write void @_ssdm_op_Write.ap_fifo.volatile.i256P0A, i256 %fifo_A_PE_12_0_x152, i256 %local_A_pong_V_load_5" [/home/rcslfpgaserver/Softwares/Xilinx/Vitis_HLS/2020.2/common/technology/autopilot/hls_stream_39.h:174]   --->   Operation 130 'write' 'write_ln174' <Predicate = (!icmp_ln890_306)> <Delay = 1.21> <CoreInst = "FIFO_SRL">   --->   Core 81 'FIFO_SRL' <Latency = 0> <II = 1> <Delay = 1.42> <Storage> <Opcode : 'read' 'write' 'nbread' 'nbwrite'> <Ports = 0> <Width = 256> <Depth = 2> <FIFO>
ST_11 : Operation 131 [1/2] (1.20ns)   --->   "%local_A_pong_V_load_10 = load i9 %local_A_pong_V_addr_11" [./dut.cpp:7102]   --->   Operation 131 'load' 'local_A_pong_V_load_10' <Predicate = (!icmp_ln890_306)> <Delay = 1.20> <CoreInst = "RAM_2P_BRAM">   --->   Core 94 'RAM_2P_BRAM' <Latency = 1> <II = 1> <Delay = 1.20> <Storage> <Opcode : 'load' 'store'> <Ports = 2> <Width = 256> <Depth = 512> <RAM>
ST_11 : Operation 132 [1/2] (1.20ns)   --->   "%local_A_pong_V_load_11 = load i9 %local_A_pong_V_addr_12" [./dut.cpp:7102]   --->   Operation 132 'load' 'local_A_pong_V_load_11' <Predicate = (!icmp_ln890_306)> <Delay = 1.20> <CoreInst = "RAM_2P_BRAM">   --->   Core 94 'RAM_2P_BRAM' <Latency = 1> <II = 1> <Delay = 1.20> <Storage> <Opcode : 'load' 'store'> <Ports = 2> <Width = 256> <Depth = 512> <RAM>
ST_11 : Operation 133 [2/2] (1.20ns)   --->   "%local_A_pong_V_load_12 = load i9 %local_A_pong_V_addr_13" [./dut.cpp:7102]   --->   Operation 133 'load' 'local_A_pong_V_load_12' <Predicate = (!icmp_ln890_306)> <Delay = 1.20> <CoreInst = "RAM_2P_BRAM">   --->   Core 94 'RAM_2P_BRAM' <Latency = 1> <II = 1> <Delay = 1.20> <Storage> <Opcode : 'load' 'store'> <Ports = 2> <Width = 256> <Depth = 512> <RAM>
ST_11 : Operation 134 [2/2] (1.20ns)   --->   "%local_A_pong_V_load_13 = load i9 %local_A_pong_V_addr_14" [./dut.cpp:7102]   --->   Operation 134 'load' 'local_A_pong_V_load_13' <Predicate = (!icmp_ln890_306)> <Delay = 1.20> <CoreInst = "RAM_2P_BRAM">   --->   Core 94 'RAM_2P_BRAM' <Latency = 1> <II = 1> <Delay = 1.20> <Storage> <Opcode : 'load' 'store'> <Ports = 2> <Width = 256> <Depth = 512> <RAM>

State 12 <SV = 10> <Delay = 1.32>
ST_12 : Operation 135 [1/1] (0.00ns)   --->   "%tmp_1245 = bitconcatenate i64 @_ssdm_op_BitConcatenate.i64.i58.i6, i58 7, i6 %select_ln890_378" [./dut.cpp:7102]   --->   Operation 135 'bitconcatenate' 'tmp_1245' <Predicate = (!icmp_ln890_306)> <Delay = 0.00>
ST_12 : Operation 136 [1/1] (0.00ns)   --->   "%local_A_pong_V_addr_15 = getelementptr i256 %local_A_pong_V, i64 0, i64 %tmp_1245" [./dut.cpp:7102]   --->   Operation 136 'getelementptr' 'local_A_pong_V_addr_15' <Predicate = (!icmp_ln890_306)> <Delay = 0.00>
ST_12 : Operation 137 [1/1] (0.12ns)   --->   "%xor_ln7102 = xor i6 %select_ln890_378, i6 32" [./dut.cpp:7102]   --->   Operation 137 'xor' 'xor_ln7102' <Predicate = (!icmp_ln890_306)> <Delay = 0.12> <CoreInst = "LogicGate">   --->   Core 74 'LogicGate' <Latency = 0> <II = 1> <Delay = 0.12> <FuncUnit> <Opcode : 'and' 'or' 'xor'> <InPorts = 2> <OutPorts = 1>
ST_12 : Operation 138 [1/1] (0.00ns)   --->   "%sext_ln7102_1 = sext i6 %xor_ln7102" [./dut.cpp:7102]   --->   Operation 138 'sext' 'sext_ln7102_1' <Predicate = (!icmp_ln890_306)> <Delay = 0.00>
ST_12 : Operation 139 [1/1] (0.00ns)   --->   "%zext_ln7102_10 = zext i9 %sext_ln7102_1" [./dut.cpp:7102]   --->   Operation 139 'zext' 'zext_ln7102_10' <Predicate = (!icmp_ln890_306)> <Delay = 0.00>
ST_12 : Operation 140 [1/1] (0.00ns)   --->   "%local_A_pong_V_addr_16 = getelementptr i256 %local_A_pong_V, i64 0, i64 %zext_ln7102_10" [./dut.cpp:7102]   --->   Operation 140 'getelementptr' 'local_A_pong_V_addr_16' <Predicate = (!icmp_ln890_306)> <Delay = 0.00>
ST_12 : Operation 141 [1/1] (1.21ns)   --->   "%write_ln174 = write void @_ssdm_op_Write.ap_fifo.volatile.i256P0A, i256 %fifo_A_PE_12_0_x152, i256 %local_A_pong_V_load_6" [/home/rcslfpgaserver/Softwares/Xilinx/Vitis_HLS/2020.2/common/technology/autopilot/hls_stream_39.h:174]   --->   Operation 141 'write' 'write_ln174' <Predicate = (!icmp_ln890_306)> <Delay = 1.21> <CoreInst = "FIFO_SRL">   --->   Core 81 'FIFO_SRL' <Latency = 0> <II = 1> <Delay = 1.42> <Storage> <Opcode : 'read' 'write' 'nbread' 'nbwrite'> <Ports = 0> <Width = 256> <Depth = 2> <FIFO>
ST_12 : Operation 142 [1/2] (1.20ns)   --->   "%local_A_pong_V_load_12 = load i9 %local_A_pong_V_addr_13" [./dut.cpp:7102]   --->   Operation 142 'load' 'local_A_pong_V_load_12' <Predicate = (!icmp_ln890_306)> <Delay = 1.20> <CoreInst = "RAM_2P_BRAM">   --->   Core 94 'RAM_2P_BRAM' <Latency = 1> <II = 1> <Delay = 1.20> <Storage> <Opcode : 'load' 'store'> <Ports = 2> <Width = 256> <Depth = 512> <RAM>
ST_12 : Operation 143 [1/2] (1.20ns)   --->   "%local_A_pong_V_load_13 = load i9 %local_A_pong_V_addr_14" [./dut.cpp:7102]   --->   Operation 143 'load' 'local_A_pong_V_load_13' <Predicate = (!icmp_ln890_306)> <Delay = 1.20> <CoreInst = "RAM_2P_BRAM">   --->   Core 94 'RAM_2P_BRAM' <Latency = 1> <II = 1> <Delay = 1.20> <Storage> <Opcode : 'load' 'store'> <Ports = 2> <Width = 256> <Depth = 512> <RAM>
ST_12 : Operation 144 [2/2] (1.20ns)   --->   "%local_A_pong_V_load_14 = load i9 %local_A_pong_V_addr_15" [./dut.cpp:7102]   --->   Operation 144 'load' 'local_A_pong_V_load_14' <Predicate = (!icmp_ln890_306)> <Delay = 1.20> <CoreInst = "RAM_2P_BRAM">   --->   Core 94 'RAM_2P_BRAM' <Latency = 1> <II = 1> <Delay = 1.20> <Storage> <Opcode : 'load' 'store'> <Ports = 2> <Width = 256> <Depth = 512> <RAM>
ST_12 : Operation 145 [2/2] (1.20ns)   --->   "%local_A_pong_V_load_15 = load i9 %local_A_pong_V_addr_16" [./dut.cpp:7102]   --->   Operation 145 'load' 'local_A_pong_V_load_15' <Predicate = (!icmp_ln890_306)> <Delay = 1.20> <CoreInst = "RAM_2P_BRAM">   --->   Core 94 'RAM_2P_BRAM' <Latency = 1> <II = 1> <Delay = 1.20> <Storage> <Opcode : 'load' 'store'> <Ports = 2> <Width = 256> <Depth = 512> <RAM>

State 13 <SV = 11> <Delay = 1.21>
ST_13 : Operation 146 [1/1] (1.21ns)   --->   "%write_ln174 = write void @_ssdm_op_Write.ap_fifo.volatile.i256P0A, i256 %fifo_A_PE_12_0_x152, i256 %local_A_pong_V_load_7" [/home/rcslfpgaserver/Softwares/Xilinx/Vitis_HLS/2020.2/common/technology/autopilot/hls_stream_39.h:174]   --->   Operation 146 'write' 'write_ln174' <Predicate = (!icmp_ln890_306)> <Delay = 1.21> <CoreInst = "FIFO_SRL">   --->   Core 81 'FIFO_SRL' <Latency = 0> <II = 1> <Delay = 1.42> <Storage> <Opcode : 'read' 'write' 'nbread' 'nbwrite'> <Ports = 0> <Width = 256> <Depth = 2> <FIFO>
ST_13 : Operation 147 [1/2] (1.20ns)   --->   "%local_A_pong_V_load_14 = load i9 %local_A_pong_V_addr_15" [./dut.cpp:7102]   --->   Operation 147 'load' 'local_A_pong_V_load_14' <Predicate = (!icmp_ln890_306)> <Delay = 1.20> <CoreInst = "RAM_2P_BRAM">   --->   Core 94 'RAM_2P_BRAM' <Latency = 1> <II = 1> <Delay = 1.20> <Storage> <Opcode : 'load' 'store'> <Ports = 2> <Width = 256> <Depth = 512> <RAM>
ST_13 : Operation 148 [1/2] (1.20ns)   --->   "%local_A_pong_V_load_15 = load i9 %local_A_pong_V_addr_16" [./dut.cpp:7102]   --->   Operation 148 'load' 'local_A_pong_V_load_15' <Predicate = (!icmp_ln890_306)> <Delay = 1.20> <CoreInst = "RAM_2P_BRAM">   --->   Core 94 'RAM_2P_BRAM' <Latency = 1> <II = 1> <Delay = 1.20> <Storage> <Opcode : 'load' 'store'> <Ports = 2> <Width = 256> <Depth = 512> <RAM>

State 14 <SV = 12> <Delay = 1.21>
ST_14 : Operation 149 [1/1] (1.21ns)   --->   "%write_ln174 = write void @_ssdm_op_Write.ap_fifo.volatile.i256P0A, i256 %fifo_A_PE_12_0_x152, i256 %local_A_pong_V_load_8" [/home/rcslfpgaserver/Softwares/Xilinx/Vitis_HLS/2020.2/common/technology/autopilot/hls_stream_39.h:174]   --->   Operation 149 'write' 'write_ln174' <Predicate = (!icmp_ln890_306)> <Delay = 1.21> <CoreInst = "FIFO_SRL">   --->   Core 81 'FIFO_SRL' <Latency = 0> <II = 1> <Delay = 1.42> <Storage> <Opcode : 'read' 'write' 'nbread' 'nbwrite'> <Ports = 0> <Width = 256> <Depth = 2> <FIFO>

State 15 <SV = 13> <Delay = 1.21>
ST_15 : Operation 150 [1/1] (1.21ns)   --->   "%write_ln174 = write void @_ssdm_op_Write.ap_fifo.volatile.i256P0A, i256 %fifo_A_PE_12_0_x152, i256 %local_A_pong_V_load_9" [/home/rcslfpgaserver/Softwares/Xilinx/Vitis_HLS/2020.2/common/technology/autopilot/hls_stream_39.h:174]   --->   Operation 150 'write' 'write_ln174' <Predicate = (!icmp_ln890_306)> <Delay = 1.21> <CoreInst = "FIFO_SRL">   --->   Core 81 'FIFO_SRL' <Latency = 0> <II = 1> <Delay = 1.42> <Storage> <Opcode : 'read' 'write' 'nbread' 'nbwrite'> <Ports = 0> <Width = 256> <Depth = 2> <FIFO>

State 16 <SV = 14> <Delay = 1.21>
ST_16 : Operation 151 [1/1] (1.21ns)   --->   "%write_ln174 = write void @_ssdm_op_Write.ap_fifo.volatile.i256P0A, i256 %fifo_A_PE_12_0_x152, i256 %local_A_pong_V_load_10" [/home/rcslfpgaserver/Softwares/Xilinx/Vitis_HLS/2020.2/common/technology/autopilot/hls_stream_39.h:174]   --->   Operation 151 'write' 'write_ln174' <Predicate = (!icmp_ln890_306)> <Delay = 1.21> <CoreInst = "FIFO_SRL">   --->   Core 81 'FIFO_SRL' <Latency = 0> <II = 1> <Delay = 1.42> <Storage> <Opcode : 'read' 'write' 'nbread' 'nbwrite'> <Ports = 0> <Width = 256> <Depth = 2> <FIFO>

State 17 <SV = 15> <Delay = 1.21>
ST_17 : Operation 152 [1/1] (1.21ns)   --->   "%write_ln174 = write void @_ssdm_op_Write.ap_fifo.volatile.i256P0A, i256 %fifo_A_PE_12_0_x152, i256 %local_A_pong_V_load_11" [/home/rcslfpgaserver/Softwares/Xilinx/Vitis_HLS/2020.2/common/technology/autopilot/hls_stream_39.h:174]   --->   Operation 152 'write' 'write_ln174' <Predicate = (!icmp_ln890_306)> <Delay = 1.21> <CoreInst = "FIFO_SRL">   --->   Core 81 'FIFO_SRL' <Latency = 0> <II = 1> <Delay = 1.42> <Storage> <Opcode : 'read' 'write' 'nbread' 'nbwrite'> <Ports = 0> <Width = 256> <Depth = 2> <FIFO>

State 18 <SV = 16> <Delay = 1.21>
ST_18 : Operation 153 [1/1] (1.21ns)   --->   "%write_ln174 = write void @_ssdm_op_Write.ap_fifo.volatile.i256P0A, i256 %fifo_A_PE_12_0_x152, i256 %local_A_pong_V_load_12" [/home/rcslfpgaserver/Softwares/Xilinx/Vitis_HLS/2020.2/common/technology/autopilot/hls_stream_39.h:174]   --->   Operation 153 'write' 'write_ln174' <Predicate = (!icmp_ln890_306)> <Delay = 1.21> <CoreInst = "FIFO_SRL">   --->   Core 81 'FIFO_SRL' <Latency = 0> <II = 1> <Delay = 1.42> <Storage> <Opcode : 'read' 'write' 'nbread' 'nbwrite'> <Ports = 0> <Width = 256> <Depth = 2> <FIFO>

State 19 <SV = 17> <Delay = 1.21>
ST_19 : Operation 154 [1/1] (1.21ns)   --->   "%write_ln174 = write void @_ssdm_op_Write.ap_fifo.volatile.i256P0A, i256 %fifo_A_PE_12_0_x152, i256 %local_A_pong_V_load_13" [/home/rcslfpgaserver/Softwares/Xilinx/Vitis_HLS/2020.2/common/technology/autopilot/hls_stream_39.h:174]   --->   Operation 154 'write' 'write_ln174' <Predicate = (!icmp_ln890_306)> <Delay = 1.21> <CoreInst = "FIFO_SRL">   --->   Core 81 'FIFO_SRL' <Latency = 0> <II = 1> <Delay = 1.42> <Storage> <Opcode : 'read' 'write' 'nbread' 'nbwrite'> <Ports = 0> <Width = 256> <Depth = 2> <FIFO>

State 20 <SV = 18> <Delay = 1.21>
ST_20 : Operation 155 [1/1] (1.21ns)   --->   "%write_ln174 = write void @_ssdm_op_Write.ap_fifo.volatile.i256P0A, i256 %fifo_A_PE_12_0_x152, i256 %local_A_pong_V_load_14" [/home/rcslfpgaserver/Softwares/Xilinx/Vitis_HLS/2020.2/common/technology/autopilot/hls_stream_39.h:174]   --->   Operation 155 'write' 'write_ln174' <Predicate = (!icmp_ln890_306)> <Delay = 1.21> <CoreInst = "FIFO_SRL">   --->   Core 81 'FIFO_SRL' <Latency = 0> <II = 1> <Delay = 1.42> <Storage> <Opcode : 'read' 'write' 'nbread' 'nbwrite'> <Ports = 0> <Width = 256> <Depth = 2> <FIFO>

State 21 <SV = 19> <Delay = 1.21>
ST_21 : Operation 156 [1/1] (0.00ns)   --->   "%specloopname_ln0 = specloopname void @_ssdm_op_SpecLoopName, void @A_IO_L2_in_boundary_x1_loop_4_A_IO_L2_in_boundary_x1_loop_5_str"   --->   Operation 156 'specloopname' 'specloopname_ln0' <Predicate = (!icmp_ln890_306)> <Delay = 0.00>
ST_21 : Operation 157 [1/1] (0.00ns)   --->   "%speclooptripcount_ln0 = speclooptripcount void @_ssdm_op_SpecLoopTripCount, i64 2048, i64 2048, i64 2048"   --->   Operation 157 'speclooptripcount' 'speclooptripcount_ln0' <Predicate = (!icmp_ln890_306)> <Delay = 0.00>
ST_21 : Operation 158 [1/1] (0.00ns)   --->   "%specpipeline_ln7097 = specpipeline void @_ssdm_op_SpecPipeline, i32 16, i32 0, i32 0, i32 0, void @empty_356" [./dut.cpp:7097]   --->   Operation 158 'specpipeline' 'specpipeline_ln7097' <Predicate = (!icmp_ln890_306)> <Delay = 0.00>
ST_21 : Operation 159 [1/1] (0.00ns)   --->   "%specloopname_ln7097 = specloopname void @_ssdm_op_SpecLoopName, void @empty_145" [./dut.cpp:7097]   --->   Operation 159 'specloopname' 'specloopname_ln7097' <Predicate = (!icmp_ln890_306)> <Delay = 0.00>
ST_21 : Operation 160 [1/1] (1.21ns)   --->   "%write_ln174 = write void @_ssdm_op_Write.ap_fifo.volatile.i256P0A, i256 %fifo_A_PE_12_0_x152, i256 %local_A_pong_V_load_15" [/home/rcslfpgaserver/Softwares/Xilinx/Vitis_HLS/2020.2/common/technology/autopilot/hls_stream_39.h:174]   --->   Operation 160 'write' 'write_ln174' <Predicate = (!icmp_ln890_306)> <Delay = 1.21> <CoreInst = "FIFO_SRL">   --->   Core 81 'FIFO_SRL' <Latency = 0> <II = 1> <Delay = 1.42> <Storage> <Opcode : 'read' 'write' 'nbread' 'nbwrite'> <Ports = 0> <Width = 256> <Depth = 2> <FIFO>
ST_21 : Operation 161 [1/1] (0.00ns)   --->   "%br_ln0 = br void %.preheader.preheader"   --->   Operation 161 'br' 'br_ln0' <Predicate = (!icmp_ln890_306)> <Delay = 0.00>

State 22 <SV = 4> <Delay = 0.00>
ST_22 : Operation 162 [1/1] (0.00ns)   --->   "%ret_ln7107 = ret" [./dut.cpp:7107]   --->   Operation 162 'ret' 'ret_ln7107' <Predicate = true> <Delay = 0.00>


============================================================
+ Verbose Summary: Binding
============================================================
STG Binding: 
---------------- STG Properties BEGIN ----------------
- Is combinational: 0
- Is one-state seq: 0
- Is datapath-only: 0
- Is pipelined: 0
- Is top level: 0
Port [ Return ] is wired: 1; IO mode=ap_ctrl_hs:ce=0
Port [ fifo_A_A_IO_L2_in_12_x113]:  wired=1; compound=1; hidden=0; nouse=0; global=0; static=0; extern=0; dir=0; type=3; pingpong=0; private_global=0; IO mode=ap_fifo:ce=0
Port [ fifo_A_PE_12_0_x152]:  wired=1; compound=1; hidden=0; nouse=0; global=0; static=0; extern=0; dir=1; type=3; pingpong=0; private_global=0; IO mode=ap_fifo:ce=0
---------------- STG Properties END ------------------

---------------- Datapath Model BEGIN ----------------

<LifeTime>
<method=bitvector/>
specinterface_ln0      (specinterface    ) [ 00000000000000000000000]
specinterface_ln0      (specinterface    ) [ 00000000000000000000000]
local_A_pong_V         (alloca           ) [ 00111111111111111111110]
specmemcore_ln7079     (specmemcore      ) [ 00000000000000000000000]
specmemcore_ln7080     (specmemcore      ) [ 00000000000000000000000]
br_ln7086              (br               ) [ 01110000000000000000000]
indvar_flatten         (phi              ) [ 00100000000000000000000]
c4_V                   (phi              ) [ 00100000000000000000000]
c5_V_5                 (phi              ) [ 00100000000000000000000]
add_ln890              (add              ) [ 01110000000000000000000]
icmp_ln890             (icmp             ) [ 00110000000000000000000]
br_ln890               (br               ) [ 00000000000000000000000]
add_ln691              (add              ) [ 00000000000000000000000]
icmp_ln890130          (icmp             ) [ 00000000000000000000000]
select_ln890           (select           ) [ 00000000000000000000000]
select_ln890_377       (select           ) [ 01110000000000000000000]
trunc_ln7091           (trunc            ) [ 00000000000000000000000]
tmp_1480_cast          (bitconcatenate   ) [ 00000000000000000000000]
zext_ln7091            (zext             ) [ 00000000000000000000000]
add_ln7091             (add              ) [ 00110000000000000000000]
add_ln691_415          (add              ) [ 01110000000000000000000]
specloopname_ln0       (specloopname     ) [ 00000000000000000000000]
speclooptripcount_ln0  (speclooptripcount) [ 00000000000000000000000]
zext_ln7091_1          (zext             ) [ 00000000000000000000000]
local_A_pong_V_addr    (getelementptr    ) [ 00000000000000000000000]
specpipeline_ln7088    (specpipeline     ) [ 00000000000000000000000]
specloopname_ln7088    (specloopname     ) [ 00000000000000000000000]
tmp_1246               (read             ) [ 00000000000000000000000]
store_ln7091           (store            ) [ 00000000000000000000000]
br_ln0                 (br               ) [ 01110000000000000000000]
br_ln7095              (br               ) [ 00001111111111111111110]
indvar_flatten28       (phi              ) [ 00000100000000000000000]
c5_V                   (phi              ) [ 00000100000000000000000]
c6_V                   (phi              ) [ 00000100000000000000000]
add_ln890_157          (add              ) [ 00001111111111111111110]
icmp_ln890_306         (icmp             ) [ 00000111111111111111110]
br_ln890               (br               ) [ 00000000000000000000000]
add_ln691_416          (add              ) [ 00000000000000000000000]
icmp_ln890_307         (icmp             ) [ 00000000000000000000000]
select_ln890_378       (select           ) [ 00001111111111111111110]
zext_ln890             (zext             ) [ 00000000000000000000000]
local_A_pong_V_addr_1  (getelementptr    ) [ 00000010000000000000000]
tmp                    (bitconcatenate   ) [ 00000000000000000000000]
local_A_pong_V_addr_3  (getelementptr    ) [ 00000010000000000000000]
add_ln691_417          (add              ) [ 00000000000000000000000]
select_ln691           (select           ) [ 00001111111111111111110]
zext_ln7102_1          (zext             ) [ 00000001000000000000000]
zext_ln7102_2          (zext             ) [ 00000000000000000000000]
add_ln7102             (add              ) [ 00000000000000000000000]
zext_ln7102_3          (zext             ) [ 00000000000000000000000]
local_A_pong_V_addr_2  (getelementptr    ) [ 00000001000000000000000]
add_ln7102_1           (add              ) [ 00000000000000000000000]
zext_ln7102_4          (zext             ) [ 00000000000000000000000]
local_A_pong_V_addr_4  (getelementptr    ) [ 00000001000000000000000]
local_A_pong_V_load    (load             ) [ 00000000000000000000000]
write_ln174            (write            ) [ 00000000000000000000000]
local_A_pong_V_load_2  (load             ) [ 00000001100000000000000]
tmp_s                  (bitconcatenate   ) [ 00000000000000000000000]
local_A_pong_V_addr_5  (getelementptr    ) [ 00000000100000000000000]
add_ln7102_2           (add              ) [ 00000000111100000000000]
zext_ln7102_5          (zext             ) [ 00000000000000000000000]
local_A_pong_V_addr_6  (getelementptr    ) [ 00000000100000000000000]
local_A_pong_V_load_1  (load             ) [ 00000000000000000000000]
write_ln174            (write            ) [ 00000000000000000000000]
local_A_pong_V_load_3  (load             ) [ 00000000110000000000000]
zext_ln7102            (zext             ) [ 00000000011000000000000]
tmp_1241               (bitconcatenate   ) [ 00000000000000000000000]
local_A_pong_V_addr_7  (getelementptr    ) [ 00000000010000000000000]
add_ln7102_3           (add              ) [ 00000000000000000000000]
zext_ln7102_6          (zext             ) [ 00000000000000000000000]
local_A_pong_V_addr_8  (getelementptr    ) [ 00000000010000000000000]
write_ln174            (write            ) [ 00000000000000000000000]
local_A_pong_V_load_4  (load             ) [ 00000000011000000000000]
local_A_pong_V_load_5  (load             ) [ 00000000011100000000000]
tmp_1242               (bitconcatenate   ) [ 00000000000000000000000]
local_A_pong_V_addr_9  (getelementptr    ) [ 00000000001000000000000]
add_ln7102_4           (add              ) [ 00000000000000000000000]
zext_ln7102_7          (zext             ) [ 00000000000000000000000]
local_A_pong_V_addr_10 (getelementptr    ) [ 00000000001000000000000]
write_ln174            (write            ) [ 00000000000000000000000]
local_A_pong_V_load_6  (load             ) [ 00000000001110000000000]
local_A_pong_V_load_7  (load             ) [ 00000000001111000000000]
tmp_1243               (bitconcatenate   ) [ 00000000000000000000000]
local_A_pong_V_addr_11 (getelementptr    ) [ 00000000000100000000000]
add_ln7102_5           (add              ) [ 00000000000000000000000]
zext_ln7102_8          (zext             ) [ 00000000000000000000000]
local_A_pong_V_addr_12 (getelementptr    ) [ 00000000000100000000000]
write_ln174            (write            ) [ 00000000000000000000000]
local_A_pong_V_load_8  (load             ) [ 00000000000111100000000]
local_A_pong_V_load_9  (load             ) [ 00000000000111110000000]
tmp_1244               (bitconcatenate   ) [ 00000000000000000000000]
local_A_pong_V_addr_13 (getelementptr    ) [ 00000000000010000000000]
sext_ln7102            (sext             ) [ 00000000000000000000000]
zext_ln7102_9          (zext             ) [ 00000000000000000000000]
local_A_pong_V_addr_14 (getelementptr    ) [ 00000000000010000000000]
write_ln174            (write            ) [ 00000000000000000000000]
local_A_pong_V_load_10 (load             ) [ 00000000000011111000000]
local_A_pong_V_load_11 (load             ) [ 00000000000011111100000]
tmp_1245               (bitconcatenate   ) [ 00000000000000000000000]
local_A_pong_V_addr_15 (getelementptr    ) [ 00000000000001000000000]
xor_ln7102             (xor              ) [ 00000000000000000000000]
sext_ln7102_1          (sext             ) [ 00000000000000000000000]
zext_ln7102_10         (zext             ) [ 00000000000000000000000]
local_A_pong_V_addr_16 (getelementptr    ) [ 00000000000001000000000]
write_ln174            (write            ) [ 00000000000000000000000]
local_A_pong_V_load_12 (load             ) [ 00000000000001111110000]
local_A_pong_V_load_13 (load             ) [ 00000000000001111111000]
write_ln174            (write            ) [ 00000000000000000000000]
local_A_pong_V_load_14 (load             ) [ 00000000000000111111100]
local_A_pong_V_load_15 (load             ) [ 00000100000000111111110]
write_ln174            (write            ) [ 00000000000000000000000]
write_ln174            (write            ) [ 00000000000000000000000]
write_ln174            (write            ) [ 00000000000000000000000]
write_ln174            (write            ) [ 00000000000000000000000]
write_ln174            (write            ) [ 00000000000000000000000]
write_ln174            (write            ) [ 00000000000000000000000]
write_ln174            (write            ) [ 00000000000000000000000]
specloopname_ln0       (specloopname     ) [ 00000000000000000000000]
speclooptripcount_ln0  (speclooptripcount) [ 00000000000000000000000]
specpipeline_ln7097    (specpipeline     ) [ 00000000000000000000000]
specloopname_ln7097    (specloopname     ) [ 00000000000000000000000]
write_ln174            (write            ) [ 00000000000000000000000]
br_ln0                 (br               ) [ 00001111111111111111110]
ret_ln7107             (ret              ) [ 00000000000000000000000]
</LifeTime>

<model>

<comp_list>
<comp id="0" class="1000" name="fifo_A_A_IO_L2_in_12_x113">
<pin_list>
<pin id="1" dir="1" index="0" bw="1" slack="0"/>
</pin_list>
<bind>
<StgValue><ssdm name="fifo_A_A_IO_L2_in_12_x113"/></StgValue>
</bind>
</comp>

<comp id="2" class="1000" name="fifo_A_PE_12_0_x152">
<pin_list>
<pin id="3" dir="1" index="0" bw="1" slack="0"/>
</pin_list>
<bind>
<StgValue><ssdm name="fifo_A_PE_12_0_x152"/></StgValue>
</bind>
</comp>

<comp id="4" class="1001" name="const_4">
<pin_list>
<pin id="5" dir="1" index="0" bw="1" slack="2147483647"/>
</pin_list>
<bind>
<StgValue><ssdm name="_ssdm_op_SpecInterface"/></StgValue>
</bind>
</comp>

<comp id="6" class="1001" name="const_6">
<pin_list>
<pin id="7" dir="1" index="0" bw="1" slack="2147483647"/>
</pin_list>
<bind>
<StgValue><ssdm name="empty_312"/></StgValue>
</bind>
</comp>

<comp id="8" class="1001" name="const_8">
<pin_list>
<pin id="9" dir="1" index="0" bw="1" slack="2147483647"/>
</pin_list>
<bind>
<StgValue><ssdm name=""/></StgValue>
</bind>
</comp>

<comp id="10" class="1001" name="const_10">
<pin_list>
<pin id="11" dir="1" index="0" bw="1" slack="2147483647"/>
</pin_list>
<bind>
<StgValue><ssdm name="empty_356"/></StgValue>
</bind>
</comp>

<comp id="12" class="1001" name="const_12">
<pin_list>
<pin id="13" dir="1" index="0" bw="1" slack="0"/>
</pin_list>
<bind>
<StgValue><ssdm name=""/></StgValue>
</bind>
</comp>

<comp id="14" class="1001" name="const_14">
<pin_list>
<pin id="15" dir="1" index="0" bw="1" slack="2147483647"/>
</pin_list>
<bind>
<StgValue><ssdm name="_ssdm_op_SpecMemCore"/></StgValue>
</bind>
</comp>

<comp id="16" class="1001" name="const_16">
<pin_list>
<pin id="17" dir="1" index="0" bw="1" slack="2147483647"/>
</pin_list>
<bind>
<StgValue><ssdm name=""/></StgValue>
</bind>
</comp>

<comp id="18" class="1001" name="const_18">
<pin_list>
<pin id="19" dir="1" index="0" bw="1" slack="2147483647"/>
</pin_list>
<bind>
<StgValue><ssdm name=""/></StgValue>
</bind>
</comp>

<comp id="20" class="1001" name="const_20">
<pin_list>
<pin id="21" dir="1" index="0" bw="1" slack="2147483647"/>
</pin_list>
<bind>
<StgValue><ssdm name=""/></StgValue>
</bind>
</comp>

<comp id="22" class="1001" name="const_22">
<pin_list>
<pin id="23" dir="1" index="0" bw="1" slack="1"/>
</pin_list>
<bind>
<StgValue><ssdm name=""/></StgValue>
</bind>
</comp>

<comp id="24" class="1001" name="const_24">
<pin_list>
<pin id="25" dir="1" index="0" bw="1" slack="0"/>
</pin_list>
<bind>
<StgValue><ssdm name=""/></StgValue>
</bind>
</comp>

<comp id="26" class="1001" name="const_26">
<pin_list>
<pin id="27" dir="1" index="0" bw="1" slack="0"/>
</pin_list>
<bind>
<StgValue><ssdm name=""/></StgValue>
</bind>
</comp>

<comp id="28" class="1001" name="const_28">
<pin_list>
<pin id="29" dir="1" index="0" bw="1" slack="0"/>
</pin_list>
<bind>
<StgValue><ssdm name=""/></StgValue>
</bind>
</comp>

<comp id="30" class="1001" name="const_30">
<pin_list>
<pin id="31" dir="1" index="0" bw="1" slack="0"/>
</pin_list>
<bind>
<StgValue><ssdm name=""/></StgValue>
</bind>
</comp>

<comp id="32" class="1001" name="const_32">
<pin_list>
<pin id="33" dir="1" index="0" bw="1" slack="0"/>
</pin_list>
<bind>
<StgValue><ssdm name=""/></StgValue>
</bind>
</comp>

<comp id="34" class="1001" name="const_34">
<pin_list>
<pin id="35" dir="1" index="0" bw="1" slack="0"/>
</pin_list>
<bind>
<StgValue><ssdm name=""/></StgValue>
</bind>
</comp>

<comp id="36" class="1001" name="const_36">
<pin_list>
<pin id="37" dir="1" index="0" bw="1" slack="0"/>
</pin_list>
<bind>
<StgValue><ssdm name="_ssdm_op_BitConcatenate.i9.i4.i5"/></StgValue>
</bind>
</comp>

<comp id="38" class="1001" name="const_38">
<pin_list>
<pin id="39" dir="1" index="0" bw="1" slack="0"/>
</pin_list>
<bind>
<StgValue><ssdm name=""/></StgValue>
</bind>
</comp>

<comp id="40" class="1001" name="const_40">
<pin_list>
<pin id="41" dir="1" index="0" bw="1" slack="2147483647"/>
</pin_list>
<bind>
<StgValue><ssdm name="_ssdm_op_SpecLoopName"/></StgValue>
</bind>
</comp>

<comp id="42" class="1001" name="const_42">
<pin_list>
<pin id="43" dir="1" index="0" bw="1" slack="2147483647"/>
</pin_list>
<bind>
<StgValue><ssdm name="A_IO_L2_in_boundary_x1_loop_2_A_IO_L2_in_boundary_x1_loop_3_str"/></StgValue>
</bind>
</comp>

<comp id="44" class="1001" name="const_44">
<pin_list>
<pin id="45" dir="1" index="0" bw="1" slack="2147483647"/>
</pin_list>
<bind>
<StgValue><ssdm name="_ssdm_op_SpecLoopTripCount"/></StgValue>
</bind>
</comp>

<comp id="46" class="1001" name="const_46">
<pin_list>
<pin id="47" dir="1" index="0" bw="1" slack="2147483647"/>
</pin_list>
<bind>
<StgValue><ssdm name=""/></StgValue>
</bind>
</comp>

<comp id="48" class="1001" name="const_48">
<pin_list>
<pin id="49" dir="1" index="0" bw="1" slack="0"/>
</pin_list>
<bind>
<StgValue><ssdm name=""/></StgValue>
</bind>
</comp>

<comp id="50" class="1001" name="const_50">
<pin_list>
<pin id="51" dir="1" index="0" bw="1" slack="2147483647"/>
</pin_list>
<bind>
<StgValue><ssdm name="_ssdm_op_SpecPipeline"/></StgValue>
</bind>
</comp>

<comp id="52" class="1001" name="const_52">
<pin_list>
<pin id="53" dir="1" index="0" bw="1" slack="2147483647"/>
</pin_list>
<bind>
<StgValue><ssdm name=""/></StgValue>
</bind>
</comp>

<comp id="54" class="1001" name="const_54">
<pin_list>
<pin id="55" dir="1" index="0" bw="1" slack="2147483647"/>
</pin_list>
<bind>
<StgValue><ssdm name="empty_129"/></StgValue>
</bind>
</comp>

<comp id="56" class="1001" name="const_56">
<pin_list>
<pin id="57" dir="1" index="0" bw="1" slack="0"/>
</pin_list>
<bind>
<StgValue><ssdm name="_ssdm_op_Read.ap_fifo.volatile.i256P0A"/></StgValue>
</bind>
</comp>

<comp id="58" class="1001" name="const_58">
<pin_list>
<pin id="59" dir="1" index="0" bw="1" slack="1"/>
</pin_list>
<bind>
<StgValue><ssdm name=""/></StgValue>
</bind>
</comp>

<comp id="60" class="1001" name="const_60">
<pin_list>
<pin id="61" dir="1" index="0" bw="1" slack="1"/>
</pin_list>
<bind>
<StgValue><ssdm name=""/></StgValue>
</bind>
</comp>

<comp id="62" class="1001" name="const_62">
<pin_list>
<pin id="63" dir="1" index="0" bw="1" slack="0"/>
</pin_list>
<bind>
<StgValue><ssdm name=""/></StgValue>
</bind>
</comp>

<comp id="64" class="1001" name="const_64">
<pin_list>
<pin id="65" dir="1" index="0" bw="1" slack="0"/>
</pin_list>
<bind>
<StgValue><ssdm name=""/></StgValue>
</bind>
</comp>

<comp id="66" class="1001" name="const_66">
<pin_list>
<pin id="67" dir="1" index="0" bw="1" slack="0"/>
</pin_list>
<bind>
<StgValue><ssdm name=""/></StgValue>
</bind>
</comp>

<comp id="68" class="1001" name="const_68">
<pin_list>
<pin id="69" dir="1" index="0" bw="1" slack="0"/>
</pin_list>
<bind>
<StgValue><ssdm name="_ssdm_op_BitConcatenate.i64.i58.i6"/></StgValue>
</bind>
</comp>

<comp id="70" class="1001" name="const_70">
<pin_list>
<pin id="71" dir="1" index="0" bw="1" slack="0"/>
</pin_list>
<bind>
<StgValue><ssdm name=""/></StgValue>
</bind>
</comp>

<comp id="72" class="1001" name="const_72">
<pin_list>
<pin id="73" dir="1" index="0" bw="1" slack="0"/>
</pin_list>
<bind>
<StgValue><ssdm name=""/></StgValue>
</bind>
</comp>

<comp id="74" class="1001" name="const_74">
<pin_list>
<pin id="75" dir="1" index="0" bw="1" slack="0"/>
</pin_list>
<bind>
<StgValue><ssdm name=""/></StgValue>
</bind>
</comp>

<comp id="76" class="1001" name="const_76">
<pin_list>
<pin id="77" dir="1" index="0" bw="1" slack="0"/>
</pin_list>
<bind>
<StgValue><ssdm name=""/></StgValue>
</bind>
</comp>

<comp id="78" class="1001" name="const_78">
<pin_list>
<pin id="79" dir="1" index="0" bw="1" slack="0"/>
</pin_list>
<bind>
<StgValue><ssdm name="_ssdm_op_Write.ap_fifo.volatile.i256P0A"/></StgValue>
</bind>
</comp>

<comp id="80" class="1001" name="const_80">
<pin_list>
<pin id="81" dir="1" index="0" bw="1" slack="0"/>
</pin_list>
<bind>
<StgValue><ssdm name=""/></StgValue>
</bind>
</comp>

<comp id="82" class="1001" name="const_82">
<pin_list>
<pin id="83" dir="1" index="0" bw="1" slack="0"/>
</pin_list>
<bind>
<StgValue><ssdm name=""/></StgValue>
</bind>
</comp>

<comp id="84" class="1001" name="const_84">
<pin_list>
<pin id="85" dir="1" index="0" bw="1" slack="0"/>
</pin_list>
<bind>
<StgValue><ssdm name=""/></StgValue>
</bind>
</comp>

<comp id="86" class="1001" name="const_86">
<pin_list>
<pin id="87" dir="1" index="0" bw="1" slack="0"/>
</pin_list>
<bind>
<StgValue><ssdm name=""/></StgValue>
</bind>
</comp>

<comp id="88" class="1001" name="const_88">
<pin_list>
<pin id="89" dir="1" index="0" bw="1" slack="0"/>
</pin_list>
<bind>
<StgValue><ssdm name=""/></StgValue>
</bind>
</comp>

<comp id="90" class="1001" name="const_90">
<pin_list>
<pin id="91" dir="1" index="0" bw="1" slack="0"/>
</pin_list>
<bind>
<StgValue><ssdm name=""/></StgValue>
</bind>
</comp>

<comp id="92" class="1001" name="const_92">
<pin_list>
<pin id="93" dir="1" index="0" bw="1" slack="0"/>
</pin_list>
<bind>
<StgValue><ssdm name=""/></StgValue>
</bind>
</comp>

<comp id="94" class="1001" name="const_94">
<pin_list>
<pin id="95" dir="1" index="0" bw="1" slack="0"/>
</pin_list>
<bind>
<StgValue><ssdm name=""/></StgValue>
</bind>
</comp>

<comp id="96" class="1001" name="const_96">
<pin_list>
<pin id="97" dir="1" index="0" bw="1" slack="0"/>
</pin_list>
<bind>
<StgValue><ssdm name=""/></StgValue>
</bind>
</comp>

<comp id="98" class="1001" name="const_98">
<pin_list>
<pin id="99" dir="1" index="0" bw="1" slack="0"/>
</pin_list>
<bind>
<StgValue><ssdm name=""/></StgValue>
</bind>
</comp>

<comp id="100" class="1001" name="const_100">
<pin_list>
<pin id="101" dir="1" index="0" bw="1" slack="2147483647"/>
</pin_list>
<bind>
<StgValue><ssdm name="A_IO_L2_in_boundary_x1_loop_4_A_IO_L2_in_boundary_x1_loop_5_str"/></StgValue>
</bind>
</comp>

<comp id="102" class="1001" name="const_102">
<pin_list>
<pin id="103" dir="1" index="0" bw="1" slack="2147483647"/>
</pin_list>
<bind>
<StgValue><ssdm name=""/></StgValue>
</bind>
</comp>

<comp id="104" class="1001" name="const_104">
<pin_list>
<pin id="105" dir="1" index="0" bw="1" slack="2147483647"/>
</pin_list>
<bind>
<StgValue><ssdm name=""/></StgValue>
</bind>
</comp>

<comp id="106" class="1001" name="const_106">
<pin_list>
<pin id="107" dir="1" index="0" bw="1" slack="2147483647"/>
</pin_list>
<bind>
<StgValue><ssdm name="empty_145"/></StgValue>
</bind>
</comp>

<comp id="108" class="1004" name="local_A_pong_V_alloca_fu_108">
<pin_list>
<pin id="109" dir="0" index="0" bw="1" slack="0"/>
<pin id="110" dir="1" index="1" bw="256" slack="2147483647"/>
</pin_list>
<bind>
<opcode="alloca(26) " fcode="alloca"/>
<opset="local_A_pong_V/1 "/>
</bind>
</comp>

<comp id="112" class="1004" name="tmp_1246_read_fu_112">
<pin_list>
<pin id="113" dir="0" index="0" bw="256" slack="0"/>
<pin id="114" dir="0" index="1" bw="256" slack="0"/>
<pin id="115" dir="1" index="2" bw="256" slack="0"/>
</pin_list>
<bind>
<opcode="read(1150) " fcode="read"/>
<opset="tmp_1246/3 "/>
</bind>
</comp>

<comp id="118" class="1004" name="grp_write_fu_118">
<pin_list>
<pin id="119" dir="0" index="0" bw="0" slack="0"/>
<pin id="120" dir="0" index="1" bw="256" slack="0"/>
<pin id="121" dir="0" index="2" bw="256" slack="0"/>
<pin id="122" dir="1" index="3" bw="0" slack="2147483647"/>
</pin_list>
<bind>
<opcode="write(1151) " fcode="write"/>
<opset="write_ln174/6 write_ln174/7 write_ln174/8 write_ln174/9 write_ln174/10 write_ln174/11 write_ln174/12 write_ln174/13 write_ln174/14 write_ln174/15 write_ln174/16 write_ln174/17 write_ln174/18 write_ln174/19 write_ln174/20 write_ln174/21 "/>
</bind>
</comp>

<comp id="125" class="1004" name="local_A_pong_V_addr_gep_fu_125">
<pin_list>
<pin id="126" dir="0" index="0" bw="256" slack="2147483647"/>
<pin id="127" dir="0" index="1" bw="1" slack="0"/>
<pin id="128" dir="0" index="2" bw="9" slack="0"/>
<pin id="129" dir="1" index="3" bw="9" slack="0"/>
</pin_list>
<bind>
<opcode="getelementptr(29) " fcode="getelementptr"/>
<opset="local_A_pong_V_addr/3 "/>
</bind>
</comp>

<comp id="131" class="1004" name="grp_access_fu_131">
<pin_list>
<pin id="132" dir="0" index="0" bw="9" slack="0"/>
<pin id="133" dir="0" index="1" bw="256" slack="2147483647"/>
<pin id="134" dir="0" index="2" bw="0" slack="0"/>
<pin id="136" dir="0" index="4" bw="9" slack="0"/>
<pin id="137" dir="0" index="5" bw="256" slack="2147483647"/>
<pin id="138" dir="0" index="6" bw="0" slack="2147483647"/>
<pin id="135" dir="1" index="3" bw="256" slack="2"/>
<pin id="139" dir="1" index="7" bw="256" slack="0"/>
</pin_list>
<bind>
<opcode="load(27) store(28) " fcode="load"/>
<opset="store_ln7091/3 local_A_pong_V_load/5 local_A_pong_V_load_2/5 local_A_pong_V_load_1/6 local_A_pong_V_load_3/6 local_A_pong_V_load_4/7 local_A_pong_V_load_5/7 local_A_pong_V_load_6/8 local_A_pong_V_load_7/8 local_A_pong_V_load_8/9 local_A_pong_V_load_9/9 local_A_pong_V_load_10/10 local_A_pong_V_load_11/10 local_A_pong_V_load_12/11 local_A_pong_V_load_13/11 local_A_pong_V_load_14/12 local_A_pong_V_load_15/12 "/>
</bind>
</comp>

<comp id="142" class="1004" name="local_A_pong_V_addr_1_gep_fu_142">
<pin_list>
<pin id="143" dir="0" index="0" bw="256" slack="2147483647"/>
<pin id="144" dir="0" index="1" bw="1" slack="0"/>
<pin id="145" dir="0" index="2" bw="6" slack="0"/>
<pin id="146" dir="1" index="3" bw="9" slack="0"/>
</pin_list>
<bind>
<opcode="getelementptr(29) " fcode="getelementptr"/>
<opset="local_A_pong_V_addr_1/5 "/>
</bind>
</comp>

<comp id="148" class="1004" name="local_A_pong_V_addr_3_gep_fu_148">
<pin_list>
<pin id="149" dir="0" index="0" bw="256" slack="2147483647"/>
<pin id="150" dir="0" index="1" bw="1" slack="0"/>
<pin id="151" dir="0" index="2" bw="64" slack="0"/>
<pin id="152" dir="1" index="3" bw="9" slack="0"/>
</pin_list>
<bind>
<opcode="getelementptr(29) " fcode="getelementptr"/>
<opset="local_A_pong_V_addr_3/5 "/>
</bind>
</comp>

<comp id="157" class="1004" name="local_A_pong_V_addr_2_gep_fu_157">
<pin_list>
<pin id="158" dir="0" index="0" bw="256" slack="2147483647"/>
<pin id="159" dir="0" index="1" bw="1" slack="0"/>
<pin id="160" dir="0" index="2" bw="7" slack="0"/>
<pin id="161" dir="1" index="3" bw="9" slack="0"/>
</pin_list>
<bind>
<opcode="getelementptr(29) " fcode="getelementptr"/>
<opset="local_A_pong_V_addr_2/6 "/>
</bind>
</comp>

<comp id="163" class="1004" name="local_A_pong_V_addr_4_gep_fu_163">
<pin_list>
<pin id="164" dir="0" index="0" bw="256" slack="2147483647"/>
<pin id="165" dir="0" index="1" bw="1" slack="0"/>
<pin id="166" dir="0" index="2" bw="8" slack="0"/>
<pin id="167" dir="1" index="3" bw="9" slack="0"/>
</pin_list>
<bind>
<opcode="getelementptr(29) " fcode="getelementptr"/>
<opset="local_A_pong_V_addr_4/6 "/>
</bind>
</comp>

<comp id="171" class="1004" name="local_A_pong_V_addr_5_gep_fu_171">
<pin_list>
<pin id="172" dir="0" index="0" bw="256" slack="2147483647"/>
<pin id="173" dir="0" index="1" bw="1" slack="0"/>
<pin id="174" dir="0" index="2" bw="64" slack="0"/>
<pin id="175" dir="1" index="3" bw="9" slack="0"/>
</pin_list>
<bind>
<opcode="getelementptr(29) " fcode="getelementptr"/>
<opset="local_A_pong_V_addr_5/7 "/>
</bind>
</comp>

<comp id="177" class="1004" name="local_A_pong_V_addr_6_gep_fu_177">
<pin_list>
<pin id="178" dir="0" index="0" bw="256" slack="2147483647"/>
<pin id="179" dir="0" index="1" bw="1" slack="0"/>
<pin id="180" dir="0" index="2" bw="8" slack="0"/>
<pin id="181" dir="1" index="3" bw="9" slack="0"/>
</pin_list>
<bind>
<opcode="getelementptr(29) " fcode="getelementptr"/>
<opset="local_A_pong_V_addr_6/7 "/>
</bind>
</comp>

<comp id="185" class="1004" name="local_A_pong_V_addr_7_gep_fu_185">
<pin_list>
<pin id="186" dir="0" index="0" bw="256" slack="2147483647"/>
<pin id="187" dir="0" index="1" bw="1" slack="0"/>
<pin id="188" dir="0" index="2" bw="64" slack="0"/>
<pin id="189" dir="1" index="3" bw="9" slack="0"/>
</pin_list>
<bind>
<opcode="getelementptr(29) " fcode="getelementptr"/>
<opset="local_A_pong_V_addr_7/8 "/>
</bind>
</comp>

<comp id="191" class="1004" name="local_A_pong_V_addr_8_gep_fu_191">
<pin_list>
<pin id="192" dir="0" index="0" bw="256" slack="2147483647"/>
<pin id="193" dir="0" index="1" bw="1" slack="0"/>
<pin id="194" dir="0" index="2" bw="9" slack="0"/>
<pin id="195" dir="1" index="3" bw="9" slack="0"/>
</pin_list>
<bind>
<opcode="getelementptr(29) " fcode="getelementptr"/>
<opset="local_A_pong_V_addr_8/8 "/>
</bind>
</comp>

<comp id="199" class="1004" name="local_A_pong_V_addr_9_gep_fu_199">
<pin_list>
<pin id="200" dir="0" index="0" bw="256" slack="2147483647"/>
<pin id="201" dir="0" index="1" bw="1" slack="0"/>
<pin id="202" dir="0" index="2" bw="64" slack="0"/>
<pin id="203" dir="1" index="3" bw="9" slack="0"/>
</pin_list>
<bind>
<opcode="getelementptr(29) " fcode="getelementptr"/>
<opset="local_A_pong_V_addr_9/9 "/>
</bind>
</comp>

<comp id="205" class="1004" name="local_A_pong_V_addr_10_gep_fu_205">
<pin_list>
<pin id="206" dir="0" index="0" bw="256" slack="2147483647"/>
<pin id="207" dir="0" index="1" bw="1" slack="0"/>
<pin id="208" dir="0" index="2" bw="9" slack="0"/>
<pin id="209" dir="1" index="3" bw="9" slack="0"/>
</pin_list>
<bind>
<opcode="getelementptr(29) " fcode="getelementptr"/>
<opset="local_A_pong_V_addr_10/9 "/>
</bind>
</comp>

<comp id="213" class="1004" name="local_A_pong_V_addr_11_gep_fu_213">
<pin_list>
<pin id="214" dir="0" index="0" bw="256" slack="2147483647"/>
<pin id="215" dir="0" index="1" bw="1" slack="0"/>
<pin id="216" dir="0" index="2" bw="64" slack="0"/>
<pin id="217" dir="1" index="3" bw="9" slack="0"/>
</pin_list>
<bind>
<opcode="getelementptr(29) " fcode="getelementptr"/>
<opset="local_A_pong_V_addr_11/10 "/>
</bind>
</comp>

<comp id="219" class="1004" name="local_A_pong_V_addr_12_gep_fu_219">
<pin_list>
<pin id="220" dir="0" index="0" bw="256" slack="2147483647"/>
<pin id="221" dir="0" index="1" bw="1" slack="0"/>
<pin id="222" dir="0" index="2" bw="9" slack="0"/>
<pin id="223" dir="1" index="3" bw="9" slack="0"/>
</pin_list>
<bind>
<opcode="getelementptr(29) " fcode="getelementptr"/>
<opset="local_A_pong_V_addr_12/10 "/>
</bind>
</comp>

<comp id="227" class="1004" name="local_A_pong_V_addr_13_gep_fu_227">
<pin_list>
<pin id="228" dir="0" index="0" bw="256" slack="2147483647"/>
<pin id="229" dir="0" index="1" bw="1" slack="0"/>
<pin id="230" dir="0" index="2" bw="64" slack="0"/>
<pin id="231" dir="1" index="3" bw="9" slack="0"/>
</pin_list>
<bind>
<opcode="getelementptr(29) " fcode="getelementptr"/>
<opset="local_A_pong_V_addr_13/11 "/>
</bind>
</comp>

<comp id="233" class="1004" name="local_A_pong_V_addr_14_gep_fu_233">
<pin_list>
<pin id="234" dir="0" index="0" bw="256" slack="2147483647"/>
<pin id="235" dir="0" index="1" bw="1" slack="0"/>
<pin id="236" dir="0" index="2" bw="9" slack="0"/>
<pin id="237" dir="1" index="3" bw="9" slack="0"/>
</pin_list>
<bind>
<opcode="getelementptr(29) " fcode="getelementptr"/>
<opset="local_A_pong_V_addr_14/11 "/>
</bind>
</comp>

<comp id="241" class="1004" name="local_A_pong_V_addr_15_gep_fu_241">
<pin_list>
<pin id="242" dir="0" index="0" bw="256" slack="2147483647"/>
<pin id="243" dir="0" index="1" bw="1" slack="0"/>
<pin id="244" dir="0" index="2" bw="64" slack="0"/>
<pin id="245" dir="1" index="3" bw="9" slack="0"/>
</pin_list>
<bind>
<opcode="getelementptr(29) " fcode="getelementptr"/>
<opset="local_A_pong_V_addr_15/12 "/>
</bind>
</comp>

<comp id="247" class="1004" name="local_A_pong_V_addr_16_gep_fu_247">
<pin_list>
<pin id="248" dir="0" index="0" bw="256" slack="2147483647"/>
<pin id="249" dir="0" index="1" bw="1" slack="0"/>
<pin id="250" dir="0" index="2" bw="9" slack="0"/>
<pin id="251" dir="1" index="3" bw="9" slack="0"/>
</pin_list>
<bind>
<opcode="getelementptr(29) " fcode="getelementptr"/>
<opset="local_A_pong_V_addr_16/12 "/>
</bind>
</comp>

<comp id="255" class="1005" name="indvar_flatten_reg_255">
<pin_list>
<pin id="256" dir="0" index="0" bw="10" slack="1"/>
<pin id="257" dir="1" index="1" bw="10" slack="1"/>
</pin_list>
<bind>
<opset="indvar_flatten (phireg) "/>
</bind>
</comp>

<comp id="259" class="1004" name="indvar_flatten_phi_fu_259">
<pin_list>
<pin id="260" dir="0" index="0" bw="1" slack="1"/>
<pin id="261" dir="0" index="1" bw="0" slack="2147483647"/>
<pin id="262" dir="0" index="2" bw="10" slack="0"/>
<pin id="263" dir="0" index="3" bw="0" slack="2147483647"/>
<pin id="264" dir="1" index="4" bw="10" slack="0"/>
</pin_list>
<bind>
<opcode="phi(47) " fcode="phi"/>
<opset="indvar_flatten/2 "/>
</bind>
</comp>

<comp id="266" class="1005" name="c4_V_reg_266">
<pin_list>
<pin id="267" dir="0" index="0" bw="5" slack="1"/>
<pin id="268" dir="1" index="1" bw="5" slack="1"/>
</pin_list>
<bind>
<opset="c4_V (phireg) "/>
</bind>
</comp>

<comp id="270" class="1004" name="c4_V_phi_fu_270">
<pin_list>
<pin id="271" dir="0" index="0" bw="1" slack="1"/>
<pin id="272" dir="0" index="1" bw="0" slack="2147483647"/>
<pin id="273" dir="0" index="2" bw="5" slack="0"/>
<pin id="274" dir="0" index="3" bw="0" slack="2147483647"/>
<pin id="275" dir="1" index="4" bw="5" slack="0"/>
</pin_list>
<bind>
<opcode="phi(47) " fcode="phi"/>
<opset="c4_V/2 "/>
</bind>
</comp>

<comp id="277" class="1005" name="c5_V_5_reg_277">
<pin_list>
<pin id="278" dir="0" index="0" bw="6" slack="1"/>
<pin id="279" dir="1" index="1" bw="6" slack="1"/>
</pin_list>
<bind>
<opset="c5_V_5 (phireg) "/>
</bind>
</comp>

<comp id="281" class="1004" name="c5_V_5_phi_fu_281">
<pin_list>
<pin id="282" dir="0" index="0" bw="1" slack="1"/>
<pin id="283" dir="0" index="1" bw="0" slack="2147483647"/>
<pin id="284" dir="0" index="2" bw="6" slack="0"/>
<pin id="285" dir="0" index="3" bw="0" slack="2147483647"/>
<pin id="286" dir="1" index="4" bw="6" slack="0"/>
</pin_list>
<bind>
<opcode="phi(47) " fcode="phi"/>
<opset="c5_V_5/2 "/>
</bind>
</comp>

<comp id="288" class="1005" name="indvar_flatten28_reg_288">
<pin_list>
<pin id="289" dir="0" index="0" bw="12" slack="1"/>
<pin id="290" dir="1" index="1" bw="12" slack="1"/>
</pin_list>
<bind>
<opset="indvar_flatten28 (phireg) "/>
</bind>
</comp>

<comp id="292" class="1004" name="indvar_flatten28_phi_fu_292">
<pin_list>
<pin id="293" dir="0" index="0" bw="12" slack="0"/>
<pin id="294" dir="0" index="1" bw="0" slack="2147483647"/>
<pin id="295" dir="0" index="2" bw="1" slack="1"/>
<pin id="296" dir="0" index="3" bw="0" slack="2147483647"/>
<pin id="297" dir="1" index="4" bw="12" slack="0"/>
</pin_list>
<bind>
<opcode="phi(47) " fcode="phi"/>
<opset="indvar_flatten28/5 "/>
</bind>
</comp>

<comp id="299" class="1005" name="c5_V_reg_299">
<pin_list>
<pin id="300" dir="0" index="0" bw="6" slack="1"/>
<pin id="301" dir="1" index="1" bw="6" slack="1"/>
</pin_list>
<bind>
<opset="c5_V (phireg) "/>
</bind>
</comp>

<comp id="303" class="1004" name="c5_V_phi_fu_303">
<pin_list>
<pin id="304" dir="0" index="0" bw="6" slack="0"/>
<pin id="305" dir="0" index="1" bw="0" slack="2147483647"/>
<pin id="306" dir="0" index="2" bw="1" slack="1"/>
<pin id="307" dir="0" index="3" bw="0" slack="2147483647"/>
<pin id="308" dir="1" index="4" bw="6" slack="0"/>
</pin_list>
<bind>
<opcode="phi(47) " fcode="phi"/>
<opset="c5_V/5 "/>
</bind>
</comp>

<comp id="310" class="1005" name="c6_V_reg_310">
<pin_list>
<pin id="311" dir="0" index="0" bw="7" slack="1"/>
<pin id="312" dir="1" index="1" bw="7" slack="1"/>
</pin_list>
<bind>
<opset="c6_V (phireg) "/>
</bind>
</comp>

<comp id="314" class="1004" name="c6_V_phi_fu_314">
<pin_list>
<pin id="315" dir="0" index="0" bw="7" slack="0"/>
<pin id="316" dir="0" index="1" bw="0" slack="2147483647"/>
<pin id="317" dir="0" index="2" bw="1" slack="1"/>
<pin id="318" dir="0" index="3" bw="0" slack="2147483647"/>
<pin id="319" dir="1" index="4" bw="7" slack="0"/>
</pin_list>
<bind>
<opcode="phi(47) " fcode="phi"/>
<opset="c6_V/5 "/>
</bind>
</comp>

<comp id="321" class="1005" name="reg_321">
<pin_list>
<pin id="322" dir="0" index="0" bw="256" slack="2"/>
<pin id="323" dir="1" index="1" bw="256" slack="2"/>
</pin_list>
<bind>
<opset="local_A_pong_V_load_2 local_A_pong_V_load_4 local_A_pong_V_load_8 "/>
</bind>
</comp>

<comp id="327" class="1005" name="reg_327">
<pin_list>
<pin id="328" dir="0" index="0" bw="256" slack="2"/>
<pin id="329" dir="1" index="1" bw="256" slack="2"/>
</pin_list>
<bind>
<opset="local_A_pong_V_load_3 local_A_pong_V_load_6 local_A_pong_V_load_12 "/>
</bind>
</comp>

<comp id="333" class="1005" name="reg_333">
<pin_list>
<pin id="334" dir="0" index="0" bw="256" slack="3"/>
<pin id="335" dir="1" index="1" bw="256" slack="3"/>
</pin_list>
<bind>
<opset="local_A_pong_V_load_5 local_A_pong_V_load_10 "/>
</bind>
</comp>

<comp id="339" class="1005" name="reg_339">
<pin_list>
<pin id="340" dir="0" index="0" bw="256" slack="4"/>
<pin id="341" dir="1" index="1" bw="256" slack="4"/>
</pin_list>
<bind>
<opset="local_A_pong_V_load_7 local_A_pong_V_load_14 "/>
</bind>
</comp>

<comp id="345" class="1004" name="add_ln890_fu_345">
<pin_list>
<pin id="346" dir="0" index="0" bw="10" slack="0"/>
<pin id="347" dir="0" index="1" bw="1" slack="0"/>
<pin id="348" dir="1" index="2" bw="10" slack="0"/>
</pin_list>
<bind>
<opcode="add(8) " fcode="add"/>
<opset="add_ln890/2 "/>
</bind>
</comp>

<comp id="351" class="1004" name="icmp_ln890_fu_351">
<pin_list>
<pin id="352" dir="0" index="0" bw="10" slack="0"/>
<pin id="353" dir="0" index="1" bw="10" slack="0"/>
<pin id="354" dir="1" index="2" bw="1" slack="1"/>
</pin_list>
<bind>
<opcode="icmp(45) " fcode="icmp"/>
<opset="icmp_ln890/2 "/>
</bind>
</comp>

<comp id="357" class="1004" name="add_ln691_fu_357">
<pin_list>
<pin id="358" dir="0" index="0" bw="5" slack="0"/>
<pin id="359" dir="0" index="1" bw="1" slack="0"/>
<pin id="360" dir="1" index="2" bw="5" slack="0"/>
</pin_list>
<bind>
<opcode="add(8) " fcode="add"/>
<opset="add_ln691/2 "/>
</bind>
</comp>

<comp id="363" class="1004" name="icmp_ln890130_fu_363">
<pin_list>
<pin id="364" dir="0" index="0" bw="6" slack="0"/>
<pin id="365" dir="0" index="1" bw="6" slack="0"/>
<pin id="366" dir="1" index="2" bw="1" slack="0"/>
</pin_list>
<bind>
<opcode="icmp(45) " fcode="icmp"/>
<opset="icmp_ln890130/2 "/>
</bind>
</comp>

<comp id="369" class="1004" name="select_ln890_fu_369">
<pin_list>
<pin id="370" dir="0" index="0" bw="1" slack="0"/>
<pin id="371" dir="0" index="1" bw="1" slack="0"/>
<pin id="372" dir="0" index="2" bw="6" slack="0"/>
<pin id="373" dir="1" index="3" bw="6" slack="0"/>
</pin_list>
<bind>
<opcode="select(49) " fcode="select"/>
<opset="select_ln890/2 "/>
</bind>
</comp>

<comp id="377" class="1004" name="select_ln890_377_fu_377">
<pin_list>
<pin id="378" dir="0" index="0" bw="1" slack="0"/>
<pin id="379" dir="0" index="1" bw="5" slack="0"/>
<pin id="380" dir="0" index="2" bw="5" slack="0"/>
<pin id="381" dir="1" index="3" bw="5" slack="0"/>
</pin_list>
<bind>
<opcode="select(49) " fcode="select"/>
<opset="select_ln890_377/2 "/>
</bind>
</comp>

<comp id="385" class="1004" name="trunc_ln7091_fu_385">
<pin_list>
<pin id="386" dir="0" index="0" bw="5" slack="0"/>
<pin id="387" dir="1" index="1" bw="4" slack="0"/>
</pin_list>
<bind>
<opcode="trunc(33) " fcode="trunc"/>
<opset="trunc_ln7091/2 "/>
</bind>
</comp>

<comp id="389" class="1004" name="tmp_1480_cast_fu_389">
<pin_list>
<pin id="390" dir="0" index="0" bw="9" slack="0"/>
<pin id="391" dir="0" index="1" bw="4" slack="0"/>
<pin id="392" dir="0" index="2" bw="1" slack="0"/>
<pin id="393" dir="1" index="3" bw="9" slack="0"/>
</pin_list>
<bind>
<opcode="bitconcatenate(1004) " fcode="bitconcatenate"/>
<opset="tmp_1480_cast/2 "/>
</bind>
</comp>

<comp id="397" class="1004" name="zext_ln7091_fu_397">
<pin_list>
<pin id="398" dir="0" index="0" bw="6" slack="0"/>
<pin id="399" dir="1" index="1" bw="9" slack="0"/>
</pin_list>
<bind>
<opcode="zext(34) " fcode="zext"/>
<opset="zext_ln7091/2 "/>
</bind>
</comp>

<comp id="401" class="1004" name="add_ln7091_fu_401">
<pin_list>
<pin id="402" dir="0" index="0" bw="9" slack="0"/>
<pin id="403" dir="0" index="1" bw="6" slack="0"/>
<pin id="404" dir="1" index="2" bw="9" slack="1"/>
</pin_list>
<bind>
<opcode="add(8) " fcode="add"/>
<opset="add_ln7091/2 "/>
</bind>
</comp>

<comp id="407" class="1004" name="add_ln691_415_fu_407">
<pin_list>
<pin id="408" dir="0" index="0" bw="6" slack="0"/>
<pin id="409" dir="0" index="1" bw="1" slack="0"/>
<pin id="410" dir="1" index="2" bw="6" slack="0"/>
</pin_list>
<bind>
<opcode="add(8) " fcode="add"/>
<opset="add_ln691_415/2 "/>
</bind>
</comp>

<comp id="413" class="1004" name="zext_ln7091_1_fu_413">
<pin_list>
<pin id="414" dir="0" index="0" bw="9" slack="1"/>
<pin id="415" dir="1" index="1" bw="64" slack="0"/>
</pin_list>
<bind>
<opcode="zext(34) " fcode="zext"/>
<opset="zext_ln7091_1/3 "/>
</bind>
</comp>

<comp id="417" class="1004" name="add_ln890_157_fu_417">
<pin_list>
<pin id="418" dir="0" index="0" bw="12" slack="0"/>
<pin id="419" dir="0" index="1" bw="1" slack="0"/>
<pin id="420" dir="1" index="2" bw="12" slack="0"/>
</pin_list>
<bind>
<opcode="add(8) " fcode="add"/>
<opset="add_ln890_157/5 "/>
</bind>
</comp>

<comp id="423" class="1004" name="icmp_ln890_306_fu_423">
<pin_list>
<pin id="424" dir="0" index="0" bw="12" slack="0"/>
<pin id="425" dir="0" index="1" bw="12" slack="0"/>
<pin id="426" dir="1" index="2" bw="1" slack="1"/>
</pin_list>
<bind>
<opcode="icmp(45) " fcode="icmp"/>
<opset="icmp_ln890_306/5 "/>
</bind>
</comp>

<comp id="429" class="1004" name="add_ln691_416_fu_429">
<pin_list>
<pin id="430" dir="0" index="0" bw="6" slack="0"/>
<pin id="431" dir="0" index="1" bw="1" slack="0"/>
<pin id="432" dir="1" index="2" bw="6" slack="0"/>
</pin_list>
<bind>
<opcode="add(8) " fcode="add"/>
<opset="add_ln691_416/5 "/>
</bind>
</comp>

<comp id="435" class="1004" name="icmp_ln890_307_fu_435">
<pin_list>
<pin id="436" dir="0" index="0" bw="7" slack="0"/>
<pin id="437" dir="0" index="1" bw="7" slack="0"/>
<pin id="438" dir="1" index="2" bw="1" slack="0"/>
</pin_list>
<bind>
<opcode="icmp(45) " fcode="icmp"/>
<opset="icmp_ln890_307/5 "/>
</bind>
</comp>

<comp id="441" class="1004" name="select_ln890_378_fu_441">
<pin_list>
<pin id="442" dir="0" index="0" bw="1" slack="0"/>
<pin id="443" dir="0" index="1" bw="6" slack="0"/>
<pin id="444" dir="0" index="2" bw="6" slack="0"/>
<pin id="445" dir="1" index="3" bw="6" slack="0"/>
</pin_list>
<bind>
<opcode="select(49) " fcode="select"/>
<opset="select_ln890_378/5 "/>
</bind>
</comp>

<comp id="449" class="1004" name="zext_ln890_fu_449">
<pin_list>
<pin id="450" dir="0" index="0" bw="6" slack="0"/>
<pin id="451" dir="1" index="1" bw="64" slack="0"/>
</pin_list>
<bind>
<opcode="zext(34) " fcode="zext"/>
<opset="zext_ln890/5 "/>
</bind>
</comp>

<comp id="454" class="1004" name="tmp_fu_454">
<pin_list>
<pin id="455" dir="0" index="0" bw="64" slack="0"/>
<pin id="456" dir="0" index="1" bw="1" slack="0"/>
<pin id="457" dir="0" index="2" bw="6" slack="0"/>
<pin id="458" dir="1" index="3" bw="64" slack="0"/>
</pin_list>
<bind>
<opcode="bitconcatenate(1004) " fcode="bitconcatenate"/>
<opset="tmp/5 "/>
</bind>
</comp>

<comp id="463" class="1004" name="add_ln691_417_fu_463">
<pin_list>
<pin id="464" dir="0" index="0" bw="7" slack="0"/>
<pin id="465" dir="0" index="1" bw="1" slack="0"/>
<pin id="466" dir="1" index="2" bw="7" slack="0"/>
</pin_list>
<bind>
<opcode="add(8) " fcode="add"/>
<opset="add_ln691_417/5 "/>
</bind>
</comp>

<comp id="469" class="1004" name="select_ln691_fu_469">
<pin_list>
<pin id="470" dir="0" index="0" bw="1" slack="0"/>
<pin id="471" dir="0" index="1" bw="1" slack="0"/>
<pin id="472" dir="0" index="2" bw="7" slack="0"/>
<pin id="473" dir="1" index="3" bw="7" slack="0"/>
</pin_list>
<bind>
<opcode="select(49) " fcode="select"/>
<opset="select_ln691/5 "/>
</bind>
</comp>

<comp id="477" class="1004" name="zext_ln7102_1_fu_477">
<pin_list>
<pin id="478" dir="0" index="0" bw="6" slack="1"/>
<pin id="479" dir="1" index="1" bw="8" slack="0"/>
</pin_list>
<bind>
<opcode="zext(34) " fcode="zext"/>
<opset="zext_ln7102_1/6 "/>
</bind>
</comp>

<comp id="480" class="1004" name="zext_ln7102_2_fu_480">
<pin_list>
<pin id="481" dir="0" index="0" bw="6" slack="1"/>
<pin id="482" dir="1" index="1" bw="7" slack="0"/>
</pin_list>
<bind>
<opcode="zext(34) " fcode="zext"/>
<opset="zext_ln7102_2/6 "/>
</bind>
</comp>

<comp id="483" class="1004" name="add_ln7102_fu_483">
<pin_list>
<pin id="484" dir="0" index="0" bw="6" slack="0"/>
<pin id="485" dir="0" index="1" bw="7" slack="0"/>
<pin id="486" dir="1" index="2" bw="7" slack="0"/>
</pin_list>
<bind>
<opcode="add(8) " fcode="add"/>
<opset="add_ln7102/6 "/>
</bind>
</comp>

<comp id="489" class="1004" name="zext_ln7102_3_fu_489">
<pin_list>
<pin id="490" dir="0" index="0" bw="7" slack="0"/>
<pin id="491" dir="1" index="1" bw="64" slack="0"/>
</pin_list>
<bind>
<opcode="zext(34) " fcode="zext"/>
<opset="zext_ln7102_3/6 "/>
</bind>
</comp>

<comp id="494" class="1004" name="add_ln7102_1_fu_494">
<pin_list>
<pin id="495" dir="0" index="0" bw="6" slack="0"/>
<pin id="496" dir="0" index="1" bw="8" slack="0"/>
<pin id="497" dir="1" index="2" bw="8" slack="0"/>
</pin_list>
<bind>
<opcode="add(8) " fcode="add"/>
<opset="add_ln7102_1/6 "/>
</bind>
</comp>

<comp id="500" class="1004" name="zext_ln7102_4_fu_500">
<pin_list>
<pin id="501" dir="0" index="0" bw="8" slack="0"/>
<pin id="502" dir="1" index="1" bw="64" slack="0"/>
</pin_list>
<bind>
<opcode="zext(34) " fcode="zext"/>
<opset="zext_ln7102_4/6 "/>
</bind>
</comp>

<comp id="505" class="1004" name="tmp_s_fu_505">
<pin_list>
<pin id="506" dir="0" index="0" bw="64" slack="0"/>
<pin id="507" dir="0" index="1" bw="3" slack="0"/>
<pin id="508" dir="0" index="2" bw="6" slack="2"/>
<pin id="509" dir="1" index="3" bw="64" slack="0"/>
</pin_list>
<bind>
<opcode="bitconcatenate(1004) " fcode="bitconcatenate"/>
<opset="tmp_s/7 "/>
</bind>
</comp>

<comp id="513" class="1004" name="add_ln7102_2_fu_513">
<pin_list>
<pin id="514" dir="0" index="0" bw="6" slack="1"/>
<pin id="515" dir="0" index="1" bw="8" slack="0"/>
<pin id="516" dir="1" index="2" bw="8" slack="0"/>
</pin_list>
<bind>
<opcode="add(8) " fcode="add"/>
<opset="add_ln7102_2/7 "/>
</bind>
</comp>

<comp id="518" class="1004" name="zext_ln7102_5_fu_518">
<pin_list>
<pin id="519" dir="0" index="0" bw="8" slack="0"/>
<pin id="520" dir="1" index="1" bw="64" slack="0"/>
</pin_list>
<bind>
<opcode="zext(34) " fcode="zext"/>
<opset="zext_ln7102_5/7 "/>
</bind>
</comp>

<comp id="523" class="1004" name="zext_ln7102_fu_523">
<pin_list>
<pin id="524" dir="0" index="0" bw="6" slack="3"/>
<pin id="525" dir="1" index="1" bw="9" slack="0"/>
</pin_list>
<bind>
<opcode="zext(34) " fcode="zext"/>
<opset="zext_ln7102/8 "/>
</bind>
</comp>

<comp id="526" class="1004" name="tmp_1241_fu_526">
<pin_list>
<pin id="527" dir="0" index="0" bw="64" slack="0"/>
<pin id="528" dir="0" index="1" bw="3" slack="0"/>
<pin id="529" dir="0" index="2" bw="6" slack="3"/>
<pin id="530" dir="1" index="3" bw="64" slack="0"/>
</pin_list>
<bind>
<opcode="bitconcatenate(1004) " fcode="bitconcatenate"/>
<opset="tmp_1241/8 "/>
</bind>
</comp>

<comp id="534" class="1004" name="add_ln7102_3_fu_534">
<pin_list>
<pin id="535" dir="0" index="0" bw="6" slack="0"/>
<pin id="536" dir="0" index="1" bw="9" slack="0"/>
<pin id="537" dir="1" index="2" bw="9" slack="0"/>
</pin_list>
<bind>
<opcode="add(8) " fcode="add"/>
<opset="add_ln7102_3/8 "/>
</bind>
</comp>

<comp id="540" class="1004" name="zext_ln7102_6_fu_540">
<pin_list>
<pin id="541" dir="0" index="0" bw="9" slack="0"/>
<pin id="542" dir="1" index="1" bw="64" slack="0"/>
</pin_list>
<bind>
<opcode="zext(34) " fcode="zext"/>
<opset="zext_ln7102_6/8 "/>
</bind>
</comp>

<comp id="545" class="1004" name="tmp_1242_fu_545">
<pin_list>
<pin id="546" dir="0" index="0" bw="64" slack="0"/>
<pin id="547" dir="0" index="1" bw="4" slack="0"/>
<pin id="548" dir="0" index="2" bw="6" slack="4"/>
<pin id="549" dir="1" index="3" bw="64" slack="0"/>
</pin_list>
<bind>
<opcode="bitconcatenate(1004) " fcode="bitconcatenate"/>
<opset="tmp_1242/9 "/>
</bind>
</comp>

<comp id="553" class="1004" name="add_ln7102_4_fu_553">
<pin_list>
<pin id="554" dir="0" index="0" bw="6" slack="1"/>
<pin id="555" dir="0" index="1" bw="9" slack="0"/>
<pin id="556" dir="1" index="2" bw="9" slack="0"/>
</pin_list>
<bind>
<opcode="add(8) " fcode="add"/>
<opset="add_ln7102_4/9 "/>
</bind>
</comp>

<comp id="558" class="1004" name="zext_ln7102_7_fu_558">
<pin_list>
<pin id="559" dir="0" index="0" bw="9" slack="0"/>
<pin id="560" dir="1" index="1" bw="64" slack="0"/>
</pin_list>
<bind>
<opcode="zext(34) " fcode="zext"/>
<opset="zext_ln7102_7/9 "/>
</bind>
</comp>

<comp id="563" class="1004" name="tmp_1243_fu_563">
<pin_list>
<pin id="564" dir="0" index="0" bw="64" slack="0"/>
<pin id="565" dir="0" index="1" bw="4" slack="0"/>
<pin id="566" dir="0" index="2" bw="6" slack="5"/>
<pin id="567" dir="1" index="3" bw="64" slack="0"/>
</pin_list>
<bind>
<opcode="bitconcatenate(1004) " fcode="bitconcatenate"/>
<opset="tmp_1243/10 "/>
</bind>
</comp>

<comp id="571" class="1004" name="add_ln7102_5_fu_571">
<pin_list>
<pin id="572" dir="0" index="0" bw="6" slack="2"/>
<pin id="573" dir="0" index="1" bw="9" slack="0"/>
<pin id="574" dir="1" index="2" bw="9" slack="0"/>
</pin_list>
<bind>
<opcode="add(8) " fcode="add"/>
<opset="add_ln7102_5/10 "/>
</bind>
</comp>

<comp id="576" class="1004" name="zext_ln7102_8_fu_576">
<pin_list>
<pin id="577" dir="0" index="0" bw="9" slack="0"/>
<pin id="578" dir="1" index="1" bw="64" slack="0"/>
</pin_list>
<bind>
<opcode="zext(34) " fcode="zext"/>
<opset="zext_ln7102_8/10 "/>
</bind>
</comp>

<comp id="581" class="1004" name="tmp_1244_fu_581">
<pin_list>
<pin id="582" dir="0" index="0" bw="64" slack="0"/>
<pin id="583" dir="0" index="1" bw="4" slack="0"/>
<pin id="584" dir="0" index="2" bw="6" slack="6"/>
<pin id="585" dir="1" index="3" bw="64" slack="0"/>
</pin_list>
<bind>
<opcode="bitconcatenate(1004) " fcode="bitconcatenate"/>
<opset="tmp_1244/11 "/>
</bind>
</comp>

<comp id="589" class="1004" name="sext_ln7102_fu_589">
<pin_list>
<pin id="590" dir="0" index="0" bw="8" slack="4"/>
<pin id="591" dir="1" index="1" bw="9" slack="0"/>
</pin_list>
<bind>
<opcode="sext(35) " fcode="sext"/>
<opset="sext_ln7102/11 "/>
</bind>
</comp>

<comp id="592" class="1004" name="zext_ln7102_9_fu_592">
<pin_list>
<pin id="593" dir="0" index="0" bw="8" slack="0"/>
<pin id="594" dir="1" index="1" bw="64" slack="0"/>
</pin_list>
<bind>
<opcode="zext(34) " fcode="zext"/>
<opset="zext_ln7102_9/11 "/>
</bind>
</comp>

<comp id="597" class="1004" name="tmp_1245_fu_597">
<pin_list>
<pin id="598" dir="0" index="0" bw="64" slack="0"/>
<pin id="599" dir="0" index="1" bw="4" slack="0"/>
<pin id="600" dir="0" index="2" bw="6" slack="7"/>
<pin id="601" dir="1" index="3" bw="64" slack="0"/>
</pin_list>
<bind>
<opcode="bitconcatenate(1004) " fcode="bitconcatenate"/>
<opset="tmp_1245/12 "/>
</bind>
</comp>

<comp id="605" class="1004" name="xor_ln7102_fu_605">
<pin_list>
<pin id="606" dir="0" index="0" bw="6" slack="7"/>
<pin id="607" dir="0" index="1" bw="6" slack="0"/>
<pin id="608" dir="1" index="2" bw="6" slack="0"/>
</pin_list>
<bind>
<opcode="xor(25) " fcode="xor"/>
<opset="xor_ln7102/12 "/>
</bind>
</comp>

<comp id="610" class="1004" name="sext_ln7102_1_fu_610">
<pin_list>
<pin id="611" dir="0" index="0" bw="6" slack="0"/>
<pin id="612" dir="1" index="1" bw="9" slack="0"/>
</pin_list>
<bind>
<opcode="sext(35) " fcode="sext"/>
<opset="sext_ln7102_1/12 "/>
</bind>
</comp>

<comp id="614" class="1004" name="zext_ln7102_10_fu_614">
<pin_list>
<pin id="615" dir="0" index="0" bw="6" slack="0"/>
<pin id="616" dir="1" index="1" bw="64" slack="0"/>
</pin_list>
<bind>
<opcode="zext(34) " fcode="zext"/>
<opset="zext_ln7102_10/12 "/>
</bind>
</comp>

<comp id="619" class="1005" name="add_ln890_reg_619">
<pin_list>
<pin id="620" dir="0" index="0" bw="10" slack="0"/>
<pin id="621" dir="1" index="1" bw="10" slack="0"/>
</pin_list>
<bind>
<opset="add_ln890 "/>
</bind>
</comp>

<comp id="624" class="1005" name="icmp_ln890_reg_624">
<pin_list>
<pin id="625" dir="0" index="0" bw="1" slack="1"/>
<pin id="626" dir="1" index="1" bw="1" slack="2147483647"/>
</pin_list>
<bind>
<opset="icmp_ln890 "/>
</bind>
</comp>

<comp id="628" class="1005" name="select_ln890_377_reg_628">
<pin_list>
<pin id="629" dir="0" index="0" bw="5" slack="0"/>
<pin id="630" dir="1" index="1" bw="5" slack="0"/>
</pin_list>
<bind>
<opset="select_ln890_377 "/>
</bind>
</comp>

<comp id="633" class="1005" name="add_ln7091_reg_633">
<pin_list>
<pin id="634" dir="0" index="0" bw="9" slack="1"/>
<pin id="635" dir="1" index="1" bw="9" slack="1"/>
</pin_list>
<bind>
<opset="add_ln7091 "/>
</bind>
</comp>

<comp id="638" class="1005" name="add_ln691_415_reg_638">
<pin_list>
<pin id="639" dir="0" index="0" bw="6" slack="0"/>
<pin id="640" dir="1" index="1" bw="6" slack="0"/>
</pin_list>
<bind>
<opset="add_ln691_415 "/>
</bind>
</comp>

<comp id="643" class="1005" name="add_ln890_157_reg_643">
<pin_list>
<pin id="644" dir="0" index="0" bw="12" slack="0"/>
<pin id="645" dir="1" index="1" bw="12" slack="0"/>
</pin_list>
<bind>
<opset="add_ln890_157 "/>
</bind>
</comp>

<comp id="648" class="1005" name="icmp_ln890_306_reg_648">
<pin_list>
<pin id="649" dir="0" index="0" bw="1" slack="1"/>
<pin id="650" dir="1" index="1" bw="1" slack="2147483647"/>
</pin_list>
<bind>
<opset="icmp_ln890_306 "/>
</bind>
</comp>

<comp id="652" class="1005" name="select_ln890_378_reg_652">
<pin_list>
<pin id="653" dir="0" index="0" bw="6" slack="0"/>
<pin id="654" dir="1" index="1" bw="6" slack="0"/>
</pin_list>
<bind>
<opset="select_ln890_378 "/>
</bind>
</comp>

<comp id="667" class="1005" name="local_A_pong_V_addr_1_reg_667">
<pin_list>
<pin id="668" dir="0" index="0" bw="9" slack="1"/>
<pin id="669" dir="1" index="1" bw="9" slack="1"/>
</pin_list>
<bind>
<opset="local_A_pong_V_addr_1 "/>
</bind>
</comp>

<comp id="672" class="1005" name="local_A_pong_V_addr_3_reg_672">
<pin_list>
<pin id="673" dir="0" index="0" bw="9" slack="1"/>
<pin id="674" dir="1" index="1" bw="9" slack="1"/>
</pin_list>
<bind>
<opset="local_A_pong_V_addr_3 "/>
</bind>
</comp>

<comp id="677" class="1005" name="select_ln691_reg_677">
<pin_list>
<pin id="678" dir="0" index="0" bw="7" slack="0"/>
<pin id="679" dir="1" index="1" bw="7" slack="0"/>
</pin_list>
<bind>
<opset="select_ln691 "/>
</bind>
</comp>

<comp id="682" class="1005" name="zext_ln7102_1_reg_682">
<pin_list>
<pin id="683" dir="0" index="0" bw="8" slack="1"/>
<pin id="684" dir="1" index="1" bw="8" slack="1"/>
</pin_list>
<bind>
<opset="zext_ln7102_1 "/>
</bind>
</comp>

<comp id="687" class="1005" name="local_A_pong_V_addr_2_reg_687">
<pin_list>
<pin id="688" dir="0" index="0" bw="9" slack="1"/>
<pin id="689" dir="1" index="1" bw="9" slack="1"/>
</pin_list>
<bind>
<opset="local_A_pong_V_addr_2 "/>
</bind>
</comp>

<comp id="692" class="1005" name="local_A_pong_V_addr_4_reg_692">
<pin_list>
<pin id="693" dir="0" index="0" bw="9" slack="1"/>
<pin id="694" dir="1" index="1" bw="9" slack="1"/>
</pin_list>
<bind>
<opset="local_A_pong_V_addr_4 "/>
</bind>
</comp>

<comp id="697" class="1005" name="local_A_pong_V_addr_5_reg_697">
<pin_list>
<pin id="698" dir="0" index="0" bw="9" slack="1"/>
<pin id="699" dir="1" index="1" bw="9" slack="1"/>
</pin_list>
<bind>
<opset="local_A_pong_V_addr_5 "/>
</bind>
</comp>

<comp id="702" class="1005" name="add_ln7102_2_reg_702">
<pin_list>
<pin id="703" dir="0" index="0" bw="8" slack="4"/>
<pin id="704" dir="1" index="1" bw="8" slack="4"/>
</pin_list>
<bind>
<opset="add_ln7102_2 "/>
</bind>
</comp>

<comp id="707" class="1005" name="local_A_pong_V_addr_6_reg_707">
<pin_list>
<pin id="708" dir="0" index="0" bw="9" slack="1"/>
<pin id="709" dir="1" index="1" bw="9" slack="1"/>
</pin_list>
<bind>
<opset="local_A_pong_V_addr_6 "/>
</bind>
</comp>

<comp id="712" class="1005" name="zext_ln7102_reg_712">
<pin_list>
<pin id="713" dir="0" index="0" bw="9" slack="1"/>
<pin id="714" dir="1" index="1" bw="9" slack="1"/>
</pin_list>
<bind>
<opset="zext_ln7102 "/>
</bind>
</comp>

<comp id="718" class="1005" name="local_A_pong_V_addr_7_reg_718">
<pin_list>
<pin id="719" dir="0" index="0" bw="9" slack="1"/>
<pin id="720" dir="1" index="1" bw="9" slack="1"/>
</pin_list>
<bind>
<opset="local_A_pong_V_addr_7 "/>
</bind>
</comp>

<comp id="723" class="1005" name="local_A_pong_V_addr_8_reg_723">
<pin_list>
<pin id="724" dir="0" index="0" bw="9" slack="1"/>
<pin id="725" dir="1" index="1" bw="9" slack="1"/>
</pin_list>
<bind>
<opset="local_A_pong_V_addr_8 "/>
</bind>
</comp>

<comp id="728" class="1005" name="local_A_pong_V_addr_9_reg_728">
<pin_list>
<pin id="729" dir="0" index="0" bw="9" slack="1"/>
<pin id="730" dir="1" index="1" bw="9" slack="1"/>
</pin_list>
<bind>
<opset="local_A_pong_V_addr_9 "/>
</bind>
</comp>

<comp id="733" class="1005" name="local_A_pong_V_addr_10_reg_733">
<pin_list>
<pin id="734" dir="0" index="0" bw="9" slack="1"/>
<pin id="735" dir="1" index="1" bw="9" slack="1"/>
</pin_list>
<bind>
<opset="local_A_pong_V_addr_10 "/>
</bind>
</comp>

<comp id="738" class="1005" name="local_A_pong_V_addr_11_reg_738">
<pin_list>
<pin id="739" dir="0" index="0" bw="9" slack="1"/>
<pin id="740" dir="1" index="1" bw="9" slack="1"/>
</pin_list>
<bind>
<opset="local_A_pong_V_addr_11 "/>
</bind>
</comp>

<comp id="743" class="1005" name="local_A_pong_V_addr_12_reg_743">
<pin_list>
<pin id="744" dir="0" index="0" bw="9" slack="1"/>
<pin id="745" dir="1" index="1" bw="9" slack="1"/>
</pin_list>
<bind>
<opset="local_A_pong_V_addr_12 "/>
</bind>
</comp>

<comp id="748" class="1005" name="local_A_pong_V_load_9_reg_748">
<pin_list>
<pin id="749" dir="0" index="0" bw="256" slack="5"/>
<pin id="750" dir="1" index="1" bw="256" slack="5"/>
</pin_list>
<bind>
<opset="local_A_pong_V_load_9 "/>
</bind>
</comp>

<comp id="753" class="1005" name="local_A_pong_V_addr_13_reg_753">
<pin_list>
<pin id="754" dir="0" index="0" bw="9" slack="1"/>
<pin id="755" dir="1" index="1" bw="9" slack="1"/>
</pin_list>
<bind>
<opset="local_A_pong_V_addr_13 "/>
</bind>
</comp>

<comp id="758" class="1005" name="local_A_pong_V_addr_14_reg_758">
<pin_list>
<pin id="759" dir="0" index="0" bw="9" slack="1"/>
<pin id="760" dir="1" index="1" bw="9" slack="1"/>
</pin_list>
<bind>
<opset="local_A_pong_V_addr_14 "/>
</bind>
</comp>

<comp id="763" class="1005" name="local_A_pong_V_load_11_reg_763">
<pin_list>
<pin id="764" dir="0" index="0" bw="256" slack="6"/>
<pin id="765" dir="1" index="1" bw="256" slack="6"/>
</pin_list>
<bind>
<opset="local_A_pong_V_load_11 "/>
</bind>
</comp>

<comp id="768" class="1005" name="local_A_pong_V_addr_15_reg_768">
<pin_list>
<pin id="769" dir="0" index="0" bw="9" slack="1"/>
<pin id="770" dir="1" index="1" bw="9" slack="1"/>
</pin_list>
<bind>
<opset="local_A_pong_V_addr_15 "/>
</bind>
</comp>

<comp id="773" class="1005" name="local_A_pong_V_addr_16_reg_773">
<pin_list>
<pin id="774" dir="0" index="0" bw="9" slack="1"/>
<pin id="775" dir="1" index="1" bw="9" slack="1"/>
</pin_list>
<bind>
<opset="local_A_pong_V_addr_16 "/>
</bind>
</comp>

<comp id="778" class="1005" name="local_A_pong_V_load_13_reg_778">
<pin_list>
<pin id="779" dir="0" index="0" bw="256" slack="7"/>
<pin id="780" dir="1" index="1" bw="256" slack="7"/>
</pin_list>
<bind>
<opset="local_A_pong_V_load_13 "/>
</bind>
</comp>

<comp id="783" class="1005" name="local_A_pong_V_load_15_reg_783">
<pin_list>
<pin id="784" dir="0" index="0" bw="256" slack="8"/>
<pin id="785" dir="1" index="1" bw="256" slack="8"/>
</pin_list>
<bind>
<opset="local_A_pong_V_load_15 "/>
</bind>
</comp>

</comp_list>

<net_list>
<net id="111"><net_src comp="12" pin="0"/><net_sink comp="108" pin=0"/></net>

<net id="116"><net_src comp="56" pin="0"/><net_sink comp="112" pin=0"/></net>

<net id="117"><net_src comp="0" pin="0"/><net_sink comp="112" pin=1"/></net>

<net id="123"><net_src comp="78" pin="0"/><net_sink comp="118" pin=0"/></net>

<net id="124"><net_src comp="2" pin="0"/><net_sink comp="118" pin=1"/></net>

<net id="130"><net_src comp="48" pin="0"/><net_sink comp="125" pin=1"/></net>

<net id="140"><net_src comp="112" pin="2"/><net_sink comp="131" pin=4"/></net>

<net id="141"><net_src comp="125" pin="3"/><net_sink comp="131" pin=2"/></net>

<net id="147"><net_src comp="48" pin="0"/><net_sink comp="142" pin=1"/></net>

<net id="153"><net_src comp="48" pin="0"/><net_sink comp="148" pin=1"/></net>

<net id="154"><net_src comp="131" pin="7"/><net_sink comp="118" pin=2"/></net>

<net id="155"><net_src comp="142" pin="3"/><net_sink comp="131" pin=2"/></net>

<net id="156"><net_src comp="148" pin="3"/><net_sink comp="131" pin=0"/></net>

<net id="162"><net_src comp="48" pin="0"/><net_sink comp="157" pin=1"/></net>

<net id="168"><net_src comp="48" pin="0"/><net_sink comp="163" pin=1"/></net>

<net id="169"><net_src comp="157" pin="3"/><net_sink comp="131" pin=2"/></net>

<net id="170"><net_src comp="163" pin="3"/><net_sink comp="131" pin=0"/></net>

<net id="176"><net_src comp="48" pin="0"/><net_sink comp="171" pin=1"/></net>

<net id="182"><net_src comp="48" pin="0"/><net_sink comp="177" pin=1"/></net>

<net id="183"><net_src comp="171" pin="3"/><net_sink comp="131" pin=2"/></net>

<net id="184"><net_src comp="177" pin="3"/><net_sink comp="131" pin=0"/></net>

<net id="190"><net_src comp="48" pin="0"/><net_sink comp="185" pin=1"/></net>

<net id="196"><net_src comp="48" pin="0"/><net_sink comp="191" pin=1"/></net>

<net id="197"><net_src comp="185" pin="3"/><net_sink comp="131" pin=2"/></net>

<net id="198"><net_src comp="191" pin="3"/><net_sink comp="131" pin=0"/></net>

<net id="204"><net_src comp="48" pin="0"/><net_sink comp="199" pin=1"/></net>

<net id="210"><net_src comp="48" pin="0"/><net_sink comp="205" pin=1"/></net>

<net id="211"><net_src comp="199" pin="3"/><net_sink comp="131" pin=2"/></net>

<net id="212"><net_src comp="205" pin="3"/><net_sink comp="131" pin=0"/></net>

<net id="218"><net_src comp="48" pin="0"/><net_sink comp="213" pin=1"/></net>

<net id="224"><net_src comp="48" pin="0"/><net_sink comp="219" pin=1"/></net>

<net id="225"><net_src comp="213" pin="3"/><net_sink comp="131" pin=2"/></net>

<net id="226"><net_src comp="219" pin="3"/><net_sink comp="131" pin=0"/></net>

<net id="232"><net_src comp="48" pin="0"/><net_sink comp="227" pin=1"/></net>

<net id="238"><net_src comp="48" pin="0"/><net_sink comp="233" pin=1"/></net>

<net id="239"><net_src comp="227" pin="3"/><net_sink comp="131" pin=2"/></net>

<net id="240"><net_src comp="233" pin="3"/><net_sink comp="131" pin=0"/></net>

<net id="246"><net_src comp="48" pin="0"/><net_sink comp="241" pin=1"/></net>

<net id="252"><net_src comp="48" pin="0"/><net_sink comp="247" pin=1"/></net>

<net id="253"><net_src comp="241" pin="3"/><net_sink comp="131" pin=2"/></net>

<net id="254"><net_src comp="247" pin="3"/><net_sink comp="131" pin=0"/></net>

<net id="258"><net_src comp="22" pin="0"/><net_sink comp="255" pin=0"/></net>

<net id="265"><net_src comp="255" pin="1"/><net_sink comp="259" pin=0"/></net>

<net id="269"><net_src comp="24" pin="0"/><net_sink comp="266" pin=0"/></net>

<net id="276"><net_src comp="266" pin="1"/><net_sink comp="270" pin=0"/></net>

<net id="280"><net_src comp="26" pin="0"/><net_sink comp="277" pin=0"/></net>

<net id="287"><net_src comp="277" pin="1"/><net_sink comp="281" pin=0"/></net>

<net id="291"><net_src comp="58" pin="0"/><net_sink comp="288" pin=0"/></net>

<net id="298"><net_src comp="288" pin="1"/><net_sink comp="292" pin=2"/></net>

<net id="302"><net_src comp="26" pin="0"/><net_sink comp="299" pin=0"/></net>

<net id="309"><net_src comp="299" pin="1"/><net_sink comp="303" pin=2"/></net>

<net id="313"><net_src comp="60" pin="0"/><net_sink comp="310" pin=0"/></net>

<net id="320"><net_src comp="310" pin="1"/><net_sink comp="314" pin=2"/></net>

<net id="324"><net_src comp="131" pin="3"/><net_sink comp="321" pin=0"/></net>

<net id="325"><net_src comp="321" pin="1"/><net_sink comp="118" pin=2"/></net>

<net id="326"><net_src comp="131" pin="7"/><net_sink comp="321" pin=0"/></net>

<net id="330"><net_src comp="131" pin="3"/><net_sink comp="327" pin=0"/></net>

<net id="331"><net_src comp="327" pin="1"/><net_sink comp="118" pin=2"/></net>

<net id="332"><net_src comp="131" pin="7"/><net_sink comp="327" pin=0"/></net>

<net id="336"><net_src comp="131" pin="3"/><net_sink comp="333" pin=0"/></net>

<net id="337"><net_src comp="333" pin="1"/><net_sink comp="118" pin=2"/></net>

<net id="338"><net_src comp="131" pin="7"/><net_sink comp="333" pin=0"/></net>

<net id="342"><net_src comp="131" pin="3"/><net_sink comp="339" pin=0"/></net>

<net id="343"><net_src comp="339" pin="1"/><net_sink comp="118" pin=2"/></net>

<net id="344"><net_src comp="131" pin="7"/><net_sink comp="339" pin=0"/></net>

<net id="349"><net_src comp="259" pin="4"/><net_sink comp="345" pin=0"/></net>

<net id="350"><net_src comp="28" pin="0"/><net_sink comp="345" pin=1"/></net>

<net id="355"><net_src comp="259" pin="4"/><net_sink comp="351" pin=0"/></net>

<net id="356"><net_src comp="30" pin="0"/><net_sink comp="351" pin=1"/></net>

<net id="361"><net_src comp="270" pin="4"/><net_sink comp="357" pin=0"/></net>

<net id="362"><net_src comp="32" pin="0"/><net_sink comp="357" pin=1"/></net>

<net id="367"><net_src comp="281" pin="4"/><net_sink comp="363" pin=0"/></net>

<net id="368"><net_src comp="34" pin="0"/><net_sink comp="363" pin=1"/></net>

<net id="374"><net_src comp="363" pin="2"/><net_sink comp="369" pin=0"/></net>

<net id="375"><net_src comp="26" pin="0"/><net_sink comp="369" pin=1"/></net>

<net id="376"><net_src comp="281" pin="4"/><net_sink comp="369" pin=2"/></net>

<net id="382"><net_src comp="363" pin="2"/><net_sink comp="377" pin=0"/></net>

<net id="383"><net_src comp="357" pin="2"/><net_sink comp="377" pin=1"/></net>

<net id="384"><net_src comp="270" pin="4"/><net_sink comp="377" pin=2"/></net>

<net id="388"><net_src comp="377" pin="3"/><net_sink comp="385" pin=0"/></net>

<net id="394"><net_src comp="36" pin="0"/><net_sink comp="389" pin=0"/></net>

<net id="395"><net_src comp="385" pin="1"/><net_sink comp="389" pin=1"/></net>

<net id="396"><net_src comp="24" pin="0"/><net_sink comp="389" pin=2"/></net>

<net id="400"><net_src comp="369" pin="3"/><net_sink comp="397" pin=0"/></net>

<net id="405"><net_src comp="389" pin="3"/><net_sink comp="401" pin=0"/></net>

<net id="406"><net_src comp="397" pin="1"/><net_sink comp="401" pin=1"/></net>

<net id="411"><net_src comp="369" pin="3"/><net_sink comp="407" pin=0"/></net>

<net id="412"><net_src comp="38" pin="0"/><net_sink comp="407" pin=1"/></net>

<net id="416"><net_src comp="413" pin="1"/><net_sink comp="125" pin=2"/></net>

<net id="421"><net_src comp="292" pin="4"/><net_sink comp="417" pin=0"/></net>

<net id="422"><net_src comp="62" pin="0"/><net_sink comp="417" pin=1"/></net>

<net id="427"><net_src comp="292" pin="4"/><net_sink comp="423" pin=0"/></net>

<net id="428"><net_src comp="64" pin="0"/><net_sink comp="423" pin=1"/></net>

<net id="433"><net_src comp="303" pin="4"/><net_sink comp="429" pin=0"/></net>

<net id="434"><net_src comp="38" pin="0"/><net_sink comp="429" pin=1"/></net>

<net id="439"><net_src comp="314" pin="4"/><net_sink comp="435" pin=0"/></net>

<net id="440"><net_src comp="66" pin="0"/><net_sink comp="435" pin=1"/></net>

<net id="446"><net_src comp="435" pin="2"/><net_sink comp="441" pin=0"/></net>

<net id="447"><net_src comp="429" pin="2"/><net_sink comp="441" pin=1"/></net>

<net id="448"><net_src comp="303" pin="4"/><net_sink comp="441" pin=2"/></net>

<net id="452"><net_src comp="441" pin="3"/><net_sink comp="449" pin=0"/></net>

<net id="453"><net_src comp="449" pin="1"/><net_sink comp="142" pin=2"/></net>

<net id="459"><net_src comp="68" pin="0"/><net_sink comp="454" pin=0"/></net>

<net id="460"><net_src comp="70" pin="0"/><net_sink comp="454" pin=1"/></net>

<net id="461"><net_src comp="441" pin="3"/><net_sink comp="454" pin=2"/></net>

<net id="462"><net_src comp="454" pin="3"/><net_sink comp="148" pin=2"/></net>

<net id="467"><net_src comp="314" pin="4"/><net_sink comp="463" pin=0"/></net>

<net id="468"><net_src comp="72" pin="0"/><net_sink comp="463" pin=1"/></net>

<net id="474"><net_src comp="435" pin="2"/><net_sink comp="469" pin=0"/></net>

<net id="475"><net_src comp="72" pin="0"/><net_sink comp="469" pin=1"/></net>

<net id="476"><net_src comp="463" pin="2"/><net_sink comp="469" pin=2"/></net>

<net id="487"><net_src comp="480" pin="1"/><net_sink comp="483" pin=0"/></net>

<net id="488"><net_src comp="74" pin="0"/><net_sink comp="483" pin=1"/></net>

<net id="492"><net_src comp="483" pin="2"/><net_sink comp="489" pin=0"/></net>

<net id="493"><net_src comp="489" pin="1"/><net_sink comp="157" pin=2"/></net>

<net id="498"><net_src comp="477" pin="1"/><net_sink comp="494" pin=0"/></net>

<net id="499"><net_src comp="76" pin="0"/><net_sink comp="494" pin=1"/></net>

<net id="503"><net_src comp="494" pin="2"/><net_sink comp="500" pin=0"/></net>

<net id="504"><net_src comp="500" pin="1"/><net_sink comp="163" pin=2"/></net>

<net id="510"><net_src comp="68" pin="0"/><net_sink comp="505" pin=0"/></net>

<net id="511"><net_src comp="80" pin="0"/><net_sink comp="505" pin=1"/></net>

<net id="512"><net_src comp="505" pin="3"/><net_sink comp="171" pin=2"/></net>

<net id="517"><net_src comp="82" pin="0"/><net_sink comp="513" pin=1"/></net>

<net id="521"><net_src comp="513" pin="2"/><net_sink comp="518" pin=0"/></net>

<net id="522"><net_src comp="518" pin="1"/><net_sink comp="177" pin=2"/></net>

<net id="531"><net_src comp="68" pin="0"/><net_sink comp="526" pin=0"/></net>

<net id="532"><net_src comp="84" pin="0"/><net_sink comp="526" pin=1"/></net>

<net id="533"><net_src comp="526" pin="3"/><net_sink comp="185" pin=2"/></net>

<net id="538"><net_src comp="523" pin="1"/><net_sink comp="534" pin=0"/></net>

<net id="539"><net_src comp="86" pin="0"/><net_sink comp="534" pin=1"/></net>

<net id="543"><net_src comp="534" pin="2"/><net_sink comp="540" pin=0"/></net>

<net id="544"><net_src comp="540" pin="1"/><net_sink comp="191" pin=2"/></net>

<net id="550"><net_src comp="68" pin="0"/><net_sink comp="545" pin=0"/></net>

<net id="551"><net_src comp="88" pin="0"/><net_sink comp="545" pin=1"/></net>

<net id="552"><net_src comp="545" pin="3"/><net_sink comp="199" pin=2"/></net>

<net id="557"><net_src comp="90" pin="0"/><net_sink comp="553" pin=1"/></net>

<net id="561"><net_src comp="553" pin="2"/><net_sink comp="558" pin=0"/></net>

<net id="562"><net_src comp="558" pin="1"/><net_sink comp="205" pin=2"/></net>

<net id="568"><net_src comp="68" pin="0"/><net_sink comp="563" pin=0"/></net>

<net id="569"><net_src comp="92" pin="0"/><net_sink comp="563" pin=1"/></net>

<net id="570"><net_src comp="563" pin="3"/><net_sink comp="213" pin=2"/></net>

<net id="575"><net_src comp="94" pin="0"/><net_sink comp="571" pin=1"/></net>

<net id="579"><net_src comp="571" pin="2"/><net_sink comp="576" pin=0"/></net>

<net id="580"><net_src comp="576" pin="1"/><net_sink comp="219" pin=2"/></net>

<net id="586"><net_src comp="68" pin="0"/><net_sink comp="581" pin=0"/></net>

<net id="587"><net_src comp="96" pin="0"/><net_sink comp="581" pin=1"/></net>

<net id="588"><net_src comp="581" pin="3"/><net_sink comp="227" pin=2"/></net>

<net id="595"><net_src comp="589" pin="1"/><net_sink comp="592" pin=0"/></net>

<net id="596"><net_src comp="592" pin="1"/><net_sink comp="233" pin=2"/></net>

<net id="602"><net_src comp="68" pin="0"/><net_sink comp="597" pin=0"/></net>

<net id="603"><net_src comp="98" pin="0"/><net_sink comp="597" pin=1"/></net>

<net id="604"><net_src comp="597" pin="3"/><net_sink comp="241" pin=2"/></net>

<net id="609"><net_src comp="34" pin="0"/><net_sink comp="605" pin=1"/></net>

<net id="613"><net_src comp="605" pin="2"/><net_sink comp="610" pin=0"/></net>

<net id="617"><net_src comp="610" pin="1"/><net_sink comp="614" pin=0"/></net>

<net id="618"><net_src comp="614" pin="1"/><net_sink comp="247" pin=2"/></net>

<net id="622"><net_src comp="345" pin="2"/><net_sink comp="619" pin=0"/></net>

<net id="623"><net_src comp="619" pin="1"/><net_sink comp="259" pin=2"/></net>

<net id="627"><net_src comp="351" pin="2"/><net_sink comp="624" pin=0"/></net>

<net id="631"><net_src comp="377" pin="3"/><net_sink comp="628" pin=0"/></net>

<net id="632"><net_src comp="628" pin="1"/><net_sink comp="270" pin=2"/></net>

<net id="636"><net_src comp="401" pin="2"/><net_sink comp="633" pin=0"/></net>

<net id="637"><net_src comp="633" pin="1"/><net_sink comp="413" pin=0"/></net>

<net id="641"><net_src comp="407" pin="2"/><net_sink comp="638" pin=0"/></net>

<net id="642"><net_src comp="638" pin="1"/><net_sink comp="281" pin=2"/></net>

<net id="646"><net_src comp="417" pin="2"/><net_sink comp="643" pin=0"/></net>

<net id="647"><net_src comp="643" pin="1"/><net_sink comp="292" pin=0"/></net>

<net id="651"><net_src comp="423" pin="2"/><net_sink comp="648" pin=0"/></net>

<net id="655"><net_src comp="441" pin="3"/><net_sink comp="652" pin=0"/></net>

<net id="656"><net_src comp="652" pin="1"/><net_sink comp="303" pin=0"/></net>

<net id="657"><net_src comp="652" pin="1"/><net_sink comp="477" pin=0"/></net>

<net id="658"><net_src comp="652" pin="1"/><net_sink comp="480" pin=0"/></net>

<net id="659"><net_src comp="652" pin="1"/><net_sink comp="505" pin=2"/></net>

<net id="660"><net_src comp="652" pin="1"/><net_sink comp="523" pin=0"/></net>

<net id="661"><net_src comp="652" pin="1"/><net_sink comp="526" pin=2"/></net>

<net id="662"><net_src comp="652" pin="1"/><net_sink comp="545" pin=2"/></net>

<net id="663"><net_src comp="652" pin="1"/><net_sink comp="563" pin=2"/></net>

<net id="664"><net_src comp="652" pin="1"/><net_sink comp="581" pin=2"/></net>

<net id="665"><net_src comp="652" pin="1"/><net_sink comp="597" pin=2"/></net>

<net id="666"><net_src comp="652" pin="1"/><net_sink comp="605" pin=0"/></net>

<net id="670"><net_src comp="142" pin="3"/><net_sink comp="667" pin=0"/></net>

<net id="671"><net_src comp="667" pin="1"/><net_sink comp="131" pin=2"/></net>

<net id="675"><net_src comp="148" pin="3"/><net_sink comp="672" pin=0"/></net>

<net id="676"><net_src comp="672" pin="1"/><net_sink comp="131" pin=0"/></net>

<net id="680"><net_src comp="469" pin="3"/><net_sink comp="677" pin=0"/></net>

<net id="681"><net_src comp="677" pin="1"/><net_sink comp="314" pin=0"/></net>

<net id="685"><net_src comp="477" pin="1"/><net_sink comp="682" pin=0"/></net>

<net id="686"><net_src comp="682" pin="1"/><net_sink comp="513" pin=0"/></net>

<net id="690"><net_src comp="157" pin="3"/><net_sink comp="687" pin=0"/></net>

<net id="691"><net_src comp="687" pin="1"/><net_sink comp="131" pin=2"/></net>

<net id="695"><net_src comp="163" pin="3"/><net_sink comp="692" pin=0"/></net>

<net id="696"><net_src comp="692" pin="1"/><net_sink comp="131" pin=0"/></net>

<net id="700"><net_src comp="171" pin="3"/><net_sink comp="697" pin=0"/></net>

<net id="701"><net_src comp="697" pin="1"/><net_sink comp="131" pin=2"/></net>

<net id="705"><net_src comp="513" pin="2"/><net_sink comp="702" pin=0"/></net>

<net id="706"><net_src comp="702" pin="1"/><net_sink comp="589" pin=0"/></net>

<net id="710"><net_src comp="177" pin="3"/><net_sink comp="707" pin=0"/></net>

<net id="711"><net_src comp="707" pin="1"/><net_sink comp="131" pin=0"/></net>

<net id="715"><net_src comp="523" pin="1"/><net_sink comp="712" pin=0"/></net>

<net id="716"><net_src comp="712" pin="1"/><net_sink comp="553" pin=0"/></net>

<net id="717"><net_src comp="712" pin="1"/><net_sink comp="571" pin=0"/></net>

<net id="721"><net_src comp="185" pin="3"/><net_sink comp="718" pin=0"/></net>

<net id="722"><net_src comp="718" pin="1"/><net_sink comp="131" pin=2"/></net>

<net id="726"><net_src comp="191" pin="3"/><net_sink comp="723" pin=0"/></net>

<net id="727"><net_src comp="723" pin="1"/><net_sink comp="131" pin=0"/></net>

<net id="731"><net_src comp="199" pin="3"/><net_sink comp="728" pin=0"/></net>

<net id="732"><net_src comp="728" pin="1"/><net_sink comp="131" pin=2"/></net>

<net id="736"><net_src comp="205" pin="3"/><net_sink comp="733" pin=0"/></net>

<net id="737"><net_src comp="733" pin="1"/><net_sink comp="131" pin=0"/></net>

<net id="741"><net_src comp="213" pin="3"/><net_sink comp="738" pin=0"/></net>

<net id="742"><net_src comp="738" pin="1"/><net_sink comp="131" pin=2"/></net>

<net id="746"><net_src comp="219" pin="3"/><net_sink comp="743" pin=0"/></net>

<net id="747"><net_src comp="743" pin="1"/><net_sink comp="131" pin=0"/></net>

<net id="751"><net_src comp="131" pin="3"/><net_sink comp="748" pin=0"/></net>

<net id="752"><net_src comp="748" pin="1"/><net_sink comp="118" pin=2"/></net>

<net id="756"><net_src comp="227" pin="3"/><net_sink comp="753" pin=0"/></net>

<net id="757"><net_src comp="753" pin="1"/><net_sink comp="131" pin=2"/></net>

<net id="761"><net_src comp="233" pin="3"/><net_sink comp="758" pin=0"/></net>

<net id="762"><net_src comp="758" pin="1"/><net_sink comp="131" pin=0"/></net>

<net id="766"><net_src comp="131" pin="3"/><net_sink comp="763" pin=0"/></net>

<net id="767"><net_src comp="763" pin="1"/><net_sink comp="118" pin=2"/></net>

<net id="771"><net_src comp="241" pin="3"/><net_sink comp="768" pin=0"/></net>

<net id="772"><net_src comp="768" pin="1"/><net_sink comp="131" pin=2"/></net>

<net id="776"><net_src comp="247" pin="3"/><net_sink comp="773" pin=0"/></net>

<net id="777"><net_src comp="773" pin="1"/><net_sink comp="131" pin=0"/></net>

<net id="781"><net_src comp="131" pin="3"/><net_sink comp="778" pin=0"/></net>

<net id="782"><net_src comp="778" pin="1"/><net_sink comp="118" pin=2"/></net>

<net id="786"><net_src comp="131" pin="3"/><net_sink comp="783" pin=0"/></net>

<net id="787"><net_src comp="783" pin="1"/><net_sink comp="118" pin=2"/></net>

</net_list>

</model> 
---------------- Datapath Model END ------------------

* FSMD analyzer results:
  - Output states:
	Port: fifo_A_PE_12_0_x152 | {6 7 8 9 10 11 12 13 14 15 16 17 18 19 20 21 }
 - Input state : 
	Port: A_IO_L2_in_boundary_x1 : fifo_A_A_IO_L2_in_12_x113 | {3 }
  - Chain level:
	State 1
		specmemcore_ln7079 : 1
		specmemcore_ln7080 : 1
	State 2
		add_ln890 : 1
		icmp_ln890 : 1
		br_ln890 : 2
		add_ln691 : 1
		icmp_ln890130 : 1
		select_ln890 : 2
		select_ln890_377 : 2
		trunc_ln7091 : 3
		tmp_1480_cast : 4
		zext_ln7091 : 3
		add_ln7091 : 5
		add_ln691_415 : 3
	State 3
		local_A_pong_V_addr : 1
		store_ln7091 : 2
	State 4
	State 5
		add_ln890_157 : 1
		icmp_ln890_306 : 1
		br_ln890 : 2
		add_ln691_416 : 1
		icmp_ln890_307 : 1
		select_ln890_378 : 2
		zext_ln890 : 3
		local_A_pong_V_addr_1 : 4
		tmp : 3
		local_A_pong_V_addr_3 : 4
		local_A_pong_V_load : 5
		local_A_pong_V_load_2 : 5
		add_ln691_417 : 1
		select_ln691 : 2
	State 6
		add_ln7102 : 1
		zext_ln7102_3 : 2
		local_A_pong_V_addr_2 : 3
		add_ln7102_1 : 1
		zext_ln7102_4 : 2
		local_A_pong_V_addr_4 : 3
		write_ln174 : 1
		local_A_pong_V_load_1 : 4
		local_A_pong_V_load_3 : 4
	State 7
		local_A_pong_V_addr_5 : 1
		zext_ln7102_5 : 1
		local_A_pong_V_addr_6 : 2
		write_ln174 : 1
		local_A_pong_V_load_4 : 2
		local_A_pong_V_load_5 : 3
	State 8
		local_A_pong_V_addr_7 : 1
		add_ln7102_3 : 1
		zext_ln7102_6 : 2
		local_A_pong_V_addr_8 : 3
		local_A_pong_V_load_6 : 2
		local_A_pong_V_load_7 : 4
	State 9
		local_A_pong_V_addr_9 : 1
		zext_ln7102_7 : 1
		local_A_pong_V_addr_10 : 2
		local_A_pong_V_load_8 : 2
		local_A_pong_V_load_9 : 3
	State 10
		local_A_pong_V_addr_11 : 1
		zext_ln7102_8 : 1
		local_A_pong_V_addr_12 : 2
		local_A_pong_V_load_10 : 2
		local_A_pong_V_load_11 : 3
	State 11
		local_A_pong_V_addr_13 : 1
		zext_ln7102_9 : 1
		local_A_pong_V_addr_14 : 2
		local_A_pong_V_load_12 : 2
		local_A_pong_V_load_13 : 3
	State 12
		local_A_pong_V_addr_15 : 1
		zext_ln7102_10 : 1
		local_A_pong_V_addr_16 : 2
		local_A_pong_V_load_14 : 2
		local_A_pong_V_load_15 : 3
	State 13
	State 14
	State 15
	State 16
	State 17
	State 18
	State 19
	State 20
	State 21
	State 22


============================================================
+ Verbose Summary: Datapath Resource usage 
============================================================

* Functional unit list:
|----------|-------------------------|---------|---------|
| Operation|     Functional Unit     |    FF   |   LUT   |
|----------|-------------------------|---------|---------|
|          |     add_ln890_fu_345    |    0    |    17   |
|          |     add_ln691_fu_357    |    0    |    12   |
|          |    add_ln7091_fu_401    |    0    |    16   |
|          |   add_ln691_415_fu_407  |    0    |    13   |
|          |   add_ln890_157_fu_417  |    0    |    19   |
|          |   add_ln691_416_fu_429  |    0    |    13   |
|    add   |   add_ln691_417_fu_463  |    0    |    14   |
|          |    add_ln7102_fu_483    |    0    |    14   |
|          |   add_ln7102_1_fu_494   |    0    |    15   |
|          |   add_ln7102_2_fu_513   |    0    |    15   |
|          |   add_ln7102_3_fu_534   |    0    |    16   |
|          |   add_ln7102_4_fu_553   |    0    |    16   |
|          |   add_ln7102_5_fu_571   |    0    |    16   |
|----------|-------------------------|---------|---------|
|          |    icmp_ln890_fu_351    |    0    |    11   |
|   icmp   |   icmp_ln890130_fu_363  |    0    |    10   |
|          |  icmp_ln890_306_fu_423  |    0    |    12   |
|          |  icmp_ln890_307_fu_435  |    0    |    10   |
|----------|-------------------------|---------|---------|
|          |   select_ln890_fu_369   |    0    |    6    |
|  select  | select_ln890_377_fu_377 |    0    |    5    |
|          | select_ln890_378_fu_441 |    0    |    6    |
|          |   select_ln691_fu_469   |    0    |    7    |
|----------|-------------------------|---------|---------|
|    xor   |    xor_ln7102_fu_605    |    0    |    6    |
|----------|-------------------------|---------|---------|
|   read   |   tmp_1246_read_fu_112  |    0    |    0    |
|----------|-------------------------|---------|---------|
|   write  |     grp_write_fu_118    |    0    |    0    |
|----------|-------------------------|---------|---------|
|   trunc  |   trunc_ln7091_fu_385   |    0    |    0    |
|----------|-------------------------|---------|---------|
|          |   tmp_1480_cast_fu_389  |    0    |    0    |
|          |        tmp_fu_454       |    0    |    0    |
|          |       tmp_s_fu_505      |    0    |    0    |
|bitconcatenate|     tmp_1241_fu_526     |    0    |    0    |
|          |     tmp_1242_fu_545     |    0    |    0    |
|          |     tmp_1243_fu_563     |    0    |    0    |
|          |     tmp_1244_fu_581     |    0    |    0    |
|          |     tmp_1245_fu_597     |    0    |    0    |
|----------|-------------------------|---------|---------|
|          |    zext_ln7091_fu_397   |    0    |    0    |
|          |   zext_ln7091_1_fu_413  |    0    |    0    |
|          |    zext_ln890_fu_449    |    0    |    0    |
|          |   zext_ln7102_1_fu_477  |    0    |    0    |
|          |   zext_ln7102_2_fu_480  |    0    |    0    |
|          |   zext_ln7102_3_fu_489  |    0    |    0    |
|   zext   |   zext_ln7102_4_fu_500  |    0    |    0    |
|          |   zext_ln7102_5_fu_518  |    0    |    0    |
|          |    zext_ln7102_fu_523   |    0    |    0    |
|          |   zext_ln7102_6_fu_540  |    0    |    0    |
|          |   zext_ln7102_7_fu_558  |    0    |    0    |
|          |   zext_ln7102_8_fu_576  |    0    |    0    |
|          |   zext_ln7102_9_fu_592  |    0    |    0    |
|          |  zext_ln7102_10_fu_614  |    0    |    0    |
|----------|-------------------------|---------|---------|
|   sext   |    sext_ln7102_fu_589   |    0    |    0    |
|          |   sext_ln7102_1_fu_610  |    0    |    0    |
|----------|-------------------------|---------|---------|
|   Total  |                         |    0    |   269   |
|----------|-------------------------|---------|---------|

Memories:
+--------------+--------+--------+--------+
|              |  BRAM  |   FF   |   LUT  |
+--------------+--------+--------+--------+
|local_A_pong_V|    8   |    0   |    0   |
+--------------+--------+--------+--------+
|     Total    |    8   |    0   |    0   |
+--------------+--------+--------+--------+

* Register list:
+------------------------------+--------+
|                              |   FF   |
+------------------------------+--------+
|     add_ln691_415_reg_638    |    6   |
|      add_ln7091_reg_633      |    9   |
|     add_ln7102_2_reg_702     |    8   |
|     add_ln890_157_reg_643    |   12   |
|       add_ln890_reg_619      |   10   |
|         c4_V_reg_266         |    5   |
|        c5_V_5_reg_277        |    6   |
|         c5_V_reg_299         |    6   |
|         c6_V_reg_310         |    7   |
|    icmp_ln890_306_reg_648    |    1   |
|      icmp_ln890_reg_624      |    1   |
|   indvar_flatten28_reg_288   |   12   |
|    indvar_flatten_reg_255    |   10   |
|local_A_pong_V_addr_10_reg_733|    9   |
|local_A_pong_V_addr_11_reg_738|    9   |
|local_A_pong_V_addr_12_reg_743|    9   |
|local_A_pong_V_addr_13_reg_753|    9   |
|local_A_pong_V_addr_14_reg_758|    9   |
|local_A_pong_V_addr_15_reg_768|    9   |
|local_A_pong_V_addr_16_reg_773|    9   |
| local_A_pong_V_addr_1_reg_667|    9   |
| local_A_pong_V_addr_2_reg_687|    9   |
| local_A_pong_V_addr_3_reg_672|    9   |
| local_A_pong_V_addr_4_reg_692|    9   |
| local_A_pong_V_addr_5_reg_697|    9   |
| local_A_pong_V_addr_6_reg_707|    9   |
| local_A_pong_V_addr_7_reg_718|    9   |
| local_A_pong_V_addr_8_reg_723|    9   |
| local_A_pong_V_addr_9_reg_728|    9   |
|local_A_pong_V_load_11_reg_763|   256  |
|local_A_pong_V_load_13_reg_778|   256  |
|local_A_pong_V_load_15_reg_783|   256  |
| local_A_pong_V_load_9_reg_748|   256  |
|            reg_321           |   256  |
|            reg_327           |   256  |
|            reg_333           |   256  |
|            reg_339           |   256  |
|     select_ln691_reg_677     |    7   |
|   select_ln890_377_reg_628   |    5   |
|   select_ln890_378_reg_652   |    6   |
|     zext_ln7102_1_reg_682    |    8   |
|      zext_ln7102_reg_712     |    9   |
+------------------------------+--------+
|             Total            |  2320  |
+------------------------------+--------+

* Multiplexer (MUX) list: 
|-------------------|------|------|------|--------||---------||---------|
|        Comp       |  Pin | Size |  BW  | S x BW ||  Delay  ||   LUT   |
|-------------------|------|------|------|--------||---------||---------|
|  grp_write_fu_118 |  p2  |   9  |  256 |  2304  ||    49   |
| grp_access_fu_131 |  p0  |  16  |   9  |   144  ||    65   |
| grp_access_fu_131 |  p2  |  17  |   0  |    0   ||    81   |
|      reg_321      |  p0  |   2  |  256 |   512  ||    9    |
|      reg_327      |  p0  |   2  |  256 |   512  ||    9    |
|      reg_333      |  p0  |   2  |  256 |   512  ||    9    |
|      reg_339      |  p0  |   2  |  256 |   512  ||    9    |
|-------------------|------|------|------|--------||---------||---------|
|       Total       |      |      |      |  4496  ||  3.283  ||   231   |
|-------------------|------|------|------|--------||---------||---------|



* Summary:
+-----------+--------+--------+--------+--------+
|           |  BRAM  |  Delay |   FF   |   LUT  |
+-----------+--------+--------+--------+--------+
|  Function |    -   |    -   |    0   |   269  |
|   Memory  |    8   |    -   |    0   |    0   |
|Multiplexer|    -   |    3   |    -   |   231  |
|  Register |    -   |    -   |  2320  |    -   |
+-----------+--------+--------+--------+--------+
|   Total   |    8   |    3   |  2320  |   500  |
+-----------+--------+--------+--------+--------+
