

================================================================
== Vitis HLS Report for 'A_IO_L2_in_0_x1'
================================================================
* Date:           Sun Sep 18 13:53:59 2022

* Version:        2020.2 (Build 3064766 on Wed Nov 18 09:12:47 MST 2020)
* Project:        top
* Solution:       solution (Vitis Kernel Flow Target)
* Product family: virtexuplus
* Target device:  xcu250-figd2104-2L-e


================================================================
== Performance Estimates
================================================================
+ Timing: 
    * Summary: 
    +--------+---------+----------+------------+
    |  Clock |  Target | Estimated| Uncertainty|
    +--------+---------+----------+------------+
    |ap_clk  |  3.33 ns|  2.433 ns|     0.90 ns|
    +--------+---------+----------+------------+

+ Latency: 
    * Summary: 
    +----------+----------+-----------+-----------+----------+----------+---------+
    |   Latency (cycles)  |   Latency (absolute)  |       Interval      | Pipeline|
    |    min   |    max   |    min    |    max    |    min   |    max   |   Type  |
    +----------+----------+-----------+-----------+----------+----------+---------+
    |  12702722|  63040514|  42.338 ms|  0.210 sec|  12702722|  63040514|     none|
    +----------+----------+-----------+-----------+----------+----------+---------+

    + Detail: 
        * Instance: 
        N/A

        * Loop: 
        +------------------------------------------------------------------------------+----------+----------+--------------+-----------+-----------+------+----------+
        |                                                                              |   Latency (cycles)  |   Iteration  |  Initiation Interval  | Trip |          |
        |                                   Loop Name                                  |    min   |    max   |    Latency   |  achieved |   target  | Count| Pipelined|
        +------------------------------------------------------------------------------+----------+----------+--------------+-----------+-----------+------+----------+
        |- A_IO_L2_in_0_x1_loop_1_A_IO_L2_in_0_x1_loop_2_A_IO_L2_in_0_x1_loop_3        |  12628992|  62966784|  4111 ~ 20497|          -|          -|  3072|        no|
        | + A_IO_L2_in_0_x1_loop_4                                                     |      4108|      4108|          1027|          -|          -|     4|        no|
        |  ++ A_IO_L2_in_0_x1_loop_5_A_IO_L2_in_0_x1_loop_6_A_IO_L2_in_0_x1_loop_7     |      1024|      1024|             2|          2|          2|   512|       yes|
        |  ++ A_IO_L2_in_0_x1_loop_8_A_IO_L2_in_0_x1_loop_9_A_IO_L2_in_0_x1_loop_10    |      1024|      1024|             2|          2|          2|   512|       yes|
        | + A_IO_L2_in_0_x1_loop_11_A_IO_L2_in_0_x1_loop_13_A_IO_L2_in_0_x1_loop_14    |     16385|     16385|             4|          2|          2|  8192|       yes|
        | + A_IO_L2_in_0_x1_loop_16                                                    |      4108|      4108|          1027|          -|          -|     4|        no|
        |  ++ A_IO_L2_in_0_x1_loop_17_A_IO_L2_in_0_x1_loop_18_A_IO_L2_in_0_x1_loop_19  |      1024|      1024|             2|          2|          2|   512|       yes|
        |  ++ A_IO_L2_in_0_x1_loop_20_A_IO_L2_in_0_x1_loop_21_A_IO_L2_in_0_x1_loop_22  |      1024|      1024|             2|          2|          2|   512|       yes|
        | + A_IO_L2_in_0_x1_loop_23_A_IO_L2_in_0_x1_loop_25_A_IO_L2_in_0_x1_loop_26    |     16385|     16385|             4|          2|          2|  8192|       yes|
        |- A_IO_L2_in_0_x1_loop_28_A_IO_L2_in_0_x1_loop_30_A_IO_L2_in_0_x1_loop_31     |     73728|     73728|             9|          -|          -|  8192|        no|
        | + A_IO_L2_in_0_x1_loop_32                                                    |         4|         4|             2|          2|          2|     2|       yes|
        +------------------------------------------------------------------------------+----------+----------+--------------+-----------+-----------+------+----------+

============================================================
+ Verbose Summary: Synthesis Manager
============================================================
InlineROM: 1
ExposeGlobal: 0
============================================================
+ Verbose Summary: CDFG Model
============================================================
IsTopModel: 0
ResetActiveHigh: 1
IsCombinational: 2
IsDatapathOnly: 0
HasWiredReturn: 1
HasMFsm: 0
HasVarLatency: 1
IsPipeline: 0
IsRtlPipelined: 0
IsInstanceOverlapped: 0
IsDontTouch: 0
HasImplIP: 0
IsGatedGlobalClock: 0

+ Individual pipeline summary: 
  * Pipeline-0: initiation interval (II) = 2, depth = 2
  * Pipeline-1: initiation interval (II) = 2, depth = 2
  * Pipeline-2: initiation interval (II) = 2, depth = 4
  * Pipeline-3: initiation interval (II) = 2, depth = 2
  * Pipeline-4: initiation interval (II) = 2, depth = 2
  * Pipeline-5: initiation interval (II) = 2, depth = 4
  * Pipeline-6: initiation interval (II) = 2, depth = 2


============================================================
+ Verbose Summary: Schedule
============================================================
* Number of FSM states : 29
* Pipeline : 7
  Pipeline-0 : II = 2, D = 2, States = { 4 5 }
  Pipeline-1 : II = 2, D = 2, States = { 7 8 }
  Pipeline-2 : II = 2, D = 4, States = { 9 10 11 12 }
  Pipeline-3 : II = 2, D = 2, States = { 15 16 }
  Pipeline-4 : II = 2, D = 2, States = { 18 19 }
  Pipeline-5 : II = 2, D = 4, States = { 20 21 22 23 }
  Pipeline-6 : II = 2, D = 2, States = { 27 28 }
* Dataflow Pipeline: 0

* FSM state transitions: 
1 --> 2 
2 --> 3 14 24 
3 --> 4 7 13 9 
4 --> 6 5 
5 --> 4 
6 --> 3 
7 --> 6 8 
8 --> 7 
9 --> 13 10 
10 --> 11 
11 --> 12 
12 --> 9 
13 --> 2 
14 --> 15 18 13 20 
15 --> 17 16 
16 --> 15 
17 --> 14 
18 --> 17 19 
19 --> 18 
20 --> 13 21 
21 --> 22 
22 --> 23 
23 --> 20 
24 --> 25 
25 --> 26 
26 --> 27 
27 --> 29 28 
28 --> 27 
29 --> 24 

* FSM state operations: 

State 1 <SV = 0> <Delay = 1.20>
ST_1 : Operation 30 [1/1] (0.00ns)   --->   "%specmemcore_ln0 = specmemcore void @_ssdm_op_SpecMemCore, i256 %fifo_A_PE_0_0_x125, i64 666, i64 10, i64 18446744073709551615"   --->   Operation 30 'specmemcore' 'specmemcore_ln0' <Predicate = true> <Delay = 0.00>
ST_1 : Operation 31 [1/1] (0.00ns)   --->   "%specmemcore_ln0 = specmemcore void @_ssdm_op_SpecMemCore, i512 %fifo_A_A_IO_L2_in_1_x16, i64 666, i64 10, i64 18446744073709551615"   --->   Operation 31 'specmemcore' 'specmemcore_ln0' <Predicate = true> <Delay = 0.00>
ST_1 : Operation 32 [1/1] (0.00ns)   --->   "%specmemcore_ln0 = specmemcore void @_ssdm_op_SpecMemCore, i512 %fifo_A_A_IO_L2_in_0_x15, i64 666, i64 10, i64 18446744073709551615"   --->   Operation 32 'specmemcore' 'specmemcore_ln0' <Predicate = true> <Delay = 0.00>
ST_1 : Operation 33 [1/1] (0.00ns)   --->   "%specinterface_ln0 = specinterface void @_ssdm_op_SpecInterface, i256 %fifo_A_PE_0_0_x125, void @empty_1310, i32 0, i32 0, void @empty_536, i32 0, i32 0, void @empty_536, void @empty_536, void @empty_536, i32 0, i32 0, i32 0, i32 0, void @empty_536, void @empty_536"   --->   Operation 33 'specinterface' 'specinterface_ln0' <Predicate = true> <Delay = 0.00>
ST_1 : Operation 34 [1/1] (0.00ns)   --->   "%specinterface_ln0 = specinterface void @_ssdm_op_SpecInterface, i512 %fifo_A_A_IO_L2_in_1_x16, void @empty_1310, i32 0, i32 0, void @empty_536, i32 0, i32 0, void @empty_536, void @empty_536, void @empty_536, i32 0, i32 0, i32 0, i32 0, void @empty_536, void @empty_536"   --->   Operation 34 'specinterface' 'specinterface_ln0' <Predicate = true> <Delay = 0.00>
ST_1 : Operation 35 [1/1] (0.00ns)   --->   "%specinterface_ln0 = specinterface void @_ssdm_op_SpecInterface, i512 %fifo_A_A_IO_L2_in_0_x15, void @empty_1310, i32 0, i32 0, void @empty_536, i32 0, i32 0, void @empty_536, void @empty_536, void @empty_536, i32 0, i32 0, i32 0, i32 0, void @empty_536, void @empty_536"   --->   Operation 35 'specinterface' 'specinterface_ln0' <Predicate = true> <Delay = 0.00>
ST_1 : Operation 36 [1/1] (1.20ns)   --->   "%local_A_ping_V = alloca i64 1" [./dut.cpp:14211]   --->   Operation 36 'alloca' 'local_A_ping_V' <Predicate = true> <Delay = 1.20> <CoreInst = "RAM_2P_BRAM">   --->   Core 94 'RAM_2P_BRAM' <Latency = 1> <II = 1> <Delay = 1.20> <Storage> <Opcode : 'load' 'store'> <Ports = 2> <Width = 512> <Depth = 512> <RAM>
ST_1 : Operation 37 [1/1] (1.20ns)   --->   "%local_A_pong_V = alloca i64 1" [./dut.cpp:14212]   --->   Operation 37 'alloca' 'local_A_pong_V' <Predicate = true> <Delay = 1.20> <CoreInst = "RAM_2P_BRAM">   --->   Core 94 'RAM_2P_BRAM' <Latency = 1> <II = 1> <Delay = 1.20> <Storage> <Opcode : 'load' 'store'> <Ports = 2> <Width = 512> <Depth = 512> <RAM>
ST_1 : Operation 38 [1/1] (0.00ns)   --->   "%specmemcore_ln14211 = specmemcore void @_ssdm_op_SpecMemCore, i512 %local_A_ping_V, i64 666, i64 22, i64 18446744073709551615" [./dut.cpp:14211]   --->   Operation 38 'specmemcore' 'specmemcore_ln14211' <Predicate = true> <Delay = 0.00>
ST_1 : Operation 39 [1/1] (0.00ns)   --->   "%specmemcore_ln14212 = specmemcore void @_ssdm_op_SpecMemCore, i512 %local_A_pong_V, i64 666, i64 22, i64 18446744073709551615" [./dut.cpp:14212]   --->   Operation 39 'specmemcore' 'specmemcore_ln14212' <Predicate = true> <Delay = 0.00>
ST_1 : Operation 40 [1/1] (0.38ns)   --->   "%br_ln14221 = br void" [./dut.cpp:14221]   --->   Operation 40 'br' 'br_ln14221' <Predicate = true> <Delay = 0.38>

State 2 <SV = 1> <Delay = 0.98>
ST_2 : Operation 41 [1/1] (0.00ns)   --->   "%indvar_flatten193 = phi i12 0, void, i12 %add_ln890_395, void %.loopexit1242"   --->   Operation 41 'phi' 'indvar_flatten193' <Predicate = true> <Delay = 0.00>
ST_2 : Operation 42 [1/1] (0.00ns)   --->   "%indvar_flatten179 = phi i11 0, void, i11 %select_ln890_518, void %.loopexit1242"   --->   Operation 42 'phi' 'indvar_flatten179' <Predicate = true> <Delay = 0.00>
ST_2 : Operation 43 [1/1] (0.00ns)   --->   "%intra_trans_en = phi i1 0, void, i1 1, void %.loopexit1242"   --->   Operation 43 'phi' 'intra_trans_en' <Predicate = true> <Delay = 0.00>
ST_2 : Operation 44 [1/1] (0.00ns)   --->   "%arb_39 = phi i1 0, void, i1 %arb, void %.loopexit1242"   --->   Operation 44 'phi' 'arb_39' <Predicate = true> <Delay = 0.00>
ST_2 : Operation 45 [1/1] (0.00ns)   --->   "%c2_V = phi i8 0, void, i8 %c2_V_89, void %.loopexit1242"   --->   Operation 45 'phi' 'c2_V' <Predicate = true> <Delay = 0.00>
ST_2 : Operation 46 [1/1] (0.74ns)   --->   "%add_ln890_395 = add i12 %indvar_flatten193, i12 1"   --->   Operation 46 'add' 'add_ln890_395' <Predicate = true> <Delay = 0.74> <CoreInst = "Adder">   --->   Core 1 'Adder' <Latency = 0> <II = 1> <Delay = 0.76> <FuncUnit> <Opcode : 'add' 'sub'> <InPorts = 2> <OutPorts = 1>
ST_2 : Operation 47 [1/1] (0.62ns)   --->   "%icmp_ln890 = icmp_eq  i12 %indvar_flatten193, i12 3072"   --->   Operation 47 'icmp' 'icmp_ln890' <Predicate = true> <Delay = 0.62> <CoreInst = "Cmp">   --->   Core 9 'Cmp' <Latency = 0> <II = 1> <Delay = 0.34> <FuncUnit> <Opcode : 'icmp'> <InPorts = 2> <OutPorts = 1>
ST_2 : Operation 48 [1/1] (0.00ns)   --->   "%br_ln890 = br i1 %icmp_ln890, void %.split80, void %.preheader67.preheader.preheader"   --->   Operation 48 'br' 'br_ln890' <Predicate = true> <Delay = 0.00>
ST_2 : Operation 49 [1/1] (0.00ns)   --->   "%specloopname_ln0 = specloopname void @_ssdm_op_SpecLoopName, void @A_IO_L2_in_0_x1_loop_1_A_IO_L2_in_0_x1_loop_2_A_IO_L2_in_0_x1_loop_3_str"   --->   Operation 49 'specloopname' 'specloopname_ln0' <Predicate = (!icmp_ln890)> <Delay = 0.00>
ST_2 : Operation 50 [1/1] (0.00ns)   --->   "%speclooptripcount_ln0 = speclooptripcount void @_ssdm_op_SpecLoopTripCount, i64 3072, i64 3072, i64 3072"   --->   Operation 50 'speclooptripcount' 'speclooptripcount_ln0' <Predicate = (!icmp_ln890)> <Delay = 0.00>
ST_2 : Operation 51 [1/1] (0.61ns)   --->   "%icmp_ln890334 = icmp_eq  i11 %indvar_flatten179, i11 768"   --->   Operation 51 'icmp' 'icmp_ln890334' <Predicate = (!icmp_ln890)> <Delay = 0.61> <CoreInst = "Cmp">   --->   Core 9 'Cmp' <Latency = 0> <II = 1> <Delay = 0.34> <FuncUnit> <Opcode : 'icmp'> <InPorts = 2> <OutPorts = 1>
ST_2 : Operation 52 [1/1] (0.00ns) (grouped into LUT with out node or_ln14222)   --->   "%or_ln14221 = or i1 %icmp_ln890334, i1 %intra_trans_en" [./dut.cpp:14221]   --->   Operation 52 'or' 'or_ln14221' <Predicate = (!icmp_ln890)> <Delay = 0.00> <CoreInst = "LogicGate">   --->   Core 74 'LogicGate' <Latency = 0> <II = 1> <Delay = 0.12> <FuncUnit> <Opcode : 'and' 'or' 'xor'> <InPorts = 2> <OutPorts = 1>
ST_2 : Operation 53 [1/1] (0.12ns)   --->   "%xor_ln14221 = xor i1 %icmp_ln890334, i1 1" [./dut.cpp:14221]   --->   Operation 53 'xor' 'xor_ln14221' <Predicate = (!icmp_ln890)> <Delay = 0.12> <CoreInst = "LogicGate">   --->   Core 74 'LogicGate' <Latency = 0> <II = 1> <Delay = 0.12> <FuncUnit> <Opcode : 'and' 'or' 'xor'> <InPorts = 2> <OutPorts = 1>
ST_2 : Operation 54 [1/1] (0.00ns) (grouped into LUT with out node and_ln14222)   --->   "%and_ln14221 = and i1 %arb_39, i1 %xor_ln14221" [./dut.cpp:14221]   --->   Operation 54 'and' 'and_ln14221' <Predicate = (!icmp_ln890)> <Delay = 0.00> <CoreInst = "LogicGate">   --->   Core 74 'LogicGate' <Latency = 0> <II = 1> <Delay = 0.12> <FuncUnit> <Opcode : 'and' 'or' 'xor'> <InPorts = 2> <OutPorts = 1>
ST_2 : Operation 55 [1/1] (0.58ns)   --->   "%icmp_ln14223 = icmp_eq  i8 %c2_V, i8 128" [./dut.cpp:14223]   --->   Operation 55 'icmp' 'icmp_ln14223' <Predicate = (!icmp_ln890)> <Delay = 0.58> <CoreInst = "Cmp">   --->   Core 9 'Cmp' <Latency = 0> <II = 1> <Delay = 0.34> <FuncUnit> <Opcode : 'icmp'> <InPorts = 2> <OutPorts = 1>
ST_2 : Operation 56 [1/1] (0.12ns)   --->   "%and_ln14221_1 = and i1 %icmp_ln14223, i1 %xor_ln14221" [./dut.cpp:14221]   --->   Operation 56 'and' 'and_ln14221_1' <Predicate = (!icmp_ln890)> <Delay = 0.12> <CoreInst = "LogicGate">   --->   Core 74 'LogicGate' <Latency = 0> <II = 1> <Delay = 0.12> <FuncUnit> <Opcode : 'and' 'or' 'xor'> <InPorts = 2> <OutPorts = 1>
ST_2 : Operation 57 [1/1] (0.00ns)   --->   "%specloopname_ln0 = specloopname void @_ssdm_op_SpecLoopName, void @A_IO_L2_in_0_x1_loop_2_A_IO_L2_in_0_x1_loop_3_str"   --->   Operation 57 'specloopname' 'specloopname_ln0' <Predicate = (!icmp_ln890)> <Delay = 0.00>
ST_2 : Operation 58 [1/1] (0.12ns) (out node of the LUT)   --->   "%or_ln14222 = or i1 %and_ln14221_1, i1 %or_ln14221" [./dut.cpp:14222]   --->   Operation 58 'or' 'or_ln14222' <Predicate = (!icmp_ln890)> <Delay = 0.12> <CoreInst = "LogicGate">   --->   Core 74 'LogicGate' <Latency = 0> <II = 1> <Delay = 0.12> <FuncUnit> <Opcode : 'and' 'or' 'xor'> <InPorts = 2> <OutPorts = 1>
ST_2 : Operation 59 [1/1] (0.00ns) (grouped into LUT with out node and_ln14222)   --->   "%xor_ln14222 = xor i1 %icmp_ln14223, i1 1" [./dut.cpp:14222]   --->   Operation 59 'xor' 'xor_ln14222' <Predicate = (!icmp_ln890)> <Delay = 0.00> <CoreInst = "LogicGate">   --->   Core 74 'LogicGate' <Latency = 0> <II = 1> <Delay = 0.12> <FuncUnit> <Opcode : 'and' 'or' 'xor'> <InPorts = 2> <OutPorts = 1>
ST_2 : Operation 60 [1/1] (0.00ns) (grouped into LUT with out node and_ln14222)   --->   "%or_ln14222_1 = or i1 %icmp_ln890334, i1 %xor_ln14222" [./dut.cpp:14222]   --->   Operation 60 'or' 'or_ln14222_1' <Predicate = (!icmp_ln890)> <Delay = 0.00> <CoreInst = "LogicGate">   --->   Core 74 'LogicGate' <Latency = 0> <II = 1> <Delay = 0.12> <FuncUnit> <Opcode : 'and' 'or' 'xor'> <InPorts = 2> <OutPorts = 1>
ST_2 : Operation 61 [1/1] (0.12ns) (out node of the LUT)   --->   "%and_ln14222 = and i1 %and_ln14221, i1 %or_ln14222_1" [./dut.cpp:14222]   --->   Operation 61 'and' 'and_ln14222' <Predicate = (!icmp_ln890)> <Delay = 0.12> <CoreInst = "LogicGate">   --->   Core 74 'LogicGate' <Latency = 0> <II = 1> <Delay = 0.12> <FuncUnit> <Opcode : 'and' 'or' 'xor'> <InPorts = 2> <OutPorts = 1>
ST_2 : Operation 62 [1/1] (0.00ns)   --->   "%specloopname_ln14223 = specloopname void @_ssdm_op_SpecLoopName, void @empty_254" [./dut.cpp:14223]   --->   Operation 62 'specloopname' 'specloopname_ln14223' <Predicate = (!icmp_ln890)> <Delay = 0.00>
ST_2 : Operation 63 [1/1] (0.00ns)   --->   "%br_ln14227 = br i1 %and_ln14222, void %.preheader14.preheader, void %.preheader8.preheader" [./dut.cpp:14227]   --->   Operation 63 'br' 'br_ln14227' <Predicate = (!icmp_ln890)> <Delay = 0.00>
ST_2 : Operation 64 [1/1] (0.38ns)   --->   "%br_ln890 = br void %.preheader14"   --->   Operation 64 'br' 'br_ln890' <Predicate = (!icmp_ln890 & !and_ln14222)> <Delay = 0.38>
ST_2 : Operation 65 [1/1] (0.38ns)   --->   "%br_ln890 = br void %.preheader8"   --->   Operation 65 'br' 'br_ln890' <Predicate = (!icmp_ln890 & and_ln14222)> <Delay = 0.38>
ST_2 : Operation 66 [1/1] (0.00ns)   --->   "%data_split_V_1 = alloca i32 1"   --->   Operation 66 'alloca' 'data_split_V_1' <Predicate = (icmp_ln890)> <Delay = 0.00>
ST_2 : Operation 67 [1/1] (0.00ns)   --->   "%data_split_V_1_210 = alloca i32 1"   --->   Operation 67 'alloca' 'data_split_V_1_210' <Predicate = (icmp_ln890)> <Delay = 0.00>
ST_2 : Operation 68 [1/1] (0.38ns)   --->   "%br_ln14375 = br void %.preheader67.preheader" [./dut.cpp:14375]   --->   Operation 68 'br' 'br_ln14375' <Predicate = (icmp_ln890)> <Delay = 0.38>

State 3 <SV = 2> <Delay = 0.62>
ST_3 : Operation 69 [1/1] (0.00ns)   --->   "%c3_V_5 = phi i3 %add_ln691_1517, void %.loopexit1238, i3 0, void %.preheader14.preheader"   --->   Operation 69 'phi' 'c3_V_5' <Predicate = true> <Delay = 0.00>
ST_3 : Operation 70 [1/1] (0.57ns)   --->   "%add_ln691_1517 = add i3 %c3_V_5, i3 1"   --->   Operation 70 'add' 'add_ln691_1517' <Predicate = true> <Delay = 0.57> <CoreInst = "Adder">   --->   Core 1 'Adder' <Latency = 0> <II = 1> <Delay = 0.76> <FuncUnit> <Opcode : 'add' 'sub'> <InPorts = 2> <OutPorts = 1>
ST_3 : Operation 71 [1/1] (0.49ns)   --->   "%icmp_ln890_1550 = icmp_eq  i3 %c3_V_5, i3 4"   --->   Operation 71 'icmp' 'icmp_ln890_1550' <Predicate = true> <Delay = 0.49> <CoreInst = "Cmp">   --->   Core 9 'Cmp' <Latency = 0> <II = 1> <Delay = 0.34> <FuncUnit> <Opcode : 'icmp'> <InPorts = 2> <OutPorts = 1>
ST_3 : Operation 72 [1/1] (0.00ns)   --->   "%speclooptripcount_ln0 = speclooptripcount void @_ssdm_op_SpecLoopTripCount, i64 4, i64 4, i64 4"   --->   Operation 72 'speclooptripcount' 'speclooptripcount_ln0' <Predicate = true> <Delay = 0.00>
ST_3 : Operation 73 [1/1] (0.00ns)   --->   "%br_ln14229 = br i1 %icmp_ln890_1550, void %.split63, void" [./dut.cpp:14229]   --->   Operation 73 'br' 'br_ln14229' <Predicate = true> <Delay = 0.00>
ST_3 : Operation 74 [1/1] (0.00ns)   --->   "%specloopname_ln1616 = specloopname void @_ssdm_op_SpecLoopName, void @empty_1227"   --->   Operation 74 'specloopname' 'specloopname_ln1616' <Predicate = (!icmp_ln890_1550)> <Delay = 0.00>
ST_3 : Operation 75 [1/1] (0.49ns)   --->   "%icmp_ln870_5 = icmp_eq  i3 %c3_V_5, i3 0"   --->   Operation 75 'icmp' 'icmp_ln870_5' <Predicate = (!icmp_ln890_1550)> <Delay = 0.49> <CoreInst = "Cmp">   --->   Core 9 'Cmp' <Latency = 0> <II = 1> <Delay = 0.34> <FuncUnit> <Opcode : 'icmp'> <InPorts = 2> <OutPorts = 1>
ST_3 : Operation 76 [1/1] (0.00ns)   --->   "%br_ln14232 = br i1 %icmp_ln870_5, void %.preheader11.preheader.preheader, void %.preheader12.preheader.preheader" [./dut.cpp:14232]   --->   Operation 76 'br' 'br_ln14232' <Predicate = (!icmp_ln890_1550)> <Delay = 0.00>
ST_3 : Operation 77 [1/1] (0.38ns)   --->   "%br_ln890 = br void %.preheader11.preheader"   --->   Operation 77 'br' 'br_ln890' <Predicate = (!icmp_ln890_1550 & !icmp_ln870_5)> <Delay = 0.38>
ST_3 : Operation 78 [1/1] (0.38ns)   --->   "%br_ln14233 = br void %.preheader12.preheader" [./dut.cpp:14233]   --->   Operation 78 'br' 'br_ln14233' <Predicate = (!icmp_ln890_1550 & icmp_ln870_5)> <Delay = 0.38>
ST_3 : Operation 79 [1/1] (0.00ns)   --->   "%br_ln14269 = br i1 %or_ln14222, void %.loopexit1242, void %.preheader9.preheader.preheader" [./dut.cpp:14269]   --->   Operation 79 'br' 'br_ln14269' <Predicate = (icmp_ln890_1550)> <Delay = 0.00>
ST_3 : Operation 80 [1/1] (0.38ns)   --->   "%br_ln14270 = br void %.preheader9.preheader" [./dut.cpp:14270]   --->   Operation 80 'br' 'br_ln14270' <Predicate = (icmp_ln890_1550 & or_ln14222)> <Delay = 0.38>

State 4 <SV = 3> <Delay = 0.72>
ST_4 : Operation 81 [1/1] (0.00ns)   --->   "%indvar_flatten33 = phi i10 %add_ln890_393, void %.preheader11, i10 0, void %.preheader11.preheader.preheader"   --->   Operation 81 'phi' 'indvar_flatten33' <Predicate = true> <Delay = 0.00>
ST_4 : Operation 82 [1/1] (0.72ns)   --->   "%add_ln890_393 = add i10 %indvar_flatten33, i10 1"   --->   Operation 82 'add' 'add_ln890_393' <Predicate = true> <Delay = 0.72> <CoreInst = "Adder">   --->   Core 1 'Adder' <Latency = 0> <II = 1> <Delay = 0.76> <FuncUnit> <Opcode : 'add' 'sub'> <InPorts = 2> <OutPorts = 1>
ST_4 : Operation 83 [1/1] (0.60ns)   --->   "%icmp_ln890_1556 = icmp_eq  i10 %indvar_flatten33, i10 512"   --->   Operation 83 'icmp' 'icmp_ln890_1556' <Predicate = true> <Delay = 0.60> <CoreInst = "Cmp">   --->   Core 9 'Cmp' <Latency = 0> <II = 1> <Delay = 0.34> <FuncUnit> <Opcode : 'icmp'> <InPorts = 2> <OutPorts = 1>
ST_4 : Operation 84 [1/1] (0.00ns)   --->   "%br_ln890 = br i1 %icmp_ln890_1556, void %.preheader11, void %.loopexit1238.loopexit"   --->   Operation 84 'br' 'br_ln890' <Predicate = true> <Delay = 0.00>

State 5 <SV = 4> <Delay = 2.43>
ST_5 : Operation 85 [1/1] (0.00ns)   --->   "%specloopname_ln0 = specloopname void @_ssdm_op_SpecLoopName, void @A_IO_L2_in_0_x1_loop_8_A_IO_L2_in_0_x1_loop_9_A_IO_L2_in_0_x1_loop_10_str"   --->   Operation 85 'specloopname' 'specloopname_ln0' <Predicate = true> <Delay = 0.00>
ST_5 : Operation 86 [1/1] (0.00ns)   --->   "%speclooptripcount_ln0 = speclooptripcount void @_ssdm_op_SpecLoopTripCount, i64 512, i64 512, i64 512"   --->   Operation 86 'speclooptripcount' 'speclooptripcount_ln0' <Predicate = true> <Delay = 0.00>
ST_5 : Operation 87 [1/1] (0.00ns)   --->   "%specloopname_ln0 = specloopname void @_ssdm_op_SpecLoopName, void @A_IO_L2_in_0_x1_loop_9_A_IO_L2_in_0_x1_loop_10_str"   --->   Operation 87 'specloopname' 'specloopname_ln0' <Predicate = true> <Delay = 0.00>
ST_5 : Operation 88 [1/1] (0.00ns)   --->   "%specpipeline_ln14251 = specpipeline void @_ssdm_op_SpecPipeline, i32 2, i32 0, i32 0, i32 0, void @empty_536" [./dut.cpp:14251]   --->   Operation 88 'specpipeline' 'specpipeline_ln14251' <Predicate = true> <Delay = 0.00>
ST_5 : Operation 89 [1/1] (0.00ns)   --->   "%specloopname_ln14251 = specloopname void @_ssdm_op_SpecLoopName, void @empty_1229" [./dut.cpp:14251]   --->   Operation 89 'specloopname' 'specloopname_ln14251' <Predicate = true> <Delay = 0.00>
ST_5 : Operation 90 [1/1] (1.21ns)   --->   "%tmp_868 = read i512 @_ssdm_op_Read.ap_fifo.volatile.i512P0A, i512 %fifo_A_A_IO_L2_in_0_x15" [/home/rcslfpgaserver/Softwares/Xilinx/Vitis_HLS/2020.2/common/technology/autopilot/hls_stream_39.h:145]   --->   Operation 90 'read' 'tmp_868' <Predicate = true> <Delay = 1.21> <CoreInst = "FIFO_SRL">   --->   Core 81 'FIFO_SRL' <Latency = 0> <II = 1> <Delay = 1.41> <Storage> <Opcode : 'read' 'write' 'nbread' 'nbwrite'> <Ports = 0> <Width = 512> <Depth = 2> <FIFO>
ST_5 : Operation 91 [1/1] (1.21ns)   --->   "%write_ln174 = write void @_ssdm_op_Write.ap_fifo.volatile.i512P0A, i512 %fifo_A_A_IO_L2_in_1_x16, i512 %tmp_868" [/home/rcslfpgaserver/Softwares/Xilinx/Vitis_HLS/2020.2/common/technology/autopilot/hls_stream_39.h:174]   --->   Operation 91 'write' 'write_ln174' <Predicate = true> <Delay = 1.21> <CoreInst = "FIFO_SRL">   --->   Core 81 'FIFO_SRL' <Latency = 0> <II = 1> <Delay = 1.41> <Storage> <Opcode : 'read' 'write' 'nbread' 'nbwrite'> <Ports = 0> <Width = 512> <Depth = 2> <FIFO>
ST_5 : Operation 92 [1/1] (0.00ns)   --->   "%br_ln0 = br void %.preheader11.preheader"   --->   Operation 92 'br' 'br_ln0' <Predicate = true> <Delay = 0.00>

State 6 <SV = 4> <Delay = 0.00>
ST_6 : Operation 93 [1/1] (0.00ns)   --->   "%br_ln0 = br void %.loopexit1238"   --->   Operation 93 'br' 'br_ln0' <Predicate = (!icmp_ln870_5)> <Delay = 0.00>
ST_6 : Operation 94 [1/1] (0.00ns)   --->   "%br_ln0 = br void %.loopexit1238"   --->   Operation 94 'br' 'br_ln0' <Predicate = (icmp_ln870_5)> <Delay = 0.00>
ST_6 : Operation 95 [1/1] (0.00ns)   --->   "%br_ln0 = br void %.preheader14"   --->   Operation 95 'br' 'br_ln0' <Predicate = true> <Delay = 0.00>

State 7 <SV = 3> <Delay = 2.29>
ST_7 : Operation 96 [1/1] (0.00ns)   --->   "%indvar_flatten13 = phi i10 %add_ln890_392, void %.preheader12, i10 0, void %.preheader12.preheader.preheader"   --->   Operation 96 'phi' 'indvar_flatten13' <Predicate = true> <Delay = 0.00>
ST_7 : Operation 97 [1/1] (0.00ns)   --->   "%c4_V_95 = phi i5 %select_ln890_514, void %.preheader12, i5 0, void %.preheader12.preheader.preheader"   --->   Operation 97 'phi' 'c4_V_95' <Predicate = true> <Delay = 0.00>
ST_7 : Operation 98 [1/1] (0.00ns)   --->   "%indvar_flatten = phi i7 %select_ln890_517, void %.preheader12, i7 0, void %.preheader12.preheader.preheader"   --->   Operation 98 'phi' 'indvar_flatten' <Predicate = true> <Delay = 0.00>
ST_7 : Operation 99 [1/1] (0.00ns)   --->   "%c5_V_152 = phi i2 %select_ln890_516, void %.preheader12, i2 0, void %.preheader12.preheader.preheader"   --->   Operation 99 'phi' 'c5_V_152' <Predicate = true> <Delay = 0.00>
ST_7 : Operation 100 [1/1] (0.00ns)   --->   "%c6_V_139 = phi i5 %add_ln691_1514, void %.preheader12, i5 0, void %.preheader12.preheader.preheader"   --->   Operation 100 'phi' 'c6_V_139' <Predicate = true> <Delay = 0.00>
ST_7 : Operation 101 [1/1] (0.72ns)   --->   "%add_ln890_392 = add i10 %indvar_flatten13, i10 1"   --->   Operation 101 'add' 'add_ln890_392' <Predicate = true> <Delay = 0.72> <CoreInst = "Adder">   --->   Core 1 'Adder' <Latency = 0> <II = 1> <Delay = 0.76> <FuncUnit> <Opcode : 'add' 'sub'> <InPorts = 2> <OutPorts = 1>
ST_7 : Operation 102 [1/1] (0.60ns)   --->   "%icmp_ln890_1555 = icmp_eq  i10 %indvar_flatten13, i10 512"   --->   Operation 102 'icmp' 'icmp_ln890_1555' <Predicate = true> <Delay = 0.60> <CoreInst = "Cmp">   --->   Core 9 'Cmp' <Latency = 0> <II = 1> <Delay = 0.34> <FuncUnit> <Opcode : 'icmp'> <InPorts = 2> <OutPorts = 1>
ST_7 : Operation 103 [1/1] (0.00ns)   --->   "%br_ln890 = br i1 %icmp_ln890_1555, void %.preheader12, void %.loopexit1238.loopexit391"   --->   Operation 103 'br' 'br_ln890' <Predicate = true> <Delay = 0.00>
ST_7 : Operation 104 [1/1] (0.70ns)   --->   "%add_ln691_1512 = add i5 %c4_V_95, i5 1"   --->   Operation 104 'add' 'add_ln691_1512' <Predicate = (!icmp_ln890_1555)> <Delay = 0.70> <CoreInst = "Adder">   --->   Core 1 'Adder' <Latency = 0> <II = 1> <Delay = 0.76> <FuncUnit> <Opcode : 'add' 'sub'> <InPorts = 2> <OutPorts = 1>
ST_7 : Operation 105 [1/1] (0.59ns)   --->   "%icmp_ln890_1565 = icmp_eq  i7 %indvar_flatten, i7 32"   --->   Operation 105 'icmp' 'icmp_ln890_1565' <Predicate = (!icmp_ln890_1555)> <Delay = 0.59> <CoreInst = "Cmp">   --->   Core 9 'Cmp' <Latency = 0> <II = 1> <Delay = 0.34> <FuncUnit> <Opcode : 'icmp'> <InPorts = 2> <OutPorts = 1>
ST_7 : Operation 106 [1/1] (0.27ns)   --->   "%select_ln890_513 = select i1 %icmp_ln890_1565, i2 0, i2 %c5_V_152"   --->   Operation 106 'select' 'select_ln890_513' <Predicate = (!icmp_ln890_1555)> <Delay = 0.27> <CoreInst = "Sel">   --->   Core 73 'Sel' <Latency = 0> <II = 1> <Delay = 0.34> <FuncUnit> <Opcode : 'select'> <InPorts = 3> <OutPorts = 1>
ST_7 : Operation 107 [1/1] (0.27ns)   --->   "%select_ln890_514 = select i1 %icmp_ln890_1565, i5 %add_ln691_1512, i5 %c4_V_95"   --->   Operation 107 'select' 'select_ln890_514' <Predicate = (!icmp_ln890_1555)> <Delay = 0.27> <CoreInst = "Sel">   --->   Core 73 'Sel' <Latency = 0> <II = 1> <Delay = 0.34> <FuncUnit> <Opcode : 'select'> <InPorts = 3> <OutPorts = 1>
ST_7 : Operation 108 [1/1] (0.00ns) (grouped into LUT with out node add_ln14243)   --->   "%shl_ln14243 = shl i5 %select_ln890_514, i5 1" [./dut.cpp:14243]   --->   Operation 108 'shl' 'shl_ln14243' <Predicate = (!icmp_ln890_1555)> <Delay = 0.00>
ST_7 : Operation 109 [1/1] (0.00ns) (grouped into LUT with out node and_ln890_66)   --->   "%xor_ln890_26 = xor i1 %icmp_ln890_1565, i1 1"   --->   Operation 109 'xor' 'xor_ln890_26' <Predicate = (!icmp_ln890_1555)> <Delay = 0.00> <CoreInst = "LogicGate">   --->   Core 74 'LogicGate' <Latency = 0> <II = 1> <Delay = 0.12> <FuncUnit> <Opcode : 'and' 'or' 'xor'> <InPorts = 2> <OutPorts = 1>
ST_7 : Operation 110 [1/1] (0.63ns)   --->   "%icmp_ln890_1566 = icmp_eq  i5 %c6_V_139, i5 16"   --->   Operation 110 'icmp' 'icmp_ln890_1566' <Predicate = (!icmp_ln890_1555)> <Delay = 0.63> <CoreInst = "Cmp">   --->   Core 9 'Cmp' <Latency = 0> <II = 1> <Delay = 0.34> <FuncUnit> <Opcode : 'icmp'> <InPorts = 2> <OutPorts = 1>
ST_7 : Operation 111 [1/1] (0.12ns) (out node of the LUT)   --->   "%and_ln890_66 = and i1 %icmp_ln890_1566, i1 %xor_ln890_26"   --->   Operation 111 'and' 'and_ln890_66' <Predicate = (!icmp_ln890_1555)> <Delay = 0.12> <CoreInst = "LogicGate">   --->   Core 74 'LogicGate' <Latency = 0> <II = 1> <Delay = 0.12> <FuncUnit> <Opcode : 'and' 'or' 'xor'> <InPorts = 2> <OutPorts = 1>
ST_7 : Operation 112 [1/1] (0.43ns)   --->   "%add_ln691_1513 = add i2 %select_ln890_513, i2 1"   --->   Operation 112 'add' 'add_ln691_1513' <Predicate = (!icmp_ln890_1555)> <Delay = 0.43> <CoreInst = "Adder">   --->   Core 1 'Adder' <Latency = 0> <II = 1> <Delay = 0.76> <FuncUnit> <Opcode : 'add' 'sub'> <InPorts = 2> <OutPorts = 1>
ST_7 : Operation 113 [1/1] (0.00ns) (grouped into LUT with out node select_ln890_515)   --->   "%or_ln890_24 = or i1 %and_ln890_66, i1 %icmp_ln890_1565"   --->   Operation 113 'or' 'or_ln890_24' <Predicate = (!icmp_ln890_1555)> <Delay = 0.00> <CoreInst = "LogicGate">   --->   Core 74 'LogicGate' <Latency = 0> <II = 1> <Delay = 0.12> <FuncUnit> <Opcode : 'and' 'or' 'xor'> <InPorts = 2> <OutPorts = 1>
ST_7 : Operation 114 [1/1] (0.27ns) (out node of the LUT)   --->   "%select_ln890_515 = select i1 %or_ln890_24, i5 0, i5 %c6_V_139"   --->   Operation 114 'select' 'select_ln890_515' <Predicate = (!icmp_ln890_1555)> <Delay = 0.27> <CoreInst = "Sel">   --->   Core 73 'Sel' <Latency = 0> <II = 1> <Delay = 0.34> <FuncUnit> <Opcode : 'select'> <InPorts = 3> <OutPorts = 1>
ST_7 : Operation 115 [1/1] (0.27ns)   --->   "%select_ln890_516 = select i1 %and_ln890_66, i2 %add_ln691_1513, i2 %select_ln890_513"   --->   Operation 115 'select' 'select_ln890_516' <Predicate = (!icmp_ln890_1555)> <Delay = 0.27> <CoreInst = "Sel">   --->   Core 73 'Sel' <Latency = 0> <II = 1> <Delay = 0.34> <FuncUnit> <Opcode : 'select'> <InPorts = 3> <OutPorts = 1>
ST_7 : Operation 116 [1/1] (0.00ns) (grouped into LUT with out node add_ln14243)   --->   "%zext_ln14243 = zext i2 %select_ln890_516" [./dut.cpp:14243]   --->   Operation 116 'zext' 'zext_ln14243' <Predicate = (!icmp_ln890_1555)> <Delay = 0.00>
ST_7 : Operation 117 [1/1] (0.70ns) (out node of the LUT)   --->   "%add_ln14243 = add i5 %shl_ln14243, i5 %zext_ln14243" [./dut.cpp:14243]   --->   Operation 117 'add' 'add_ln14243' <Predicate = (!icmp_ln890_1555)> <Delay = 0.70> <CoreInst = "Adder">   --->   Core 1 'Adder' <Latency = 0> <II = 1> <Delay = 0.76> <FuncUnit> <Opcode : 'add' 'sub'> <InPorts = 2> <OutPorts = 1>
ST_7 : Operation 118 [1/1] (0.70ns)   --->   "%add_ln890_391 = add i7 %indvar_flatten, i7 1"   --->   Operation 118 'add' 'add_ln890_391' <Predicate = (!icmp_ln890_1555)> <Delay = 0.70> <CoreInst = "Adder">   --->   Core 1 'Adder' <Latency = 0> <II = 1> <Delay = 0.76> <FuncUnit> <Opcode : 'add' 'sub'> <InPorts = 2> <OutPorts = 1>
ST_7 : Operation 119 [1/1] (0.30ns)   --->   "%select_ln890_517 = select i1 %icmp_ln890_1565, i7 1, i7 %add_ln890_391"   --->   Operation 119 'select' 'select_ln890_517' <Predicate = (!icmp_ln890_1555)> <Delay = 0.30> <CoreInst = "Sel">   --->   Core 73 'Sel' <Latency = 0> <II = 1> <Delay = 0.34> <FuncUnit> <Opcode : 'select'> <InPorts = 3> <OutPorts = 1>

State 8 <SV = 4> <Delay = 2.41>
ST_8 : Operation 120 [1/1] (0.00ns)   --->   "%specloopname_ln0 = specloopname void @_ssdm_op_SpecLoopName, void @A_IO_L2_in_0_x1_loop_5_A_IO_L2_in_0_x1_loop_6_A_IO_L2_in_0_x1_loop_7_str"   --->   Operation 120 'specloopname' 'specloopname_ln0' <Predicate = true> <Delay = 0.00>
ST_8 : Operation 121 [1/1] (0.00ns)   --->   "%speclooptripcount_ln0 = speclooptripcount void @_ssdm_op_SpecLoopTripCount, i64 512, i64 512, i64 512"   --->   Operation 121 'speclooptripcount' 'speclooptripcount_ln0' <Predicate = true> <Delay = 0.00>
ST_8 : Operation 122 [1/1] (0.00ns)   --->   "%specloopname_ln0 = specloopname void @_ssdm_op_SpecLoopName, void @A_IO_L2_in_0_x1_loop_6_A_IO_L2_in_0_x1_loop_7_str"   --->   Operation 122 'specloopname' 'specloopname_ln0' <Predicate = true> <Delay = 0.00>
ST_8 : Operation 123 [1/1] (0.00ns)   --->   "%tmp_1007_cast = bitconcatenate i9 @_ssdm_op_BitConcatenate.i9.i5.i4, i5 %add_ln14243, i4 0"   --->   Operation 123 'bitconcatenate' 'tmp_1007_cast' <Predicate = true> <Delay = 0.00>
ST_8 : Operation 124 [1/1] (0.00ns)   --->   "%zext_ln14243_1 = zext i5 %select_ln890_515" [./dut.cpp:14243]   --->   Operation 124 'zext' 'zext_ln14243_1' <Predicate = true> <Delay = 0.00>
ST_8 : Operation 125 [1/1] (0.71ns)   --->   "%add_ln14243_1 = add i9 %tmp_1007_cast, i9 %zext_ln14243_1" [./dut.cpp:14243]   --->   Operation 125 'add' 'add_ln14243_1' <Predicate = true> <Delay = 0.71> <CoreInst = "Adder">   --->   Core 1 'Adder' <Latency = 0> <II = 1> <Delay = 0.76> <FuncUnit> <Opcode : 'add' 'sub'> <InPorts = 2> <OutPorts = 1>
ST_8 : Operation 126 [1/1] (0.00ns)   --->   "%zext_ln14243_2 = zext i9 %add_ln14243_1" [./dut.cpp:14243]   --->   Operation 126 'zext' 'zext_ln14243_2' <Predicate = true> <Delay = 0.00>
ST_8 : Operation 127 [1/1] (0.00ns)   --->   "%local_A_pong_V_addr = getelementptr i512 %local_A_pong_V, i64 0, i64 %zext_ln14243_2" [./dut.cpp:14243]   --->   Operation 127 'getelementptr' 'local_A_pong_V_addr' <Predicate = true> <Delay = 0.00>
ST_8 : Operation 128 [1/1] (0.00ns)   --->   "%specpipeline_ln14236 = specpipeline void @_ssdm_op_SpecPipeline, i32 2, i32 0, i32 0, i32 0, void @empty_536" [./dut.cpp:14236]   --->   Operation 128 'specpipeline' 'specpipeline_ln14236' <Predicate = true> <Delay = 0.00>
ST_8 : Operation 129 [1/1] (0.00ns)   --->   "%specloopname_ln14236 = specloopname void @_ssdm_op_SpecLoopName, void @empty_820" [./dut.cpp:14236]   --->   Operation 129 'specloopname' 'specloopname_ln14236' <Predicate = true> <Delay = 0.00>
ST_8 : Operation 130 [1/1] (1.21ns)   --->   "%tmp = read i512 @_ssdm_op_Read.ap_fifo.volatile.i512P0A, i512 %fifo_A_A_IO_L2_in_0_x15" [/home/rcslfpgaserver/Softwares/Xilinx/Vitis_HLS/2020.2/common/technology/autopilot/hls_stream_39.h:145]   --->   Operation 130 'read' 'tmp' <Predicate = true> <Delay = 1.21> <CoreInst = "FIFO_SRL">   --->   Core 81 'FIFO_SRL' <Latency = 0> <II = 1> <Delay = 1.41> <Storage> <Opcode : 'read' 'write' 'nbread' 'nbwrite'> <Ports = 0> <Width = 512> <Depth = 2> <FIFO>
ST_8 : Operation 131 [1/1] (1.20ns)   --->   "%store_ln14243 = store i512 %tmp, i9 %local_A_pong_V_addr" [./dut.cpp:14243]   --->   Operation 131 'store' 'store_ln14243' <Predicate = true> <Delay = 1.20> <CoreInst = "RAM_2P_BRAM">   --->   Core 94 'RAM_2P_BRAM' <Latency = 1> <II = 1> <Delay = 1.20> <Storage> <Opcode : 'load' 'store'> <Ports = 2> <Width = 512> <Depth = 512> <RAM>
ST_8 : Operation 132 [1/1] (0.70ns)   --->   "%add_ln691_1514 = add i5 %select_ln890_515, i5 1"   --->   Operation 132 'add' 'add_ln691_1514' <Predicate = true> <Delay = 0.70> <CoreInst = "Adder">   --->   Core 1 'Adder' <Latency = 0> <II = 1> <Delay = 0.76> <FuncUnit> <Opcode : 'add' 'sub'> <InPorts = 2> <OutPorts = 1>
ST_8 : Operation 133 [1/1] (0.00ns)   --->   "%br_ln0 = br void %.preheader12.preheader"   --->   Operation 133 'br' 'br_ln0' <Predicate = true> <Delay = 0.00>

State 9 <SV = 3> <Delay = 1.29>
ST_9 : Operation 134 [1/1] (0.00ns)   --->   "%indvar_flatten81 = phi i14 %add_ln890_390, void %.preheader9, i14 0, void %.preheader9.preheader.preheader"   --->   Operation 134 'phi' 'indvar_flatten81' <Predicate = true> <Delay = 0.00>
ST_9 : Operation 135 [1/1] (0.00ns)   --->   "%c5_V_151 = phi i2 %select_ln890_508, void %.preheader9, i2 0, void %.preheader9.preheader.preheader"   --->   Operation 135 'phi' 'c5_V_151' <Predicate = true> <Delay = 0.00>
ST_9 : Operation 136 [1/1] (0.00ns)   --->   "%indvar_flatten53 = phi i14 %select_ln890_512, void %.preheader9, i14 0, void %.preheader9.preheader.preheader"   --->   Operation 136 'phi' 'indvar_flatten53' <Predicate = true> <Delay = 0.00>
ST_9 : Operation 137 [1/1] (0.00ns)   --->   "%c6_V_137 = phi i6 %select_ln890_510, void %.preheader9, i6 0, void %.preheader9.preheader.preheader"   --->   Operation 137 'phi' 'c6_V_137' <Predicate = true> <Delay = 0.00>
ST_9 : Operation 138 [1/1] (0.00ns)   --->   "%indvar_flatten41 = phi i9 %select_ln890_511, void %.preheader9, i9 0, void %.preheader9.preheader.preheader"   --->   Operation 138 'phi' 'indvar_flatten41' <Predicate = true> <Delay = 0.00>
ST_9 : Operation 139 [1/1] (0.00ns)   --->   "%c8_V_28 = phi i5 %add_ln691_1511, void %.preheader9, i5 0, void %.preheader9.preheader.preheader"   --->   Operation 139 'phi' 'c8_V_28' <Predicate = true> <Delay = 0.00>
ST_9 : Operation 140 [1/1] (0.76ns)   --->   "%add_ln890_390 = add i14 %indvar_flatten81, i14 1"   --->   Operation 140 'add' 'add_ln890_390' <Predicate = true> <Delay = 0.76> <CoreInst = "Adder">   --->   Core 1 'Adder' <Latency = 0> <II = 1> <Delay = 0.76> <FuncUnit> <Opcode : 'add' 'sub'> <InPorts = 2> <OutPorts = 1>
ST_9 : Operation 141 [1/1] (0.00ns)   --->   "%div_i_i25 = partselect i4 @_ssdm_op_PartSelect.i4.i6.i32.i32, i6 %c6_V_137, i32 1, i32 4"   --->   Operation 141 'partselect' 'div_i_i25' <Predicate = true> <Delay = 0.00>
ST_9 : Operation 142 [1/1] (0.00ns)   --->   "%empty = trunc i6 %c6_V_137"   --->   Operation 142 'trunc' 'empty' <Predicate = true> <Delay = 0.00>
ST_9 : Operation 143 [1/1] (0.65ns)   --->   "%icmp_ln890_1554 = icmp_eq  i14 %indvar_flatten81, i14 8192"   --->   Operation 143 'icmp' 'icmp_ln890_1554' <Predicate = true> <Delay = 0.65> <CoreInst = "Cmp">   --->   Core 9 'Cmp' <Latency = 0> <II = 1> <Delay = 0.34> <FuncUnit> <Opcode : 'icmp'> <InPorts = 2> <OutPorts = 1>
ST_9 : Operation 144 [1/1] (0.00ns)   --->   "%br_ln890 = br i1 %icmp_ln890_1554, void %.preheader9, void %.loopexit1242.loopexit390"   --->   Operation 144 'br' 'br_ln890' <Predicate = true> <Delay = 0.00>
ST_9 : Operation 145 [1/1] (0.43ns)   --->   "%add_ln691_1509 = add i2 %c5_V_151, i2 1"   --->   Operation 145 'add' 'add_ln691_1509' <Predicate = (!icmp_ln890_1554)> <Delay = 0.43> <CoreInst = "Adder">   --->   Core 1 'Adder' <Latency = 0> <II = 1> <Delay = 0.76> <FuncUnit> <Opcode : 'add' 'sub'> <InPorts = 2> <OutPorts = 1>
ST_9 : Operation 146 [1/1] (0.65ns)   --->   "%icmp_ln890_1562 = icmp_eq  i14 %indvar_flatten53, i14 4096"   --->   Operation 146 'icmp' 'icmp_ln890_1562' <Predicate = (!icmp_ln890_1554)> <Delay = 0.65> <CoreInst = "Cmp">   --->   Core 9 'Cmp' <Latency = 0> <II = 1> <Delay = 0.34> <FuncUnit> <Opcode : 'icmp'> <InPorts = 2> <OutPorts = 1>
ST_9 : Operation 147 [1/1] (0.29ns)   --->   "%select_ln890_507 = select i1 %icmp_ln890_1562, i6 0, i6 %c6_V_137"   --->   Operation 147 'select' 'select_ln890_507' <Predicate = (!icmp_ln890_1554)> <Delay = 0.29> <CoreInst = "Sel">   --->   Core 73 'Sel' <Latency = 0> <II = 1> <Delay = 0.34> <FuncUnit> <Opcode : 'select'> <InPorts = 3> <OutPorts = 1>
ST_9 : Operation 148 [1/1] (0.27ns)   --->   "%select_ln890_508 = select i1 %icmp_ln890_1562, i2 %add_ln691_1509, i2 %c5_V_151"   --->   Operation 148 'select' 'select_ln890_508' <Predicate = (!icmp_ln890_1554)> <Delay = 0.27> <CoreInst = "Sel">   --->   Core 73 'Sel' <Latency = 0> <II = 1> <Delay = 0.34> <FuncUnit> <Opcode : 'select'> <InPorts = 3> <OutPorts = 1>
ST_9 : Operation 149 [1/1] (0.12ns)   --->   "%xor_ln890_25 = xor i1 %icmp_ln890_1562, i1 1"   --->   Operation 149 'xor' 'xor_ln890_25' <Predicate = (!icmp_ln890_1554)> <Delay = 0.12> <CoreInst = "LogicGate">   --->   Core 74 'LogicGate' <Latency = 0> <II = 1> <Delay = 0.12> <FuncUnit> <Opcode : 'and' 'or' 'xor'> <InPorts = 2> <OutPorts = 1>
ST_9 : Operation 150 [1/1] (0.63ns)   --->   "%icmp_ln890_1563 = icmp_eq  i5 %c8_V_28, i5 16"   --->   Operation 150 'icmp' 'icmp_ln890_1563' <Predicate = (!icmp_ln890_1554)> <Delay = 0.63> <CoreInst = "Cmp">   --->   Core 9 'Cmp' <Latency = 0> <II = 1> <Delay = 0.34> <FuncUnit> <Opcode : 'icmp'> <InPorts = 2> <OutPorts = 1>
ST_9 : Operation 151 [1/1] (0.00ns) (grouped into LUT with out node or_ln14273_1)   --->   "%and_ln890_64 = and i1 %icmp_ln890_1563, i1 %xor_ln890_25"   --->   Operation 151 'and' 'and_ln890_64' <Predicate = (!icmp_ln890_1554)> <Delay = 0.00> <CoreInst = "LogicGate">   --->   Core 74 'LogicGate' <Latency = 0> <II = 1> <Delay = 0.12> <FuncUnit> <Opcode : 'and' 'or' 'xor'> <InPorts = 2> <OutPorts = 1>
ST_9 : Operation 152 [1/1] (0.59ns)   --->   "%icmp_ln890_1564 = icmp_eq  i9 %indvar_flatten41, i9 128"   --->   Operation 152 'icmp' 'icmp_ln890_1564' <Predicate = (!icmp_ln890_1554)> <Delay = 0.59> <CoreInst = "Cmp">   --->   Core 9 'Cmp' <Latency = 0> <II = 1> <Delay = 0.34> <FuncUnit> <Opcode : 'icmp'> <InPorts = 2> <OutPorts = 1>
ST_9 : Operation 153 [1/1] (0.12ns)   --->   "%and_ln890_65 = and i1 %icmp_ln890_1564, i1 %xor_ln890_25"   --->   Operation 153 'and' 'and_ln890_65' <Predicate = (!icmp_ln890_1554)> <Delay = 0.12> <CoreInst = "LogicGate">   --->   Core 74 'LogicGate' <Latency = 0> <II = 1> <Delay = 0.12> <FuncUnit> <Opcode : 'and' 'or' 'xor'> <InPorts = 2> <OutPorts = 1>
ST_9 : Operation 154 [1/1] (0.00ns) (grouped into LUT with out node or_ln14273_1)   --->   "%xor_ln14271 = xor i1 %icmp_ln890_1564, i1 1" [./dut.cpp:14271]   --->   Operation 154 'xor' 'xor_ln14271' <Predicate = (!icmp_ln890_1554)> <Delay = 0.00> <CoreInst = "LogicGate">   --->   Core 74 'LogicGate' <Latency = 0> <II = 1> <Delay = 0.12> <FuncUnit> <Opcode : 'and' 'or' 'xor'> <InPorts = 2> <OutPorts = 1>
ST_9 : Operation 155 [1/1] (0.00ns) (grouped into LUT with out node or_ln14273_1)   --->   "%or_ln14271 = or i1 %icmp_ln890_1562, i1 %xor_ln14271" [./dut.cpp:14271]   --->   Operation 155 'or' 'or_ln14271' <Predicate = (!icmp_ln890_1554)> <Delay = 0.00> <CoreInst = "LogicGate">   --->   Core 74 'LogicGate' <Latency = 0> <II = 1> <Delay = 0.12> <FuncUnit> <Opcode : 'and' 'or' 'xor'> <InPorts = 2> <OutPorts = 1>
ST_9 : Operation 156 [1/1] (0.00ns) (grouped into LUT with out node or_ln14273_1)   --->   "%and_ln14271 = and i1 %and_ln890_64, i1 %or_ln14271" [./dut.cpp:14271]   --->   Operation 156 'and' 'and_ln14271' <Predicate = (!icmp_ln890_1554)> <Delay = 0.00> <CoreInst = "LogicGate">   --->   Core 74 'LogicGate' <Latency = 0> <II = 1> <Delay = 0.12> <FuncUnit> <Opcode : 'and' 'or' 'xor'> <InPorts = 2> <OutPorts = 1>
ST_9 : Operation 157 [1/1] (0.00ns) (grouped into LUT with out node or_ln14273_1)   --->   "%or_ln14273 = or i1 %and_ln14271, i1 %and_ln890_65" [./dut.cpp:14273]   --->   Operation 157 'or' 'or_ln14273' <Predicate = (!icmp_ln890_1554)> <Delay = 0.00> <CoreInst = "LogicGate">   --->   Core 74 'LogicGate' <Latency = 0> <II = 1> <Delay = 0.12> <FuncUnit> <Opcode : 'and' 'or' 'xor'> <InPorts = 2> <OutPorts = 1>
ST_9 : Operation 158 [1/1] (0.12ns) (out node of the LUT)   --->   "%or_ln14273_1 = or i1 %or_ln14273, i1 %icmp_ln890_1562" [./dut.cpp:14273]   --->   Operation 158 'or' 'or_ln14273_1' <Predicate = (!icmp_ln890_1554)> <Delay = 0.12> <CoreInst = "LogicGate">   --->   Core 74 'LogicGate' <Latency = 0> <II = 1> <Delay = 0.12> <FuncUnit> <Opcode : 'and' 'or' 'xor'> <InPorts = 2> <OutPorts = 1>
ST_9 : Operation 159 [1/1] (0.27ns) (out node of the LUT)   --->   "%select_ln14273 = select i1 %or_ln14273_1, i5 0, i5 %c8_V_28" [./dut.cpp:14273]   --->   Operation 159 'select' 'select_ln14273' <Predicate = (!icmp_ln890_1554)> <Delay = 0.27> <CoreInst = "Sel">   --->   Core 73 'Sel' <Latency = 0> <II = 1> <Delay = 0.34> <FuncUnit> <Opcode : 'select'> <InPorts = 3> <OutPorts = 1>
ST_9 : Operation 160 [1/1] (0.71ns)   --->   "%add_ln890_388 = add i9 %indvar_flatten41, i9 1"   --->   Operation 160 'add' 'add_ln890_388' <Predicate = (!icmp_ln890_1554)> <Delay = 0.71> <CoreInst = "Adder">   --->   Core 1 'Adder' <Latency = 0> <II = 1> <Delay = 0.76> <FuncUnit> <Opcode : 'add' 'sub'> <InPorts = 2> <OutPorts = 1>
ST_9 : Operation 161 [1/1] (0.00ns) (grouped into LUT with out node select_ln890_511)   --->   "%or_ln890_23 = or i1 %and_ln890_65, i1 %icmp_ln890_1562"   --->   Operation 161 'or' 'or_ln890_23' <Predicate = (!icmp_ln890_1554)> <Delay = 0.00> <CoreInst = "LogicGate">   --->   Core 74 'LogicGate' <Latency = 0> <II = 1> <Delay = 0.12> <FuncUnit> <Opcode : 'and' 'or' 'xor'> <InPorts = 2> <OutPorts = 1>
ST_9 : Operation 162 [1/1] (0.30ns) (out node of the LUT)   --->   "%select_ln890_511 = select i1 %or_ln890_23, i9 1, i9 %add_ln890_388"   --->   Operation 162 'select' 'select_ln890_511' <Predicate = (!icmp_ln890_1554)> <Delay = 0.30> <CoreInst = "Sel">   --->   Core 73 'Sel' <Latency = 0> <II = 1> <Delay = 0.34> <FuncUnit> <Opcode : 'select'> <InPorts = 3> <OutPorts = 1>
ST_9 : Operation 163 [1/1] (0.76ns)   --->   "%add_ln890_389 = add i14 %indvar_flatten53, i14 1"   --->   Operation 163 'add' 'add_ln890_389' <Predicate = (!icmp_ln890_1554)> <Delay = 0.76> <CoreInst = "Adder">   --->   Core 1 'Adder' <Latency = 0> <II = 1> <Delay = 0.76> <FuncUnit> <Opcode : 'add' 'sub'> <InPorts = 2> <OutPorts = 1>
ST_9 : Operation 164 [1/1] (0.34ns)   --->   "%select_ln890_512 = select i1 %icmp_ln890_1562, i14 1, i14 %add_ln890_389"   --->   Operation 164 'select' 'select_ln890_512' <Predicate = (!icmp_ln890_1554)> <Delay = 0.34> <CoreInst = "Sel">   --->   Core 73 'Sel' <Latency = 0> <II = 1> <Delay = 0.34> <FuncUnit> <Opcode : 'select'> <InPorts = 3> <OutPorts = 1>

State 10 <SV = 4> <Delay = 2.25>
ST_10 : Operation 165 [1/1] (0.00ns) (grouped into LUT with out node add_ln14281)   --->   "%zext_ln14281 = zext i2 %select_ln890_508" [./dut.cpp:14281]   --->   Operation 165 'zext' 'zext_ln14281' <Predicate = (!icmp_ln890_1554)> <Delay = 0.00>
ST_10 : Operation 166 [1/1] (0.00ns) (grouped into LUT with out node select_ln14271)   --->   "%select_ln890_509 = select i1 %icmp_ln890_1562, i4 0, i4 %div_i_i25"   --->   Operation 166 'select' 'select_ln890_509' <Predicate = (!icmp_ln890_1554 & !and_ln890_65)> <Delay = 0.00> <CoreInst = "Sel">   --->   Core 73 'Sel' <Latency = 0> <II = 1> <Delay = 0.34> <FuncUnit> <Opcode : 'select'> <InPorts = 3> <OutPorts = 1>
ST_10 : Operation 167 [1/1] (0.70ns)   --->   "%add_ln691_1510 = add i6 %select_ln890_507, i6 1"   --->   Operation 167 'add' 'add_ln691_1510' <Predicate = (!icmp_ln890_1554)> <Delay = 0.70> <CoreInst = "Adder">   --->   Core 1 'Adder' <Latency = 0> <II = 1> <Delay = 0.76> <FuncUnit> <Opcode : 'add' 'sub'> <InPorts = 2> <OutPorts = 1>
ST_10 : Operation 168 [1/1] (0.00ns) (grouped into LUT with out node select_ln14271)   --->   "%div_i_i623_mid1 = partselect i4 @_ssdm_op_PartSelect.i4.i6.i32.i32, i6 %add_ln691_1510, i32 1, i32 4"   --->   Operation 168 'partselect' 'div_i_i623_mid1' <Predicate = (!icmp_ln890_1554 & and_ln890_65)> <Delay = 0.00>
ST_10 : Operation 169 [1/1] (0.35ns) (out node of the LUT)   --->   "%select_ln14271 = select i1 %and_ln890_65, i4 %div_i_i623_mid1, i4 %select_ln890_509" [./dut.cpp:14271]   --->   Operation 169 'select' 'select_ln14271' <Predicate = (!icmp_ln890_1554)> <Delay = 0.35> <CoreInst = "Sel">   --->   Core 73 'Sel' <Latency = 0> <II = 1> <Delay = 0.34> <FuncUnit> <Opcode : 'select'> <InPorts = 3> <OutPorts = 1>
ST_10 : Operation 170 [1/1] (0.29ns)   --->   "%select_ln890_510 = select i1 %and_ln890_65, i6 %add_ln691_1510, i6 %select_ln890_507"   --->   Operation 170 'select' 'select_ln890_510' <Predicate = (!icmp_ln890_1554)> <Delay = 0.29> <CoreInst = "Sel">   --->   Core 73 'Sel' <Latency = 0> <II = 1> <Delay = 0.34> <FuncUnit> <Opcode : 'select'> <InPorts = 3> <OutPorts = 1>
ST_10 : Operation 171 [1/1] (0.00ns) (grouped into LUT with out node add_ln14281)   --->   "%shl_ln14281 = shl i5 %select_ln14273, i5 1" [./dut.cpp:14281]   --->   Operation 171 'shl' 'shl_ln14281' <Predicate = (!icmp_ln890_1554)> <Delay = 0.00>
ST_10 : Operation 172 [1/1] (0.70ns) (out node of the LUT)   --->   "%add_ln14281 = add i5 %shl_ln14281, i5 %zext_ln14281" [./dut.cpp:14281]   --->   Operation 172 'add' 'add_ln14281' <Predicate = (!icmp_ln890_1554)> <Delay = 0.70> <CoreInst = "Adder">   --->   Core 1 'Adder' <Latency = 0> <II = 1> <Delay = 0.76> <FuncUnit> <Opcode : 'add' 'sub'> <InPorts = 2> <OutPorts = 1>
ST_10 : Operation 173 [1/1] (0.00ns)   --->   "%or_ln12 = bitconcatenate i9 @_ssdm_op_BitConcatenate.i9.i5.i4, i5 %add_ln14281, i4 %select_ln14271" [./dut.cpp:14281]   --->   Operation 173 'bitconcatenate' 'or_ln12' <Predicate = (!icmp_ln890_1554)> <Delay = 0.00>
ST_10 : Operation 174 [1/1] (0.00ns)   --->   "%zext_ln14281_1 = zext i9 %or_ln12" [./dut.cpp:14281]   --->   Operation 174 'zext' 'zext_ln14281_1' <Predicate = (!icmp_ln890_1554)> <Delay = 0.00>
ST_10 : Operation 175 [1/1] (0.00ns)   --->   "%local_A_ping_V_addr_14 = getelementptr i512 %local_A_ping_V, i64 0, i64 %zext_ln14281_1" [./dut.cpp:14281]   --->   Operation 175 'getelementptr' 'local_A_ping_V_addr_14' <Predicate = (!icmp_ln890_1554)> <Delay = 0.00>
ST_10 : Operation 176 [2/2] (1.20ns)   --->   "%in_data_V_48 = load i9 %local_A_ping_V_addr_14" [./dut.cpp:14281]   --->   Operation 176 'load' 'in_data_V_48' <Predicate = (!icmp_ln890_1554)> <Delay = 1.20> <CoreInst = "RAM_2P_BRAM">   --->   Core 94 'RAM_2P_BRAM' <Latency = 1> <II = 1> <Delay = 1.20> <Storage> <Opcode : 'load' 'store'> <Ports = 2> <Width = 512> <Depth = 512> <RAM>
ST_10 : Operation 177 [1/1] (0.70ns)   --->   "%add_ln691_1511 = add i5 %select_ln14273, i5 1"   --->   Operation 177 'add' 'add_ln691_1511' <Predicate = (!icmp_ln890_1554)> <Delay = 0.70> <CoreInst = "Adder">   --->   Core 1 'Adder' <Latency = 0> <II = 1> <Delay = 0.76> <FuncUnit> <Opcode : 'add' 'sub'> <InPorts = 2> <OutPorts = 1>

State 11 <SV = 5> <Delay = 1.62>
ST_11 : Operation 178 [1/1] (0.00ns) (grouped into LUT with out node select_ln14287)   --->   "%and_ln890_63 = and i1 %empty, i1 %xor_ln890_25"   --->   Operation 178 'and' 'and_ln890_63' <Predicate = (!icmp_ln890_1554 & !and_ln890_65)> <Delay = 0.00> <CoreInst = "LogicGate">   --->   Core 74 'LogicGate' <Latency = 0> <II = 1> <Delay = 0.12> <FuncUnit> <Opcode : 'and' 'or' 'xor'> <InPorts = 2> <OutPorts = 1>
ST_11 : Operation 179 [1/1] (0.00ns) (grouped into LUT with out node select_ln14287)   --->   "%empty_2545 = trunc i6 %add_ln691_1510"   --->   Operation 179 'trunc' 'empty_2545' <Predicate = (!icmp_ln890_1554 & and_ln890_65)> <Delay = 0.00>
ST_11 : Operation 180 [1/1] (0.00ns) (grouped into LUT with out node select_ln14287)   --->   "%select_ln14271_1 = select i1 %and_ln890_65, i1 %empty_2545, i1 %and_ln890_63" [./dut.cpp:14271]   --->   Operation 180 'select' 'select_ln14271_1' <Predicate = (!icmp_ln890_1554)> <Delay = 0.00> <CoreInst = "Sel">   --->   Core 73 'Sel' <Latency = 0> <II = 1> <Delay = 0.34> <FuncUnit> <Opcode : 'select'> <InPorts = 3> <OutPorts = 1>
ST_11 : Operation 181 [1/2] (1.20ns)   --->   "%in_data_V_48 = load i9 %local_A_ping_V_addr_14" [./dut.cpp:14281]   --->   Operation 181 'load' 'in_data_V_48' <Predicate = (!icmp_ln890_1554)> <Delay = 1.20> <CoreInst = "RAM_2P_BRAM">   --->   Core 94 'RAM_2P_BRAM' <Latency = 1> <II = 1> <Delay = 1.20> <Storage> <Opcode : 'load' 'store'> <Ports = 2> <Width = 512> <Depth = 512> <RAM>
ST_11 : Operation 182 [1/1] (0.00ns) (grouped into LUT with out node select_ln14287)   --->   "%data_split_V_0_163 = trunc i512 %in_data_V_48"   --->   Operation 182 'trunc' 'data_split_V_0_163' <Predicate = (!icmp_ln890_1554)> <Delay = 0.00>
ST_11 : Operation 183 [1/1] (0.00ns) (grouped into LUT with out node select_ln14287)   --->   "%data_split_V_1_215 = partselect i256 @_ssdm_op_PartSelect.i256.i512.i32.i32, i512 %in_data_V_48, i32 256, i32 511"   --->   Operation 183 'partselect' 'data_split_V_1_215' <Predicate = (!icmp_ln890_1554)> <Delay = 0.00>
ST_11 : Operation 184 [1/1] (0.42ns) (out node of the LUT)   --->   "%select_ln14287 = select i1 %select_ln14271_1, i256 %data_split_V_1_215, i256 %data_split_V_0_163" [./dut.cpp:14287]   --->   Operation 184 'select' 'select_ln14287' <Predicate = (!icmp_ln890_1554)> <Delay = 0.42> <CoreInst = "Sel">   --->   Core 73 'Sel' <Latency = 0> <II = 1> <Delay = 0.34> <FuncUnit> <Opcode : 'select'> <InPorts = 3> <OutPorts = 1>

State 12 <SV = 6> <Delay = 1.21>
ST_12 : Operation 185 [1/1] (0.00ns)   --->   "%specloopname_ln0 = specloopname void @_ssdm_op_SpecLoopName, void @A_IO_L2_in_0_x1_loop_11_A_IO_L2_in_0_x1_loop_13_A_IO_L2_in_0_x1_loop_14_str"   --->   Operation 185 'specloopname' 'specloopname_ln0' <Predicate = (!icmp_ln890_1554)> <Delay = 0.00>
ST_12 : Operation 186 [1/1] (0.00ns)   --->   "%speclooptripcount_ln0 = speclooptripcount void @_ssdm_op_SpecLoopTripCount, i64 8192, i64 8192, i64 8192"   --->   Operation 186 'speclooptripcount' 'speclooptripcount_ln0' <Predicate = (!icmp_ln890_1554)> <Delay = 0.00>
ST_12 : Operation 187 [1/1] (0.00ns)   --->   "%specloopname_ln0 = specloopname void @_ssdm_op_SpecLoopName, void @A_IO_L2_in_0_x1_loop_12_A_IO_L2_in_0_x1_loop_13_A_IO_L2_in_0_x1_loop_14_str"   --->   Operation 187 'specloopname' 'specloopname_ln0' <Predicate = (!icmp_ln890_1554)> <Delay = 0.00>
ST_12 : Operation 188 [1/1] (0.00ns)   --->   "%specloopname_ln0 = specloopname void @_ssdm_op_SpecLoopName, void @A_IO_L2_in_0_x1_loop_13_A_IO_L2_in_0_x1_loop_14_str"   --->   Operation 188 'specloopname' 'specloopname_ln0' <Predicate = (!icmp_ln890_1554)> <Delay = 0.00>
ST_12 : Operation 189 [1/1] (0.00ns)   --->   "%specpipeline_ln14275 = specpipeline void @_ssdm_op_SpecPipeline, i32 2, i32 0, i32 0, i32 0, void @empty_536" [./dut.cpp:14275]   --->   Operation 189 'specpipeline' 'specpipeline_ln14275' <Predicate = (!icmp_ln890_1554)> <Delay = 0.00>
ST_12 : Operation 190 [1/1] (0.00ns)   --->   "%specloopname_ln14275 = specloopname void @_ssdm_op_SpecLoopName, void @empty_734" [./dut.cpp:14275]   --->   Operation 190 'specloopname' 'specloopname_ln14275' <Predicate = (!icmp_ln890_1554)> <Delay = 0.00>
ST_12 : Operation 191 [1/1] (1.21ns)   --->   "%write_ln174 = write void @_ssdm_op_Write.ap_fifo.volatile.i256P0A, i256 %fifo_A_PE_0_0_x125, i256 %select_ln14287" [/home/rcslfpgaserver/Softwares/Xilinx/Vitis_HLS/2020.2/common/technology/autopilot/hls_stream_39.h:174]   --->   Operation 191 'write' 'write_ln174' <Predicate = (!icmp_ln890_1554)> <Delay = 1.21> <CoreInst = "FIFO_SRL">   --->   Core 81 'FIFO_SRL' <Latency = 0> <II = 1> <Delay = 1.42> <Storage> <Opcode : 'read' 'write' 'nbread' 'nbwrite'> <Ports = 0> <Width = 256> <Depth = 2> <FIFO>
ST_12 : Operation 192 [1/1] (0.00ns)   --->   "%br_ln0 = br void %.preheader9.preheader"   --->   Operation 192 'br' 'br_ln0' <Predicate = (!icmp_ln890_1554)> <Delay = 0.00>

State 13 <SV = 4> <Delay = 1.03>
ST_13 : Operation 193 [1/1] (0.00ns)   --->   "%br_ln0 = br void %.loopexit1242"   --->   Operation 193 'br' 'br_ln0' <Predicate = (!and_ln14222 & or_ln14222)> <Delay = 0.00>
ST_13 : Operation 194 [1/1] (0.00ns)   --->   "%br_ln0 = br void %.loopexit1242"   --->   Operation 194 'br' 'br_ln0' <Predicate = (and_ln14222 & or_ln14222)> <Delay = 0.00>
ST_13 : Operation 195 [1/1] (0.12ns)   --->   "%arb = xor i1 %and_ln14222, i1 1" [./dut.cpp:14363]   --->   Operation 195 'xor' 'arb' <Predicate = true> <Delay = 0.12> <CoreInst = "LogicGate">   --->   Core 74 'LogicGate' <Latency = 0> <II = 1> <Delay = 0.12> <FuncUnit> <Opcode : 'and' 'or' 'xor'> <InPorts = 2> <OutPorts = 1>
ST_13 : Operation 196 [1/1] (0.70ns)   --->   "%add_ln691_1515 = add i8 %c2_V, i8 1"   --->   Operation 196 'add' 'add_ln691_1515' <Predicate = true> <Delay = 0.70> <CoreInst = "Adder">   --->   Core 1 'Adder' <Latency = 0> <II = 1> <Delay = 0.76> <FuncUnit> <Opcode : 'add' 'sub'> <InPorts = 2> <OutPorts = 1>
ST_13 : Operation 197 [1/1] (0.00ns) (grouped into LUT with out node c2_V_89)   --->   "%or_ln691 = or i1 %and_ln14221_1, i1 %icmp_ln890334"   --->   Operation 197 'or' 'or_ln691' <Predicate = true> <Delay = 0.00> <CoreInst = "LogicGate">   --->   Core 74 'LogicGate' <Latency = 0> <II = 1> <Delay = 0.12> <FuncUnit> <Opcode : 'and' 'or' 'xor'> <InPorts = 2> <OutPorts = 1>
ST_13 : Operation 198 [1/1] (0.30ns) (out node of the LUT)   --->   "%c2_V_89 = select i1 %or_ln691, i8 1, i8 %add_ln691_1515"   --->   Operation 198 'select' 'c2_V_89' <Predicate = true> <Delay = 0.30> <CoreInst = "Sel">   --->   Core 73 'Sel' <Latency = 0> <II = 1> <Delay = 0.34> <FuncUnit> <Opcode : 'select'> <InPorts = 3> <OutPorts = 1>
ST_13 : Operation 199 [1/1] (0.73ns)   --->   "%add_ln890_394 = add i11 %indvar_flatten179, i11 1"   --->   Operation 199 'add' 'add_ln890_394' <Predicate = (!icmp_ln890334)> <Delay = 0.73> <CoreInst = "Adder">   --->   Core 1 'Adder' <Latency = 0> <II = 1> <Delay = 0.76> <FuncUnit> <Opcode : 'add' 'sub'> <InPorts = 2> <OutPorts = 1>
ST_13 : Operation 200 [1/1] (0.30ns)   --->   "%select_ln890_518 = select i1 %icmp_ln890334, i11 1, i11 %add_ln890_394"   --->   Operation 200 'select' 'select_ln890_518' <Predicate = true> <Delay = 0.30> <CoreInst = "Sel">   --->   Core 73 'Sel' <Latency = 0> <II = 1> <Delay = 0.34> <FuncUnit> <Opcode : 'select'> <InPorts = 3> <OutPorts = 1>
ST_13 : Operation 201 [1/1] (0.00ns)   --->   "%br_ln0 = br void"   --->   Operation 201 'br' 'br_ln0' <Predicate = true> <Delay = 0.00>

State 14 <SV = 2> <Delay = 0.62>
ST_14 : Operation 202 [1/1] (0.00ns)   --->   "%c3_V = phi i3 %add_ln691_1516, void %.loopexit1240, i3 0, void %.preheader8.preheader"   --->   Operation 202 'phi' 'c3_V' <Predicate = true> <Delay = 0.00>
ST_14 : Operation 203 [1/1] (0.57ns)   --->   "%add_ln691_1516 = add i3 %c3_V, i3 1"   --->   Operation 203 'add' 'add_ln691_1516' <Predicate = true> <Delay = 0.57> <CoreInst = "Adder">   --->   Core 1 'Adder' <Latency = 0> <II = 1> <Delay = 0.76> <FuncUnit> <Opcode : 'add' 'sub'> <InPorts = 2> <OutPorts = 1>
ST_14 : Operation 204 [1/1] (0.49ns)   --->   "%icmp_ln890_1549 = icmp_eq  i3 %c3_V, i3 4"   --->   Operation 204 'icmp' 'icmp_ln890_1549' <Predicate = true> <Delay = 0.49> <CoreInst = "Cmp">   --->   Core 9 'Cmp' <Latency = 0> <II = 1> <Delay = 0.34> <FuncUnit> <Opcode : 'icmp'> <InPorts = 2> <OutPorts = 1>
ST_14 : Operation 205 [1/1] (0.00ns)   --->   "%speclooptripcount_ln0 = speclooptripcount void @_ssdm_op_SpecLoopTripCount, i64 4, i64 4, i64 4"   --->   Operation 205 'speclooptripcount' 'speclooptripcount_ln0' <Predicate = true> <Delay = 0.00>
ST_14 : Operation 206 [1/1] (0.00ns)   --->   "%br_ln14296 = br i1 %icmp_ln890_1549, void %.split39, void" [./dut.cpp:14296]   --->   Operation 206 'br' 'br_ln14296' <Predicate = true> <Delay = 0.00>
ST_14 : Operation 207 [1/1] (0.00ns)   --->   "%specloopname_ln1616 = specloopname void @_ssdm_op_SpecLoopName, void @empty_1231"   --->   Operation 207 'specloopname' 'specloopname_ln1616' <Predicate = (!icmp_ln890_1549)> <Delay = 0.00>
ST_14 : Operation 208 [1/1] (0.49ns)   --->   "%icmp_ln870 = icmp_eq  i3 %c3_V, i3 0"   --->   Operation 208 'icmp' 'icmp_ln870' <Predicate = (!icmp_ln890_1549)> <Delay = 0.49> <CoreInst = "Cmp">   --->   Core 9 'Cmp' <Latency = 0> <II = 1> <Delay = 0.34> <FuncUnit> <Opcode : 'icmp'> <InPorts = 2> <OutPorts = 1>
ST_14 : Operation 209 [1/1] (0.00ns)   --->   "%br_ln14299 = br i1 %icmp_ln870, void %.preheader5.preheader.preheader, void %.preheader6.preheader.preheader" [./dut.cpp:14299]   --->   Operation 209 'br' 'br_ln14299' <Predicate = (!icmp_ln890_1549)> <Delay = 0.00>
ST_14 : Operation 210 [1/1] (0.38ns)   --->   "%br_ln890 = br void %.preheader5.preheader"   --->   Operation 210 'br' 'br_ln890' <Predicate = (!icmp_ln890_1549 & !icmp_ln870)> <Delay = 0.38>
ST_14 : Operation 211 [1/1] (0.38ns)   --->   "%br_ln14300 = br void %.preheader6.preheader" [./dut.cpp:14300]   --->   Operation 211 'br' 'br_ln14300' <Predicate = (!icmp_ln890_1549 & icmp_ln870)> <Delay = 0.38>
ST_14 : Operation 212 [1/1] (0.00ns)   --->   "%br_ln14336 = br i1 %or_ln14222, void %.loopexit1242, void %.preheader.preheader.preheader" [./dut.cpp:14336]   --->   Operation 212 'br' 'br_ln14336' <Predicate = (icmp_ln890_1549)> <Delay = 0.00>
ST_14 : Operation 213 [1/1] (0.38ns)   --->   "%br_ln14337 = br void %.preheader.preheader" [./dut.cpp:14337]   --->   Operation 213 'br' 'br_ln14337' <Predicate = (or_ln14222 & icmp_ln890_1549)> <Delay = 0.38>

State 15 <SV = 3> <Delay = 0.72>
ST_15 : Operation 214 [1/1] (0.00ns)   --->   "%indvar_flatten123 = phi i10 %add_ln890_387, void %.preheader5, i10 0, void %.preheader5.preheader.preheader"   --->   Operation 214 'phi' 'indvar_flatten123' <Predicate = true> <Delay = 0.00>
ST_15 : Operation 215 [1/1] (0.72ns)   --->   "%add_ln890_387 = add i10 %indvar_flatten123, i10 1"   --->   Operation 215 'add' 'add_ln890_387' <Predicate = true> <Delay = 0.72> <CoreInst = "Adder">   --->   Core 1 'Adder' <Latency = 0> <II = 1> <Delay = 0.76> <FuncUnit> <Opcode : 'add' 'sub'> <InPorts = 2> <OutPorts = 1>
ST_15 : Operation 216 [1/1] (0.60ns)   --->   "%icmp_ln890_1553 = icmp_eq  i10 %indvar_flatten123, i10 512"   --->   Operation 216 'icmp' 'icmp_ln890_1553' <Predicate = true> <Delay = 0.60> <CoreInst = "Cmp">   --->   Core 9 'Cmp' <Latency = 0> <II = 1> <Delay = 0.34> <FuncUnit> <Opcode : 'icmp'> <InPorts = 2> <OutPorts = 1>
ST_15 : Operation 217 [1/1] (0.00ns)   --->   "%br_ln890 = br i1 %icmp_ln890_1553, void %.preheader5, void %.loopexit1240.loopexit"   --->   Operation 217 'br' 'br_ln890' <Predicate = true> <Delay = 0.00>

State 16 <SV = 4> <Delay = 2.43>
ST_16 : Operation 218 [1/1] (0.00ns)   --->   "%specloopname_ln0 = specloopname void @_ssdm_op_SpecLoopName, void @A_IO_L2_in_0_x1_loop_20_A_IO_L2_in_0_x1_loop_21_A_IO_L2_in_0_x1_loop_22_str"   --->   Operation 218 'specloopname' 'specloopname_ln0' <Predicate = true> <Delay = 0.00>
ST_16 : Operation 219 [1/1] (0.00ns)   --->   "%speclooptripcount_ln0 = speclooptripcount void @_ssdm_op_SpecLoopTripCount, i64 512, i64 512, i64 512"   --->   Operation 219 'speclooptripcount' 'speclooptripcount_ln0' <Predicate = true> <Delay = 0.00>
ST_16 : Operation 220 [1/1] (0.00ns)   --->   "%specloopname_ln0 = specloopname void @_ssdm_op_SpecLoopName, void @A_IO_L2_in_0_x1_loop_21_A_IO_L2_in_0_x1_loop_22_str"   --->   Operation 220 'specloopname' 'specloopname_ln0' <Predicate = true> <Delay = 0.00>
ST_16 : Operation 221 [1/1] (0.00ns)   --->   "%specpipeline_ln14318 = specpipeline void @_ssdm_op_SpecPipeline, i32 2, i32 0, i32 0, i32 0, void @empty_536" [./dut.cpp:14318]   --->   Operation 221 'specpipeline' 'specpipeline_ln14318' <Predicate = true> <Delay = 0.00>
ST_16 : Operation 222 [1/1] (0.00ns)   --->   "%specloopname_ln14318 = specloopname void @_ssdm_op_SpecLoopName, void @empty_847" [./dut.cpp:14318]   --->   Operation 222 'specloopname' 'specloopname_ln14318' <Predicate = true> <Delay = 0.00>
ST_16 : Operation 223 [1/1] (1.21ns)   --->   "%tmp_870 = read i512 @_ssdm_op_Read.ap_fifo.volatile.i512P0A, i512 %fifo_A_A_IO_L2_in_0_x15" [/home/rcslfpgaserver/Softwares/Xilinx/Vitis_HLS/2020.2/common/technology/autopilot/hls_stream_39.h:145]   --->   Operation 223 'read' 'tmp_870' <Predicate = true> <Delay = 1.21> <CoreInst = "FIFO_SRL">   --->   Core 81 'FIFO_SRL' <Latency = 0> <II = 1> <Delay = 1.41> <Storage> <Opcode : 'read' 'write' 'nbread' 'nbwrite'> <Ports = 0> <Width = 512> <Depth = 2> <FIFO>
ST_16 : Operation 224 [1/1] (1.21ns)   --->   "%write_ln174 = write void @_ssdm_op_Write.ap_fifo.volatile.i512P0A, i512 %fifo_A_A_IO_L2_in_1_x16, i512 %tmp_870" [/home/rcslfpgaserver/Softwares/Xilinx/Vitis_HLS/2020.2/common/technology/autopilot/hls_stream_39.h:174]   --->   Operation 224 'write' 'write_ln174' <Predicate = true> <Delay = 1.21> <CoreInst = "FIFO_SRL">   --->   Core 81 'FIFO_SRL' <Latency = 0> <II = 1> <Delay = 1.41> <Storage> <Opcode : 'read' 'write' 'nbread' 'nbwrite'> <Ports = 0> <Width = 512> <Depth = 2> <FIFO>
ST_16 : Operation 225 [1/1] (0.00ns)   --->   "%br_ln0 = br void %.preheader5.preheader"   --->   Operation 225 'br' 'br_ln0' <Predicate = true> <Delay = 0.00>

State 17 <SV = 4> <Delay = 0.00>
ST_17 : Operation 226 [1/1] (0.00ns)   --->   "%br_ln0 = br void %.loopexit1240"   --->   Operation 226 'br' 'br_ln0' <Predicate = (!icmp_ln870)> <Delay = 0.00>
ST_17 : Operation 227 [1/1] (0.00ns)   --->   "%br_ln0 = br void %.loopexit1240"   --->   Operation 227 'br' 'br_ln0' <Predicate = (icmp_ln870)> <Delay = 0.00>
ST_17 : Operation 228 [1/1] (0.00ns)   --->   "%br_ln0 = br void %.preheader8"   --->   Operation 228 'br' 'br_ln0' <Predicate = true> <Delay = 0.00>

State 18 <SV = 3> <Delay = 2.29>
ST_18 : Operation 229 [1/1] (0.00ns)   --->   "%indvar_flatten103 = phi i10 %add_ln890_386, void %.preheader6, i10 0, void %.preheader6.preheader.preheader"   --->   Operation 229 'phi' 'indvar_flatten103' <Predicate = true> <Delay = 0.00>
ST_18 : Operation 230 [1/1] (0.00ns)   --->   "%c4_V = phi i5 %select_ln890_503, void %.preheader6, i5 0, void %.preheader6.preheader.preheader"   --->   Operation 230 'phi' 'c4_V' <Predicate = true> <Delay = 0.00>
ST_18 : Operation 231 [1/1] (0.00ns)   --->   "%indvar_flatten89 = phi i7 %select_ln890_506, void %.preheader6, i7 0, void %.preheader6.preheader.preheader"   --->   Operation 231 'phi' 'indvar_flatten89' <Predicate = true> <Delay = 0.00>
ST_18 : Operation 232 [1/1] (0.00ns)   --->   "%c5_V_150 = phi i2 %select_ln890_505, void %.preheader6, i2 0, void %.preheader6.preheader.preheader"   --->   Operation 232 'phi' 'c5_V_150' <Predicate = true> <Delay = 0.00>
ST_18 : Operation 233 [1/1] (0.00ns)   --->   "%c6_V_138 = phi i5 %add_ln691_1508, void %.preheader6, i5 0, void %.preheader6.preheader.preheader"   --->   Operation 233 'phi' 'c6_V_138' <Predicate = true> <Delay = 0.00>
ST_18 : Operation 234 [1/1] (0.72ns)   --->   "%add_ln890_386 = add i10 %indvar_flatten103, i10 1"   --->   Operation 234 'add' 'add_ln890_386' <Predicate = true> <Delay = 0.72> <CoreInst = "Adder">   --->   Core 1 'Adder' <Latency = 0> <II = 1> <Delay = 0.76> <FuncUnit> <Opcode : 'add' 'sub'> <InPorts = 2> <OutPorts = 1>
ST_18 : Operation 235 [1/1] (0.60ns)   --->   "%icmp_ln890_1552 = icmp_eq  i10 %indvar_flatten103, i10 512"   --->   Operation 235 'icmp' 'icmp_ln890_1552' <Predicate = true> <Delay = 0.60> <CoreInst = "Cmp">   --->   Core 9 'Cmp' <Latency = 0> <II = 1> <Delay = 0.34> <FuncUnit> <Opcode : 'icmp'> <InPorts = 2> <OutPorts = 1>
ST_18 : Operation 236 [1/1] (0.00ns)   --->   "%br_ln890 = br i1 %icmp_ln890_1552, void %.preheader6, void %.loopexit1240.loopexit389"   --->   Operation 236 'br' 'br_ln890' <Predicate = true> <Delay = 0.00>
ST_18 : Operation 237 [1/1] (0.70ns)   --->   "%add_ln691_1506 = add i5 %c4_V, i5 1"   --->   Operation 237 'add' 'add_ln691_1506' <Predicate = (!icmp_ln890_1552)> <Delay = 0.70> <CoreInst = "Adder">   --->   Core 1 'Adder' <Latency = 0> <II = 1> <Delay = 0.76> <FuncUnit> <Opcode : 'add' 'sub'> <InPorts = 2> <OutPorts = 1>
ST_18 : Operation 238 [1/1] (0.59ns)   --->   "%icmp_ln890_1560 = icmp_eq  i7 %indvar_flatten89, i7 32"   --->   Operation 238 'icmp' 'icmp_ln890_1560' <Predicate = (!icmp_ln890_1552)> <Delay = 0.59> <CoreInst = "Cmp">   --->   Core 9 'Cmp' <Latency = 0> <II = 1> <Delay = 0.34> <FuncUnit> <Opcode : 'icmp'> <InPorts = 2> <OutPorts = 1>
ST_18 : Operation 239 [1/1] (0.27ns)   --->   "%select_ln890_502 = select i1 %icmp_ln890_1560, i2 0, i2 %c5_V_150"   --->   Operation 239 'select' 'select_ln890_502' <Predicate = (!icmp_ln890_1552)> <Delay = 0.27> <CoreInst = "Sel">   --->   Core 73 'Sel' <Latency = 0> <II = 1> <Delay = 0.34> <FuncUnit> <Opcode : 'select'> <InPorts = 3> <OutPorts = 1>
ST_18 : Operation 240 [1/1] (0.27ns)   --->   "%select_ln890_503 = select i1 %icmp_ln890_1560, i5 %add_ln691_1506, i5 %c4_V"   --->   Operation 240 'select' 'select_ln890_503' <Predicate = (!icmp_ln890_1552)> <Delay = 0.27> <CoreInst = "Sel">   --->   Core 73 'Sel' <Latency = 0> <II = 1> <Delay = 0.34> <FuncUnit> <Opcode : 'select'> <InPorts = 3> <OutPorts = 1>
ST_18 : Operation 241 [1/1] (0.00ns) (grouped into LUT with out node add_ln14310)   --->   "%shl_ln14310 = shl i5 %select_ln890_503, i5 1" [./dut.cpp:14310]   --->   Operation 241 'shl' 'shl_ln14310' <Predicate = (!icmp_ln890_1552)> <Delay = 0.00>
ST_18 : Operation 242 [1/1] (0.00ns) (grouped into LUT with out node and_ln890_62)   --->   "%xor_ln890_24 = xor i1 %icmp_ln890_1560, i1 1"   --->   Operation 242 'xor' 'xor_ln890_24' <Predicate = (!icmp_ln890_1552)> <Delay = 0.00> <CoreInst = "LogicGate">   --->   Core 74 'LogicGate' <Latency = 0> <II = 1> <Delay = 0.12> <FuncUnit> <Opcode : 'and' 'or' 'xor'> <InPorts = 2> <OutPorts = 1>
ST_18 : Operation 243 [1/1] (0.63ns)   --->   "%icmp_ln890_1561 = icmp_eq  i5 %c6_V_138, i5 16"   --->   Operation 243 'icmp' 'icmp_ln890_1561' <Predicate = (!icmp_ln890_1552)> <Delay = 0.63> <CoreInst = "Cmp">   --->   Core 9 'Cmp' <Latency = 0> <II = 1> <Delay = 0.34> <FuncUnit> <Opcode : 'icmp'> <InPorts = 2> <OutPorts = 1>
ST_18 : Operation 244 [1/1] (0.12ns) (out node of the LUT)   --->   "%and_ln890_62 = and i1 %icmp_ln890_1561, i1 %xor_ln890_24"   --->   Operation 244 'and' 'and_ln890_62' <Predicate = (!icmp_ln890_1552)> <Delay = 0.12> <CoreInst = "LogicGate">   --->   Core 74 'LogicGate' <Latency = 0> <II = 1> <Delay = 0.12> <FuncUnit> <Opcode : 'and' 'or' 'xor'> <InPorts = 2> <OutPorts = 1>
ST_18 : Operation 245 [1/1] (0.43ns)   --->   "%add_ln691_1507 = add i2 %select_ln890_502, i2 1"   --->   Operation 245 'add' 'add_ln691_1507' <Predicate = (!icmp_ln890_1552)> <Delay = 0.43> <CoreInst = "Adder">   --->   Core 1 'Adder' <Latency = 0> <II = 1> <Delay = 0.76> <FuncUnit> <Opcode : 'add' 'sub'> <InPorts = 2> <OutPorts = 1>
ST_18 : Operation 246 [1/1] (0.00ns) (grouped into LUT with out node select_ln890_504)   --->   "%or_ln890_22 = or i1 %and_ln890_62, i1 %icmp_ln890_1560"   --->   Operation 246 'or' 'or_ln890_22' <Predicate = (!icmp_ln890_1552)> <Delay = 0.00> <CoreInst = "LogicGate">   --->   Core 74 'LogicGate' <Latency = 0> <II = 1> <Delay = 0.12> <FuncUnit> <Opcode : 'and' 'or' 'xor'> <InPorts = 2> <OutPorts = 1>
ST_18 : Operation 247 [1/1] (0.27ns) (out node of the LUT)   --->   "%select_ln890_504 = select i1 %or_ln890_22, i5 0, i5 %c6_V_138"   --->   Operation 247 'select' 'select_ln890_504' <Predicate = (!icmp_ln890_1552)> <Delay = 0.27> <CoreInst = "Sel">   --->   Core 73 'Sel' <Latency = 0> <II = 1> <Delay = 0.34> <FuncUnit> <Opcode : 'select'> <InPorts = 3> <OutPorts = 1>
ST_18 : Operation 248 [1/1] (0.27ns)   --->   "%select_ln890_505 = select i1 %and_ln890_62, i2 %add_ln691_1507, i2 %select_ln890_502"   --->   Operation 248 'select' 'select_ln890_505' <Predicate = (!icmp_ln890_1552)> <Delay = 0.27> <CoreInst = "Sel">   --->   Core 73 'Sel' <Latency = 0> <II = 1> <Delay = 0.34> <FuncUnit> <Opcode : 'select'> <InPorts = 3> <OutPorts = 1>
ST_18 : Operation 249 [1/1] (0.00ns) (grouped into LUT with out node add_ln14310)   --->   "%zext_ln14310 = zext i2 %select_ln890_505" [./dut.cpp:14310]   --->   Operation 249 'zext' 'zext_ln14310' <Predicate = (!icmp_ln890_1552)> <Delay = 0.00>
ST_18 : Operation 250 [1/1] (0.70ns) (out node of the LUT)   --->   "%add_ln14310 = add i5 %shl_ln14310, i5 %zext_ln14310" [./dut.cpp:14310]   --->   Operation 250 'add' 'add_ln14310' <Predicate = (!icmp_ln890_1552)> <Delay = 0.70> <CoreInst = "Adder">   --->   Core 1 'Adder' <Latency = 0> <II = 1> <Delay = 0.76> <FuncUnit> <Opcode : 'add' 'sub'> <InPorts = 2> <OutPorts = 1>
ST_18 : Operation 251 [1/1] (0.70ns)   --->   "%add_ln890_385 = add i7 %indvar_flatten89, i7 1"   --->   Operation 251 'add' 'add_ln890_385' <Predicate = (!icmp_ln890_1552)> <Delay = 0.70> <CoreInst = "Adder">   --->   Core 1 'Adder' <Latency = 0> <II = 1> <Delay = 0.76> <FuncUnit> <Opcode : 'add' 'sub'> <InPorts = 2> <OutPorts = 1>
ST_18 : Operation 252 [1/1] (0.30ns)   --->   "%select_ln890_506 = select i1 %icmp_ln890_1560, i7 1, i7 %add_ln890_385"   --->   Operation 252 'select' 'select_ln890_506' <Predicate = (!icmp_ln890_1552)> <Delay = 0.30> <CoreInst = "Sel">   --->   Core 73 'Sel' <Latency = 0> <II = 1> <Delay = 0.34> <FuncUnit> <Opcode : 'select'> <InPorts = 3> <OutPorts = 1>

State 19 <SV = 4> <Delay = 2.41>
ST_19 : Operation 253 [1/1] (0.00ns)   --->   "%specloopname_ln0 = specloopname void @_ssdm_op_SpecLoopName, void @A_IO_L2_in_0_x1_loop_17_A_IO_L2_in_0_x1_loop_18_A_IO_L2_in_0_x1_loop_19_str"   --->   Operation 253 'specloopname' 'specloopname_ln0' <Predicate = true> <Delay = 0.00>
ST_19 : Operation 254 [1/1] (0.00ns)   --->   "%speclooptripcount_ln0 = speclooptripcount void @_ssdm_op_SpecLoopTripCount, i64 512, i64 512, i64 512"   --->   Operation 254 'speclooptripcount' 'speclooptripcount_ln0' <Predicate = true> <Delay = 0.00>
ST_19 : Operation 255 [1/1] (0.00ns)   --->   "%specloopname_ln0 = specloopname void @_ssdm_op_SpecLoopName, void @A_IO_L2_in_0_x1_loop_18_A_IO_L2_in_0_x1_loop_19_str"   --->   Operation 255 'specloopname' 'specloopname_ln0' <Predicate = true> <Delay = 0.00>
ST_19 : Operation 256 [1/1] (0.00ns)   --->   "%tmp_1001_cast = bitconcatenate i9 @_ssdm_op_BitConcatenate.i9.i5.i4, i5 %add_ln14310, i4 0"   --->   Operation 256 'bitconcatenate' 'tmp_1001_cast' <Predicate = true> <Delay = 0.00>
ST_19 : Operation 257 [1/1] (0.00ns)   --->   "%zext_ln14310_1 = zext i5 %select_ln890_504" [./dut.cpp:14310]   --->   Operation 257 'zext' 'zext_ln14310_1' <Predicate = true> <Delay = 0.00>
ST_19 : Operation 258 [1/1] (0.71ns)   --->   "%add_ln14310_1 = add i9 %tmp_1001_cast, i9 %zext_ln14310_1" [./dut.cpp:14310]   --->   Operation 258 'add' 'add_ln14310_1' <Predicate = true> <Delay = 0.71> <CoreInst = "Adder">   --->   Core 1 'Adder' <Latency = 0> <II = 1> <Delay = 0.76> <FuncUnit> <Opcode : 'add' 'sub'> <InPorts = 2> <OutPorts = 1>
ST_19 : Operation 259 [1/1] (0.00ns)   --->   "%zext_ln14310_2 = zext i9 %add_ln14310_1" [./dut.cpp:14310]   --->   Operation 259 'zext' 'zext_ln14310_2' <Predicate = true> <Delay = 0.00>
ST_19 : Operation 260 [1/1] (0.00ns)   --->   "%local_A_ping_V_addr_13 = getelementptr i512 %local_A_ping_V, i64 0, i64 %zext_ln14310_2" [./dut.cpp:14310]   --->   Operation 260 'getelementptr' 'local_A_ping_V_addr_13' <Predicate = true> <Delay = 0.00>
ST_19 : Operation 261 [1/1] (0.00ns)   --->   "%specpipeline_ln14303 = specpipeline void @_ssdm_op_SpecPipeline, i32 2, i32 0, i32 0, i32 0, void @empty_536" [./dut.cpp:14303]   --->   Operation 261 'specpipeline' 'specpipeline_ln14303' <Predicate = true> <Delay = 0.00>
ST_19 : Operation 262 [1/1] (0.00ns)   --->   "%specloopname_ln14303 = specloopname void @_ssdm_op_SpecLoopName, void @empty_1200" [./dut.cpp:14303]   --->   Operation 262 'specloopname' 'specloopname_ln14303' <Predicate = true> <Delay = 0.00>
ST_19 : Operation 263 [1/1] (1.21ns)   --->   "%tmp_869 = read i512 @_ssdm_op_Read.ap_fifo.volatile.i512P0A, i512 %fifo_A_A_IO_L2_in_0_x15" [/home/rcslfpgaserver/Softwares/Xilinx/Vitis_HLS/2020.2/common/technology/autopilot/hls_stream_39.h:145]   --->   Operation 263 'read' 'tmp_869' <Predicate = true> <Delay = 1.21> <CoreInst = "FIFO_SRL">   --->   Core 81 'FIFO_SRL' <Latency = 0> <II = 1> <Delay = 1.41> <Storage> <Opcode : 'read' 'write' 'nbread' 'nbwrite'> <Ports = 0> <Width = 512> <Depth = 2> <FIFO>
ST_19 : Operation 264 [1/1] (1.20ns)   --->   "%store_ln14310 = store i512 %tmp_869, i9 %local_A_ping_V_addr_13" [./dut.cpp:14310]   --->   Operation 264 'store' 'store_ln14310' <Predicate = true> <Delay = 1.20> <CoreInst = "RAM_2P_BRAM">   --->   Core 94 'RAM_2P_BRAM' <Latency = 1> <II = 1> <Delay = 1.20> <Storage> <Opcode : 'load' 'store'> <Ports = 2> <Width = 512> <Depth = 512> <RAM>
ST_19 : Operation 265 [1/1] (0.70ns)   --->   "%add_ln691_1508 = add i5 %select_ln890_504, i5 1"   --->   Operation 265 'add' 'add_ln691_1508' <Predicate = true> <Delay = 0.70> <CoreInst = "Adder">   --->   Core 1 'Adder' <Latency = 0> <II = 1> <Delay = 0.76> <FuncUnit> <Opcode : 'add' 'sub'> <InPorts = 2> <OutPorts = 1>
ST_19 : Operation 266 [1/1] (0.00ns)   --->   "%br_ln0 = br void %.preheader6.preheader"   --->   Operation 266 'br' 'br_ln0' <Predicate = true> <Delay = 0.00>

State 20 <SV = 3> <Delay = 1.29>
ST_20 : Operation 267 [1/1] (0.00ns)   --->   "%indvar_flatten171 = phi i14 %add_ln890_384, void %.preheader, i14 0, void %.preheader.preheader.preheader"   --->   Operation 267 'phi' 'indvar_flatten171' <Predicate = true> <Delay = 0.00>
ST_20 : Operation 268 [1/1] (0.00ns)   --->   "%c5_V_149 = phi i2 %select_ln890_497, void %.preheader, i2 0, void %.preheader.preheader.preheader"   --->   Operation 268 'phi' 'c5_V_149' <Predicate = true> <Delay = 0.00>
ST_20 : Operation 269 [1/1] (0.00ns)   --->   "%indvar_flatten143 = phi i14 %select_ln890_501, void %.preheader, i14 0, void %.preheader.preheader.preheader"   --->   Operation 269 'phi' 'indvar_flatten143' <Predicate = true> <Delay = 0.00>
ST_20 : Operation 270 [1/1] (0.00ns)   --->   "%c6_V_136 = phi i6 %select_ln890_499, void %.preheader, i6 0, void %.preheader.preheader.preheader"   --->   Operation 270 'phi' 'c6_V_136' <Predicate = true> <Delay = 0.00>
ST_20 : Operation 271 [1/1] (0.00ns)   --->   "%indvar_flatten131 = phi i9 %select_ln890_500, void %.preheader, i9 0, void %.preheader.preheader.preheader"   --->   Operation 271 'phi' 'indvar_flatten131' <Predicate = true> <Delay = 0.00>
ST_20 : Operation 272 [1/1] (0.00ns)   --->   "%c8_V_27 = phi i5 %add_ln691_1505, void %.preheader, i5 0, void %.preheader.preheader.preheader"   --->   Operation 272 'phi' 'c8_V_27' <Predicate = true> <Delay = 0.00>
ST_20 : Operation 273 [1/1] (0.76ns)   --->   "%add_ln890_384 = add i14 %indvar_flatten171, i14 1"   --->   Operation 273 'add' 'add_ln890_384' <Predicate = true> <Delay = 0.76> <CoreInst = "Adder">   --->   Core 1 'Adder' <Latency = 0> <II = 1> <Delay = 0.76> <FuncUnit> <Opcode : 'add' 'sub'> <InPorts = 2> <OutPorts = 1>
ST_20 : Operation 274 [1/1] (0.00ns)   --->   "%div_i_i24 = partselect i4 @_ssdm_op_PartSelect.i4.i6.i32.i32, i6 %c6_V_136, i32 1, i32 4"   --->   Operation 274 'partselect' 'div_i_i24' <Predicate = true> <Delay = 0.00>
ST_20 : Operation 275 [1/1] (0.00ns)   --->   "%empty_2546 = trunc i6 %c6_V_136"   --->   Operation 275 'trunc' 'empty_2546' <Predicate = true> <Delay = 0.00>
ST_20 : Operation 276 [1/1] (0.65ns)   --->   "%icmp_ln890_1551 = icmp_eq  i14 %indvar_flatten171, i14 8192"   --->   Operation 276 'icmp' 'icmp_ln890_1551' <Predicate = true> <Delay = 0.65> <CoreInst = "Cmp">   --->   Core 9 'Cmp' <Latency = 0> <II = 1> <Delay = 0.34> <FuncUnit> <Opcode : 'icmp'> <InPorts = 2> <OutPorts = 1>
ST_20 : Operation 277 [1/1] (0.00ns)   --->   "%br_ln890 = br i1 %icmp_ln890_1551, void %.preheader, void %.loopexit1242.loopexit"   --->   Operation 277 'br' 'br_ln890' <Predicate = true> <Delay = 0.00>
ST_20 : Operation 278 [1/1] (0.43ns)   --->   "%add_ln691_1503 = add i2 %c5_V_149, i2 1"   --->   Operation 278 'add' 'add_ln691_1503' <Predicate = (!icmp_ln890_1551)> <Delay = 0.43> <CoreInst = "Adder">   --->   Core 1 'Adder' <Latency = 0> <II = 1> <Delay = 0.76> <FuncUnit> <Opcode : 'add' 'sub'> <InPorts = 2> <OutPorts = 1>
ST_20 : Operation 279 [1/1] (0.65ns)   --->   "%icmp_ln890_1557 = icmp_eq  i14 %indvar_flatten143, i14 4096"   --->   Operation 279 'icmp' 'icmp_ln890_1557' <Predicate = (!icmp_ln890_1551)> <Delay = 0.65> <CoreInst = "Cmp">   --->   Core 9 'Cmp' <Latency = 0> <II = 1> <Delay = 0.34> <FuncUnit> <Opcode : 'icmp'> <InPorts = 2> <OutPorts = 1>
ST_20 : Operation 280 [1/1] (0.29ns)   --->   "%select_ln890_496 = select i1 %icmp_ln890_1557, i6 0, i6 %c6_V_136"   --->   Operation 280 'select' 'select_ln890_496' <Predicate = (!icmp_ln890_1551)> <Delay = 0.29> <CoreInst = "Sel">   --->   Core 73 'Sel' <Latency = 0> <II = 1> <Delay = 0.34> <FuncUnit> <Opcode : 'select'> <InPorts = 3> <OutPorts = 1>
ST_20 : Operation 281 [1/1] (0.27ns)   --->   "%select_ln890_497 = select i1 %icmp_ln890_1557, i2 %add_ln691_1503, i2 %c5_V_149"   --->   Operation 281 'select' 'select_ln890_497' <Predicate = (!icmp_ln890_1551)> <Delay = 0.27> <CoreInst = "Sel">   --->   Core 73 'Sel' <Latency = 0> <II = 1> <Delay = 0.34> <FuncUnit> <Opcode : 'select'> <InPorts = 3> <OutPorts = 1>
ST_20 : Operation 282 [1/1] (0.12ns)   --->   "%xor_ln890_23 = xor i1 %icmp_ln890_1557, i1 1"   --->   Operation 282 'xor' 'xor_ln890_23' <Predicate = (!icmp_ln890_1551)> <Delay = 0.12> <CoreInst = "LogicGate">   --->   Core 74 'LogicGate' <Latency = 0> <II = 1> <Delay = 0.12> <FuncUnit> <Opcode : 'and' 'or' 'xor'> <InPorts = 2> <OutPorts = 1>
ST_20 : Operation 283 [1/1] (0.63ns)   --->   "%icmp_ln890_1558 = icmp_eq  i5 %c8_V_27, i5 16"   --->   Operation 283 'icmp' 'icmp_ln890_1558' <Predicate = (!icmp_ln890_1551)> <Delay = 0.63> <CoreInst = "Cmp">   --->   Core 9 'Cmp' <Latency = 0> <II = 1> <Delay = 0.34> <FuncUnit> <Opcode : 'icmp'> <InPorts = 2> <OutPorts = 1>
ST_20 : Operation 284 [1/1] (0.00ns) (grouped into LUT with out node or_ln14340_1)   --->   "%and_ln890_60 = and i1 %icmp_ln890_1558, i1 %xor_ln890_23"   --->   Operation 284 'and' 'and_ln890_60' <Predicate = (!icmp_ln890_1551)> <Delay = 0.00> <CoreInst = "LogicGate">   --->   Core 74 'LogicGate' <Latency = 0> <II = 1> <Delay = 0.12> <FuncUnit> <Opcode : 'and' 'or' 'xor'> <InPorts = 2> <OutPorts = 1>
ST_20 : Operation 285 [1/1] (0.59ns)   --->   "%icmp_ln890_1559 = icmp_eq  i9 %indvar_flatten131, i9 128"   --->   Operation 285 'icmp' 'icmp_ln890_1559' <Predicate = (!icmp_ln890_1551)> <Delay = 0.59> <CoreInst = "Cmp">   --->   Core 9 'Cmp' <Latency = 0> <II = 1> <Delay = 0.34> <FuncUnit> <Opcode : 'icmp'> <InPorts = 2> <OutPorts = 1>
ST_20 : Operation 286 [1/1] (0.12ns)   --->   "%and_ln890_61 = and i1 %icmp_ln890_1559, i1 %xor_ln890_23"   --->   Operation 286 'and' 'and_ln890_61' <Predicate = (!icmp_ln890_1551)> <Delay = 0.12> <CoreInst = "LogicGate">   --->   Core 74 'LogicGate' <Latency = 0> <II = 1> <Delay = 0.12> <FuncUnit> <Opcode : 'and' 'or' 'xor'> <InPorts = 2> <OutPorts = 1>
ST_20 : Operation 287 [1/1] (0.00ns) (grouped into LUT with out node or_ln14340_1)   --->   "%xor_ln14338 = xor i1 %icmp_ln890_1559, i1 1" [./dut.cpp:14338]   --->   Operation 287 'xor' 'xor_ln14338' <Predicate = (!icmp_ln890_1551)> <Delay = 0.00> <CoreInst = "LogicGate">   --->   Core 74 'LogicGate' <Latency = 0> <II = 1> <Delay = 0.12> <FuncUnit> <Opcode : 'and' 'or' 'xor'> <InPorts = 2> <OutPorts = 1>
ST_20 : Operation 288 [1/1] (0.00ns) (grouped into LUT with out node or_ln14340_1)   --->   "%or_ln14338 = or i1 %icmp_ln890_1557, i1 %xor_ln14338" [./dut.cpp:14338]   --->   Operation 288 'or' 'or_ln14338' <Predicate = (!icmp_ln890_1551)> <Delay = 0.00> <CoreInst = "LogicGate">   --->   Core 74 'LogicGate' <Latency = 0> <II = 1> <Delay = 0.12> <FuncUnit> <Opcode : 'and' 'or' 'xor'> <InPorts = 2> <OutPorts = 1>
ST_20 : Operation 289 [1/1] (0.00ns) (grouped into LUT with out node or_ln14340_1)   --->   "%and_ln14338 = and i1 %and_ln890_60, i1 %or_ln14338" [./dut.cpp:14338]   --->   Operation 289 'and' 'and_ln14338' <Predicate = (!icmp_ln890_1551)> <Delay = 0.00> <CoreInst = "LogicGate">   --->   Core 74 'LogicGate' <Latency = 0> <II = 1> <Delay = 0.12> <FuncUnit> <Opcode : 'and' 'or' 'xor'> <InPorts = 2> <OutPorts = 1>
ST_20 : Operation 290 [1/1] (0.00ns) (grouped into LUT with out node or_ln14340_1)   --->   "%or_ln14340 = or i1 %and_ln14338, i1 %and_ln890_61" [./dut.cpp:14340]   --->   Operation 290 'or' 'or_ln14340' <Predicate = (!icmp_ln890_1551)> <Delay = 0.00> <CoreInst = "LogicGate">   --->   Core 74 'LogicGate' <Latency = 0> <II = 1> <Delay = 0.12> <FuncUnit> <Opcode : 'and' 'or' 'xor'> <InPorts = 2> <OutPorts = 1>
ST_20 : Operation 291 [1/1] (0.12ns) (out node of the LUT)   --->   "%or_ln14340_1 = or i1 %or_ln14340, i1 %icmp_ln890_1557" [./dut.cpp:14340]   --->   Operation 291 'or' 'or_ln14340_1' <Predicate = (!icmp_ln890_1551)> <Delay = 0.12> <CoreInst = "LogicGate">   --->   Core 74 'LogicGate' <Latency = 0> <II = 1> <Delay = 0.12> <FuncUnit> <Opcode : 'and' 'or' 'xor'> <InPorts = 2> <OutPorts = 1>
ST_20 : Operation 292 [1/1] (0.27ns) (out node of the LUT)   --->   "%select_ln14340 = select i1 %or_ln14340_1, i5 0, i5 %c8_V_27" [./dut.cpp:14340]   --->   Operation 292 'select' 'select_ln14340' <Predicate = (!icmp_ln890_1551)> <Delay = 0.27> <CoreInst = "Sel">   --->   Core 73 'Sel' <Latency = 0> <II = 1> <Delay = 0.34> <FuncUnit> <Opcode : 'select'> <InPorts = 3> <OutPorts = 1>
ST_20 : Operation 293 [1/1] (0.71ns)   --->   "%add_ln890_382 = add i9 %indvar_flatten131, i9 1"   --->   Operation 293 'add' 'add_ln890_382' <Predicate = (!icmp_ln890_1551)> <Delay = 0.71> <CoreInst = "Adder">   --->   Core 1 'Adder' <Latency = 0> <II = 1> <Delay = 0.76> <FuncUnit> <Opcode : 'add' 'sub'> <InPorts = 2> <OutPorts = 1>
ST_20 : Operation 294 [1/1] (0.00ns) (grouped into LUT with out node select_ln890_500)   --->   "%or_ln890_21 = or i1 %and_ln890_61, i1 %icmp_ln890_1557"   --->   Operation 294 'or' 'or_ln890_21' <Predicate = (!icmp_ln890_1551)> <Delay = 0.00> <CoreInst = "LogicGate">   --->   Core 74 'LogicGate' <Latency = 0> <II = 1> <Delay = 0.12> <FuncUnit> <Opcode : 'and' 'or' 'xor'> <InPorts = 2> <OutPorts = 1>
ST_20 : Operation 295 [1/1] (0.30ns) (out node of the LUT)   --->   "%select_ln890_500 = select i1 %or_ln890_21, i9 1, i9 %add_ln890_382"   --->   Operation 295 'select' 'select_ln890_500' <Predicate = (!icmp_ln890_1551)> <Delay = 0.30> <CoreInst = "Sel">   --->   Core 73 'Sel' <Latency = 0> <II = 1> <Delay = 0.34> <FuncUnit> <Opcode : 'select'> <InPorts = 3> <OutPorts = 1>
ST_20 : Operation 296 [1/1] (0.76ns)   --->   "%add_ln890_383 = add i14 %indvar_flatten143, i14 1"   --->   Operation 296 'add' 'add_ln890_383' <Predicate = (!icmp_ln890_1551)> <Delay = 0.76> <CoreInst = "Adder">   --->   Core 1 'Adder' <Latency = 0> <II = 1> <Delay = 0.76> <FuncUnit> <Opcode : 'add' 'sub'> <InPorts = 2> <OutPorts = 1>
ST_20 : Operation 297 [1/1] (0.34ns)   --->   "%select_ln890_501 = select i1 %icmp_ln890_1557, i14 1, i14 %add_ln890_383"   --->   Operation 297 'select' 'select_ln890_501' <Predicate = (!icmp_ln890_1551)> <Delay = 0.34> <CoreInst = "Sel">   --->   Core 73 'Sel' <Latency = 0> <II = 1> <Delay = 0.34> <FuncUnit> <Opcode : 'select'> <InPorts = 3> <OutPorts = 1>

State 21 <SV = 4> <Delay = 2.25>
ST_21 : Operation 298 [1/1] (0.00ns) (grouped into LUT with out node add_ln14348)   --->   "%zext_ln14348 = zext i2 %select_ln890_497" [./dut.cpp:14348]   --->   Operation 298 'zext' 'zext_ln14348' <Predicate = (!icmp_ln890_1551)> <Delay = 0.00>
ST_21 : Operation 299 [1/1] (0.00ns) (grouped into LUT with out node select_ln14338)   --->   "%select_ln890_498 = select i1 %icmp_ln890_1557, i4 0, i4 %div_i_i24"   --->   Operation 299 'select' 'select_ln890_498' <Predicate = (!icmp_ln890_1551 & !and_ln890_61)> <Delay = 0.00> <CoreInst = "Sel">   --->   Core 73 'Sel' <Latency = 0> <II = 1> <Delay = 0.34> <FuncUnit> <Opcode : 'select'> <InPorts = 3> <OutPorts = 1>
ST_21 : Operation 300 [1/1] (0.70ns)   --->   "%add_ln691_1504 = add i6 %select_ln890_496, i6 1"   --->   Operation 300 'add' 'add_ln691_1504' <Predicate = (!icmp_ln890_1551)> <Delay = 0.70> <CoreInst = "Adder">   --->   Core 1 'Adder' <Latency = 0> <II = 1> <Delay = 0.76> <FuncUnit> <Opcode : 'add' 'sub'> <InPorts = 2> <OutPorts = 1>
ST_21 : Operation 301 [1/1] (0.00ns) (grouped into LUT with out node select_ln14338)   --->   "%div_i_i367_mid1 = partselect i4 @_ssdm_op_PartSelect.i4.i6.i32.i32, i6 %add_ln691_1504, i32 1, i32 4"   --->   Operation 301 'partselect' 'div_i_i367_mid1' <Predicate = (!icmp_ln890_1551 & and_ln890_61)> <Delay = 0.00>
ST_21 : Operation 302 [1/1] (0.35ns) (out node of the LUT)   --->   "%select_ln14338 = select i1 %and_ln890_61, i4 %div_i_i367_mid1, i4 %select_ln890_498" [./dut.cpp:14338]   --->   Operation 302 'select' 'select_ln14338' <Predicate = (!icmp_ln890_1551)> <Delay = 0.35> <CoreInst = "Sel">   --->   Core 73 'Sel' <Latency = 0> <II = 1> <Delay = 0.34> <FuncUnit> <Opcode : 'select'> <InPorts = 3> <OutPorts = 1>
ST_21 : Operation 303 [1/1] (0.29ns)   --->   "%select_ln890_499 = select i1 %and_ln890_61, i6 %add_ln691_1504, i6 %select_ln890_496"   --->   Operation 303 'select' 'select_ln890_499' <Predicate = (!icmp_ln890_1551)> <Delay = 0.29> <CoreInst = "Sel">   --->   Core 73 'Sel' <Latency = 0> <II = 1> <Delay = 0.34> <FuncUnit> <Opcode : 'select'> <InPorts = 3> <OutPorts = 1>
ST_21 : Operation 304 [1/1] (0.00ns) (grouped into LUT with out node add_ln14348)   --->   "%shl_ln14348 = shl i5 %select_ln14340, i5 1" [./dut.cpp:14348]   --->   Operation 304 'shl' 'shl_ln14348' <Predicate = (!icmp_ln890_1551)> <Delay = 0.00>
ST_21 : Operation 305 [1/1] (0.70ns) (out node of the LUT)   --->   "%add_ln14348 = add i5 %shl_ln14348, i5 %zext_ln14348" [./dut.cpp:14348]   --->   Operation 305 'add' 'add_ln14348' <Predicate = (!icmp_ln890_1551)> <Delay = 0.70> <CoreInst = "Adder">   --->   Core 1 'Adder' <Latency = 0> <II = 1> <Delay = 0.76> <FuncUnit> <Opcode : 'add' 'sub'> <InPorts = 2> <OutPorts = 1>
ST_21 : Operation 306 [1/1] (0.00ns)   --->   "%or_ln11 = bitconcatenate i9 @_ssdm_op_BitConcatenate.i9.i5.i4, i5 %add_ln14348, i4 %select_ln14338" [./dut.cpp:14348]   --->   Operation 306 'bitconcatenate' 'or_ln11' <Predicate = (!icmp_ln890_1551)> <Delay = 0.00>
ST_21 : Operation 307 [1/1] (0.00ns)   --->   "%zext_ln14348_1 = zext i9 %or_ln11" [./dut.cpp:14348]   --->   Operation 307 'zext' 'zext_ln14348_1' <Predicate = (!icmp_ln890_1551)> <Delay = 0.00>
ST_21 : Operation 308 [1/1] (0.00ns)   --->   "%local_A_pong_V_addr_7 = getelementptr i512 %local_A_pong_V, i64 0, i64 %zext_ln14348_1" [./dut.cpp:14348]   --->   Operation 308 'getelementptr' 'local_A_pong_V_addr_7' <Predicate = (!icmp_ln890_1551)> <Delay = 0.00>
ST_21 : Operation 309 [2/2] (1.20ns)   --->   "%in_data_V_47 = load i9 %local_A_pong_V_addr_7" [./dut.cpp:14348]   --->   Operation 309 'load' 'in_data_V_47' <Predicate = (!icmp_ln890_1551)> <Delay = 1.20> <CoreInst = "RAM_2P_BRAM">   --->   Core 94 'RAM_2P_BRAM' <Latency = 1> <II = 1> <Delay = 1.20> <Storage> <Opcode : 'load' 'store'> <Ports = 2> <Width = 512> <Depth = 512> <RAM>
ST_21 : Operation 310 [1/1] (0.70ns)   --->   "%add_ln691_1505 = add i5 %select_ln14340, i5 1"   --->   Operation 310 'add' 'add_ln691_1505' <Predicate = (!icmp_ln890_1551)> <Delay = 0.70> <CoreInst = "Adder">   --->   Core 1 'Adder' <Latency = 0> <II = 1> <Delay = 0.76> <FuncUnit> <Opcode : 'add' 'sub'> <InPorts = 2> <OutPorts = 1>

State 22 <SV = 5> <Delay = 1.62>
ST_22 : Operation 311 [1/1] (0.00ns) (grouped into LUT with out node select_ln14354)   --->   "%and_ln890_59 = and i1 %empty_2546, i1 %xor_ln890_23"   --->   Operation 311 'and' 'and_ln890_59' <Predicate = (!icmp_ln890_1551 & !and_ln890_61)> <Delay = 0.00> <CoreInst = "LogicGate">   --->   Core 74 'LogicGate' <Latency = 0> <II = 1> <Delay = 0.12> <FuncUnit> <Opcode : 'and' 'or' 'xor'> <InPorts = 2> <OutPorts = 1>
ST_22 : Operation 312 [1/1] (0.00ns) (grouped into LUT with out node select_ln14354)   --->   "%empty_2547 = trunc i6 %add_ln691_1504"   --->   Operation 312 'trunc' 'empty_2547' <Predicate = (!icmp_ln890_1551 & and_ln890_61)> <Delay = 0.00>
ST_22 : Operation 313 [1/1] (0.00ns) (grouped into LUT with out node select_ln14354)   --->   "%select_ln14338_1 = select i1 %and_ln890_61, i1 %empty_2547, i1 %and_ln890_59" [./dut.cpp:14338]   --->   Operation 313 'select' 'select_ln14338_1' <Predicate = (!icmp_ln890_1551)> <Delay = 0.00> <CoreInst = "Sel">   --->   Core 73 'Sel' <Latency = 0> <II = 1> <Delay = 0.34> <FuncUnit> <Opcode : 'select'> <InPorts = 3> <OutPorts = 1>
ST_22 : Operation 314 [1/2] (1.20ns)   --->   "%in_data_V_47 = load i9 %local_A_pong_V_addr_7" [./dut.cpp:14348]   --->   Operation 314 'load' 'in_data_V_47' <Predicate = (!icmp_ln890_1551)> <Delay = 1.20> <CoreInst = "RAM_2P_BRAM">   --->   Core 94 'RAM_2P_BRAM' <Latency = 1> <II = 1> <Delay = 1.20> <Storage> <Opcode : 'load' 'store'> <Ports = 2> <Width = 512> <Depth = 512> <RAM>
ST_22 : Operation 315 [1/1] (0.00ns) (grouped into LUT with out node select_ln14354)   --->   "%data_split_V_0 = trunc i512 %in_data_V_47"   --->   Operation 315 'trunc' 'data_split_V_0' <Predicate = (!icmp_ln890_1551)> <Delay = 0.00>
ST_22 : Operation 316 [1/1] (0.00ns) (grouped into LUT with out node select_ln14354)   --->   "%data_split_V_1_214 = partselect i256 @_ssdm_op_PartSelect.i256.i512.i32.i32, i512 %in_data_V_47, i32 256, i32 511"   --->   Operation 316 'partselect' 'data_split_V_1_214' <Predicate = (!icmp_ln890_1551)> <Delay = 0.00>
ST_22 : Operation 317 [1/1] (0.42ns) (out node of the LUT)   --->   "%select_ln14354 = select i1 %select_ln14338_1, i256 %data_split_V_1_214, i256 %data_split_V_0" [./dut.cpp:14354]   --->   Operation 317 'select' 'select_ln14354' <Predicate = (!icmp_ln890_1551)> <Delay = 0.42> <CoreInst = "Sel">   --->   Core 73 'Sel' <Latency = 0> <II = 1> <Delay = 0.34> <FuncUnit> <Opcode : 'select'> <InPorts = 3> <OutPorts = 1>

State 23 <SV = 6> <Delay = 1.21>
ST_23 : Operation 318 [1/1] (0.00ns)   --->   "%specloopname_ln0 = specloopname void @_ssdm_op_SpecLoopName, void @A_IO_L2_in_0_x1_loop_23_A_IO_L2_in_0_x1_loop_25_A_IO_L2_in_0_x1_loop_26_str"   --->   Operation 318 'specloopname' 'specloopname_ln0' <Predicate = (!icmp_ln890_1551)> <Delay = 0.00>
ST_23 : Operation 319 [1/1] (0.00ns)   --->   "%speclooptripcount_ln0 = speclooptripcount void @_ssdm_op_SpecLoopTripCount, i64 8192, i64 8192, i64 8192"   --->   Operation 319 'speclooptripcount' 'speclooptripcount_ln0' <Predicate = (!icmp_ln890_1551)> <Delay = 0.00>
ST_23 : Operation 320 [1/1] (0.00ns)   --->   "%specloopname_ln0 = specloopname void @_ssdm_op_SpecLoopName, void @A_IO_L2_in_0_x1_loop_24_A_IO_L2_in_0_x1_loop_25_A_IO_L2_in_0_x1_loop_26_str"   --->   Operation 320 'specloopname' 'specloopname_ln0' <Predicate = (!icmp_ln890_1551)> <Delay = 0.00>
ST_23 : Operation 321 [1/1] (0.00ns)   --->   "%specloopname_ln0 = specloopname void @_ssdm_op_SpecLoopName, void @A_IO_L2_in_0_x1_loop_25_A_IO_L2_in_0_x1_loop_26_str"   --->   Operation 321 'specloopname' 'specloopname_ln0' <Predicate = (!icmp_ln890_1551)> <Delay = 0.00>
ST_23 : Operation 322 [1/1] (0.00ns)   --->   "%specpipeline_ln14342 = specpipeline void @_ssdm_op_SpecPipeline, i32 2, i32 0, i32 0, i32 0, void @empty_536" [./dut.cpp:14342]   --->   Operation 322 'specpipeline' 'specpipeline_ln14342' <Predicate = (!icmp_ln890_1551)> <Delay = 0.00>
ST_23 : Operation 323 [1/1] (0.00ns)   --->   "%specloopname_ln14342 = specloopname void @_ssdm_op_SpecLoopName, void @empty_946" [./dut.cpp:14342]   --->   Operation 323 'specloopname' 'specloopname_ln14342' <Predicate = (!icmp_ln890_1551)> <Delay = 0.00>
ST_23 : Operation 324 [1/1] (1.21ns)   --->   "%write_ln174 = write void @_ssdm_op_Write.ap_fifo.volatile.i256P0A, i256 %fifo_A_PE_0_0_x125, i256 %select_ln14354" [/home/rcslfpgaserver/Softwares/Xilinx/Vitis_HLS/2020.2/common/technology/autopilot/hls_stream_39.h:174]   --->   Operation 324 'write' 'write_ln174' <Predicate = (!icmp_ln890_1551)> <Delay = 1.21> <CoreInst = "FIFO_SRL">   --->   Core 81 'FIFO_SRL' <Latency = 0> <II = 1> <Delay = 1.42> <Storage> <Opcode : 'read' 'write' 'nbread' 'nbwrite'> <Ports = 0> <Width = 256> <Depth = 2> <FIFO>
ST_23 : Operation 325 [1/1] (0.00ns)   --->   "%br_ln0 = br void %.preheader.preheader"   --->   Operation 325 'br' 'br_ln0' <Predicate = (!icmp_ln890_1551)> <Delay = 0.00>

State 24 <SV = 2> <Delay = 2.00>
ST_24 : Operation 326 [1/1] (0.00ns)   --->   "%indvar_flatten251 = phi i14 %add_ln890_381, void, i14 0, void %.preheader67.preheader.preheader"   --->   Operation 326 'phi' 'indvar_flatten251' <Predicate = true> <Delay = 0.00>
ST_24 : Operation 327 [1/1] (0.00ns)   --->   "%c5_V = phi i2 %select_ln890_491, void, i2 0, void %.preheader67.preheader.preheader"   --->   Operation 327 'phi' 'c5_V' <Predicate = true> <Delay = 0.00>
ST_24 : Operation 328 [1/1] (0.00ns)   --->   "%indvar_flatten217 = phi i14 %select_ln890_495, void, i14 0, void %.preheader67.preheader.preheader"   --->   Operation 328 'phi' 'indvar_flatten217' <Predicate = true> <Delay = 0.00>
ST_24 : Operation 329 [1/1] (0.00ns)   --->   "%c6_V = phi i6 %select_ln890_493, void, i6 0, void %.preheader67.preheader.preheader"   --->   Operation 329 'phi' 'c6_V' <Predicate = true> <Delay = 0.00>
ST_24 : Operation 330 [1/1] (0.00ns)   --->   "%indvar_flatten201 = phi i9 %select_ln890_494, void, i9 0, void %.preheader67.preheader.preheader"   --->   Operation 330 'phi' 'indvar_flatten201' <Predicate = true> <Delay = 0.00>
ST_24 : Operation 331 [1/1] (0.00ns)   --->   "%c8_V = phi i5 %add_ln691_1501, void, i5 0, void %.preheader67.preheader.preheader"   --->   Operation 331 'phi' 'c8_V' <Predicate = true> <Delay = 0.00>
ST_24 : Operation 332 [1/1] (0.76ns)   --->   "%add_ln890_381 = add i14 %indvar_flatten251, i14 1"   --->   Operation 332 'add' 'add_ln890_381' <Predicate = true> <Delay = 0.76> <CoreInst = "Adder">   --->   Core 1 'Adder' <Latency = 0> <II = 1> <Delay = 0.76> <FuncUnit> <Opcode : 'add' 'sub'> <InPorts = 2> <OutPorts = 1>
ST_24 : Operation 333 [1/1] (0.00ns)   --->   "%div_i_i = partselect i4 @_ssdm_op_PartSelect.i4.i6.i32.i32, i6 %c6_V, i32 1, i32 4"   --->   Operation 333 'partselect' 'div_i_i' <Predicate = true> <Delay = 0.00>
ST_24 : Operation 334 [1/1] (0.00ns)   --->   "%empty_2548 = trunc i6 %c6_V"   --->   Operation 334 'trunc' 'empty_2548' <Predicate = true> <Delay = 0.00>
ST_24 : Operation 335 [1/1] (0.65ns)   --->   "%icmp_ln890_1545 = icmp_eq  i14 %indvar_flatten251, i14 8192"   --->   Operation 335 'icmp' 'icmp_ln890_1545' <Predicate = true> <Delay = 0.65> <CoreInst = "Cmp">   --->   Core 9 'Cmp' <Latency = 0> <II = 1> <Delay = 0.34> <FuncUnit> <Opcode : 'icmp'> <InPorts = 2> <OutPorts = 1>
ST_24 : Operation 336 [1/1] (0.00ns)   --->   "%br_ln890 = br i1 %icmp_ln890_1545, void %.preheader67, void %.loopexit"   --->   Operation 336 'br' 'br_ln890' <Predicate = true> <Delay = 0.00>
ST_24 : Operation 337 [1/1] (0.43ns)   --->   "%add_ln691 = add i2 %c5_V, i2 1"   --->   Operation 337 'add' 'add_ln691' <Predicate = (!icmp_ln890_1545)> <Delay = 0.43> <CoreInst = "Adder">   --->   Core 1 'Adder' <Latency = 0> <II = 1> <Delay = 0.76> <FuncUnit> <Opcode : 'add' 'sub'> <InPorts = 2> <OutPorts = 1>
ST_24 : Operation 338 [1/1] (0.65ns)   --->   "%icmp_ln890_1546 = icmp_eq  i14 %indvar_flatten217, i14 4096"   --->   Operation 338 'icmp' 'icmp_ln890_1546' <Predicate = (!icmp_ln890_1545)> <Delay = 0.65> <CoreInst = "Cmp">   --->   Core 9 'Cmp' <Latency = 0> <II = 1> <Delay = 0.34> <FuncUnit> <Opcode : 'icmp'> <InPorts = 2> <OutPorts = 1>
ST_24 : Operation 339 [1/1] (0.29ns)   --->   "%select_ln890 = select i1 %icmp_ln890_1546, i6 0, i6 %c6_V"   --->   Operation 339 'select' 'select_ln890' <Predicate = (!icmp_ln890_1545)> <Delay = 0.29> <CoreInst = "Sel">   --->   Core 73 'Sel' <Latency = 0> <II = 1> <Delay = 0.34> <FuncUnit> <Opcode : 'select'> <InPorts = 3> <OutPorts = 1>
ST_24 : Operation 340 [1/1] (0.27ns)   --->   "%select_ln890_491 = select i1 %icmp_ln890_1546, i2 %add_ln691, i2 %c5_V"   --->   Operation 340 'select' 'select_ln890_491' <Predicate = (!icmp_ln890_1545)> <Delay = 0.27> <CoreInst = "Sel">   --->   Core 73 'Sel' <Latency = 0> <II = 1> <Delay = 0.34> <FuncUnit> <Opcode : 'select'> <InPorts = 3> <OutPorts = 1>
ST_24 : Operation 341 [1/1] (0.00ns) (grouped into LUT with out node select_ln14376)   --->   "%select_ln890_492 = select i1 %icmp_ln890_1546, i4 0, i4 %div_i_i"   --->   Operation 341 'select' 'select_ln890_492' <Predicate = (!icmp_ln890_1545)> <Delay = 0.00> <CoreInst = "Sel">   --->   Core 73 'Sel' <Latency = 0> <II = 1> <Delay = 0.34> <FuncUnit> <Opcode : 'select'> <InPorts = 3> <OutPorts = 1>
ST_24 : Operation 342 [1/1] (0.12ns)   --->   "%xor_ln890 = xor i1 %icmp_ln890_1546, i1 1"   --->   Operation 342 'xor' 'xor_ln890' <Predicate = (!icmp_ln890_1545)> <Delay = 0.12> <CoreInst = "LogicGate">   --->   Core 74 'LogicGate' <Latency = 0> <II = 1> <Delay = 0.12> <FuncUnit> <Opcode : 'and' 'or' 'xor'> <InPorts = 2> <OutPorts = 1>
ST_24 : Operation 343 [1/1] (0.00ns) (grouped into LUT with out node select_ln14376_1)   --->   "%and_ln890 = and i1 %empty_2548, i1 %xor_ln890"   --->   Operation 343 'and' 'and_ln890' <Predicate = (!icmp_ln890_1545)> <Delay = 0.00> <CoreInst = "LogicGate">   --->   Core 74 'LogicGate' <Latency = 0> <II = 1> <Delay = 0.12> <FuncUnit> <Opcode : 'and' 'or' 'xor'> <InPorts = 2> <OutPorts = 1>
ST_24 : Operation 344 [1/1] (0.63ns)   --->   "%icmp_ln890_1547 = icmp_eq  i5 %c8_V, i5 16"   --->   Operation 344 'icmp' 'icmp_ln890_1547' <Predicate = (!icmp_ln890_1545)> <Delay = 0.63> <CoreInst = "Cmp">   --->   Core 9 'Cmp' <Latency = 0> <II = 1> <Delay = 0.34> <FuncUnit> <Opcode : 'icmp'> <InPorts = 2> <OutPorts = 1>
ST_24 : Operation 345 [1/1] (0.00ns) (grouped into LUT with out node or_ln14378_1)   --->   "%and_ln890_57 = and i1 %icmp_ln890_1547, i1 %xor_ln890"   --->   Operation 345 'and' 'and_ln890_57' <Predicate = (!icmp_ln890_1545)> <Delay = 0.00> <CoreInst = "LogicGate">   --->   Core 74 'LogicGate' <Latency = 0> <II = 1> <Delay = 0.12> <FuncUnit> <Opcode : 'and' 'or' 'xor'> <InPorts = 2> <OutPorts = 1>
ST_24 : Operation 346 [1/1] (0.59ns)   --->   "%icmp_ln890_1548 = icmp_eq  i9 %indvar_flatten201, i9 128"   --->   Operation 346 'icmp' 'icmp_ln890_1548' <Predicate = (!icmp_ln890_1545)> <Delay = 0.59> <CoreInst = "Cmp">   --->   Core 9 'Cmp' <Latency = 0> <II = 1> <Delay = 0.34> <FuncUnit> <Opcode : 'icmp'> <InPorts = 2> <OutPorts = 1>
ST_24 : Operation 347 [1/1] (0.12ns)   --->   "%and_ln890_58 = and i1 %icmp_ln890_1548, i1 %xor_ln890"   --->   Operation 347 'and' 'and_ln890_58' <Predicate = (!icmp_ln890_1545)> <Delay = 0.12> <CoreInst = "LogicGate">   --->   Core 74 'LogicGate' <Latency = 0> <II = 1> <Delay = 0.12> <FuncUnit> <Opcode : 'and' 'or' 'xor'> <InPorts = 2> <OutPorts = 1>
ST_24 : Operation 348 [1/1] (0.70ns)   --->   "%add_ln691_1500 = add i6 %select_ln890, i6 1"   --->   Operation 348 'add' 'add_ln691_1500' <Predicate = (!icmp_ln890_1545)> <Delay = 0.70> <CoreInst = "Adder">   --->   Core 1 'Adder' <Latency = 0> <II = 1> <Delay = 0.76> <FuncUnit> <Opcode : 'add' 'sub'> <InPorts = 2> <OutPorts = 1>
ST_24 : Operation 349 [1/1] (0.00ns) (grouped into LUT with out node select_ln14376)   --->   "%div_i_i203_mid1 = partselect i4 @_ssdm_op_PartSelect.i4.i6.i32.i32, i6 %add_ln691_1500, i32 1, i32 4"   --->   Operation 349 'partselect' 'div_i_i203_mid1' <Predicate = (!icmp_ln890_1545)> <Delay = 0.00>
ST_24 : Operation 350 [1/1] (0.35ns) (out node of the LUT)   --->   "%select_ln14376 = select i1 %and_ln890_58, i4 %div_i_i203_mid1, i4 %select_ln890_492" [./dut.cpp:14376]   --->   Operation 350 'select' 'select_ln14376' <Predicate = (!icmp_ln890_1545)> <Delay = 0.35> <CoreInst = "Sel">   --->   Core 73 'Sel' <Latency = 0> <II = 1> <Delay = 0.34> <FuncUnit> <Opcode : 'select'> <InPorts = 3> <OutPorts = 1>
ST_24 : Operation 351 [1/1] (0.00ns) (grouped into LUT with out node select_ln14376_1)   --->   "%empty_2549 = trunc i6 %add_ln691_1500"   --->   Operation 351 'trunc' 'empty_2549' <Predicate = (!icmp_ln890_1545)> <Delay = 0.00>
ST_24 : Operation 352 [1/1] (0.27ns) (out node of the LUT)   --->   "%select_ln14376_1 = select i1 %and_ln890_58, i1 %empty_2549, i1 %and_ln890" [./dut.cpp:14376]   --->   Operation 352 'select' 'select_ln14376_1' <Predicate = (!icmp_ln890_1545)> <Delay = 0.27> <CoreInst = "Sel">   --->   Core 73 'Sel' <Latency = 0> <II = 1> <Delay = 0.34> <FuncUnit> <Opcode : 'select'> <InPorts = 3> <OutPorts = 1>
ST_24 : Operation 353 [1/1] (0.00ns) (grouped into LUT with out node or_ln14378_1)   --->   "%xor_ln14376 = xor i1 %icmp_ln890_1548, i1 1" [./dut.cpp:14376]   --->   Operation 353 'xor' 'xor_ln14376' <Predicate = (!icmp_ln890_1545)> <Delay = 0.00> <CoreInst = "LogicGate">   --->   Core 74 'LogicGate' <Latency = 0> <II = 1> <Delay = 0.12> <FuncUnit> <Opcode : 'and' 'or' 'xor'> <InPorts = 2> <OutPorts = 1>
ST_24 : Operation 354 [1/1] (0.00ns) (grouped into LUT with out node or_ln14378_1)   --->   "%or_ln14376 = or i1 %icmp_ln890_1546, i1 %xor_ln14376" [./dut.cpp:14376]   --->   Operation 354 'or' 'or_ln14376' <Predicate = (!icmp_ln890_1545)> <Delay = 0.00> <CoreInst = "LogicGate">   --->   Core 74 'LogicGate' <Latency = 0> <II = 1> <Delay = 0.12> <FuncUnit> <Opcode : 'and' 'or' 'xor'> <InPorts = 2> <OutPorts = 1>
ST_24 : Operation 355 [1/1] (0.00ns) (grouped into LUT with out node or_ln14378_1)   --->   "%and_ln14376 = and i1 %and_ln890_57, i1 %or_ln14376" [./dut.cpp:14376]   --->   Operation 355 'and' 'and_ln14376' <Predicate = (!icmp_ln890_1545)> <Delay = 0.00> <CoreInst = "LogicGate">   --->   Core 74 'LogicGate' <Latency = 0> <II = 1> <Delay = 0.12> <FuncUnit> <Opcode : 'and' 'or' 'xor'> <InPorts = 2> <OutPorts = 1>
ST_24 : Operation 356 [1/1] (0.29ns)   --->   "%select_ln890_493 = select i1 %and_ln890_58, i6 %add_ln691_1500, i6 %select_ln890"   --->   Operation 356 'select' 'select_ln890_493' <Predicate = (!icmp_ln890_1545)> <Delay = 0.29> <CoreInst = "Sel">   --->   Core 73 'Sel' <Latency = 0> <II = 1> <Delay = 0.34> <FuncUnit> <Opcode : 'select'> <InPorts = 3> <OutPorts = 1>
ST_24 : Operation 357 [1/1] (0.00ns) (grouped into LUT with out node or_ln14378_1)   --->   "%or_ln14378 = or i1 %and_ln14376, i1 %and_ln890_58" [./dut.cpp:14378]   --->   Operation 357 'or' 'or_ln14378' <Predicate = (!icmp_ln890_1545)> <Delay = 0.00> <CoreInst = "LogicGate">   --->   Core 74 'LogicGate' <Latency = 0> <II = 1> <Delay = 0.12> <FuncUnit> <Opcode : 'and' 'or' 'xor'> <InPorts = 2> <OutPorts = 1>
ST_24 : Operation 358 [1/1] (0.12ns) (out node of the LUT)   --->   "%or_ln14378_1 = or i1 %or_ln14378, i1 %icmp_ln890_1546" [./dut.cpp:14378]   --->   Operation 358 'or' 'or_ln14378_1' <Predicate = (!icmp_ln890_1545)> <Delay = 0.12> <CoreInst = "LogicGate">   --->   Core 74 'LogicGate' <Latency = 0> <II = 1> <Delay = 0.12> <FuncUnit> <Opcode : 'and' 'or' 'xor'> <InPorts = 2> <OutPorts = 1>
ST_24 : Operation 359 [1/1] (0.27ns) (out node of the LUT)   --->   "%select_ln14378 = select i1 %or_ln14378_1, i5 0, i5 %c8_V" [./dut.cpp:14378]   --->   Operation 359 'select' 'select_ln14378' <Predicate = (!icmp_ln890_1545)> <Delay = 0.27> <CoreInst = "Sel">   --->   Core 73 'Sel' <Latency = 0> <II = 1> <Delay = 0.34> <FuncUnit> <Opcode : 'select'> <InPorts = 3> <OutPorts = 1>
ST_24 : Operation 360 [1/1] (0.00ns)   --->   "%ret_ln14430 = ret" [./dut.cpp:14430]   --->   Operation 360 'ret' 'ret_ln14430' <Predicate = (icmp_ln890_1545)> <Delay = 0.00>

State 25 <SV = 3> <Delay = 1.90>
ST_25 : Operation 361 [1/1] (0.00ns) (grouped into LUT with out node add_ln14386)   --->   "%zext_ln14386 = zext i2 %select_ln890_491" [./dut.cpp:14386]   --->   Operation 361 'zext' 'zext_ln14386' <Predicate = true> <Delay = 0.00>
ST_25 : Operation 362 [1/1] (0.00ns) (grouped into LUT with out node add_ln14386)   --->   "%shl_ln14386 = shl i5 %select_ln14378, i5 1" [./dut.cpp:14386]   --->   Operation 362 'shl' 'shl_ln14386' <Predicate = true> <Delay = 0.00>
ST_25 : Operation 363 [1/1] (0.70ns) (out node of the LUT)   --->   "%add_ln14386 = add i5 %shl_ln14386, i5 %zext_ln14386" [./dut.cpp:14386]   --->   Operation 363 'add' 'add_ln14386' <Predicate = true> <Delay = 0.70> <CoreInst = "Adder">   --->   Core 1 'Adder' <Latency = 0> <II = 1> <Delay = 0.76> <FuncUnit> <Opcode : 'add' 'sub'> <InPorts = 2> <OutPorts = 1>
ST_25 : Operation 364 [1/1] (0.00ns)   --->   "%or_ln = bitconcatenate i9 @_ssdm_op_BitConcatenate.i9.i5.i4, i5 %add_ln14386, i4 %select_ln14376" [./dut.cpp:14386]   --->   Operation 364 'bitconcatenate' 'or_ln' <Predicate = true> <Delay = 0.00>
ST_25 : Operation 365 [1/1] (0.00ns)   --->   "%zext_ln14386_1 = zext i9 %or_ln" [./dut.cpp:14386]   --->   Operation 365 'zext' 'zext_ln14386_1' <Predicate = true> <Delay = 0.00>
ST_25 : Operation 366 [1/1] (0.00ns)   --->   "%local_A_ping_V_addr = getelementptr i512 %local_A_ping_V, i64 0, i64 %zext_ln14386_1" [./dut.cpp:14386]   --->   Operation 366 'getelementptr' 'local_A_ping_V_addr' <Predicate = true> <Delay = 0.00>
ST_25 : Operation 367 [2/2] (1.20ns)   --->   "%in_data_V = load i9 %local_A_ping_V_addr" [./dut.cpp:14386]   --->   Operation 367 'load' 'in_data_V' <Predicate = true> <Delay = 1.20> <CoreInst = "RAM_2P_BRAM">   --->   Core 94 'RAM_2P_BRAM' <Latency = 1> <II = 1> <Delay = 1.20> <Storage> <Opcode : 'load' 'store'> <Ports = 2> <Width = 512> <Depth = 512> <RAM>

State 26 <SV = 4> <Delay = 1.20>
ST_26 : Operation 368 [1/1] (0.00ns)   --->   "%specloopname_ln0 = specloopname void @_ssdm_op_SpecLoopName, void @A_IO_L2_in_0_x1_loop_28_A_IO_L2_in_0_x1_loop_30_A_IO_L2_in_0_x1_loop_31_str"   --->   Operation 368 'specloopname' 'specloopname_ln0' <Predicate = true> <Delay = 0.00>
ST_26 : Operation 369 [1/1] (0.00ns)   --->   "%speclooptripcount_ln0 = speclooptripcount void @_ssdm_op_SpecLoopTripCount, i64 8192, i64 8192, i64 8192"   --->   Operation 369 'speclooptripcount' 'speclooptripcount_ln0' <Predicate = true> <Delay = 0.00>
ST_26 : Operation 370 [1/1] (0.00ns)   --->   "%specloopname_ln0 = specloopname void @_ssdm_op_SpecLoopName, void @A_IO_L2_in_0_x1_loop_29_A_IO_L2_in_0_x1_loop_30_A_IO_L2_in_0_x1_loop_31_str"   --->   Operation 370 'specloopname' 'specloopname_ln0' <Predicate = true> <Delay = 0.00>
ST_26 : Operation 371 [1/1] (0.00ns)   --->   "%specloopname_ln0 = specloopname void @_ssdm_op_SpecLoopName, void @A_IO_L2_in_0_x1_loop_30_A_IO_L2_in_0_x1_loop_31_str"   --->   Operation 371 'specloopname' 'specloopname_ln0' <Predicate = true> <Delay = 0.00>
ST_26 : Operation 372 [1/1] (0.00ns)   --->   "%specloopname_ln14380 = specloopname void @_ssdm_op_SpecLoopName, void @empty_1233" [./dut.cpp:14380]   --->   Operation 372 'specloopname' 'specloopname_ln14380' <Predicate = true> <Delay = 0.00>
ST_26 : Operation 373 [1/2] (1.20ns)   --->   "%in_data_V = load i9 %local_A_ping_V_addr" [./dut.cpp:14386]   --->   Operation 373 'load' 'in_data_V' <Predicate = true> <Delay = 1.20> <CoreInst = "RAM_2P_BRAM">   --->   Core 94 'RAM_2P_BRAM' <Latency = 1> <II = 1> <Delay = 1.20> <Storage> <Opcode : 'load' 'store'> <Ports = 2> <Width = 512> <Depth = 512> <RAM>
ST_26 : Operation 374 [1/1] (0.38ns)   --->   "%br_ln14387 = br void" [./dut.cpp:14387]   --->   Operation 374 'br' 'br_ln14387' <Predicate = true> <Delay = 0.38>

State 27 <SV = 5> <Delay = 0.77>
ST_27 : Operation 375 [1/1] (0.00ns)   --->   "%n_V = phi i2 0, void %.preheader67, i2 %add_ln691_1502, void %ifFalse"   --->   Operation 375 'phi' 'n_V' <Predicate = true> <Delay = 0.00>
ST_27 : Operation 376 [1/1] (0.00ns)   --->   "%p_Val2_s = phi i512 %in_data_V, void %.preheader67, i512 %zext_ln1497, void %ifFalse"   --->   Operation 376 'phi' 'p_Val2_s' <Predicate = true> <Delay = 0.00>
ST_27 : Operation 377 [1/1] (0.43ns)   --->   "%add_ln691_1502 = add i2 %n_V, i2 1"   --->   Operation 377 'add' 'add_ln691_1502' <Predicate = true> <Delay = 0.43> <CoreInst = "Adder">   --->   Core 1 'Adder' <Latency = 0> <II = 1> <Delay = 0.76> <FuncUnit> <Opcode : 'add' 'sub'> <InPorts = 2> <OutPorts = 1>
ST_27 : Operation 378 [1/1] (0.34ns)   --->   "%icmp_ln878 = icmp_eq  i2 %n_V, i2 2"   --->   Operation 378 'icmp' 'icmp_ln878' <Predicate = true> <Delay = 0.34> <CoreInst = "Cmp">   --->   Core 9 'Cmp' <Latency = 0> <II = 1> <Delay = 0.34> <FuncUnit> <Opcode : 'icmp'> <InPorts = 2> <OutPorts = 1>
ST_27 : Operation 379 [1/1] (0.00ns)   --->   "%speclooptripcount_ln0 = speclooptripcount void @_ssdm_op_SpecLoopTripCount, i64 2, i64 2, i64 2"   --->   Operation 379 'speclooptripcount' 'speclooptripcount_ln0' <Predicate = true> <Delay = 0.00>
ST_27 : Operation 380 [1/1] (0.00ns)   --->   "%br_ln14387 = br i1 %icmp_ln878, void %.split, void" [./dut.cpp:14387]   --->   Operation 380 'br' 'br_ln14387' <Predicate = true> <Delay = 0.00>
ST_27 : Operation 381 [1/1] (0.00ns)   --->   "%data_split_V_0_164 = trunc i512 %p_Val2_s"   --->   Operation 381 'trunc' 'data_split_V_0_164' <Predicate = (!icmp_ln878)> <Delay = 0.00>
ST_27 : Operation 382 [1/1] (0.00ns)   --->   "%trunc_ln14388 = trunc i2 %n_V" [./dut.cpp:14388]   --->   Operation 382 'trunc' 'trunc_ln14388' <Predicate = (!icmp_ln878)> <Delay = 0.00>
ST_27 : Operation 383 [1/1] (0.00ns)   --->   "%r = partselect i256 @_ssdm_op_PartSelect.i256.i512.i32.i32, i512 %p_Val2_s, i32 256, i32 511"   --->   Operation 383 'partselect' 'r' <Predicate = (!icmp_ln878)> <Delay = 0.00>
ST_27 : Operation 384 [1/1] (0.34ns)   --->   "%icmp_ln878_74 = icmp_eq  i2 %add_ln691_1502, i2 2"   --->   Operation 384 'icmp' 'icmp_ln878_74' <Predicate = (!icmp_ln878)> <Delay = 0.34> <CoreInst = "Cmp">   --->   Core 9 'Cmp' <Latency = 0> <II = 1> <Delay = 0.34> <FuncUnit> <Opcode : 'icmp'> <InPorts = 2> <OutPorts = 1>

State 28 <SV = 6> <Delay = 2.06>
ST_28 : Operation 385 [1/1] (0.00ns)   --->   "%data_split_V_1_load = load i256 %data_split_V_1" [./dut.cpp:14388]   --->   Operation 385 'load' 'data_split_V_1_load' <Predicate = (!trunc_ln14388)> <Delay = 0.00>
ST_28 : Operation 386 [1/1] (0.00ns)   --->   "%data_split_V_1_210_load = load i256 %data_split_V_1_210" [./dut.cpp:14388]   --->   Operation 386 'load' 'data_split_V_1_210_load' <Predicate = (trunc_ln14388)> <Delay = 0.00>
ST_28 : Operation 387 [1/1] (0.00ns)   --->   "%specpipeline_ln674 = specpipeline void @_ssdm_op_SpecPipeline, i32 2, i32 0, i32 0, i32 0, void @empty_536"   --->   Operation 387 'specpipeline' 'specpipeline_ln674' <Predicate = true> <Delay = 0.00>
ST_28 : Operation 388 [1/1] (0.00ns)   --->   "%specloopname_ln674 = specloopname void @_ssdm_op_SpecLoopName, void @empty_1219"   --->   Operation 388 'specloopname' 'specloopname_ln674' <Predicate = true> <Delay = 0.00>
ST_28 : Operation 389 [1/1] (0.42ns)   --->   "%data_split_V_1_212 = select i1 %trunc_ln14388, i256 %data_split_V_1_210_load, i256 %data_split_V_0_164" [./dut.cpp:14388]   --->   Operation 389 'select' 'data_split_V_1_212' <Predicate = true> <Delay = 0.42> <CoreInst = "Sel">   --->   Core 73 'Sel' <Latency = 0> <II = 1> <Delay = 0.34> <FuncUnit> <Opcode : 'select'> <InPorts = 3> <OutPorts = 1>
ST_28 : Operation 390 [1/1] (0.42ns)   --->   "%data_split_V_1_213 = select i1 %trunc_ln14388, i256 %data_split_V_0_164, i256 %data_split_V_1_load" [./dut.cpp:14388]   --->   Operation 390 'select' 'data_split_V_1_213' <Predicate = true> <Delay = 0.42> <CoreInst = "Sel">   --->   Core 73 'Sel' <Latency = 0> <II = 1> <Delay = 0.34> <FuncUnit> <Opcode : 'select'> <InPorts = 3> <OutPorts = 1>
ST_28 : Operation 391 [1/1] (0.00ns)   --->   "%zext_ln1497 = zext i256 %r"   --->   Operation 391 'zext' 'zext_ln1497' <Predicate = true> <Delay = 0.00>
ST_28 : Operation 392 [1/1] (0.00ns)   --->   "%br_ln878 = br i1 %icmp_ln878_74, void %ifFalse, void %ifTrue"   --->   Operation 392 'br' 'br_ln878' <Predicate = true> <Delay = 0.00>
ST_28 : Operation 393 [1/1] (0.42ns)   --->   "%select_ln14392 = select i1 %select_ln14376_1, i256 %data_split_V_1_213, i256 %data_split_V_1_212" [./dut.cpp:14392]   --->   Operation 393 'select' 'select_ln14392' <Predicate = (icmp_ln878_74)> <Delay = 0.42> <CoreInst = "Sel">   --->   Core 73 'Sel' <Latency = 0> <II = 1> <Delay = 0.34> <FuncUnit> <Opcode : 'select'> <InPorts = 3> <OutPorts = 1>
ST_28 : Operation 394 [1/1] (1.21ns)   --->   "%write_ln174 = write void @_ssdm_op_Write.ap_fifo.volatile.i256P0A, i256 %fifo_A_PE_0_0_x125, i256 %select_ln14392" [/home/rcslfpgaserver/Softwares/Xilinx/Vitis_HLS/2020.2/common/technology/autopilot/hls_stream_39.h:174]   --->   Operation 394 'write' 'write_ln174' <Predicate = (icmp_ln878_74)> <Delay = 1.21> <CoreInst = "FIFO_SRL">   --->   Core 81 'FIFO_SRL' <Latency = 0> <II = 1> <Delay = 1.42> <Storage> <Opcode : 'read' 'write' 'nbread' 'nbwrite'> <Ports = 0> <Width = 256> <Depth = 2> <FIFO>
ST_28 : Operation 395 [1/1] (0.00ns)   --->   "%br_ln0 = br void %ifFalse"   --->   Operation 395 'br' 'br_ln0' <Predicate = (icmp_ln878_74)> <Delay = 0.00>
ST_28 : Operation 396 [1/1] (0.00ns)   --->   "%store_ln14388 = store i256 %data_split_V_1_212, i256 %data_split_V_1_210" [./dut.cpp:14388]   --->   Operation 396 'store' 'store_ln14388' <Predicate = true> <Delay = 0.00>
ST_28 : Operation 397 [1/1] (0.00ns)   --->   "%store_ln14388 = store i256 %data_split_V_1_213, i256 %data_split_V_1" [./dut.cpp:14388]   --->   Operation 397 'store' 'store_ln14388' <Predicate = true> <Delay = 0.00>
ST_28 : Operation 398 [1/1] (0.00ns)   --->   "%br_ln0 = br void"   --->   Operation 398 'br' 'br_ln0' <Predicate = true> <Delay = 0.00>

State 29 <SV = 6> <Delay = 1.10>
ST_29 : Operation 399 [1/1] (0.70ns)   --->   "%add_ln691_1501 = add i5 %select_ln14378, i5 1"   --->   Operation 399 'add' 'add_ln691_1501' <Predicate = true> <Delay = 0.70> <CoreInst = "Adder">   --->   Core 1 'Adder' <Latency = 0> <II = 1> <Delay = 0.76> <FuncUnit> <Opcode : 'add' 'sub'> <InPorts = 2> <OutPorts = 1>
ST_29 : Operation 400 [1/1] (0.71ns)   --->   "%add_ln890 = add i9 %indvar_flatten201, i9 1"   --->   Operation 400 'add' 'add_ln890' <Predicate = true> <Delay = 0.71> <CoreInst = "Adder">   --->   Core 1 'Adder' <Latency = 0> <II = 1> <Delay = 0.76> <FuncUnit> <Opcode : 'add' 'sub'> <InPorts = 2> <OutPorts = 1>
ST_29 : Operation 401 [1/1] (0.00ns) (grouped into LUT with out node select_ln890_494)   --->   "%or_ln890 = or i1 %and_ln890_58, i1 %icmp_ln890_1546"   --->   Operation 401 'or' 'or_ln890' <Predicate = true> <Delay = 0.00> <CoreInst = "LogicGate">   --->   Core 74 'LogicGate' <Latency = 0> <II = 1> <Delay = 0.12> <FuncUnit> <Opcode : 'and' 'or' 'xor'> <InPorts = 2> <OutPorts = 1>
ST_29 : Operation 402 [1/1] (0.30ns) (out node of the LUT)   --->   "%select_ln890_494 = select i1 %or_ln890, i9 1, i9 %add_ln890"   --->   Operation 402 'select' 'select_ln890_494' <Predicate = true> <Delay = 0.30> <CoreInst = "Sel">   --->   Core 73 'Sel' <Latency = 0> <II = 1> <Delay = 0.34> <FuncUnit> <Opcode : 'select'> <InPorts = 3> <OutPorts = 1>
ST_29 : Operation 403 [1/1] (0.76ns)   --->   "%add_ln890_380 = add i14 %indvar_flatten217, i14 1"   --->   Operation 403 'add' 'add_ln890_380' <Predicate = (!icmp_ln890_1546)> <Delay = 0.76> <CoreInst = "Adder">   --->   Core 1 'Adder' <Latency = 0> <II = 1> <Delay = 0.76> <FuncUnit> <Opcode : 'add' 'sub'> <InPorts = 2> <OutPorts = 1>
ST_29 : Operation 404 [1/1] (0.34ns)   --->   "%select_ln890_495 = select i1 %icmp_ln890_1546, i14 1, i14 %add_ln890_380"   --->   Operation 404 'select' 'select_ln890_495' <Predicate = true> <Delay = 0.34> <CoreInst = "Sel">   --->   Core 73 'Sel' <Latency = 0> <II = 1> <Delay = 0.34> <FuncUnit> <Opcode : 'select'> <InPorts = 3> <OutPorts = 1>
ST_29 : Operation 405 [1/1] (0.00ns)   --->   "%br_ln0 = br void %.preheader67.preheader"   --->   Operation 405 'br' 'br_ln0' <Predicate = true> <Delay = 0.00>


============================================================
+ Verbose Summary: Binding
============================================================
STG Binding: 
---------------- STG Properties BEGIN ----------------
- Is combinational: 0
- Is one-state seq: 0
- Is datapath-only: 0
- Is pipelined: 0
- Is top level: 0
Port [ Return ] is wired: 1; IO mode=ap_ctrl_hs:ce=0
Port [ fifo_A_A_IO_L2_in_0_x15]:  wired=1; compound=1; hidden=0; nouse=0; global=0; static=0; extern=0; dir=0; type=3; pingpong=0; private_global=0; IO mode=ap_fifo:ce=0
Port [ fifo_A_A_IO_L2_in_1_x16]:  wired=1; compound=1; hidden=0; nouse=0; global=0; static=0; extern=0; dir=1; type=3; pingpong=0; private_global=0; IO mode=ap_fifo:ce=0
Port [ fifo_A_PE_0_0_x125]:  wired=1; compound=1; hidden=0; nouse=0; global=0; static=0; extern=0; dir=1; type=3; pingpong=0; private_global=0; IO mode=ap_fifo:ce=0
---------------- STG Properties END ------------------

---------------- Datapath Model BEGIN ----------------

<LifeTime>
<method=bitvector/>
specmemcore_ln0         (specmemcore      ) [ 000000000000000000000000000000]
specmemcore_ln0         (specmemcore      ) [ 000000000000000000000000000000]
specmemcore_ln0         (specmemcore      ) [ 000000000000000000000000000000]
specinterface_ln0       (specinterface    ) [ 000000000000000000000000000000]
specinterface_ln0       (specinterface    ) [ 000000000000000000000000000000]
specinterface_ln0       (specinterface    ) [ 000000000000000000000000000000]
local_A_ping_V          (alloca           ) [ 001111111111111111111111111111]
local_A_pong_V          (alloca           ) [ 001111111111111111111111000000]
specmemcore_ln14211     (specmemcore      ) [ 000000000000000000000000000000]
specmemcore_ln14212     (specmemcore      ) [ 000000000000000000000000000000]
br_ln14221              (br               ) [ 011111111111111111111111000000]
indvar_flatten193       (phi              ) [ 001000000000000000000000000000]
indvar_flatten179       (phi              ) [ 001111111111111111111111000000]
intra_trans_en          (phi              ) [ 001000000000000000000000000000]
arb_39                  (phi              ) [ 001000000000000000000000000000]
c2_V                    (phi              ) [ 001111111111111111111111000000]
add_ln890_395           (add              ) [ 011111111111111111111111000000]
icmp_ln890              (icmp             ) [ 001111111111111111111111000000]
br_ln890                (br               ) [ 000000000000000000000000000000]
specloopname_ln0        (specloopname     ) [ 000000000000000000000000000000]
speclooptripcount_ln0   (speclooptripcount) [ 000000000000000000000000000000]
icmp_ln890334           (icmp             ) [ 000111111111111111111111000000]
or_ln14221              (or               ) [ 000000000000000000000000000000]
xor_ln14221             (xor              ) [ 000000000000000000000000000000]
and_ln14221             (and              ) [ 000000000000000000000000000000]
icmp_ln14223            (icmp             ) [ 000000000000000000000000000000]
and_ln14221_1           (and              ) [ 000111111111111111111111000000]
specloopname_ln0        (specloopname     ) [ 000000000000000000000000000000]
or_ln14222              (or               ) [ 000111111111111111111111000000]
xor_ln14222             (xor              ) [ 000000000000000000000000000000]
or_ln14222_1            (or               ) [ 000000000000000000000000000000]
and_ln14222             (and              ) [ 001111111111111111111111000000]
specloopname_ln14223    (specloopname     ) [ 000000000000000000000000000000]
br_ln14227              (br               ) [ 000000000000000000000000000000]
br_ln890                (br               ) [ 001111111111111111111111000000]
br_ln890                (br               ) [ 001111111111111111111111000000]
data_split_V_1          (alloca           ) [ 000000000000000000000000111111]
data_split_V_1_210      (alloca           ) [ 000000000000000000000000111111]
br_ln14375              (br               ) [ 001111111111111111111111111111]
c3_V_5                  (phi              ) [ 000100000000000000000000000000]
add_ln691_1517          (add              ) [ 001111111111111111111111000000]
icmp_ln890_1550         (icmp             ) [ 001111111111111111111111000000]
speclooptripcount_ln0   (speclooptripcount) [ 000000000000000000000000000000]
br_ln14229              (br               ) [ 000000000000000000000000000000]
specloopname_ln1616     (specloopname     ) [ 000000000000000000000000000000]
icmp_ln870_5            (icmp             ) [ 001111111111111111111111000000]
br_ln14232              (br               ) [ 000000000000000000000000000000]
br_ln890                (br               ) [ 001111111111111111111111000000]
br_ln14233              (br               ) [ 001111111111111111111111000000]
br_ln14269              (br               ) [ 000000000000000000000000000000]
br_ln14270              (br               ) [ 001111111111111111111111000000]
indvar_flatten33        (phi              ) [ 000010000000000000000000000000]
add_ln890_393           (add              ) [ 001111111111111111111111000000]
icmp_ln890_1556         (icmp             ) [ 001111111111111111111111000000]
br_ln890                (br               ) [ 000000000000000000000000000000]
specloopname_ln0        (specloopname     ) [ 000000000000000000000000000000]
speclooptripcount_ln0   (speclooptripcount) [ 000000000000000000000000000000]
specloopname_ln0        (specloopname     ) [ 000000000000000000000000000000]
specpipeline_ln14251    (specpipeline     ) [ 000000000000000000000000000000]
specloopname_ln14251    (specloopname     ) [ 000000000000000000000000000000]
tmp_868                 (read             ) [ 000000000000000000000000000000]
write_ln174             (write            ) [ 000000000000000000000000000000]
br_ln0                  (br               ) [ 001111111111111111111111000000]
br_ln0                  (br               ) [ 000000000000000000000000000000]
br_ln0                  (br               ) [ 000000000000000000000000000000]
br_ln0                  (br               ) [ 001111111111111111111111000000]
indvar_flatten13        (phi              ) [ 000000010000000000000000000000]
c4_V_95                 (phi              ) [ 000000010000000000000000000000]
indvar_flatten          (phi              ) [ 000000010000000000000000000000]
c5_V_152                (phi              ) [ 000000010000000000000000000000]
c6_V_139                (phi              ) [ 000000010000000000000000000000]
add_ln890_392           (add              ) [ 001111111111111111111111000000]
icmp_ln890_1555         (icmp             ) [ 001111111111111111111111000000]
br_ln890                (br               ) [ 000000000000000000000000000000]
add_ln691_1512          (add              ) [ 000000000000000000000000000000]
icmp_ln890_1565         (icmp             ) [ 000000000000000000000000000000]
select_ln890_513        (select           ) [ 000000000000000000000000000000]
select_ln890_514        (select           ) [ 001111111111111111111111000000]
shl_ln14243             (shl              ) [ 000000000000000000000000000000]
xor_ln890_26            (xor              ) [ 000000000000000000000000000000]
icmp_ln890_1566         (icmp             ) [ 000000000000000000000000000000]
and_ln890_66            (and              ) [ 000000000000000000000000000000]
add_ln691_1513          (add              ) [ 000000000000000000000000000000]
or_ln890_24             (or               ) [ 000000000000000000000000000000]
select_ln890_515        (select           ) [ 000000001000000000000000000000]
select_ln890_516        (select           ) [ 001111111111111111111111000000]
zext_ln14243            (zext             ) [ 000000000000000000000000000000]
add_ln14243             (add              ) [ 000000001000000000000000000000]
add_ln890_391           (add              ) [ 000000000000000000000000000000]
select_ln890_517        (select           ) [ 001111111111111111111111000000]
specloopname_ln0        (specloopname     ) [ 000000000000000000000000000000]
speclooptripcount_ln0   (speclooptripcount) [ 000000000000000000000000000000]
specloopname_ln0        (specloopname     ) [ 000000000000000000000000000000]
tmp_1007_cast           (bitconcatenate   ) [ 000000000000000000000000000000]
zext_ln14243_1          (zext             ) [ 000000000000000000000000000000]
add_ln14243_1           (add              ) [ 000000000000000000000000000000]
zext_ln14243_2          (zext             ) [ 000000000000000000000000000000]
local_A_pong_V_addr     (getelementptr    ) [ 000000000000000000000000000000]
specpipeline_ln14236    (specpipeline     ) [ 000000000000000000000000000000]
specloopname_ln14236    (specloopname     ) [ 000000000000000000000000000000]
tmp                     (read             ) [ 000000000000000000000000000000]
store_ln14243           (store            ) [ 000000000000000000000000000000]
add_ln691_1514          (add              ) [ 001111111111111111111111000000]
br_ln0                  (br               ) [ 001111111111111111111111000000]
indvar_flatten81        (phi              ) [ 000000000100000000000000000000]
c5_V_151                (phi              ) [ 000000000100000000000000000000]
indvar_flatten53        (phi              ) [ 000000000100000000000000000000]
c6_V_137                (phi              ) [ 000000000100000000000000000000]
indvar_flatten41        (phi              ) [ 000000000100000000000000000000]
c8_V_28                 (phi              ) [ 000000000100000000000000000000]
add_ln890_390           (add              ) [ 001111111111111111111111000000]
div_i_i25               (partselect       ) [ 000000000010000000000000000000]
empty                   (trunc            ) [ 000000000111000000000000000000]
icmp_ln890_1554         (icmp             ) [ 001111111111111111111111000000]
br_ln890                (br               ) [ 000000000000000000000000000000]
add_ln691_1509          (add              ) [ 000000000000000000000000000000]
icmp_ln890_1562         (icmp             ) [ 000000000010000000000000000000]
select_ln890_507        (select           ) [ 000000000010000000000000000000]
select_ln890_508        (select           ) [ 001111111111111111111111000000]
xor_ln890_25            (xor              ) [ 000000000111000000000000000000]
icmp_ln890_1563         (icmp             ) [ 000000000000000000000000000000]
and_ln890_64            (and              ) [ 000000000000000000000000000000]
icmp_ln890_1564         (icmp             ) [ 000000000000000000000000000000]
and_ln890_65            (and              ) [ 000000000111000000000000000000]
xor_ln14271             (xor              ) [ 000000000000000000000000000000]
or_ln14271              (or               ) [ 000000000000000000000000000000]
and_ln14271             (and              ) [ 000000000000000000000000000000]
or_ln14273              (or               ) [ 000000000000000000000000000000]
or_ln14273_1            (or               ) [ 000000000000000000000000000000]
select_ln14273          (select           ) [ 000000000010000000000000000000]
add_ln890_388           (add              ) [ 000000000000000000000000000000]
or_ln890_23             (or               ) [ 000000000000000000000000000000]
select_ln890_511        (select           ) [ 001111111111111111111111000000]
add_ln890_389           (add              ) [ 000000000000000000000000000000]
select_ln890_512        (select           ) [ 001111111111111111111111000000]
zext_ln14281            (zext             ) [ 000000000000000000000000000000]
select_ln890_509        (select           ) [ 000000000000000000000000000000]
add_ln691_1510          (add              ) [ 000000000101000000000000000000]
div_i_i623_mid1         (partselect       ) [ 000000000000000000000000000000]
select_ln14271          (select           ) [ 000000000000000000000000000000]
select_ln890_510        (select           ) [ 001111111111111111111111000000]
shl_ln14281             (shl              ) [ 000000000000000000000000000000]
add_ln14281             (add              ) [ 000000000000000000000000000000]
or_ln12                 (bitconcatenate   ) [ 000000000000000000000000000000]
zext_ln14281_1          (zext             ) [ 000000000000000000000000000000]
local_A_ping_V_addr_14  (getelementptr    ) [ 000000000101000000000000000000]
add_ln691_1511          (add              ) [ 001111111111111111111111000000]
and_ln890_63            (and              ) [ 000000000000000000000000000000]
empty_2545              (trunc            ) [ 000000000000000000000000000000]
select_ln14271_1        (select           ) [ 000000000000000000000000000000]
in_data_V_48            (load             ) [ 000000000000000000000000000000]
data_split_V_0_163      (trunc            ) [ 000000000000000000000000000000]
data_split_V_1_215      (partselect       ) [ 000000000000000000000000000000]
select_ln14287          (select           ) [ 000000000010100000000000000000]
specloopname_ln0        (specloopname     ) [ 000000000000000000000000000000]
speclooptripcount_ln0   (speclooptripcount) [ 000000000000000000000000000000]
specloopname_ln0        (specloopname     ) [ 000000000000000000000000000000]
specloopname_ln0        (specloopname     ) [ 000000000000000000000000000000]
specpipeline_ln14275    (specpipeline     ) [ 000000000000000000000000000000]
specloopname_ln14275    (specloopname     ) [ 000000000000000000000000000000]
write_ln174             (write            ) [ 000000000000000000000000000000]
br_ln0                  (br               ) [ 001111111111111111111111000000]
br_ln0                  (br               ) [ 000000000000000000000000000000]
br_ln0                  (br               ) [ 000000000000000000000000000000]
arb                     (xor              ) [ 011111111111111111111111000000]
add_ln691_1515          (add              ) [ 000000000000000000000000000000]
or_ln691                (or               ) [ 000000000000000000000000000000]
c2_V_89                 (select           ) [ 011111111111111111111111000000]
add_ln890_394           (add              ) [ 000000000000000000000000000000]
select_ln890_518        (select           ) [ 011111111111111111111111000000]
br_ln0                  (br               ) [ 011111111111111111111111000000]
c3_V                    (phi              ) [ 000000000000001000000000000000]
add_ln691_1516          (add              ) [ 001111111111111111111111000000]
icmp_ln890_1549         (icmp             ) [ 001111111111111111111111000000]
speclooptripcount_ln0   (speclooptripcount) [ 000000000000000000000000000000]
br_ln14296              (br               ) [ 000000000000000000000000000000]
specloopname_ln1616     (specloopname     ) [ 000000000000000000000000000000]
icmp_ln870              (icmp             ) [ 001111111111111111111111000000]
br_ln14299              (br               ) [ 000000000000000000000000000000]
br_ln890                (br               ) [ 001111111111111111111111000000]
br_ln14300              (br               ) [ 001111111111111111111111000000]
br_ln14336              (br               ) [ 000000000000000000000000000000]
br_ln14337              (br               ) [ 001111111111111111111111000000]
indvar_flatten123       (phi              ) [ 000000000000000100000000000000]
add_ln890_387           (add              ) [ 001111111111111111111111000000]
icmp_ln890_1553         (icmp             ) [ 001111111111111111111111000000]
br_ln890                (br               ) [ 000000000000000000000000000000]
specloopname_ln0        (specloopname     ) [ 000000000000000000000000000000]
speclooptripcount_ln0   (speclooptripcount) [ 000000000000000000000000000000]
specloopname_ln0        (specloopname     ) [ 000000000000000000000000000000]
specpipeline_ln14318    (specpipeline     ) [ 000000000000000000000000000000]
specloopname_ln14318    (specloopname     ) [ 000000000000000000000000000000]
tmp_870                 (read             ) [ 000000000000000000000000000000]
write_ln174             (write            ) [ 000000000000000000000000000000]
br_ln0                  (br               ) [ 001111111111111111111111000000]
br_ln0                  (br               ) [ 000000000000000000000000000000]
br_ln0                  (br               ) [ 000000000000000000000000000000]
br_ln0                  (br               ) [ 001111111111111111111111000000]
indvar_flatten103       (phi              ) [ 000000000000000000100000000000]
c4_V                    (phi              ) [ 000000000000000000100000000000]
indvar_flatten89        (phi              ) [ 000000000000000000100000000000]
c5_V_150                (phi              ) [ 000000000000000000100000000000]
c6_V_138                (phi              ) [ 000000000000000000100000000000]
add_ln890_386           (add              ) [ 001111111111111111111111000000]
icmp_ln890_1552         (icmp             ) [ 001111111111111111111111000000]
br_ln890                (br               ) [ 000000000000000000000000000000]
add_ln691_1506          (add              ) [ 000000000000000000000000000000]
icmp_ln890_1560         (icmp             ) [ 000000000000000000000000000000]
select_ln890_502        (select           ) [ 000000000000000000000000000000]
select_ln890_503        (select           ) [ 001111111111111111111111000000]
shl_ln14310             (shl              ) [ 000000000000000000000000000000]
xor_ln890_24            (xor              ) [ 000000000000000000000000000000]
icmp_ln890_1561         (icmp             ) [ 000000000000000000000000000000]
and_ln890_62            (and              ) [ 000000000000000000000000000000]
add_ln691_1507          (add              ) [ 000000000000000000000000000000]
or_ln890_22             (or               ) [ 000000000000000000000000000000]
select_ln890_504        (select           ) [ 000000000000000000010000000000]
select_ln890_505        (select           ) [ 001111111111111111111111000000]
zext_ln14310            (zext             ) [ 000000000000000000000000000000]
add_ln14310             (add              ) [ 000000000000000000010000000000]
add_ln890_385           (add              ) [ 000000000000000000000000000000]
select_ln890_506        (select           ) [ 001111111111111111111111000000]
specloopname_ln0        (specloopname     ) [ 000000000000000000000000000000]
speclooptripcount_ln0   (speclooptripcount) [ 000000000000000000000000000000]
specloopname_ln0        (specloopname     ) [ 000000000000000000000000000000]
tmp_1001_cast           (bitconcatenate   ) [ 000000000000000000000000000000]
zext_ln14310_1          (zext             ) [ 000000000000000000000000000000]
add_ln14310_1           (add              ) [ 000000000000000000000000000000]
zext_ln14310_2          (zext             ) [ 000000000000000000000000000000]
local_A_ping_V_addr_13  (getelementptr    ) [ 000000000000000000000000000000]
specpipeline_ln14303    (specpipeline     ) [ 000000000000000000000000000000]
specloopname_ln14303    (specloopname     ) [ 000000000000000000000000000000]
tmp_869                 (read             ) [ 000000000000000000000000000000]
store_ln14310           (store            ) [ 000000000000000000000000000000]
add_ln691_1508          (add              ) [ 001111111111111111111111000000]
br_ln0                  (br               ) [ 001111111111111111111111000000]
indvar_flatten171       (phi              ) [ 000000000000000000001000000000]
c5_V_149                (phi              ) [ 000000000000000000001000000000]
indvar_flatten143       (phi              ) [ 000000000000000000001000000000]
c6_V_136                (phi              ) [ 000000000000000000001000000000]
indvar_flatten131       (phi              ) [ 000000000000000000001000000000]
c8_V_27                 (phi              ) [ 000000000000000000001000000000]
add_ln890_384           (add              ) [ 001111111111111111111111000000]
div_i_i24               (partselect       ) [ 000000000000000000000100000000]
empty_2546              (trunc            ) [ 000000000000000000001110000000]
icmp_ln890_1551         (icmp             ) [ 001111111111111111111111000000]
br_ln890                (br               ) [ 000000000000000000000000000000]
add_ln691_1503          (add              ) [ 000000000000000000000000000000]
icmp_ln890_1557         (icmp             ) [ 000000000000000000000100000000]
select_ln890_496        (select           ) [ 000000000000000000000100000000]
select_ln890_497        (select           ) [ 001111111111111111111111000000]
xor_ln890_23            (xor              ) [ 000000000000000000001110000000]
icmp_ln890_1558         (icmp             ) [ 000000000000000000000000000000]
and_ln890_60            (and              ) [ 000000000000000000000000000000]
icmp_ln890_1559         (icmp             ) [ 000000000000000000000000000000]
and_ln890_61            (and              ) [ 000000000000000000001110000000]
xor_ln14338             (xor              ) [ 000000000000000000000000000000]
or_ln14338              (or               ) [ 000000000000000000000000000000]
and_ln14338             (and              ) [ 000000000000000000000000000000]
or_ln14340              (or               ) [ 000000000000000000000000000000]
or_ln14340_1            (or               ) [ 000000000000000000000000000000]
select_ln14340          (select           ) [ 000000000000000000000100000000]
add_ln890_382           (add              ) [ 000000000000000000000000000000]
or_ln890_21             (or               ) [ 000000000000000000000000000000]
select_ln890_500        (select           ) [ 001111111111111111111111000000]
add_ln890_383           (add              ) [ 000000000000000000000000000000]
select_ln890_501        (select           ) [ 001111111111111111111111000000]
zext_ln14348            (zext             ) [ 000000000000000000000000000000]
select_ln890_498        (select           ) [ 000000000000000000000000000000]
add_ln691_1504          (add              ) [ 000000000000000000001010000000]
div_i_i367_mid1         (partselect       ) [ 000000000000000000000000000000]
select_ln14338          (select           ) [ 000000000000000000000000000000]
select_ln890_499        (select           ) [ 001111111111111111111111000000]
shl_ln14348             (shl              ) [ 000000000000000000000000000000]
add_ln14348             (add              ) [ 000000000000000000000000000000]
or_ln11                 (bitconcatenate   ) [ 000000000000000000000000000000]
zext_ln14348_1          (zext             ) [ 000000000000000000000000000000]
local_A_pong_V_addr_7   (getelementptr    ) [ 000000000000000000001010000000]
add_ln691_1505          (add              ) [ 001111111111111111111111000000]
and_ln890_59            (and              ) [ 000000000000000000000000000000]
empty_2547              (trunc            ) [ 000000000000000000000000000000]
select_ln14338_1        (select           ) [ 000000000000000000000000000000]
in_data_V_47            (load             ) [ 000000000000000000000000000000]
data_split_V_0          (trunc            ) [ 000000000000000000000000000000]
data_split_V_1_214      (partselect       ) [ 000000000000000000000000000000]
select_ln14354          (select           ) [ 000000000000000000000101000000]
specloopname_ln0        (specloopname     ) [ 000000000000000000000000000000]
speclooptripcount_ln0   (speclooptripcount) [ 000000000000000000000000000000]
specloopname_ln0        (specloopname     ) [ 000000000000000000000000000000]
specloopname_ln0        (specloopname     ) [ 000000000000000000000000000000]
specpipeline_ln14342    (specpipeline     ) [ 000000000000000000000000000000]
specloopname_ln14342    (specloopname     ) [ 000000000000000000000000000000]
write_ln174             (write            ) [ 000000000000000000000000000000]
br_ln0                  (br               ) [ 001111111111111111111111000000]
indvar_flatten251       (phi              ) [ 000000000000000000000000100000]
c5_V                    (phi              ) [ 000000000000000000000000100000]
indvar_flatten217       (phi              ) [ 000000000000000000000000111111]
c6_V                    (phi              ) [ 000000000000000000000000100000]
indvar_flatten201       (phi              ) [ 000000000000000000000000111111]
c8_V                    (phi              ) [ 000000000000000000000000100000]
add_ln890_381           (add              ) [ 001000000000000000000000111111]
div_i_i                 (partselect       ) [ 000000000000000000000000000000]
empty_2548              (trunc            ) [ 000000000000000000000000000000]
icmp_ln890_1545         (icmp             ) [ 000000000000000000000000111111]
br_ln890                (br               ) [ 000000000000000000000000000000]
add_ln691               (add              ) [ 000000000000000000000000000000]
icmp_ln890_1546         (icmp             ) [ 000000000000000000000000011111]
select_ln890            (select           ) [ 000000000000000000000000000000]
select_ln890_491        (select           ) [ 001000000000000000000000111111]
select_ln890_492        (select           ) [ 000000000000000000000000000000]
xor_ln890               (xor              ) [ 000000000000000000000000000000]
and_ln890               (and              ) [ 000000000000000000000000000000]
icmp_ln890_1547         (icmp             ) [ 000000000000000000000000000000]
and_ln890_57            (and              ) [ 000000000000000000000000000000]
icmp_ln890_1548         (icmp             ) [ 000000000000000000000000000000]
and_ln890_58            (and              ) [ 000000000000000000000000011111]
add_ln691_1500          (add              ) [ 000000000000000000000000000000]
div_i_i203_mid1         (partselect       ) [ 000000000000000000000000000000]
select_ln14376          (select           ) [ 000000000000000000000000010000]
empty_2549              (trunc            ) [ 000000000000000000000000000000]
select_ln14376_1        (select           ) [ 000000000000000000000000011110]
xor_ln14376             (xor              ) [ 000000000000000000000000000000]
or_ln14376              (or               ) [ 000000000000000000000000000000]
and_ln14376             (and              ) [ 000000000000000000000000000000]
select_ln890_493        (select           ) [ 001000000000000000000000111111]
or_ln14378              (or               ) [ 000000000000000000000000000000]
or_ln14378_1            (or               ) [ 000000000000000000000000000000]
select_ln14378          (select           ) [ 000000000000000000000000011111]
ret_ln14430             (ret              ) [ 000000000000000000000000000000]
zext_ln14386            (zext             ) [ 000000000000000000000000000000]
shl_ln14386             (shl              ) [ 000000000000000000000000000000]
add_ln14386             (add              ) [ 000000000000000000000000000000]
or_ln                   (bitconcatenate   ) [ 000000000000000000000000000000]
zext_ln14386_1          (zext             ) [ 000000000000000000000000000000]
local_A_ping_V_addr     (getelementptr    ) [ 000000000000000000000000001000]
specloopname_ln0        (specloopname     ) [ 000000000000000000000000000000]
speclooptripcount_ln0   (speclooptripcount) [ 000000000000000000000000000000]
specloopname_ln0        (specloopname     ) [ 000000000000000000000000000000]
specloopname_ln0        (specloopname     ) [ 000000000000000000000000000000]
specloopname_ln14380    (specloopname     ) [ 000000000000000000000000000000]
in_data_V               (load             ) [ 000000000000000000000000111111]
br_ln14387              (br               ) [ 000000000000000000000000111111]
n_V                     (phi              ) [ 000000000000000000000000000100]
p_Val2_s                (phi              ) [ 000000000000000000000000000100]
add_ln691_1502          (add              ) [ 000000000000000000000000111111]
icmp_ln878              (icmp             ) [ 000000000000000000000000111111]
speclooptripcount_ln0   (speclooptripcount) [ 000000000000000000000000000000]
br_ln14387              (br               ) [ 000000000000000000000000000000]
data_split_V_0_164      (trunc            ) [ 000000000000000000000000000010]
trunc_ln14388           (trunc            ) [ 000000000000000000000000000010]
r                       (partselect       ) [ 000000000000000000000000000010]
icmp_ln878_74           (icmp             ) [ 000000000000000000000000000010]
data_split_V_1_load     (load             ) [ 000000000000000000000000000000]
data_split_V_1_210_load (load             ) [ 000000000000000000000000000000]
specpipeline_ln674      (specpipeline     ) [ 000000000000000000000000000000]
specloopname_ln674      (specloopname     ) [ 000000000000000000000000000000]
data_split_V_1_212      (select           ) [ 000000000000000000000000000000]
data_split_V_1_213      (select           ) [ 000000000000000000000000000000]
zext_ln1497             (zext             ) [ 000000000000000000000000111111]
br_ln878                (br               ) [ 000000000000000000000000000000]
select_ln14392          (select           ) [ 000000000000000000000000000000]
write_ln174             (write            ) [ 000000000000000000000000000000]
br_ln0                  (br               ) [ 000000000000000000000000000000]
store_ln14388           (store            ) [ 000000000000000000000000000000]
store_ln14388           (store            ) [ 000000000000000000000000000000]
br_ln0                  (br               ) [ 000000000000000000000000111111]
add_ln691_1501          (add              ) [ 001000000000000000000000111111]
add_ln890               (add              ) [ 000000000000000000000000000000]
or_ln890                (or               ) [ 000000000000000000000000000000]
select_ln890_494        (select           ) [ 001000000000000000000000111111]
add_ln890_380           (add              ) [ 000000000000000000000000000000]
select_ln890_495        (select           ) [ 001000000000000000000000111111]
br_ln0                  (br               ) [ 001000000000000000000000111111]
</LifeTime>

<model>

<comp_list>
<comp id="0" class="1000" name="fifo_A_A_IO_L2_in_0_x15">
<pin_list>
<pin id="1" dir="1" index="0" bw="1" slack="0"/>
</pin_list>
<bind>
<StgValue><ssdm name="fifo_A_A_IO_L2_in_0_x15"/></StgValue>
</bind>
</comp>

<comp id="2" class="1000" name="fifo_A_A_IO_L2_in_1_x16">
<pin_list>
<pin id="3" dir="1" index="0" bw="1" slack="0"/>
</pin_list>
<bind>
<StgValue><ssdm name="fifo_A_A_IO_L2_in_1_x16"/></StgValue>
</bind>
</comp>

<comp id="4" class="1000" name="fifo_A_PE_0_0_x125">
<pin_list>
<pin id="5" dir="1" index="0" bw="1" slack="0"/>
</pin_list>
<bind>
<StgValue><ssdm name="fifo_A_PE_0_0_x125"/></StgValue>
</bind>
</comp>

<comp id="6" class="1001" name="const_6">
<pin_list>
<pin id="7" dir="1" index="0" bw="1" slack="2147483647"/>
</pin_list>
<bind>
<StgValue><ssdm name="_ssdm_op_SpecMemCore"/></StgValue>
</bind>
</comp>

<comp id="8" class="1001" name="const_8">
<pin_list>
<pin id="9" dir="1" index="0" bw="1" slack="2147483647"/>
</pin_list>
<bind>
<StgValue><ssdm name=""/></StgValue>
</bind>
</comp>

<comp id="10" class="1001" name="const_10">
<pin_list>
<pin id="11" dir="1" index="0" bw="1" slack="2147483647"/>
</pin_list>
<bind>
<StgValue><ssdm name=""/></StgValue>
</bind>
</comp>

<comp id="12" class="1001" name="const_12">
<pin_list>
<pin id="13" dir="1" index="0" bw="1" slack="2147483647"/>
</pin_list>
<bind>
<StgValue><ssdm name=""/></StgValue>
</bind>
</comp>

<comp id="14" class="1001" name="const_14">
<pin_list>
<pin id="15" dir="1" index="0" bw="1" slack="2147483647"/>
</pin_list>
<bind>
<StgValue><ssdm name="_ssdm_op_SpecInterface"/></StgValue>
</bind>
</comp>

<comp id="16" class="1001" name="const_16">
<pin_list>
<pin id="17" dir="1" index="0" bw="1" slack="2147483647"/>
</pin_list>
<bind>
<StgValue><ssdm name="empty_1310"/></StgValue>
</bind>
</comp>

<comp id="18" class="1001" name="const_18">
<pin_list>
<pin id="19" dir="1" index="0" bw="1" slack="2147483647"/>
</pin_list>
<bind>
<StgValue><ssdm name=""/></StgValue>
</bind>
</comp>

<comp id="20" class="1001" name="const_20">
<pin_list>
<pin id="21" dir="1" index="0" bw="1" slack="2147483647"/>
</pin_list>
<bind>
<StgValue><ssdm name="empty_536"/></StgValue>
</bind>
</comp>

<comp id="22" class="1001" name="const_22">
<pin_list>
<pin id="23" dir="1" index="0" bw="1" slack="0"/>
</pin_list>
<bind>
<StgValue><ssdm name=""/></StgValue>
</bind>
</comp>

<comp id="24" class="1001" name="const_24">
<pin_list>
<pin id="25" dir="1" index="0" bw="1" slack="2147483647"/>
</pin_list>
<bind>
<StgValue><ssdm name=""/></StgValue>
</bind>
</comp>

<comp id="26" class="1001" name="const_26">
<pin_list>
<pin id="27" dir="1" index="0" bw="1" slack="1"/>
</pin_list>
<bind>
<StgValue><ssdm name=""/></StgValue>
</bind>
</comp>

<comp id="28" class="1001" name="const_28">
<pin_list>
<pin id="29" dir="1" index="0" bw="1" slack="1"/>
</pin_list>
<bind>
<StgValue><ssdm name=""/></StgValue>
</bind>
</comp>

<comp id="30" class="1001" name="const_30">
<pin_list>
<pin id="31" dir="1" index="0" bw="1" slack="1"/>
</pin_list>
<bind>
<StgValue><ssdm name=""/></StgValue>
</bind>
</comp>

<comp id="32" class="1001" name="const_32">
<pin_list>
<pin id="33" dir="1" index="0" bw="1" slack="0"/>
</pin_list>
<bind>
<StgValue><ssdm name=""/></StgValue>
</bind>
</comp>

<comp id="34" class="1001" name="const_34">
<pin_list>
<pin id="35" dir="1" index="0" bw="1" slack="1"/>
</pin_list>
<bind>
<StgValue><ssdm name=""/></StgValue>
</bind>
</comp>

<comp id="36" class="1001" name="const_36">
<pin_list>
<pin id="37" dir="1" index="0" bw="1" slack="0"/>
</pin_list>
<bind>
<StgValue><ssdm name=""/></StgValue>
</bind>
</comp>

<comp id="38" class="1001" name="const_38">
<pin_list>
<pin id="39" dir="1" index="0" bw="1" slack="0"/>
</pin_list>
<bind>
<StgValue><ssdm name=""/></StgValue>
</bind>
</comp>

<comp id="40" class="1001" name="const_40">
<pin_list>
<pin id="41" dir="1" index="0" bw="1" slack="2147483647"/>
</pin_list>
<bind>
<StgValue><ssdm name="_ssdm_op_SpecLoopName"/></StgValue>
</bind>
</comp>

<comp id="42" class="1001" name="const_42">
<pin_list>
<pin id="43" dir="1" index="0" bw="1" slack="2147483647"/>
</pin_list>
<bind>
<StgValue><ssdm name="A_IO_L2_in_0_x1_loop_1_A_IO_L2_in_0_x1_loop_2_A_IO_L2_in_0_x1_loop_3_str"/></StgValue>
</bind>
</comp>

<comp id="44" class="1001" name="const_44">
<pin_list>
<pin id="45" dir="1" index="0" bw="1" slack="2147483647"/>
</pin_list>
<bind>
<StgValue><ssdm name="_ssdm_op_SpecLoopTripCount"/></StgValue>
</bind>
</comp>

<comp id="46" class="1001" name="const_46">
<pin_list>
<pin id="47" dir="1" index="0" bw="1" slack="2147483647"/>
</pin_list>
<bind>
<StgValue><ssdm name=""/></StgValue>
</bind>
</comp>

<comp id="48" class="1001" name="const_48">
<pin_list>
<pin id="49" dir="1" index="0" bw="1" slack="0"/>
</pin_list>
<bind>
<StgValue><ssdm name=""/></StgValue>
</bind>
</comp>

<comp id="50" class="1001" name="const_50">
<pin_list>
<pin id="51" dir="1" index="0" bw="1" slack="0"/>
</pin_list>
<bind>
<StgValue><ssdm name=""/></StgValue>
</bind>
</comp>

<comp id="52" class="1001" name="const_52">
<pin_list>
<pin id="53" dir="1" index="0" bw="1" slack="2147483647"/>
</pin_list>
<bind>
<StgValue><ssdm name="A_IO_L2_in_0_x1_loop_2_A_IO_L2_in_0_x1_loop_3_str"/></StgValue>
</bind>
</comp>

<comp id="54" class="1001" name="const_54">
<pin_list>
<pin id="55" dir="1" index="0" bw="1" slack="2147483647"/>
</pin_list>
<bind>
<StgValue><ssdm name="empty_254"/></StgValue>
</bind>
</comp>

<comp id="56" class="1001" name="const_56">
<pin_list>
<pin id="57" dir="1" index="0" bw="1" slack="0"/>
</pin_list>
<bind>
<StgValue><ssdm name=""/></StgValue>
</bind>
</comp>

<comp id="58" class="1001" name="const_58">
<pin_list>
<pin id="59" dir="1" index="0" bw="1" slack="0"/>
</pin_list>
<bind>
<StgValue><ssdm name=""/></StgValue>
</bind>
</comp>

<comp id="60" class="1001" name="const_60">
<pin_list>
<pin id="61" dir="1" index="0" bw="1" slack="0"/>
</pin_list>
<bind>
<StgValue><ssdm name=""/></StgValue>
</bind>
</comp>

<comp id="62" class="1001" name="const_62">
<pin_list>
<pin id="63" dir="1" index="0" bw="1" slack="0"/>
</pin_list>
<bind>
<StgValue><ssdm name=""/></StgValue>
</bind>
</comp>

<comp id="64" class="1001" name="const_64">
<pin_list>
<pin id="65" dir="1" index="0" bw="1" slack="2147483647"/>
</pin_list>
<bind>
<StgValue><ssdm name=""/></StgValue>
</bind>
</comp>

<comp id="66" class="1001" name="const_66">
<pin_list>
<pin id="67" dir="1" index="0" bw="1" slack="2147483647"/>
</pin_list>
<bind>
<StgValue><ssdm name="empty_1227"/></StgValue>
</bind>
</comp>

<comp id="68" class="1001" name="const_68">
<pin_list>
<pin id="69" dir="1" index="0" bw="1" slack="1"/>
</pin_list>
<bind>
<StgValue><ssdm name=""/></StgValue>
</bind>
</comp>

<comp id="70" class="1001" name="const_70">
<pin_list>
<pin id="71" dir="1" index="0" bw="1" slack="0"/>
</pin_list>
<bind>
<StgValue><ssdm name=""/></StgValue>
</bind>
</comp>

<comp id="72" class="1001" name="const_72">
<pin_list>
<pin id="73" dir="1" index="0" bw="1" slack="0"/>
</pin_list>
<bind>
<StgValue><ssdm name=""/></StgValue>
</bind>
</comp>

<comp id="74" class="1001" name="const_74">
<pin_list>
<pin id="75" dir="1" index="0" bw="1" slack="2147483647"/>
</pin_list>
<bind>
<StgValue><ssdm name="A_IO_L2_in_0_x1_loop_8_A_IO_L2_in_0_x1_loop_9_A_IO_L2_in_0_x1_loop_10_str"/></StgValue>
</bind>
</comp>

<comp id="76" class="1001" name="const_76">
<pin_list>
<pin id="77" dir="1" index="0" bw="1" slack="2147483647"/>
</pin_list>
<bind>
<StgValue><ssdm name=""/></StgValue>
</bind>
</comp>

<comp id="78" class="1001" name="const_78">
<pin_list>
<pin id="79" dir="1" index="0" bw="1" slack="2147483647"/>
</pin_list>
<bind>
<StgValue><ssdm name="A_IO_L2_in_0_x1_loop_9_A_IO_L2_in_0_x1_loop_10_str"/></StgValue>
</bind>
</comp>

<comp id="80" class="1001" name="const_80">
<pin_list>
<pin id="81" dir="1" index="0" bw="1" slack="2147483647"/>
</pin_list>
<bind>
<StgValue><ssdm name="_ssdm_op_SpecPipeline"/></StgValue>
</bind>
</comp>

<comp id="82" class="1001" name="const_82">
<pin_list>
<pin id="83" dir="1" index="0" bw="1" slack="2147483647"/>
</pin_list>
<bind>
<StgValue><ssdm name=""/></StgValue>
</bind>
</comp>

<comp id="84" class="1001" name="const_84">
<pin_list>
<pin id="85" dir="1" index="0" bw="1" slack="2147483647"/>
</pin_list>
<bind>
<StgValue><ssdm name="empty_1229"/></StgValue>
</bind>
</comp>

<comp id="86" class="1001" name="const_86">
<pin_list>
<pin id="87" dir="1" index="0" bw="1" slack="0"/>
</pin_list>
<bind>
<StgValue><ssdm name="_ssdm_op_Read.ap_fifo.volatile.i512P0A"/></StgValue>
</bind>
</comp>

<comp id="88" class="1001" name="const_88">
<pin_list>
<pin id="89" dir="1" index="0" bw="1" slack="0"/>
</pin_list>
<bind>
<StgValue><ssdm name="_ssdm_op_Write.ap_fifo.volatile.i512P0A"/></StgValue>
</bind>
</comp>

<comp id="90" class="1001" name="const_90">
<pin_list>
<pin id="91" dir="1" index="0" bw="1" slack="0"/>
</pin_list>
<bind>
<StgValue><ssdm name=""/></StgValue>
</bind>
</comp>

<comp id="92" class="1001" name="const_92">
<pin_list>
<pin id="93" dir="1" index="0" bw="1" slack="1"/>
</pin_list>
<bind>
<StgValue><ssdm name=""/></StgValue>
</bind>
</comp>

<comp id="94" class="1001" name="const_94">
<pin_list>
<pin id="95" dir="1" index="0" bw="1" slack="0"/>
</pin_list>
<bind>
<StgValue><ssdm name=""/></StgValue>
</bind>
</comp>

<comp id="96" class="1001" name="const_96">
<pin_list>
<pin id="97" dir="1" index="0" bw="1" slack="0"/>
</pin_list>
<bind>
<StgValue><ssdm name=""/></StgValue>
</bind>
</comp>

<comp id="98" class="1001" name="const_98">
<pin_list>
<pin id="99" dir="1" index="0" bw="1" slack="0"/>
</pin_list>
<bind>
<StgValue><ssdm name=""/></StgValue>
</bind>
</comp>

<comp id="100" class="1001" name="const_100">
<pin_list>
<pin id="101" dir="1" index="0" bw="1" slack="0"/>
</pin_list>
<bind>
<StgValue><ssdm name=""/></StgValue>
</bind>
</comp>

<comp id="102" class="1001" name="const_102">
<pin_list>
<pin id="103" dir="1" index="0" bw="1" slack="0"/>
</pin_list>
<bind>
<StgValue><ssdm name=""/></StgValue>
</bind>
</comp>

<comp id="104" class="1001" name="const_104">
<pin_list>
<pin id="105" dir="1" index="0" bw="1" slack="0"/>
</pin_list>
<bind>
<StgValue><ssdm name=""/></StgValue>
</bind>
</comp>

<comp id="106" class="1001" name="const_106">
<pin_list>
<pin id="107" dir="1" index="0" bw="1" slack="2147483647"/>
</pin_list>
<bind>
<StgValue><ssdm name="A_IO_L2_in_0_x1_loop_5_A_IO_L2_in_0_x1_loop_6_A_IO_L2_in_0_x1_loop_7_str"/></StgValue>
</bind>
</comp>

<comp id="108" class="1001" name="const_108">
<pin_list>
<pin id="109" dir="1" index="0" bw="1" slack="2147483647"/>
</pin_list>
<bind>
<StgValue><ssdm name="A_IO_L2_in_0_x1_loop_6_A_IO_L2_in_0_x1_loop_7_str"/></StgValue>
</bind>
</comp>

<comp id="110" class="1001" name="const_110">
<pin_list>
<pin id="111" dir="1" index="0" bw="1" slack="0"/>
</pin_list>
<bind>
<StgValue><ssdm name="_ssdm_op_BitConcatenate.i9.i5.i4"/></StgValue>
</bind>
</comp>

<comp id="112" class="1001" name="const_112">
<pin_list>
<pin id="113" dir="1" index="0" bw="1" slack="0"/>
</pin_list>
<bind>
<StgValue><ssdm name=""/></StgValue>
</bind>
</comp>

<comp id="114" class="1001" name="const_114">
<pin_list>
<pin id="115" dir="1" index="0" bw="1" slack="0"/>
</pin_list>
<bind>
<StgValue><ssdm name=""/></StgValue>
</bind>
</comp>

<comp id="116" class="1001" name="const_116">
<pin_list>
<pin id="117" dir="1" index="0" bw="1" slack="2147483647"/>
</pin_list>
<bind>
<StgValue><ssdm name="empty_820"/></StgValue>
</bind>
</comp>

<comp id="118" class="1001" name="const_118">
<pin_list>
<pin id="119" dir="1" index="0" bw="1" slack="1"/>
</pin_list>
<bind>
<StgValue><ssdm name=""/></StgValue>
</bind>
</comp>

<comp id="120" class="1001" name="const_120">
<pin_list>
<pin id="121" dir="1" index="0" bw="1" slack="0"/>
</pin_list>
<bind>
<StgValue><ssdm name=""/></StgValue>
</bind>
</comp>

<comp id="122" class="1001" name="const_122">
<pin_list>
<pin id="123" dir="1" index="0" bw="1" slack="1"/>
</pin_list>
<bind>
<StgValue><ssdm name=""/></StgValue>
</bind>
</comp>

<comp id="124" class="1001" name="const_124">
<pin_list>
<pin id="125" dir="1" index="0" bw="1" slack="0"/>
</pin_list>
<bind>
<StgValue><ssdm name=""/></StgValue>
</bind>
</comp>

<comp id="126" class="1001" name="const_126">
<pin_list>
<pin id="127" dir="1" index="0" bw="1" slack="0"/>
</pin_list>
<bind>
<StgValue><ssdm name="_ssdm_op_PartSelect.i4.i6.i32.i32"/></StgValue>
</bind>
</comp>

<comp id="128" class="1001" name="const_128">
<pin_list>
<pin id="129" dir="1" index="0" bw="1" slack="0"/>
</pin_list>
<bind>
<StgValue><ssdm name=""/></StgValue>
</bind>
</comp>

<comp id="130" class="1001" name="const_130">
<pin_list>
<pin id="131" dir="1" index="0" bw="1" slack="0"/>
</pin_list>
<bind>
<StgValue><ssdm name=""/></StgValue>
</bind>
</comp>

<comp id="132" class="1001" name="const_132">
<pin_list>
<pin id="133" dir="1" index="0" bw="1" slack="0"/>
</pin_list>
<bind>
<StgValue><ssdm name=""/></StgValue>
</bind>
</comp>

<comp id="134" class="1001" name="const_134">
<pin_list>
<pin id="135" dir="1" index="0" bw="1" slack="0"/>
</pin_list>
<bind>
<StgValue><ssdm name=""/></StgValue>
</bind>
</comp>

<comp id="136" class="1001" name="const_136">
<pin_list>
<pin id="137" dir="1" index="0" bw="1" slack="0"/>
</pin_list>
<bind>
<StgValue><ssdm name=""/></StgValue>
</bind>
</comp>

<comp id="138" class="1001" name="const_138">
<pin_list>
<pin id="139" dir="1" index="0" bw="1" slack="0"/>
</pin_list>
<bind>
<StgValue><ssdm name=""/></StgValue>
</bind>
</comp>

<comp id="140" class="1001" name="const_140">
<pin_list>
<pin id="141" dir="1" index="0" bw="1" slack="0"/>
</pin_list>
<bind>
<StgValue><ssdm name="_ssdm_op_PartSelect.i256.i512.i32.i32"/></StgValue>
</bind>
</comp>

<comp id="142" class="1001" name="const_142">
<pin_list>
<pin id="143" dir="1" index="0" bw="1" slack="0"/>
</pin_list>
<bind>
<StgValue><ssdm name=""/></StgValue>
</bind>
</comp>

<comp id="144" class="1001" name="const_144">
<pin_list>
<pin id="145" dir="1" index="0" bw="1" slack="0"/>
</pin_list>
<bind>
<StgValue><ssdm name=""/></StgValue>
</bind>
</comp>

<comp id="146" class="1001" name="const_146">
<pin_list>
<pin id="147" dir="1" index="0" bw="1" slack="2147483647"/>
</pin_list>
<bind>
<StgValue><ssdm name="A_IO_L2_in_0_x1_loop_11_A_IO_L2_in_0_x1_loop_13_A_IO_L2_in_0_x1_loop_14_str"/></StgValue>
</bind>
</comp>

<comp id="148" class="1001" name="const_148">
<pin_list>
<pin id="149" dir="1" index="0" bw="1" slack="2147483647"/>
</pin_list>
<bind>
<StgValue><ssdm name=""/></StgValue>
</bind>
</comp>

<comp id="150" class="1001" name="const_150">
<pin_list>
<pin id="151" dir="1" index="0" bw="1" slack="2147483647"/>
</pin_list>
<bind>
<StgValue><ssdm name="A_IO_L2_in_0_x1_loop_12_A_IO_L2_in_0_x1_loop_13_A_IO_L2_in_0_x1_loop_14_str"/></StgValue>
</bind>
</comp>

<comp id="152" class="1001" name="const_152">
<pin_list>
<pin id="153" dir="1" index="0" bw="1" slack="2147483647"/>
</pin_list>
<bind>
<StgValue><ssdm name="A_IO_L2_in_0_x1_loop_13_A_IO_L2_in_0_x1_loop_14_str"/></StgValue>
</bind>
</comp>

<comp id="154" class="1001" name="const_154">
<pin_list>
<pin id="155" dir="1" index="0" bw="1" slack="2147483647"/>
</pin_list>
<bind>
<StgValue><ssdm name="empty_734"/></StgValue>
</bind>
</comp>

<comp id="156" class="1001" name="const_156">
<pin_list>
<pin id="157" dir="1" index="0" bw="1" slack="0"/>
</pin_list>
<bind>
<StgValue><ssdm name="_ssdm_op_Write.ap_fifo.volatile.i256P0A"/></StgValue>
</bind>
</comp>

<comp id="158" class="1001" name="const_158">
<pin_list>
<pin id="159" dir="1" index="0" bw="1" slack="0"/>
</pin_list>
<bind>
<StgValue><ssdm name=""/></StgValue>
</bind>
</comp>

<comp id="160" class="1001" name="const_160">
<pin_list>
<pin id="161" dir="1" index="0" bw="1" slack="0"/>
</pin_list>
<bind>
<StgValue><ssdm name=""/></StgValue>
</bind>
</comp>

<comp id="162" class="1001" name="const_162">
<pin_list>
<pin id="163" dir="1" index="0" bw="1" slack="2147483647"/>
</pin_list>
<bind>
<StgValue><ssdm name="empty_1231"/></StgValue>
</bind>
</comp>

<comp id="164" class="1001" name="const_164">
<pin_list>
<pin id="165" dir="1" index="0" bw="1" slack="2147483647"/>
</pin_list>
<bind>
<StgValue><ssdm name="A_IO_L2_in_0_x1_loop_20_A_IO_L2_in_0_x1_loop_21_A_IO_L2_in_0_x1_loop_22_str"/></StgValue>
</bind>
</comp>

<comp id="166" class="1001" name="const_166">
<pin_list>
<pin id="167" dir="1" index="0" bw="1" slack="2147483647"/>
</pin_list>
<bind>
<StgValue><ssdm name="A_IO_L2_in_0_x1_loop_21_A_IO_L2_in_0_x1_loop_22_str"/></StgValue>
</bind>
</comp>

<comp id="168" class="1001" name="const_168">
<pin_list>
<pin id="169" dir="1" index="0" bw="1" slack="2147483647"/>
</pin_list>
<bind>
<StgValue><ssdm name="empty_847"/></StgValue>
</bind>
</comp>

<comp id="170" class="1001" name="const_170">
<pin_list>
<pin id="171" dir="1" index="0" bw="1" slack="2147483647"/>
</pin_list>
<bind>
<StgValue><ssdm name="A_IO_L2_in_0_x1_loop_17_A_IO_L2_in_0_x1_loop_18_A_IO_L2_in_0_x1_loop_19_str"/></StgValue>
</bind>
</comp>

<comp id="172" class="1001" name="const_172">
<pin_list>
<pin id="173" dir="1" index="0" bw="1" slack="2147483647"/>
</pin_list>
<bind>
<StgValue><ssdm name="A_IO_L2_in_0_x1_loop_18_A_IO_L2_in_0_x1_loop_19_str"/></StgValue>
</bind>
</comp>

<comp id="174" class="1001" name="const_174">
<pin_list>
<pin id="175" dir="1" index="0" bw="1" slack="2147483647"/>
</pin_list>
<bind>
<StgValue><ssdm name="empty_1200"/></StgValue>
</bind>
</comp>

<comp id="176" class="1001" name="const_176">
<pin_list>
<pin id="177" dir="1" index="0" bw="1" slack="2147483647"/>
</pin_list>
<bind>
<StgValue><ssdm name="A_IO_L2_in_0_x1_loop_23_A_IO_L2_in_0_x1_loop_25_A_IO_L2_in_0_x1_loop_26_str"/></StgValue>
</bind>
</comp>

<comp id="178" class="1001" name="const_178">
<pin_list>
<pin id="179" dir="1" index="0" bw="1" slack="2147483647"/>
</pin_list>
<bind>
<StgValue><ssdm name="A_IO_L2_in_0_x1_loop_24_A_IO_L2_in_0_x1_loop_25_A_IO_L2_in_0_x1_loop_26_str"/></StgValue>
</bind>
</comp>

<comp id="180" class="1001" name="const_180">
<pin_list>
<pin id="181" dir="1" index="0" bw="1" slack="2147483647"/>
</pin_list>
<bind>
<StgValue><ssdm name="A_IO_L2_in_0_x1_loop_25_A_IO_L2_in_0_x1_loop_26_str"/></StgValue>
</bind>
</comp>

<comp id="182" class="1001" name="const_182">
<pin_list>
<pin id="183" dir="1" index="0" bw="1" slack="2147483647"/>
</pin_list>
<bind>
<StgValue><ssdm name="empty_946"/></StgValue>
</bind>
</comp>

<comp id="184" class="1001" name="const_184">
<pin_list>
<pin id="185" dir="1" index="0" bw="1" slack="2147483647"/>
</pin_list>
<bind>
<StgValue><ssdm name="A_IO_L2_in_0_x1_loop_28_A_IO_L2_in_0_x1_loop_30_A_IO_L2_in_0_x1_loop_31_str"/></StgValue>
</bind>
</comp>

<comp id="186" class="1001" name="const_186">
<pin_list>
<pin id="187" dir="1" index="0" bw="1" slack="2147483647"/>
</pin_list>
<bind>
<StgValue><ssdm name="A_IO_L2_in_0_x1_loop_29_A_IO_L2_in_0_x1_loop_30_A_IO_L2_in_0_x1_loop_31_str"/></StgValue>
</bind>
</comp>

<comp id="188" class="1001" name="const_188">
<pin_list>
<pin id="189" dir="1" index="0" bw="1" slack="2147483647"/>
</pin_list>
<bind>
<StgValue><ssdm name="A_IO_L2_in_0_x1_loop_30_A_IO_L2_in_0_x1_loop_31_str"/></StgValue>
</bind>
</comp>

<comp id="190" class="1001" name="const_190">
<pin_list>
<pin id="191" dir="1" index="0" bw="1" slack="2147483647"/>
</pin_list>
<bind>
<StgValue><ssdm name="empty_1233"/></StgValue>
</bind>
</comp>

<comp id="192" class="1001" name="const_192">
<pin_list>
<pin id="193" dir="1" index="0" bw="1" slack="0"/>
</pin_list>
<bind>
<StgValue><ssdm name=""/></StgValue>
</bind>
</comp>

<comp id="194" class="1001" name="const_194">
<pin_list>
<pin id="195" dir="1" index="0" bw="1" slack="2147483647"/>
</pin_list>
<bind>
<StgValue><ssdm name=""/></StgValue>
</bind>
</comp>

<comp id="196" class="1001" name="const_196">
<pin_list>
<pin id="197" dir="1" index="0" bw="1" slack="2147483647"/>
</pin_list>
<bind>
<StgValue><ssdm name="empty_1219"/></StgValue>
</bind>
</comp>

<comp id="198" class="1004" name="local_A_ping_V_alloca_fu_198">
<pin_list>
<pin id="199" dir="0" index="0" bw="1" slack="0"/>
<pin id="200" dir="1" index="1" bw="512" slack="2147483647"/>
</pin_list>
<bind>
<opcode="alloca(26) " fcode="alloca"/>
<opset="local_A_ping_V/1 "/>
</bind>
</comp>

<comp id="202" class="1004" name="local_A_pong_V_alloca_fu_202">
<pin_list>
<pin id="203" dir="0" index="0" bw="1" slack="0"/>
<pin id="204" dir="1" index="1" bw="512" slack="2147483647"/>
</pin_list>
<bind>
<opcode="alloca(26) " fcode="alloca"/>
<opset="local_A_pong_V/1 "/>
</bind>
</comp>

<comp id="206" class="1004" name="data_split_V_1_fu_206">
<pin_list>
<pin id="207" dir="0" index="0" bw="1" slack="0"/>
<pin id="208" dir="1" index="1" bw="256" slack="5"/>
</pin_list>
<bind>
<opcode="alloca(26) " fcode="alloca"/>
<opset="data_split_V_1/2 "/>
</bind>
</comp>

<comp id="210" class="1004" name="data_split_V_1_210_fu_210">
<pin_list>
<pin id="211" dir="0" index="0" bw="1" slack="0"/>
<pin id="212" dir="1" index="1" bw="256" slack="5"/>
</pin_list>
<bind>
<opcode="alloca(26) " fcode="alloca"/>
<opset="data_split_V_1_210/2 "/>
</bind>
</comp>

<comp id="214" class="1004" name="grp_read_fu_214">
<pin_list>
<pin id="215" dir="0" index="0" bw="512" slack="0"/>
<pin id="216" dir="0" index="1" bw="512" slack="0"/>
<pin id="217" dir="1" index="2" bw="512" slack="0"/>
</pin_list>
<bind>
<opcode="read(1150) " fcode="read"/>
<opset="tmp_868/5 tmp/8 tmp_870/16 tmp_869/19 "/>
</bind>
</comp>

<comp id="220" class="1004" name="grp_write_fu_220">
<pin_list>
<pin id="221" dir="0" index="0" bw="0" slack="0"/>
<pin id="222" dir="0" index="1" bw="512" slack="0"/>
<pin id="223" dir="0" index="2" bw="512" slack="0"/>
<pin id="224" dir="1" index="3" bw="0" slack="2147483647"/>
</pin_list>
<bind>
<opcode="write(1151) " fcode="write"/>
<opset="write_ln174/5 write_ln174/16 "/>
</bind>
</comp>

<comp id="228" class="1004" name="grp_write_fu_228">
<pin_list>
<pin id="229" dir="0" index="0" bw="0" slack="0"/>
<pin id="230" dir="0" index="1" bw="256" slack="0"/>
<pin id="231" dir="0" index="2" bw="256" slack="0"/>
<pin id="232" dir="1" index="3" bw="0" slack="2147483647"/>
</pin_list>
<bind>
<opcode="write(1151) " fcode="write"/>
<opset="write_ln174/12 write_ln174/23 write_ln174/28 "/>
</bind>
</comp>

<comp id="235" class="1004" name="local_A_pong_V_addr_gep_fu_235">
<pin_list>
<pin id="236" dir="0" index="0" bw="512" slack="2147483647"/>
<pin id="237" dir="0" index="1" bw="1" slack="0"/>
<pin id="238" dir="0" index="2" bw="9" slack="0"/>
<pin id="239" dir="1" index="3" bw="9" slack="0"/>
</pin_list>
<bind>
<opcode="getelementptr(29) " fcode="getelementptr"/>
<opset="local_A_pong_V_addr/8 "/>
</bind>
</comp>

<comp id="241" class="1004" name="grp_access_fu_241">
<pin_list>
<pin id="242" dir="0" index="0" bw="9" slack="0"/>
<pin id="243" dir="0" index="1" bw="512" slack="2147483647"/>
<pin id="244" dir="0" index="2" bw="0" slack="0"/>
<pin id="246" dir="0" index="4" bw="9" slack="0"/>
<pin id="247" dir="0" index="5" bw="512" slack="2147483647"/>
<pin id="248" dir="0" index="6" bw="0" slack="2147483647"/>
<pin id="245" dir="1" index="3" bw="512" slack="0"/>
<pin id="249" dir="1" index="7" bw="512" slack="2147483647"/>
</pin_list>
<bind>
<opcode="load(27) store(28) " fcode="load"/>
<opset="store_ln14243/8 in_data_V_47/21 "/>
</bind>
</comp>

<comp id="252" class="1004" name="local_A_ping_V_addr_14_gep_fu_252">
<pin_list>
<pin id="253" dir="0" index="0" bw="512" slack="2147483647"/>
<pin id="254" dir="0" index="1" bw="1" slack="0"/>
<pin id="255" dir="0" index="2" bw="9" slack="0"/>
<pin id="256" dir="1" index="3" bw="9" slack="0"/>
</pin_list>
<bind>
<opcode="getelementptr(29) " fcode="getelementptr"/>
<opset="local_A_ping_V_addr_14/10 "/>
</bind>
</comp>

<comp id="258" class="1004" name="grp_access_fu_258">
<pin_list>
<pin id="259" dir="0" index="0" bw="9" slack="0"/>
<pin id="260" dir="0" index="1" bw="512" slack="2147483647"/>
<pin id="261" dir="0" index="2" bw="0" slack="0"/>
<pin id="270" dir="0" index="4" bw="9" slack="0"/>
<pin id="271" dir="0" index="5" bw="512" slack="2147483647"/>
<pin id="272" dir="0" index="6" bw="0" slack="2147483647"/>
<pin id="262" dir="1" index="3" bw="512" slack="0"/>
<pin id="273" dir="1" index="7" bw="512" slack="2147483647"/>
</pin_list>
<bind>
<opcode="load(27) store(28) " fcode="load"/>
<opset="in_data_V_48/10 store_ln14310/19 in_data_V/25 "/>
</bind>
</comp>

<comp id="264" class="1004" name="local_A_ping_V_addr_13_gep_fu_264">
<pin_list>
<pin id="265" dir="0" index="0" bw="512" slack="2147483647"/>
<pin id="266" dir="0" index="1" bw="1" slack="0"/>
<pin id="267" dir="0" index="2" bw="9" slack="0"/>
<pin id="268" dir="1" index="3" bw="9" slack="0"/>
</pin_list>
<bind>
<opcode="getelementptr(29) " fcode="getelementptr"/>
<opset="local_A_ping_V_addr_13/19 "/>
</bind>
</comp>

<comp id="276" class="1004" name="local_A_pong_V_addr_7_gep_fu_276">
<pin_list>
<pin id="277" dir="0" index="0" bw="512" slack="2147483647"/>
<pin id="278" dir="0" index="1" bw="1" slack="0"/>
<pin id="279" dir="0" index="2" bw="9" slack="0"/>
<pin id="280" dir="1" index="3" bw="9" slack="0"/>
</pin_list>
<bind>
<opcode="getelementptr(29) " fcode="getelementptr"/>
<opset="local_A_pong_V_addr_7/21 "/>
</bind>
</comp>

<comp id="283" class="1004" name="local_A_ping_V_addr_gep_fu_283">
<pin_list>
<pin id="284" dir="0" index="0" bw="512" slack="2147483647"/>
<pin id="285" dir="0" index="1" bw="1" slack="0"/>
<pin id="286" dir="0" index="2" bw="9" slack="0"/>
<pin id="287" dir="1" index="3" bw="9" slack="0"/>
</pin_list>
<bind>
<opcode="getelementptr(29) " fcode="getelementptr"/>
<opset="local_A_ping_V_addr/25 "/>
</bind>
</comp>

<comp id="290" class="1005" name="indvar_flatten193_reg_290">
<pin_list>
<pin id="291" dir="0" index="0" bw="12" slack="1"/>
<pin id="292" dir="1" index="1" bw="12" slack="1"/>
</pin_list>
<bind>
<opset="indvar_flatten193 (phireg) "/>
</bind>
</comp>

<comp id="294" class="1004" name="indvar_flatten193_phi_fu_294">
<pin_list>
<pin id="295" dir="0" index="0" bw="1" slack="1"/>
<pin id="296" dir="0" index="1" bw="0" slack="2147483647"/>
<pin id="297" dir="0" index="2" bw="12" slack="0"/>
<pin id="298" dir="0" index="3" bw="0" slack="2147483647"/>
<pin id="299" dir="1" index="4" bw="12" slack="0"/>
</pin_list>
<bind>
<opcode="phi(47) " fcode="phi"/>
<opset="indvar_flatten193/2 "/>
</bind>
</comp>

<comp id="301" class="1005" name="indvar_flatten179_reg_301">
<pin_list>
<pin id="302" dir="0" index="0" bw="11" slack="1"/>
<pin id="303" dir="1" index="1" bw="11" slack="1"/>
</pin_list>
<bind>
<opset="indvar_flatten179 (phireg) "/>
</bind>
</comp>

<comp id="305" class="1004" name="indvar_flatten179_phi_fu_305">
<pin_list>
<pin id="306" dir="0" index="0" bw="1" slack="1"/>
<pin id="307" dir="0" index="1" bw="0" slack="2147483647"/>
<pin id="308" dir="0" index="2" bw="11" slack="1"/>
<pin id="309" dir="0" index="3" bw="0" slack="2147483647"/>
<pin id="310" dir="1" index="4" bw="11" slack="0"/>
</pin_list>
<bind>
<opcode="phi(47) " fcode="phi"/>
<opset="indvar_flatten179/2 "/>
</bind>
</comp>

<comp id="313" class="1005" name="intra_trans_en_reg_313">
<pin_list>
<pin id="314" dir="0" index="0" bw="1" slack="1"/>
<pin id="315" dir="1" index="1" bw="1" slack="1"/>
</pin_list>
<bind>
<opset="intra_trans_en (phireg) "/>
</bind>
</comp>

<comp id="318" class="1004" name="intra_trans_en_phi_fu_318">
<pin_list>
<pin id="319" dir="0" index="0" bw="1" slack="1"/>
<pin id="320" dir="0" index="1" bw="0" slack="2147483647"/>
<pin id="321" dir="0" index="2" bw="1" slack="1"/>
<pin id="322" dir="0" index="3" bw="0" slack="2147483647"/>
<pin id="323" dir="1" index="4" bw="1" slack="0"/>
</pin_list>
<bind>
<opcode="phi(47) " fcode="phi"/>
<opset="intra_trans_en/2 "/>
</bind>
</comp>

<comp id="326" class="1005" name="arb_39_reg_326">
<pin_list>
<pin id="327" dir="0" index="0" bw="1" slack="1"/>
<pin id="328" dir="1" index="1" bw="1" slack="1"/>
</pin_list>
<bind>
<opset="arb_39 (phireg) "/>
</bind>
</comp>

<comp id="330" class="1004" name="arb_39_phi_fu_330">
<pin_list>
<pin id="331" dir="0" index="0" bw="1" slack="1"/>
<pin id="332" dir="0" index="1" bw="0" slack="2147483647"/>
<pin id="333" dir="0" index="2" bw="1" slack="1"/>
<pin id="334" dir="0" index="3" bw="0" slack="2147483647"/>
<pin id="335" dir="1" index="4" bw="1" slack="0"/>
</pin_list>
<bind>
<opcode="phi(47) " fcode="phi"/>
<opset="arb_39/2 "/>
</bind>
</comp>

<comp id="337" class="1005" name="c2_V_reg_337">
<pin_list>
<pin id="338" dir="0" index="0" bw="8" slack="1"/>
<pin id="339" dir="1" index="1" bw="8" slack="1"/>
</pin_list>
<bind>
<opset="c2_V (phireg) "/>
</bind>
</comp>

<comp id="341" class="1004" name="c2_V_phi_fu_341">
<pin_list>
<pin id="342" dir="0" index="0" bw="1" slack="1"/>
<pin id="343" dir="0" index="1" bw="0" slack="2147483647"/>
<pin id="344" dir="0" index="2" bw="8" slack="1"/>
<pin id="345" dir="0" index="3" bw="0" slack="2147483647"/>
<pin id="346" dir="1" index="4" bw="8" slack="0"/>
</pin_list>
<bind>
<opcode="phi(47) " fcode="phi"/>
<opset="c2_V/2 "/>
</bind>
</comp>

<comp id="349" class="1005" name="c3_V_5_reg_349">
<pin_list>
<pin id="350" dir="0" index="0" bw="3" slack="1"/>
<pin id="351" dir="1" index="1" bw="3" slack="1"/>
</pin_list>
<bind>
<opset="c3_V_5 (phireg) "/>
</bind>
</comp>

<comp id="353" class="1004" name="c3_V_5_phi_fu_353">
<pin_list>
<pin id="354" dir="0" index="0" bw="3" slack="0"/>
<pin id="355" dir="0" index="1" bw="0" slack="2147483647"/>
<pin id="356" dir="0" index="2" bw="1" slack="1"/>
<pin id="357" dir="0" index="3" bw="0" slack="2147483647"/>
<pin id="358" dir="1" index="4" bw="3" slack="0"/>
</pin_list>
<bind>
<opcode="phi(47) " fcode="phi"/>
<opset="c3_V_5/3 "/>
</bind>
</comp>

<comp id="360" class="1005" name="indvar_flatten33_reg_360">
<pin_list>
<pin id="361" dir="0" index="0" bw="10" slack="1"/>
<pin id="362" dir="1" index="1" bw="10" slack="1"/>
</pin_list>
<bind>
<opset="indvar_flatten33 (phireg) "/>
</bind>
</comp>

<comp id="364" class="1004" name="indvar_flatten33_phi_fu_364">
<pin_list>
<pin id="365" dir="0" index="0" bw="10" slack="0"/>
<pin id="366" dir="0" index="1" bw="0" slack="2147483647"/>
<pin id="367" dir="0" index="2" bw="1" slack="1"/>
<pin id="368" dir="0" index="3" bw="0" slack="2147483647"/>
<pin id="369" dir="1" index="4" bw="10" slack="0"/>
</pin_list>
<bind>
<opcode="phi(47) " fcode="phi"/>
<opset="indvar_flatten33/4 "/>
</bind>
</comp>

<comp id="371" class="1005" name="indvar_flatten13_reg_371">
<pin_list>
<pin id="372" dir="0" index="0" bw="10" slack="1"/>
<pin id="373" dir="1" index="1" bw="10" slack="1"/>
</pin_list>
<bind>
<opset="indvar_flatten13 (phireg) "/>
</bind>
</comp>

<comp id="375" class="1004" name="indvar_flatten13_phi_fu_375">
<pin_list>
<pin id="376" dir="0" index="0" bw="10" slack="0"/>
<pin id="377" dir="0" index="1" bw="0" slack="2147483647"/>
<pin id="378" dir="0" index="2" bw="1" slack="1"/>
<pin id="379" dir="0" index="3" bw="0" slack="2147483647"/>
<pin id="380" dir="1" index="4" bw="10" slack="0"/>
</pin_list>
<bind>
<opcode="phi(47) " fcode="phi"/>
<opset="indvar_flatten13/7 "/>
</bind>
</comp>

<comp id="382" class="1005" name="c4_V_95_reg_382">
<pin_list>
<pin id="383" dir="0" index="0" bw="5" slack="1"/>
<pin id="384" dir="1" index="1" bw="5" slack="1"/>
</pin_list>
<bind>
<opset="c4_V_95 (phireg) "/>
</bind>
</comp>

<comp id="386" class="1004" name="c4_V_95_phi_fu_386">
<pin_list>
<pin id="387" dir="0" index="0" bw="5" slack="0"/>
<pin id="388" dir="0" index="1" bw="0" slack="2147483647"/>
<pin id="389" dir="0" index="2" bw="1" slack="1"/>
<pin id="390" dir="0" index="3" bw="0" slack="2147483647"/>
<pin id="391" dir="1" index="4" bw="5" slack="0"/>
</pin_list>
<bind>
<opcode="phi(47) " fcode="phi"/>
<opset="c4_V_95/7 "/>
</bind>
</comp>

<comp id="393" class="1005" name="indvar_flatten_reg_393">
<pin_list>
<pin id="394" dir="0" index="0" bw="7" slack="1"/>
<pin id="395" dir="1" index="1" bw="7" slack="1"/>
</pin_list>
<bind>
<opset="indvar_flatten (phireg) "/>
</bind>
</comp>

<comp id="397" class="1004" name="indvar_flatten_phi_fu_397">
<pin_list>
<pin id="398" dir="0" index="0" bw="7" slack="0"/>
<pin id="399" dir="0" index="1" bw="0" slack="2147483647"/>
<pin id="400" dir="0" index="2" bw="1" slack="1"/>
<pin id="401" dir="0" index="3" bw="0" slack="2147483647"/>
<pin id="402" dir="1" index="4" bw="7" slack="0"/>
</pin_list>
<bind>
<opcode="phi(47) " fcode="phi"/>
<opset="indvar_flatten/7 "/>
</bind>
</comp>

<comp id="404" class="1005" name="c5_V_152_reg_404">
<pin_list>
<pin id="405" dir="0" index="0" bw="2" slack="1"/>
<pin id="406" dir="1" index="1" bw="2" slack="1"/>
</pin_list>
<bind>
<opset="c5_V_152 (phireg) "/>
</bind>
</comp>

<comp id="408" class="1004" name="c5_V_152_phi_fu_408">
<pin_list>
<pin id="409" dir="0" index="0" bw="2" slack="0"/>
<pin id="410" dir="0" index="1" bw="0" slack="2147483647"/>
<pin id="411" dir="0" index="2" bw="1" slack="1"/>
<pin id="412" dir="0" index="3" bw="0" slack="2147483647"/>
<pin id="413" dir="1" index="4" bw="2" slack="0"/>
</pin_list>
<bind>
<opcode="phi(47) " fcode="phi"/>
<opset="c5_V_152/7 "/>
</bind>
</comp>

<comp id="415" class="1005" name="c6_V_139_reg_415">
<pin_list>
<pin id="416" dir="0" index="0" bw="5" slack="1"/>
<pin id="417" dir="1" index="1" bw="5" slack="1"/>
</pin_list>
<bind>
<opset="c6_V_139 (phireg) "/>
</bind>
</comp>

<comp id="419" class="1004" name="c6_V_139_phi_fu_419">
<pin_list>
<pin id="420" dir="0" index="0" bw="5" slack="1"/>
<pin id="421" dir="0" index="1" bw="0" slack="2147483647"/>
<pin id="422" dir="0" index="2" bw="1" slack="1"/>
<pin id="423" dir="0" index="3" bw="0" slack="2147483647"/>
<pin id="424" dir="1" index="4" bw="5" slack="0"/>
</pin_list>
<bind>
<opcode="phi(47) " fcode="phi"/>
<opset="c6_V_139/7 "/>
</bind>
</comp>

<comp id="426" class="1005" name="indvar_flatten81_reg_426">
<pin_list>
<pin id="427" dir="0" index="0" bw="14" slack="1"/>
<pin id="428" dir="1" index="1" bw="14" slack="1"/>
</pin_list>
<bind>
<opset="indvar_flatten81 (phireg) "/>
</bind>
</comp>

<comp id="430" class="1004" name="indvar_flatten81_phi_fu_430">
<pin_list>
<pin id="431" dir="0" index="0" bw="14" slack="0"/>
<pin id="432" dir="0" index="1" bw="0" slack="2147483647"/>
<pin id="433" dir="0" index="2" bw="1" slack="1"/>
<pin id="434" dir="0" index="3" bw="0" slack="2147483647"/>
<pin id="435" dir="1" index="4" bw="14" slack="0"/>
</pin_list>
<bind>
<opcode="phi(47) " fcode="phi"/>
<opset="indvar_flatten81/9 "/>
</bind>
</comp>

<comp id="437" class="1005" name="c5_V_151_reg_437">
<pin_list>
<pin id="438" dir="0" index="0" bw="2" slack="1"/>
<pin id="439" dir="1" index="1" bw="2" slack="1"/>
</pin_list>
<bind>
<opset="c5_V_151 (phireg) "/>
</bind>
</comp>

<comp id="441" class="1004" name="c5_V_151_phi_fu_441">
<pin_list>
<pin id="442" dir="0" index="0" bw="2" slack="0"/>
<pin id="443" dir="0" index="1" bw="0" slack="2147483647"/>
<pin id="444" dir="0" index="2" bw="1" slack="1"/>
<pin id="445" dir="0" index="3" bw="0" slack="2147483647"/>
<pin id="446" dir="1" index="4" bw="2" slack="0"/>
</pin_list>
<bind>
<opcode="phi(47) " fcode="phi"/>
<opset="c5_V_151/9 "/>
</bind>
</comp>

<comp id="448" class="1005" name="indvar_flatten53_reg_448">
<pin_list>
<pin id="449" dir="0" index="0" bw="14" slack="1"/>
<pin id="450" dir="1" index="1" bw="14" slack="1"/>
</pin_list>
<bind>
<opset="indvar_flatten53 (phireg) "/>
</bind>
</comp>

<comp id="452" class="1004" name="indvar_flatten53_phi_fu_452">
<pin_list>
<pin id="453" dir="0" index="0" bw="14" slack="0"/>
<pin id="454" dir="0" index="1" bw="0" slack="2147483647"/>
<pin id="455" dir="0" index="2" bw="1" slack="1"/>
<pin id="456" dir="0" index="3" bw="0" slack="2147483647"/>
<pin id="457" dir="1" index="4" bw="14" slack="0"/>
</pin_list>
<bind>
<opcode="phi(47) " fcode="phi"/>
<opset="indvar_flatten53/9 "/>
</bind>
</comp>

<comp id="459" class="1005" name="c6_V_137_reg_459">
<pin_list>
<pin id="460" dir="0" index="0" bw="6" slack="1"/>
<pin id="461" dir="1" index="1" bw="6" slack="1"/>
</pin_list>
<bind>
<opset="c6_V_137 (phireg) "/>
</bind>
</comp>

<comp id="463" class="1004" name="c6_V_137_phi_fu_463">
<pin_list>
<pin id="464" dir="0" index="0" bw="6" slack="1"/>
<pin id="465" dir="0" index="1" bw="0" slack="2147483647"/>
<pin id="466" dir="0" index="2" bw="1" slack="1"/>
<pin id="467" dir="0" index="3" bw="0" slack="2147483647"/>
<pin id="468" dir="1" index="4" bw="6" slack="0"/>
</pin_list>
<bind>
<opcode="phi(47) " fcode="phi"/>
<opset="c6_V_137/9 "/>
</bind>
</comp>

<comp id="470" class="1005" name="indvar_flatten41_reg_470">
<pin_list>
<pin id="471" dir="0" index="0" bw="9" slack="1"/>
<pin id="472" dir="1" index="1" bw="9" slack="1"/>
</pin_list>
<bind>
<opset="indvar_flatten41 (phireg) "/>
</bind>
</comp>

<comp id="474" class="1004" name="indvar_flatten41_phi_fu_474">
<pin_list>
<pin id="475" dir="0" index="0" bw="9" slack="0"/>
<pin id="476" dir="0" index="1" bw="0" slack="2147483647"/>
<pin id="477" dir="0" index="2" bw="1" slack="1"/>
<pin id="478" dir="0" index="3" bw="0" slack="2147483647"/>
<pin id="479" dir="1" index="4" bw="9" slack="0"/>
</pin_list>
<bind>
<opcode="phi(47) " fcode="phi"/>
<opset="indvar_flatten41/9 "/>
</bind>
</comp>

<comp id="481" class="1005" name="c8_V_28_reg_481">
<pin_list>
<pin id="482" dir="0" index="0" bw="5" slack="1"/>
<pin id="483" dir="1" index="1" bw="5" slack="1"/>
</pin_list>
<bind>
<opset="c8_V_28 (phireg) "/>
</bind>
</comp>

<comp id="485" class="1004" name="c8_V_28_phi_fu_485">
<pin_list>
<pin id="486" dir="0" index="0" bw="5" slack="1"/>
<pin id="487" dir="0" index="1" bw="0" slack="2147483647"/>
<pin id="488" dir="0" index="2" bw="1" slack="1"/>
<pin id="489" dir="0" index="3" bw="0" slack="2147483647"/>
<pin id="490" dir="1" index="4" bw="5" slack="0"/>
</pin_list>
<bind>
<opcode="phi(47) " fcode="phi"/>
<opset="c8_V_28/9 "/>
</bind>
</comp>

<comp id="492" class="1005" name="c3_V_reg_492">
<pin_list>
<pin id="493" dir="0" index="0" bw="3" slack="1"/>
<pin id="494" dir="1" index="1" bw="3" slack="1"/>
</pin_list>
<bind>
<opset="c3_V (phireg) "/>
</bind>
</comp>

<comp id="496" class="1004" name="c3_V_phi_fu_496">
<pin_list>
<pin id="497" dir="0" index="0" bw="3" slack="0"/>
<pin id="498" dir="0" index="1" bw="0" slack="2147483647"/>
<pin id="499" dir="0" index="2" bw="1" slack="1"/>
<pin id="500" dir="0" index="3" bw="0" slack="2147483647"/>
<pin id="501" dir="1" index="4" bw="3" slack="0"/>
</pin_list>
<bind>
<opcode="phi(47) " fcode="phi"/>
<opset="c3_V/14 "/>
</bind>
</comp>

<comp id="503" class="1005" name="indvar_flatten123_reg_503">
<pin_list>
<pin id="504" dir="0" index="0" bw="10" slack="1"/>
<pin id="505" dir="1" index="1" bw="10" slack="1"/>
</pin_list>
<bind>
<opset="indvar_flatten123 (phireg) "/>
</bind>
</comp>

<comp id="507" class="1004" name="indvar_flatten123_phi_fu_507">
<pin_list>
<pin id="508" dir="0" index="0" bw="10" slack="0"/>
<pin id="509" dir="0" index="1" bw="0" slack="2147483647"/>
<pin id="510" dir="0" index="2" bw="1" slack="1"/>
<pin id="511" dir="0" index="3" bw="0" slack="2147483647"/>
<pin id="512" dir="1" index="4" bw="10" slack="0"/>
</pin_list>
<bind>
<opcode="phi(47) " fcode="phi"/>
<opset="indvar_flatten123/15 "/>
</bind>
</comp>

<comp id="514" class="1005" name="indvar_flatten103_reg_514">
<pin_list>
<pin id="515" dir="0" index="0" bw="10" slack="1"/>
<pin id="516" dir="1" index="1" bw="10" slack="1"/>
</pin_list>
<bind>
<opset="indvar_flatten103 (phireg) "/>
</bind>
</comp>

<comp id="518" class="1004" name="indvar_flatten103_phi_fu_518">
<pin_list>
<pin id="519" dir="0" index="0" bw="10" slack="0"/>
<pin id="520" dir="0" index="1" bw="0" slack="2147483647"/>
<pin id="521" dir="0" index="2" bw="1" slack="1"/>
<pin id="522" dir="0" index="3" bw="0" slack="2147483647"/>
<pin id="523" dir="1" index="4" bw="10" slack="0"/>
</pin_list>
<bind>
<opcode="phi(47) " fcode="phi"/>
<opset="indvar_flatten103/18 "/>
</bind>
</comp>

<comp id="525" class="1005" name="c4_V_reg_525">
<pin_list>
<pin id="526" dir="0" index="0" bw="5" slack="1"/>
<pin id="527" dir="1" index="1" bw="5" slack="1"/>
</pin_list>
<bind>
<opset="c4_V (phireg) "/>
</bind>
</comp>

<comp id="529" class="1004" name="c4_V_phi_fu_529">
<pin_list>
<pin id="530" dir="0" index="0" bw="5" slack="0"/>
<pin id="531" dir="0" index="1" bw="0" slack="2147483647"/>
<pin id="532" dir="0" index="2" bw="1" slack="1"/>
<pin id="533" dir="0" index="3" bw="0" slack="2147483647"/>
<pin id="534" dir="1" index="4" bw="5" slack="0"/>
</pin_list>
<bind>
<opcode="phi(47) " fcode="phi"/>
<opset="c4_V/18 "/>
</bind>
</comp>

<comp id="536" class="1005" name="indvar_flatten89_reg_536">
<pin_list>
<pin id="537" dir="0" index="0" bw="7" slack="1"/>
<pin id="538" dir="1" index="1" bw="7" slack="1"/>
</pin_list>
<bind>
<opset="indvar_flatten89 (phireg) "/>
</bind>
</comp>

<comp id="540" class="1004" name="indvar_flatten89_phi_fu_540">
<pin_list>
<pin id="541" dir="0" index="0" bw="7" slack="0"/>
<pin id="542" dir="0" index="1" bw="0" slack="2147483647"/>
<pin id="543" dir="0" index="2" bw="1" slack="1"/>
<pin id="544" dir="0" index="3" bw="0" slack="2147483647"/>
<pin id="545" dir="1" index="4" bw="7" slack="0"/>
</pin_list>
<bind>
<opcode="phi(47) " fcode="phi"/>
<opset="indvar_flatten89/18 "/>
</bind>
</comp>

<comp id="547" class="1005" name="c5_V_150_reg_547">
<pin_list>
<pin id="548" dir="0" index="0" bw="2" slack="1"/>
<pin id="549" dir="1" index="1" bw="2" slack="1"/>
</pin_list>
<bind>
<opset="c5_V_150 (phireg) "/>
</bind>
</comp>

<comp id="551" class="1004" name="c5_V_150_phi_fu_551">
<pin_list>
<pin id="552" dir="0" index="0" bw="2" slack="0"/>
<pin id="553" dir="0" index="1" bw="0" slack="2147483647"/>
<pin id="554" dir="0" index="2" bw="1" slack="1"/>
<pin id="555" dir="0" index="3" bw="0" slack="2147483647"/>
<pin id="556" dir="1" index="4" bw="2" slack="0"/>
</pin_list>
<bind>
<opcode="phi(47) " fcode="phi"/>
<opset="c5_V_150/18 "/>
</bind>
</comp>

<comp id="558" class="1005" name="c6_V_138_reg_558">
<pin_list>
<pin id="559" dir="0" index="0" bw="5" slack="1"/>
<pin id="560" dir="1" index="1" bw="5" slack="1"/>
</pin_list>
<bind>
<opset="c6_V_138 (phireg) "/>
</bind>
</comp>

<comp id="562" class="1004" name="c6_V_138_phi_fu_562">
<pin_list>
<pin id="563" dir="0" index="0" bw="5" slack="1"/>
<pin id="564" dir="0" index="1" bw="0" slack="2147483647"/>
<pin id="565" dir="0" index="2" bw="1" slack="1"/>
<pin id="566" dir="0" index="3" bw="0" slack="2147483647"/>
<pin id="567" dir="1" index="4" bw="5" slack="0"/>
</pin_list>
<bind>
<opcode="phi(47) " fcode="phi"/>
<opset="c6_V_138/18 "/>
</bind>
</comp>

<comp id="569" class="1005" name="indvar_flatten171_reg_569">
<pin_list>
<pin id="570" dir="0" index="0" bw="14" slack="1"/>
<pin id="571" dir="1" index="1" bw="14" slack="1"/>
</pin_list>
<bind>
<opset="indvar_flatten171 (phireg) "/>
</bind>
</comp>

<comp id="573" class="1004" name="indvar_flatten171_phi_fu_573">
<pin_list>
<pin id="574" dir="0" index="0" bw="14" slack="0"/>
<pin id="575" dir="0" index="1" bw="0" slack="2147483647"/>
<pin id="576" dir="0" index="2" bw="1" slack="1"/>
<pin id="577" dir="0" index="3" bw="0" slack="2147483647"/>
<pin id="578" dir="1" index="4" bw="14" slack="0"/>
</pin_list>
<bind>
<opcode="phi(47) " fcode="phi"/>
<opset="indvar_flatten171/20 "/>
</bind>
</comp>

<comp id="580" class="1005" name="c5_V_149_reg_580">
<pin_list>
<pin id="581" dir="0" index="0" bw="2" slack="1"/>
<pin id="582" dir="1" index="1" bw="2" slack="1"/>
</pin_list>
<bind>
<opset="c5_V_149 (phireg) "/>
</bind>
</comp>

<comp id="584" class="1004" name="c5_V_149_phi_fu_584">
<pin_list>
<pin id="585" dir="0" index="0" bw="2" slack="0"/>
<pin id="586" dir="0" index="1" bw="0" slack="2147483647"/>
<pin id="587" dir="0" index="2" bw="1" slack="1"/>
<pin id="588" dir="0" index="3" bw="0" slack="2147483647"/>
<pin id="589" dir="1" index="4" bw="2" slack="0"/>
</pin_list>
<bind>
<opcode="phi(47) " fcode="phi"/>
<opset="c5_V_149/20 "/>
</bind>
</comp>

<comp id="591" class="1005" name="indvar_flatten143_reg_591">
<pin_list>
<pin id="592" dir="0" index="0" bw="14" slack="1"/>
<pin id="593" dir="1" index="1" bw="14" slack="1"/>
</pin_list>
<bind>
<opset="indvar_flatten143 (phireg) "/>
</bind>
</comp>

<comp id="595" class="1004" name="indvar_flatten143_phi_fu_595">
<pin_list>
<pin id="596" dir="0" index="0" bw="14" slack="0"/>
<pin id="597" dir="0" index="1" bw="0" slack="2147483647"/>
<pin id="598" dir="0" index="2" bw="1" slack="1"/>
<pin id="599" dir="0" index="3" bw="0" slack="2147483647"/>
<pin id="600" dir="1" index="4" bw="14" slack="0"/>
</pin_list>
<bind>
<opcode="phi(47) " fcode="phi"/>
<opset="indvar_flatten143/20 "/>
</bind>
</comp>

<comp id="602" class="1005" name="c6_V_136_reg_602">
<pin_list>
<pin id="603" dir="0" index="0" bw="6" slack="1"/>
<pin id="604" dir="1" index="1" bw="6" slack="1"/>
</pin_list>
<bind>
<opset="c6_V_136 (phireg) "/>
</bind>
</comp>

<comp id="606" class="1004" name="c6_V_136_phi_fu_606">
<pin_list>
<pin id="607" dir="0" index="0" bw="6" slack="1"/>
<pin id="608" dir="0" index="1" bw="0" slack="2147483647"/>
<pin id="609" dir="0" index="2" bw="1" slack="1"/>
<pin id="610" dir="0" index="3" bw="0" slack="2147483647"/>
<pin id="611" dir="1" index="4" bw="6" slack="0"/>
</pin_list>
<bind>
<opcode="phi(47) " fcode="phi"/>
<opset="c6_V_136/20 "/>
</bind>
</comp>

<comp id="613" class="1005" name="indvar_flatten131_reg_613">
<pin_list>
<pin id="614" dir="0" index="0" bw="9" slack="1"/>
<pin id="615" dir="1" index="1" bw="9" slack="1"/>
</pin_list>
<bind>
<opset="indvar_flatten131 (phireg) "/>
</bind>
</comp>

<comp id="617" class="1004" name="indvar_flatten131_phi_fu_617">
<pin_list>
<pin id="618" dir="0" index="0" bw="9" slack="0"/>
<pin id="619" dir="0" index="1" bw="0" slack="2147483647"/>
<pin id="620" dir="0" index="2" bw="1" slack="1"/>
<pin id="621" dir="0" index="3" bw="0" slack="2147483647"/>
<pin id="622" dir="1" index="4" bw="9" slack="0"/>
</pin_list>
<bind>
<opcode="phi(47) " fcode="phi"/>
<opset="indvar_flatten131/20 "/>
</bind>
</comp>

<comp id="624" class="1005" name="c8_V_27_reg_624">
<pin_list>
<pin id="625" dir="0" index="0" bw="5" slack="1"/>
<pin id="626" dir="1" index="1" bw="5" slack="1"/>
</pin_list>
<bind>
<opset="c8_V_27 (phireg) "/>
</bind>
</comp>

<comp id="628" class="1004" name="c8_V_27_phi_fu_628">
<pin_list>
<pin id="629" dir="0" index="0" bw="5" slack="1"/>
<pin id="630" dir="0" index="1" bw="0" slack="2147483647"/>
<pin id="631" dir="0" index="2" bw="1" slack="1"/>
<pin id="632" dir="0" index="3" bw="0" slack="2147483647"/>
<pin id="633" dir="1" index="4" bw="5" slack="0"/>
</pin_list>
<bind>
<opcode="phi(47) " fcode="phi"/>
<opset="c8_V_27/20 "/>
</bind>
</comp>

<comp id="635" class="1005" name="indvar_flatten251_reg_635">
<pin_list>
<pin id="636" dir="0" index="0" bw="14" slack="1"/>
<pin id="637" dir="1" index="1" bw="14" slack="1"/>
</pin_list>
<bind>
<opset="indvar_flatten251 (phireg) "/>
</bind>
</comp>

<comp id="639" class="1004" name="indvar_flatten251_phi_fu_639">
<pin_list>
<pin id="640" dir="0" index="0" bw="14" slack="0"/>
<pin id="641" dir="0" index="1" bw="0" slack="2147483647"/>
<pin id="642" dir="0" index="2" bw="1" slack="1"/>
<pin id="643" dir="0" index="3" bw="0" slack="2147483647"/>
<pin id="644" dir="1" index="4" bw="14" slack="0"/>
</pin_list>
<bind>
<opcode="phi(47) " fcode="phi"/>
<opset="indvar_flatten251/24 "/>
</bind>
</comp>

<comp id="646" class="1005" name="c5_V_reg_646">
<pin_list>
<pin id="647" dir="0" index="0" bw="2" slack="1"/>
<pin id="648" dir="1" index="1" bw="2" slack="1"/>
</pin_list>
<bind>
<opset="c5_V (phireg) "/>
</bind>
</comp>

<comp id="650" class="1004" name="c5_V_phi_fu_650">
<pin_list>
<pin id="651" dir="0" index="0" bw="2" slack="0"/>
<pin id="652" dir="0" index="1" bw="0" slack="2147483647"/>
<pin id="653" dir="0" index="2" bw="1" slack="1"/>
<pin id="654" dir="0" index="3" bw="0" slack="2147483647"/>
<pin id="655" dir="1" index="4" bw="2" slack="0"/>
</pin_list>
<bind>
<opcode="phi(47) " fcode="phi"/>
<opset="c5_V/24 "/>
</bind>
</comp>

<comp id="657" class="1005" name="indvar_flatten217_reg_657">
<pin_list>
<pin id="658" dir="0" index="0" bw="14" slack="1"/>
<pin id="659" dir="1" index="1" bw="14" slack="1"/>
</pin_list>
<bind>
<opset="indvar_flatten217 (phireg) "/>
</bind>
</comp>

<comp id="661" class="1004" name="indvar_flatten217_phi_fu_661">
<pin_list>
<pin id="662" dir="0" index="0" bw="14" slack="1"/>
<pin id="663" dir="0" index="1" bw="0" slack="2147483647"/>
<pin id="664" dir="0" index="2" bw="1" slack="1"/>
<pin id="665" dir="0" index="3" bw="0" slack="2147483647"/>
<pin id="666" dir="1" index="4" bw="14" slack="0"/>
</pin_list>
<bind>
<opcode="phi(47) " fcode="phi"/>
<opset="indvar_flatten217/24 "/>
</bind>
</comp>

<comp id="669" class="1005" name="c6_V_reg_669">
<pin_list>
<pin id="670" dir="0" index="0" bw="6" slack="1"/>
<pin id="671" dir="1" index="1" bw="6" slack="1"/>
</pin_list>
<bind>
<opset="c6_V (phireg) "/>
</bind>
</comp>

<comp id="673" class="1004" name="c6_V_phi_fu_673">
<pin_list>
<pin id="674" dir="0" index="0" bw="6" slack="0"/>
<pin id="675" dir="0" index="1" bw="0" slack="2147483647"/>
<pin id="676" dir="0" index="2" bw="1" slack="1"/>
<pin id="677" dir="0" index="3" bw="0" slack="2147483647"/>
<pin id="678" dir="1" index="4" bw="6" slack="0"/>
</pin_list>
<bind>
<opcode="phi(47) " fcode="phi"/>
<opset="c6_V/24 "/>
</bind>
</comp>

<comp id="680" class="1005" name="indvar_flatten201_reg_680">
<pin_list>
<pin id="681" dir="0" index="0" bw="9" slack="1"/>
<pin id="682" dir="1" index="1" bw="9" slack="1"/>
</pin_list>
<bind>
<opset="indvar_flatten201 (phireg) "/>
</bind>
</comp>

<comp id="684" class="1004" name="indvar_flatten201_phi_fu_684">
<pin_list>
<pin id="685" dir="0" index="0" bw="9" slack="1"/>
<pin id="686" dir="0" index="1" bw="0" slack="2147483647"/>
<pin id="687" dir="0" index="2" bw="1" slack="1"/>
<pin id="688" dir="0" index="3" bw="0" slack="2147483647"/>
<pin id="689" dir="1" index="4" bw="9" slack="0"/>
</pin_list>
<bind>
<opcode="phi(47) " fcode="phi"/>
<opset="indvar_flatten201/24 "/>
</bind>
</comp>

<comp id="692" class="1005" name="c8_V_reg_692">
<pin_list>
<pin id="693" dir="0" index="0" bw="5" slack="1"/>
<pin id="694" dir="1" index="1" bw="5" slack="1"/>
</pin_list>
<bind>
<opset="c8_V (phireg) "/>
</bind>
</comp>

<comp id="696" class="1004" name="c8_V_phi_fu_696">
<pin_list>
<pin id="697" dir="0" index="0" bw="5" slack="1"/>
<pin id="698" dir="0" index="1" bw="0" slack="2147483647"/>
<pin id="699" dir="0" index="2" bw="1" slack="1"/>
<pin id="700" dir="0" index="3" bw="0" slack="2147483647"/>
<pin id="701" dir="1" index="4" bw="5" slack="0"/>
</pin_list>
<bind>
<opcode="phi(47) " fcode="phi"/>
<opset="c8_V/24 "/>
</bind>
</comp>

<comp id="703" class="1005" name="n_V_reg_703">
<pin_list>
<pin id="704" dir="0" index="0" bw="2" slack="1"/>
<pin id="705" dir="1" index="1" bw="2" slack="1"/>
</pin_list>
<bind>
<opset="n_V (phireg) "/>
</bind>
</comp>

<comp id="707" class="1004" name="n_V_phi_fu_707">
<pin_list>
<pin id="708" dir="0" index="0" bw="1" slack="1"/>
<pin id="709" dir="0" index="1" bw="0" slack="2147483647"/>
<pin id="710" dir="0" index="2" bw="2" slack="0"/>
<pin id="711" dir="0" index="3" bw="0" slack="2147483647"/>
<pin id="712" dir="1" index="4" bw="2" slack="0"/>
</pin_list>
<bind>
<opcode="phi(47) " fcode="phi"/>
<opset="n_V/27 "/>
</bind>
</comp>

<comp id="714" class="1005" name="p_Val2_s_reg_714">
<pin_list>
<pin id="715" dir="0" index="0" bw="512" slack="2147483647"/>
<pin id="716" dir="1" index="1" bw="512" slack="2147483647"/>
</pin_list>
<bind>
<opset="p_Val2_s (phireg) "/>
</bind>
</comp>

<comp id="717" class="1004" name="p_Val2_s_phi_fu_717">
<pin_list>
<pin id="718" dir="0" index="0" bw="512" slack="1"/>
<pin id="719" dir="0" index="1" bw="0" slack="2147483647"/>
<pin id="720" dir="0" index="2" bw="256" slack="1"/>
<pin id="721" dir="0" index="3" bw="0" slack="2147483647"/>
<pin id="722" dir="1" index="4" bw="512" slack="0"/>
</pin_list>
<bind>
<opcode="phi(47) " fcode="phi"/>
<opset="p_Val2_s/27 "/>
</bind>
</comp>

<comp id="723" class="1004" name="add_ln890_395_fu_723">
<pin_list>
<pin id="724" dir="0" index="0" bw="12" slack="0"/>
<pin id="725" dir="0" index="1" bw="1" slack="0"/>
<pin id="726" dir="1" index="2" bw="12" slack="0"/>
</pin_list>
<bind>
<opcode="add(8) " fcode="add"/>
<opset="add_ln890_395/2 "/>
</bind>
</comp>

<comp id="729" class="1004" name="icmp_ln890_fu_729">
<pin_list>
<pin id="730" dir="0" index="0" bw="12" slack="0"/>
<pin id="731" dir="0" index="1" bw="11" slack="0"/>
<pin id="732" dir="1" index="2" bw="1" slack="2147483647"/>
</pin_list>
<bind>
<opcode="icmp(45) " fcode="icmp"/>
<opset="icmp_ln890/2 "/>
</bind>
</comp>

<comp id="735" class="1004" name="icmp_ln890334_fu_735">
<pin_list>
<pin id="736" dir="0" index="0" bw="11" slack="0"/>
<pin id="737" dir="0" index="1" bw="11" slack="0"/>
<pin id="738" dir="1" index="2" bw="1" slack="0"/>
</pin_list>
<bind>
<opcode="icmp(45) " fcode="icmp"/>
<opset="icmp_ln890334/2 "/>
</bind>
</comp>

<comp id="741" class="1004" name="or_ln14221_fu_741">
<pin_list>
<pin id="742" dir="0" index="0" bw="1" slack="0"/>
<pin id="743" dir="0" index="1" bw="1" slack="0"/>
<pin id="744" dir="1" index="2" bw="1" slack="0"/>
</pin_list>
<bind>
<opcode="or(24) " fcode="or"/>
<opset="or_ln14221/2 "/>
</bind>
</comp>

<comp id="747" class="1004" name="xor_ln14221_fu_747">
<pin_list>
<pin id="748" dir="0" index="0" bw="1" slack="0"/>
<pin id="749" dir="0" index="1" bw="1" slack="0"/>
<pin id="750" dir="1" index="2" bw="1" slack="0"/>
</pin_list>
<bind>
<opcode="xor(25) " fcode="xor"/>
<opset="xor_ln14221/2 "/>
</bind>
</comp>

<comp id="753" class="1004" name="and_ln14221_fu_753">
<pin_list>
<pin id="754" dir="0" index="0" bw="1" slack="0"/>
<pin id="755" dir="0" index="1" bw="1" slack="0"/>
<pin id="756" dir="1" index="2" bw="1" slack="0"/>
</pin_list>
<bind>
<opcode="and(23) " fcode="and"/>
<opset="and_ln14221/2 "/>
</bind>
</comp>

<comp id="759" class="1004" name="icmp_ln14223_fu_759">
<pin_list>
<pin id="760" dir="0" index="0" bw="8" slack="0"/>
<pin id="761" dir="0" index="1" bw="8" slack="0"/>
<pin id="762" dir="1" index="2" bw="1" slack="0"/>
</pin_list>
<bind>
<opcode="icmp(45) " fcode="icmp"/>
<opset="icmp_ln14223/2 "/>
</bind>
</comp>

<comp id="765" class="1004" name="and_ln14221_1_fu_765">
<pin_list>
<pin id="766" dir="0" index="0" bw="1" slack="0"/>
<pin id="767" dir="0" index="1" bw="1" slack="0"/>
<pin id="768" dir="1" index="2" bw="1" slack="0"/>
</pin_list>
<bind>
<opcode="and(23) " fcode="and"/>
<opset="and_ln14221_1/2 "/>
</bind>
</comp>

<comp id="771" class="1004" name="or_ln14222_fu_771">
<pin_list>
<pin id="772" dir="0" index="0" bw="1" slack="0"/>
<pin id="773" dir="0" index="1" bw="1" slack="0"/>
<pin id="774" dir="1" index="2" bw="1" slack="1"/>
</pin_list>
<bind>
<opcode="or(24) " fcode="or"/>
<opset="or_ln14222/2 "/>
</bind>
</comp>

<comp id="777" class="1004" name="xor_ln14222_fu_777">
<pin_list>
<pin id="778" dir="0" index="0" bw="1" slack="0"/>
<pin id="779" dir="0" index="1" bw="1" slack="0"/>
<pin id="780" dir="1" index="2" bw="1" slack="0"/>
</pin_list>
<bind>
<opcode="xor(25) " fcode="xor"/>
<opset="xor_ln14222/2 "/>
</bind>
</comp>

<comp id="783" class="1004" name="or_ln14222_1_fu_783">
<pin_list>
<pin id="784" dir="0" index="0" bw="1" slack="0"/>
<pin id="785" dir="0" index="1" bw="1" slack="0"/>
<pin id="786" dir="1" index="2" bw="1" slack="0"/>
</pin_list>
<bind>
<opcode="or(24) " fcode="or"/>
<opset="or_ln14222_1/2 "/>
</bind>
</comp>

<comp id="789" class="1004" name="and_ln14222_fu_789">
<pin_list>
<pin id="790" dir="0" index="0" bw="1" slack="0"/>
<pin id="791" dir="0" index="1" bw="1" slack="0"/>
<pin id="792" dir="1" index="2" bw="1" slack="3"/>
</pin_list>
<bind>
<opcode="and(23) " fcode="and"/>
<opset="and_ln14222/2 "/>
</bind>
</comp>

<comp id="795" class="1004" name="add_ln691_1517_fu_795">
<pin_list>
<pin id="796" dir="0" index="0" bw="3" slack="0"/>
<pin id="797" dir="0" index="1" bw="1" slack="0"/>
<pin id="798" dir="1" index="2" bw="3" slack="0"/>
</pin_list>
<bind>
<opcode="add(8) " fcode="add"/>
<opset="add_ln691_1517/3 "/>
</bind>
</comp>

<comp id="801" class="1004" name="icmp_ln890_1550_fu_801">
<pin_list>
<pin id="802" dir="0" index="0" bw="3" slack="0"/>
<pin id="803" dir="0" index="1" bw="3" slack="0"/>
<pin id="804" dir="1" index="2" bw="1" slack="1"/>
</pin_list>
<bind>
<opcode="icmp(45) " fcode="icmp"/>
<opset="icmp_ln890_1550/3 "/>
</bind>
</comp>

<comp id="807" class="1004" name="icmp_ln870_5_fu_807">
<pin_list>
<pin id="808" dir="0" index="0" bw="3" slack="0"/>
<pin id="809" dir="0" index="1" bw="1" slack="0"/>
<pin id="810" dir="1" index="2" bw="1" slack="1"/>
</pin_list>
<bind>
<opcode="icmp(45) " fcode="icmp"/>
<opset="icmp_ln870_5/3 "/>
</bind>
</comp>

<comp id="813" class="1004" name="add_ln890_393_fu_813">
<pin_list>
<pin id="814" dir="0" index="0" bw="10" slack="0"/>
<pin id="815" dir="0" index="1" bw="1" slack="0"/>
<pin id="816" dir="1" index="2" bw="10" slack="0"/>
</pin_list>
<bind>
<opcode="add(8) " fcode="add"/>
<opset="add_ln890_393/4 "/>
</bind>
</comp>

<comp id="819" class="1004" name="icmp_ln890_1556_fu_819">
<pin_list>
<pin id="820" dir="0" index="0" bw="10" slack="0"/>
<pin id="821" dir="0" index="1" bw="10" slack="0"/>
<pin id="822" dir="1" index="2" bw="1" slack="2147483647"/>
</pin_list>
<bind>
<opcode="icmp(45) " fcode="icmp"/>
<opset="icmp_ln890_1556/4 "/>
</bind>
</comp>

<comp id="825" class="1004" name="add_ln890_392_fu_825">
<pin_list>
<pin id="826" dir="0" index="0" bw="10" slack="0"/>
<pin id="827" dir="0" index="1" bw="1" slack="0"/>
<pin id="828" dir="1" index="2" bw="10" slack="0"/>
</pin_list>
<bind>
<opcode="add(8) " fcode="add"/>
<opset="add_ln890_392/7 "/>
</bind>
</comp>

<comp id="831" class="1004" name="icmp_ln890_1555_fu_831">
<pin_list>
<pin id="832" dir="0" index="0" bw="10" slack="0"/>
<pin id="833" dir="0" index="1" bw="10" slack="0"/>
<pin id="834" dir="1" index="2" bw="1" slack="2147483647"/>
</pin_list>
<bind>
<opcode="icmp(45) " fcode="icmp"/>
<opset="icmp_ln890_1555/7 "/>
</bind>
</comp>

<comp id="837" class="1004" name="add_ln691_1512_fu_837">
<pin_list>
<pin id="838" dir="0" index="0" bw="5" slack="0"/>
<pin id="839" dir="0" index="1" bw="1" slack="0"/>
<pin id="840" dir="1" index="2" bw="5" slack="0"/>
</pin_list>
<bind>
<opcode="add(8) " fcode="add"/>
<opset="add_ln691_1512/7 "/>
</bind>
</comp>

<comp id="843" class="1004" name="icmp_ln890_1565_fu_843">
<pin_list>
<pin id="844" dir="0" index="0" bw="7" slack="0"/>
<pin id="845" dir="0" index="1" bw="7" slack="0"/>
<pin id="846" dir="1" index="2" bw="1" slack="0"/>
</pin_list>
<bind>
<opcode="icmp(45) " fcode="icmp"/>
<opset="icmp_ln890_1565/7 "/>
</bind>
</comp>

<comp id="849" class="1004" name="select_ln890_513_fu_849">
<pin_list>
<pin id="850" dir="0" index="0" bw="1" slack="0"/>
<pin id="851" dir="0" index="1" bw="1" slack="0"/>
<pin id="852" dir="0" index="2" bw="2" slack="0"/>
<pin id="853" dir="1" index="3" bw="2" slack="0"/>
</pin_list>
<bind>
<opcode="select(49) " fcode="select"/>
<opset="select_ln890_513/7 "/>
</bind>
</comp>

<comp id="857" class="1004" name="select_ln890_514_fu_857">
<pin_list>
<pin id="858" dir="0" index="0" bw="1" slack="0"/>
<pin id="859" dir="0" index="1" bw="5" slack="0"/>
<pin id="860" dir="0" index="2" bw="5" slack="0"/>
<pin id="861" dir="1" index="3" bw="5" slack="0"/>
</pin_list>
<bind>
<opcode="select(49) " fcode="select"/>
<opset="select_ln890_514/7 "/>
</bind>
</comp>

<comp id="865" class="1004" name="shl_ln14243_fu_865">
<pin_list>
<pin id="866" dir="0" index="0" bw="5" slack="0"/>
<pin id="867" dir="0" index="1" bw="1" slack="0"/>
<pin id="868" dir="1" index="2" bw="5" slack="0"/>
</pin_list>
<bind>
<opcode="shl(20) " fcode="shl"/>
<opset="shl_ln14243/7 "/>
</bind>
</comp>

<comp id="871" class="1004" name="xor_ln890_26_fu_871">
<pin_list>
<pin id="872" dir="0" index="0" bw="1" slack="0"/>
<pin id="873" dir="0" index="1" bw="1" slack="0"/>
<pin id="874" dir="1" index="2" bw="1" slack="0"/>
</pin_list>
<bind>
<opcode="xor(25) " fcode="xor"/>
<opset="xor_ln890_26/7 "/>
</bind>
</comp>

<comp id="877" class="1004" name="icmp_ln890_1566_fu_877">
<pin_list>
<pin id="878" dir="0" index="0" bw="5" slack="0"/>
<pin id="879" dir="0" index="1" bw="5" slack="0"/>
<pin id="880" dir="1" index="2" bw="1" slack="0"/>
</pin_list>
<bind>
<opcode="icmp(45) " fcode="icmp"/>
<opset="icmp_ln890_1566/7 "/>
</bind>
</comp>

<comp id="883" class="1004" name="and_ln890_66_fu_883">
<pin_list>
<pin id="884" dir="0" index="0" bw="1" slack="0"/>
<pin id="885" dir="0" index="1" bw="1" slack="0"/>
<pin id="886" dir="1" index="2" bw="1" slack="0"/>
</pin_list>
<bind>
<opcode="and(23) " fcode="and"/>
<opset="and_ln890_66/7 "/>
</bind>
</comp>

<comp id="889" class="1004" name="add_ln691_1513_fu_889">
<pin_list>
<pin id="890" dir="0" index="0" bw="2" slack="0"/>
<pin id="891" dir="0" index="1" bw="1" slack="0"/>
<pin id="892" dir="1" index="2" bw="2" slack="0"/>
</pin_list>
<bind>
<opcode="add(8) " fcode="add"/>
<opset="add_ln691_1513/7 "/>
</bind>
</comp>

<comp id="895" class="1004" name="or_ln890_24_fu_895">
<pin_list>
<pin id="896" dir="0" index="0" bw="1" slack="0"/>
<pin id="897" dir="0" index="1" bw="1" slack="0"/>
<pin id="898" dir="1" index="2" bw="1" slack="0"/>
</pin_list>
<bind>
<opcode="or(24) " fcode="or"/>
<opset="or_ln890_24/7 "/>
</bind>
</comp>

<comp id="901" class="1004" name="select_ln890_515_fu_901">
<pin_list>
<pin id="902" dir="0" index="0" bw="1" slack="0"/>
<pin id="903" dir="0" index="1" bw="1" slack="0"/>
<pin id="904" dir="0" index="2" bw="5" slack="0"/>
<pin id="905" dir="1" index="3" bw="5" slack="1"/>
</pin_list>
<bind>
<opcode="select(49) " fcode="select"/>
<opset="select_ln890_515/7 "/>
</bind>
</comp>

<comp id="909" class="1004" name="select_ln890_516_fu_909">
<pin_list>
<pin id="910" dir="0" index="0" bw="1" slack="0"/>
<pin id="911" dir="0" index="1" bw="2" slack="0"/>
<pin id="912" dir="0" index="2" bw="2" slack="0"/>
<pin id="913" dir="1" index="3" bw="2" slack="0"/>
</pin_list>
<bind>
<opcode="select(49) " fcode="select"/>
<opset="select_ln890_516/7 "/>
</bind>
</comp>

<comp id="917" class="1004" name="zext_ln14243_fu_917">
<pin_list>
<pin id="918" dir="0" index="0" bw="2" slack="0"/>
<pin id="919" dir="1" index="1" bw="5" slack="0"/>
</pin_list>
<bind>
<opcode="zext(34) " fcode="zext"/>
<opset="zext_ln14243/7 "/>
</bind>
</comp>

<comp id="921" class="1004" name="add_ln14243_fu_921">
<pin_list>
<pin id="922" dir="0" index="0" bw="5" slack="0"/>
<pin id="923" dir="0" index="1" bw="2" slack="0"/>
<pin id="924" dir="1" index="2" bw="5" slack="1"/>
</pin_list>
<bind>
<opcode="add(8) " fcode="add"/>
<opset="add_ln14243/7 "/>
</bind>
</comp>

<comp id="927" class="1004" name="add_ln890_391_fu_927">
<pin_list>
<pin id="928" dir="0" index="0" bw="7" slack="0"/>
<pin id="929" dir="0" index="1" bw="1" slack="0"/>
<pin id="930" dir="1" index="2" bw="7" slack="0"/>
</pin_list>
<bind>
<opcode="add(8) " fcode="add"/>
<opset="add_ln890_391/7 "/>
</bind>
</comp>

<comp id="933" class="1004" name="select_ln890_517_fu_933">
<pin_list>
<pin id="934" dir="0" index="0" bw="1" slack="0"/>
<pin id="935" dir="0" index="1" bw="1" slack="0"/>
<pin id="936" dir="0" index="2" bw="7" slack="0"/>
<pin id="937" dir="1" index="3" bw="7" slack="0"/>
</pin_list>
<bind>
<opcode="select(49) " fcode="select"/>
<opset="select_ln890_517/7 "/>
</bind>
</comp>

<comp id="941" class="1004" name="tmp_1007_cast_fu_941">
<pin_list>
<pin id="942" dir="0" index="0" bw="9" slack="0"/>
<pin id="943" dir="0" index="1" bw="5" slack="1"/>
<pin id="944" dir="0" index="2" bw="1" slack="0"/>
<pin id="945" dir="1" index="3" bw="9" slack="0"/>
</pin_list>
<bind>
<opcode="bitconcatenate(1004) " fcode="bitconcatenate"/>
<opset="tmp_1007_cast/8 "/>
</bind>
</comp>

<comp id="948" class="1004" name="zext_ln14243_1_fu_948">
<pin_list>
<pin id="949" dir="0" index="0" bw="5" slack="1"/>
<pin id="950" dir="1" index="1" bw="9" slack="0"/>
</pin_list>
<bind>
<opcode="zext(34) " fcode="zext"/>
<opset="zext_ln14243_1/8 "/>
</bind>
</comp>

<comp id="951" class="1004" name="add_ln14243_1_fu_951">
<pin_list>
<pin id="952" dir="0" index="0" bw="9" slack="0"/>
<pin id="953" dir="0" index="1" bw="5" slack="0"/>
<pin id="954" dir="1" index="2" bw="9" slack="0"/>
</pin_list>
<bind>
<opcode="add(8) " fcode="add"/>
<opset="add_ln14243_1/8 "/>
</bind>
</comp>

<comp id="957" class="1004" name="zext_ln14243_2_fu_957">
<pin_list>
<pin id="958" dir="0" index="0" bw="9" slack="0"/>
<pin id="959" dir="1" index="1" bw="64" slack="0"/>
</pin_list>
<bind>
<opcode="zext(34) " fcode="zext"/>
<opset="zext_ln14243_2/8 "/>
</bind>
</comp>

<comp id="962" class="1004" name="add_ln691_1514_fu_962">
<pin_list>
<pin id="963" dir="0" index="0" bw="5" slack="1"/>
<pin id="964" dir="0" index="1" bw="1" slack="0"/>
<pin id="965" dir="1" index="2" bw="5" slack="1"/>
</pin_list>
<bind>
<opcode="add(8) " fcode="add"/>
<opset="add_ln691_1514/8 "/>
</bind>
</comp>

<comp id="967" class="1004" name="add_ln890_390_fu_967">
<pin_list>
<pin id="968" dir="0" index="0" bw="14" slack="0"/>
<pin id="969" dir="0" index="1" bw="1" slack="0"/>
<pin id="970" dir="1" index="2" bw="14" slack="0"/>
</pin_list>
<bind>
<opcode="add(8) " fcode="add"/>
<opset="add_ln890_390/9 "/>
</bind>
</comp>

<comp id="973" class="1004" name="div_i_i25_fu_973">
<pin_list>
<pin id="974" dir="0" index="0" bw="4" slack="0"/>
<pin id="975" dir="0" index="1" bw="6" slack="0"/>
<pin id="976" dir="0" index="2" bw="1" slack="0"/>
<pin id="977" dir="0" index="3" bw="4" slack="0"/>
<pin id="978" dir="1" index="4" bw="4" slack="1"/>
</pin_list>
<bind>
<opcode="partselect(1002) " fcode="partselect"/>
<opset="div_i_i25/9 "/>
</bind>
</comp>

<comp id="983" class="1004" name="empty_fu_983">
<pin_list>
<pin id="984" dir="0" index="0" bw="6" slack="0"/>
<pin id="985" dir="1" index="1" bw="1" slack="2"/>
</pin_list>
<bind>
<opcode="trunc(33) " fcode="trunc"/>
<opset="empty/9 "/>
</bind>
</comp>

<comp id="987" class="1004" name="icmp_ln890_1554_fu_987">
<pin_list>
<pin id="988" dir="0" index="0" bw="14" slack="0"/>
<pin id="989" dir="0" index="1" bw="14" slack="0"/>
<pin id="990" dir="1" index="2" bw="1" slack="1"/>
</pin_list>
<bind>
<opcode="icmp(45) " fcode="icmp"/>
<opset="icmp_ln890_1554/9 "/>
</bind>
</comp>

<comp id="993" class="1004" name="add_ln691_1509_fu_993">
<pin_list>
<pin id="994" dir="0" index="0" bw="2" slack="0"/>
<pin id="995" dir="0" index="1" bw="1" slack="0"/>
<pin id="996" dir="1" index="2" bw="2" slack="0"/>
</pin_list>
<bind>
<opcode="add(8) " fcode="add"/>
<opset="add_ln691_1509/9 "/>
</bind>
</comp>

<comp id="999" class="1004" name="icmp_ln890_1562_fu_999">
<pin_list>
<pin id="1000" dir="0" index="0" bw="14" slack="0"/>
<pin id="1001" dir="0" index="1" bw="14" slack="0"/>
<pin id="1002" dir="1" index="2" bw="1" slack="0"/>
</pin_list>
<bind>
<opcode="icmp(45) " fcode="icmp"/>
<opset="icmp_ln890_1562/9 "/>
</bind>
</comp>

<comp id="1005" class="1004" name="select_ln890_507_fu_1005">
<pin_list>
<pin id="1006" dir="0" index="0" bw="1" slack="0"/>
<pin id="1007" dir="0" index="1" bw="1" slack="0"/>
<pin id="1008" dir="0" index="2" bw="6" slack="0"/>
<pin id="1009" dir="1" index="3" bw="6" slack="1"/>
</pin_list>
<bind>
<opcode="select(49) " fcode="select"/>
<opset="select_ln890_507/9 "/>
</bind>
</comp>

<comp id="1013" class="1004" name="select_ln890_508_fu_1013">
<pin_list>
<pin id="1014" dir="0" index="0" bw="1" slack="0"/>
<pin id="1015" dir="0" index="1" bw="2" slack="0"/>
<pin id="1016" dir="0" index="2" bw="2" slack="0"/>
<pin id="1017" dir="1" index="3" bw="2" slack="0"/>
</pin_list>
<bind>
<opcode="select(49) " fcode="select"/>
<opset="select_ln890_508/9 "/>
</bind>
</comp>

<comp id="1021" class="1004" name="xor_ln890_25_fu_1021">
<pin_list>
<pin id="1022" dir="0" index="0" bw="1" slack="0"/>
<pin id="1023" dir="0" index="1" bw="1" slack="0"/>
<pin id="1024" dir="1" index="2" bw="1" slack="0"/>
</pin_list>
<bind>
<opcode="xor(25) " fcode="xor"/>
<opset="xor_ln890_25/9 "/>
</bind>
</comp>

<comp id="1027" class="1004" name="icmp_ln890_1563_fu_1027">
<pin_list>
<pin id="1028" dir="0" index="0" bw="5" slack="0"/>
<pin id="1029" dir="0" index="1" bw="5" slack="0"/>
<pin id="1030" dir="1" index="2" bw="1" slack="0"/>
</pin_list>
<bind>
<opcode="icmp(45) " fcode="icmp"/>
<opset="icmp_ln890_1563/9 "/>
</bind>
</comp>

<comp id="1033" class="1004" name="and_ln890_64_fu_1033">
<pin_list>
<pin id="1034" dir="0" index="0" bw="1" slack="0"/>
<pin id="1035" dir="0" index="1" bw="1" slack="0"/>
<pin id="1036" dir="1" index="2" bw="1" slack="0"/>
</pin_list>
<bind>
<opcode="and(23) " fcode="and"/>
<opset="and_ln890_64/9 "/>
</bind>
</comp>

<comp id="1039" class="1004" name="icmp_ln890_1564_fu_1039">
<pin_list>
<pin id="1040" dir="0" index="0" bw="9" slack="0"/>
<pin id="1041" dir="0" index="1" bw="9" slack="0"/>
<pin id="1042" dir="1" index="2" bw="1" slack="0"/>
</pin_list>
<bind>
<opcode="icmp(45) " fcode="icmp"/>
<opset="icmp_ln890_1564/9 "/>
</bind>
</comp>

<comp id="1045" class="1004" name="and_ln890_65_fu_1045">
<pin_list>
<pin id="1046" dir="0" index="0" bw="1" slack="0"/>
<pin id="1047" dir="0" index="1" bw="1" slack="0"/>
<pin id="1048" dir="1" index="2" bw="1" slack="0"/>
</pin_list>
<bind>
<opcode="and(23) " fcode="and"/>
<opset="and_ln890_65/9 "/>
</bind>
</comp>

<comp id="1051" class="1004" name="xor_ln14271_fu_1051">
<pin_list>
<pin id="1052" dir="0" index="0" bw="1" slack="0"/>
<pin id="1053" dir="0" index="1" bw="1" slack="0"/>
<pin id="1054" dir="1" index="2" bw="1" slack="0"/>
</pin_list>
<bind>
<opcode="xor(25) " fcode="xor"/>
<opset="xor_ln14271/9 "/>
</bind>
</comp>

<comp id="1057" class="1004" name="or_ln14271_fu_1057">
<pin_list>
<pin id="1058" dir="0" index="0" bw="1" slack="0"/>
<pin id="1059" dir="0" index="1" bw="1" slack="0"/>
<pin id="1060" dir="1" index="2" bw="1" slack="0"/>
</pin_list>
<bind>
<opcode="or(24) " fcode="or"/>
<opset="or_ln14271/9 "/>
</bind>
</comp>

<comp id="1063" class="1004" name="and_ln14271_fu_1063">
<pin_list>
<pin id="1064" dir="0" index="0" bw="1" slack="0"/>
<pin id="1065" dir="0" index="1" bw="1" slack="0"/>
<pin id="1066" dir="1" index="2" bw="1" slack="0"/>
</pin_list>
<bind>
<opcode="and(23) " fcode="and"/>
<opset="and_ln14271/9 "/>
</bind>
</comp>

<comp id="1069" class="1004" name="or_ln14273_fu_1069">
<pin_list>
<pin id="1070" dir="0" index="0" bw="1" slack="0"/>
<pin id="1071" dir="0" index="1" bw="1" slack="0"/>
<pin id="1072" dir="1" index="2" bw="1" slack="0"/>
</pin_list>
<bind>
<opcode="or(24) " fcode="or"/>
<opset="or_ln14273/9 "/>
</bind>
</comp>

<comp id="1075" class="1004" name="or_ln14273_1_fu_1075">
<pin_list>
<pin id="1076" dir="0" index="0" bw="1" slack="0"/>
<pin id="1077" dir="0" index="1" bw="1" slack="0"/>
<pin id="1078" dir="1" index="2" bw="1" slack="0"/>
</pin_list>
<bind>
<opcode="or(24) " fcode="or"/>
<opset="or_ln14273_1/9 "/>
</bind>
</comp>

<comp id="1081" class="1004" name="select_ln14273_fu_1081">
<pin_list>
<pin id="1082" dir="0" index="0" bw="1" slack="0"/>
<pin id="1083" dir="0" index="1" bw="1" slack="0"/>
<pin id="1084" dir="0" index="2" bw="5" slack="0"/>
<pin id="1085" dir="1" index="3" bw="5" slack="1"/>
</pin_list>
<bind>
<opcode="select(49) " fcode="select"/>
<opset="select_ln14273/9 "/>
</bind>
</comp>

<comp id="1089" class="1004" name="add_ln890_388_fu_1089">
<pin_list>
<pin id="1090" dir="0" index="0" bw="9" slack="0"/>
<pin id="1091" dir="0" index="1" bw="1" slack="0"/>
<pin id="1092" dir="1" index="2" bw="9" slack="0"/>
</pin_list>
<bind>
<opcode="add(8) " fcode="add"/>
<opset="add_ln890_388/9 "/>
</bind>
</comp>

<comp id="1095" class="1004" name="or_ln890_23_fu_1095">
<pin_list>
<pin id="1096" dir="0" index="0" bw="1" slack="0"/>
<pin id="1097" dir="0" index="1" bw="1" slack="0"/>
<pin id="1098" dir="1" index="2" bw="1" slack="0"/>
</pin_list>
<bind>
<opcode="or(24) " fcode="or"/>
<opset="or_ln890_23/9 "/>
</bind>
</comp>

<comp id="1101" class="1004" name="select_ln890_511_fu_1101">
<pin_list>
<pin id="1102" dir="0" index="0" bw="1" slack="0"/>
<pin id="1103" dir="0" index="1" bw="1" slack="0"/>
<pin id="1104" dir="0" index="2" bw="9" slack="0"/>
<pin id="1105" dir="1" index="3" bw="9" slack="0"/>
</pin_list>
<bind>
<opcode="select(49) " fcode="select"/>
<opset="select_ln890_511/9 "/>
</bind>
</comp>

<comp id="1109" class="1004" name="add_ln890_389_fu_1109">
<pin_list>
<pin id="1110" dir="0" index="0" bw="14" slack="0"/>
<pin id="1111" dir="0" index="1" bw="1" slack="0"/>
<pin id="1112" dir="1" index="2" bw="14" slack="0"/>
</pin_list>
<bind>
<opcode="add(8) " fcode="add"/>
<opset="add_ln890_389/9 "/>
</bind>
</comp>

<comp id="1115" class="1004" name="select_ln890_512_fu_1115">
<pin_list>
<pin id="1116" dir="0" index="0" bw="1" slack="0"/>
<pin id="1117" dir="0" index="1" bw="1" slack="0"/>
<pin id="1118" dir="0" index="2" bw="14" slack="0"/>
<pin id="1119" dir="1" index="3" bw="14" slack="0"/>
</pin_list>
<bind>
<opcode="select(49) " fcode="select"/>
<opset="select_ln890_512/9 "/>
</bind>
</comp>

<comp id="1123" class="1004" name="zext_ln14281_fu_1123">
<pin_list>
<pin id="1124" dir="0" index="0" bw="2" slack="1"/>
<pin id="1125" dir="1" index="1" bw="5" slack="0"/>
</pin_list>
<bind>
<opcode="zext(34) " fcode="zext"/>
<opset="zext_ln14281/10 "/>
</bind>
</comp>

<comp id="1126" class="1004" name="select_ln890_509_fu_1126">
<pin_list>
<pin id="1127" dir="0" index="0" bw="1" slack="1"/>
<pin id="1128" dir="0" index="1" bw="1" slack="0"/>
<pin id="1129" dir="0" index="2" bw="4" slack="1"/>
<pin id="1130" dir="1" index="3" bw="4" slack="0"/>
</pin_list>
<bind>
<opcode="select(49) " fcode="select"/>
<opset="select_ln890_509/10 "/>
</bind>
</comp>

<comp id="1132" class="1004" name="add_ln691_1510_fu_1132">
<pin_list>
<pin id="1133" dir="0" index="0" bw="6" slack="1"/>
<pin id="1134" dir="0" index="1" bw="1" slack="0"/>
<pin id="1135" dir="1" index="2" bw="6" slack="0"/>
</pin_list>
<bind>
<opcode="add(8) " fcode="add"/>
<opset="add_ln691_1510/10 "/>
</bind>
</comp>

<comp id="1137" class="1004" name="div_i_i623_mid1_fu_1137">
<pin_list>
<pin id="1138" dir="0" index="0" bw="4" slack="0"/>
<pin id="1139" dir="0" index="1" bw="6" slack="0"/>
<pin id="1140" dir="0" index="2" bw="1" slack="0"/>
<pin id="1141" dir="0" index="3" bw="4" slack="0"/>
<pin id="1142" dir="1" index="4" bw="4" slack="0"/>
</pin_list>
<bind>
<opcode="partselect(1002) " fcode="partselect"/>
<opset="div_i_i623_mid1/10 "/>
</bind>
</comp>

<comp id="1147" class="1004" name="select_ln14271_fu_1147">
<pin_list>
<pin id="1148" dir="0" index="0" bw="1" slack="1"/>
<pin id="1149" dir="0" index="1" bw="4" slack="0"/>
<pin id="1150" dir="0" index="2" bw="4" slack="0"/>
<pin id="1151" dir="1" index="3" bw="4" slack="0"/>
</pin_list>
<bind>
<opcode="select(49) " fcode="select"/>
<opset="select_ln14271/10 "/>
</bind>
</comp>

<comp id="1154" class="1004" name="select_ln890_510_fu_1154">
<pin_list>
<pin id="1155" dir="0" index="0" bw="1" slack="1"/>
<pin id="1156" dir="0" index="1" bw="6" slack="0"/>
<pin id="1157" dir="0" index="2" bw="6" slack="1"/>
<pin id="1158" dir="1" index="3" bw="6" slack="1"/>
</pin_list>
<bind>
<opcode="select(49) " fcode="select"/>
<opset="select_ln890_510/10 "/>
</bind>
</comp>

<comp id="1160" class="1004" name="shl_ln14281_fu_1160">
<pin_list>
<pin id="1161" dir="0" index="0" bw="5" slack="1"/>
<pin id="1162" dir="0" index="1" bw="1" slack="0"/>
<pin id="1163" dir="1" index="2" bw="5" slack="0"/>
</pin_list>
<bind>
<opcode="shl(20) " fcode="shl"/>
<opset="shl_ln14281/10 "/>
</bind>
</comp>

<comp id="1165" class="1004" name="add_ln14281_fu_1165">
<pin_list>
<pin id="1166" dir="0" index="0" bw="5" slack="0"/>
<pin id="1167" dir="0" index="1" bw="2" slack="0"/>
<pin id="1168" dir="1" index="2" bw="5" slack="0"/>
</pin_list>
<bind>
<opcode="add(8) " fcode="add"/>
<opset="add_ln14281/10 "/>
</bind>
</comp>

<comp id="1171" class="1004" name="or_ln12_fu_1171">
<pin_list>
<pin id="1172" dir="0" index="0" bw="9" slack="0"/>
<pin id="1173" dir="0" index="1" bw="5" slack="0"/>
<pin id="1174" dir="0" index="2" bw="4" slack="0"/>
<pin id="1175" dir="1" index="3" bw="9" slack="0"/>
</pin_list>
<bind>
<opcode="bitconcatenate(1004) " fcode="bitconcatenate"/>
<opset="or_ln12/10 "/>
</bind>
</comp>

<comp id="1179" class="1004" name="zext_ln14281_1_fu_1179">
<pin_list>
<pin id="1180" dir="0" index="0" bw="9" slack="0"/>
<pin id="1181" dir="1" index="1" bw="64" slack="0"/>
</pin_list>
<bind>
<opcode="zext(34) " fcode="zext"/>
<opset="zext_ln14281_1/10 "/>
</bind>
</comp>

<comp id="1184" class="1004" name="add_ln691_1511_fu_1184">
<pin_list>
<pin id="1185" dir="0" index="0" bw="5" slack="1"/>
<pin id="1186" dir="0" index="1" bw="1" slack="0"/>
<pin id="1187" dir="1" index="2" bw="5" slack="1"/>
</pin_list>
<bind>
<opcode="add(8) " fcode="add"/>
<opset="add_ln691_1511/10 "/>
</bind>
</comp>

<comp id="1189" class="1004" name="and_ln890_63_fu_1189">
<pin_list>
<pin id="1190" dir="0" index="0" bw="1" slack="2"/>
<pin id="1191" dir="0" index="1" bw="1" slack="2"/>
<pin id="1192" dir="1" index="2" bw="1" slack="0"/>
</pin_list>
<bind>
<opcode="and(23) " fcode="and"/>
<opset="and_ln890_63/11 "/>
</bind>
</comp>

<comp id="1193" class="1004" name="empty_2545_fu_1193">
<pin_list>
<pin id="1194" dir="0" index="0" bw="6" slack="1"/>
<pin id="1195" dir="1" index="1" bw="1" slack="0"/>
</pin_list>
<bind>
<opcode="trunc(33) " fcode="trunc"/>
<opset="empty_2545/11 "/>
</bind>
</comp>

<comp id="1196" class="1004" name="select_ln14271_1_fu_1196">
<pin_list>
<pin id="1197" dir="0" index="0" bw="1" slack="2"/>
<pin id="1198" dir="0" index="1" bw="1" slack="0"/>
<pin id="1199" dir="0" index="2" bw="1" slack="0"/>
<pin id="1200" dir="1" index="3" bw="1" slack="0"/>
</pin_list>
<bind>
<opcode="select(49) " fcode="select"/>
<opset="select_ln14271_1/11 "/>
</bind>
</comp>

<comp id="1203" class="1004" name="data_split_V_0_163_fu_1203">
<pin_list>
<pin id="1204" dir="0" index="0" bw="512" slack="0"/>
<pin id="1205" dir="1" index="1" bw="256" slack="0"/>
</pin_list>
<bind>
<opcode="trunc(33) " fcode="trunc"/>
<opset="data_split_V_0_163/11 "/>
</bind>
</comp>

<comp id="1207" class="1004" name="data_split_V_1_215_fu_1207">
<pin_list>
<pin id="1208" dir="0" index="0" bw="256" slack="0"/>
<pin id="1209" dir="0" index="1" bw="512" slack="0"/>
<pin id="1210" dir="0" index="2" bw="10" slack="0"/>
<pin id="1211" dir="0" index="3" bw="10" slack="0"/>
<pin id="1212" dir="1" index="4" bw="256" slack="0"/>
</pin_list>
<bind>
<opcode="partselect(1002) " fcode="partselect"/>
<opset="data_split_V_1_215/11 "/>
</bind>
</comp>

<comp id="1217" class="1004" name="select_ln14287_fu_1217">
<pin_list>
<pin id="1218" dir="0" index="0" bw="1" slack="0"/>
<pin id="1219" dir="0" index="1" bw="256" slack="0"/>
<pin id="1220" dir="0" index="2" bw="256" slack="0"/>
<pin id="1221" dir="1" index="3" bw="256" slack="1"/>
</pin_list>
<bind>
<opcode="select(49) " fcode="select"/>
<opset="select_ln14287/11 "/>
</bind>
</comp>

<comp id="1225" class="1004" name="arb_fu_1225">
<pin_list>
<pin id="1226" dir="0" index="0" bw="1" slack="3"/>
<pin id="1227" dir="0" index="1" bw="1" slack="0"/>
<pin id="1228" dir="1" index="2" bw="1" slack="1"/>
</pin_list>
<bind>
<opcode="xor(25) " fcode="xor"/>
<opset="arb/13 "/>
</bind>
</comp>

<comp id="1230" class="1004" name="add_ln691_1515_fu_1230">
<pin_list>
<pin id="1231" dir="0" index="0" bw="8" slack="3"/>
<pin id="1232" dir="0" index="1" bw="1" slack="0"/>
<pin id="1233" dir="1" index="2" bw="8" slack="0"/>
</pin_list>
<bind>
<opcode="add(8) " fcode="add"/>
<opset="add_ln691_1515/13 "/>
</bind>
</comp>

<comp id="1236" class="1004" name="or_ln691_fu_1236">
<pin_list>
<pin id="1237" dir="0" index="0" bw="1" slack="3"/>
<pin id="1238" dir="0" index="1" bw="1" slack="3"/>
<pin id="1239" dir="1" index="2" bw="1" slack="0"/>
</pin_list>
<bind>
<opcode="or(24) " fcode="or"/>
<opset="or_ln691/13 "/>
</bind>
</comp>

<comp id="1240" class="1004" name="c2_V_89_fu_1240">
<pin_list>
<pin id="1241" dir="0" index="0" bw="1" slack="0"/>
<pin id="1242" dir="0" index="1" bw="1" slack="0"/>
<pin id="1243" dir="0" index="2" bw="8" slack="0"/>
<pin id="1244" dir="1" index="3" bw="8" slack="1"/>
</pin_list>
<bind>
<opcode="select(49) " fcode="select"/>
<opset="c2_V_89/13 "/>
</bind>
</comp>

<comp id="1248" class="1004" name="add_ln890_394_fu_1248">
<pin_list>
<pin id="1249" dir="0" index="0" bw="11" slack="3"/>
<pin id="1250" dir="0" index="1" bw="1" slack="0"/>
<pin id="1251" dir="1" index="2" bw="11" slack="0"/>
</pin_list>
<bind>
<opcode="add(8) " fcode="add"/>
<opset="add_ln890_394/13 "/>
</bind>
</comp>

<comp id="1254" class="1004" name="select_ln890_518_fu_1254">
<pin_list>
<pin id="1255" dir="0" index="0" bw="1" slack="3"/>
<pin id="1256" dir="0" index="1" bw="1" slack="0"/>
<pin id="1257" dir="0" index="2" bw="11" slack="0"/>
<pin id="1258" dir="1" index="3" bw="11" slack="1"/>
</pin_list>
<bind>
<opcode="select(49) " fcode="select"/>
<opset="select_ln890_518/13 "/>
</bind>
</comp>

<comp id="1261" class="1004" name="add_ln691_1516_fu_1261">
<pin_list>
<pin id="1262" dir="0" index="0" bw="3" slack="0"/>
<pin id="1263" dir="0" index="1" bw="1" slack="0"/>
<pin id="1264" dir="1" index="2" bw="3" slack="0"/>
</pin_list>
<bind>
<opcode="add(8) " fcode="add"/>
<opset="add_ln691_1516/14 "/>
</bind>
</comp>

<comp id="1267" class="1004" name="icmp_ln890_1549_fu_1267">
<pin_list>
<pin id="1268" dir="0" index="0" bw="3" slack="0"/>
<pin id="1269" dir="0" index="1" bw="3" slack="0"/>
<pin id="1270" dir="1" index="2" bw="1" slack="1"/>
</pin_list>
<bind>
<opcode="icmp(45) " fcode="icmp"/>
<opset="icmp_ln890_1549/14 "/>
</bind>
</comp>

<comp id="1273" class="1004" name="icmp_ln870_fu_1273">
<pin_list>
<pin id="1274" dir="0" index="0" bw="3" slack="0"/>
<pin id="1275" dir="0" index="1" bw="1" slack="0"/>
<pin id="1276" dir="1" index="2" bw="1" slack="1"/>
</pin_list>
<bind>
<opcode="icmp(45) " fcode="icmp"/>
<opset="icmp_ln870/14 "/>
</bind>
</comp>

<comp id="1279" class="1004" name="add_ln890_387_fu_1279">
<pin_list>
<pin id="1280" dir="0" index="0" bw="10" slack="0"/>
<pin id="1281" dir="0" index="1" bw="1" slack="0"/>
<pin id="1282" dir="1" index="2" bw="10" slack="0"/>
</pin_list>
<bind>
<opcode="add(8) " fcode="add"/>
<opset="add_ln890_387/15 "/>
</bind>
</comp>

<comp id="1285" class="1004" name="icmp_ln890_1553_fu_1285">
<pin_list>
<pin id="1286" dir="0" index="0" bw="10" slack="0"/>
<pin id="1287" dir="0" index="1" bw="10" slack="0"/>
<pin id="1288" dir="1" index="2" bw="1" slack="2147483647"/>
</pin_list>
<bind>
<opcode="icmp(45) " fcode="icmp"/>
<opset="icmp_ln890_1553/15 "/>
</bind>
</comp>

<comp id="1291" class="1004" name="add_ln890_386_fu_1291">
<pin_list>
<pin id="1292" dir="0" index="0" bw="10" slack="0"/>
<pin id="1293" dir="0" index="1" bw="1" slack="0"/>
<pin id="1294" dir="1" index="2" bw="10" slack="0"/>
</pin_list>
<bind>
<opcode="add(8) " fcode="add"/>
<opset="add_ln890_386/18 "/>
</bind>
</comp>

<comp id="1297" class="1004" name="icmp_ln890_1552_fu_1297">
<pin_list>
<pin id="1298" dir="0" index="0" bw="10" slack="0"/>
<pin id="1299" dir="0" index="1" bw="10" slack="0"/>
<pin id="1300" dir="1" index="2" bw="1" slack="2147483647"/>
</pin_list>
<bind>
<opcode="icmp(45) " fcode="icmp"/>
<opset="icmp_ln890_1552/18 "/>
</bind>
</comp>

<comp id="1303" class="1004" name="add_ln691_1506_fu_1303">
<pin_list>
<pin id="1304" dir="0" index="0" bw="5" slack="0"/>
<pin id="1305" dir="0" index="1" bw="1" slack="0"/>
<pin id="1306" dir="1" index="2" bw="5" slack="0"/>
</pin_list>
<bind>
<opcode="add(8) " fcode="add"/>
<opset="add_ln691_1506/18 "/>
</bind>
</comp>

<comp id="1309" class="1004" name="icmp_ln890_1560_fu_1309">
<pin_list>
<pin id="1310" dir="0" index="0" bw="7" slack="0"/>
<pin id="1311" dir="0" index="1" bw="7" slack="0"/>
<pin id="1312" dir="1" index="2" bw="1" slack="0"/>
</pin_list>
<bind>
<opcode="icmp(45) " fcode="icmp"/>
<opset="icmp_ln890_1560/18 "/>
</bind>
</comp>

<comp id="1315" class="1004" name="select_ln890_502_fu_1315">
<pin_list>
<pin id="1316" dir="0" index="0" bw="1" slack="0"/>
<pin id="1317" dir="0" index="1" bw="1" slack="0"/>
<pin id="1318" dir="0" index="2" bw="2" slack="0"/>
<pin id="1319" dir="1" index="3" bw="2" slack="0"/>
</pin_list>
<bind>
<opcode="select(49) " fcode="select"/>
<opset="select_ln890_502/18 "/>
</bind>
</comp>

<comp id="1323" class="1004" name="select_ln890_503_fu_1323">
<pin_list>
<pin id="1324" dir="0" index="0" bw="1" slack="0"/>
<pin id="1325" dir="0" index="1" bw="5" slack="0"/>
<pin id="1326" dir="0" index="2" bw="5" slack="0"/>
<pin id="1327" dir="1" index="3" bw="5" slack="0"/>
</pin_list>
<bind>
<opcode="select(49) " fcode="select"/>
<opset="select_ln890_503/18 "/>
</bind>
</comp>

<comp id="1331" class="1004" name="shl_ln14310_fu_1331">
<pin_list>
<pin id="1332" dir="0" index="0" bw="5" slack="0"/>
<pin id="1333" dir="0" index="1" bw="1" slack="0"/>
<pin id="1334" dir="1" index="2" bw="5" slack="0"/>
</pin_list>
<bind>
<opcode="shl(20) " fcode="shl"/>
<opset="shl_ln14310/18 "/>
</bind>
</comp>

<comp id="1337" class="1004" name="xor_ln890_24_fu_1337">
<pin_list>
<pin id="1338" dir="0" index="0" bw="1" slack="0"/>
<pin id="1339" dir="0" index="1" bw="1" slack="0"/>
<pin id="1340" dir="1" index="2" bw="1" slack="0"/>
</pin_list>
<bind>
<opcode="xor(25) " fcode="xor"/>
<opset="xor_ln890_24/18 "/>
</bind>
</comp>

<comp id="1343" class="1004" name="icmp_ln890_1561_fu_1343">
<pin_list>
<pin id="1344" dir="0" index="0" bw="5" slack="0"/>
<pin id="1345" dir="0" index="1" bw="5" slack="0"/>
<pin id="1346" dir="1" index="2" bw="1" slack="0"/>
</pin_list>
<bind>
<opcode="icmp(45) " fcode="icmp"/>
<opset="icmp_ln890_1561/18 "/>
</bind>
</comp>

<comp id="1349" class="1004" name="and_ln890_62_fu_1349">
<pin_list>
<pin id="1350" dir="0" index="0" bw="1" slack="0"/>
<pin id="1351" dir="0" index="1" bw="1" slack="0"/>
<pin id="1352" dir="1" index="2" bw="1" slack="0"/>
</pin_list>
<bind>
<opcode="and(23) " fcode="and"/>
<opset="and_ln890_62/18 "/>
</bind>
</comp>

<comp id="1355" class="1004" name="add_ln691_1507_fu_1355">
<pin_list>
<pin id="1356" dir="0" index="0" bw="2" slack="0"/>
<pin id="1357" dir="0" index="1" bw="1" slack="0"/>
<pin id="1358" dir="1" index="2" bw="2" slack="0"/>
</pin_list>
<bind>
<opcode="add(8) " fcode="add"/>
<opset="add_ln691_1507/18 "/>
</bind>
</comp>

<comp id="1361" class="1004" name="or_ln890_22_fu_1361">
<pin_list>
<pin id="1362" dir="0" index="0" bw="1" slack="0"/>
<pin id="1363" dir="0" index="1" bw="1" slack="0"/>
<pin id="1364" dir="1" index="2" bw="1" slack="0"/>
</pin_list>
<bind>
<opcode="or(24) " fcode="or"/>
<opset="or_ln890_22/18 "/>
</bind>
</comp>

<comp id="1367" class="1004" name="select_ln890_504_fu_1367">
<pin_list>
<pin id="1368" dir="0" index="0" bw="1" slack="0"/>
<pin id="1369" dir="0" index="1" bw="1" slack="0"/>
<pin id="1370" dir="0" index="2" bw="5" slack="0"/>
<pin id="1371" dir="1" index="3" bw="5" slack="1"/>
</pin_list>
<bind>
<opcode="select(49) " fcode="select"/>
<opset="select_ln890_504/18 "/>
</bind>
</comp>

<comp id="1375" class="1004" name="select_ln890_505_fu_1375">
<pin_list>
<pin id="1376" dir="0" index="0" bw="1" slack="0"/>
<pin id="1377" dir="0" index="1" bw="2" slack="0"/>
<pin id="1378" dir="0" index="2" bw="2" slack="0"/>
<pin id="1379" dir="1" index="3" bw="2" slack="0"/>
</pin_list>
<bind>
<opcode="select(49) " fcode="select"/>
<opset="select_ln890_505/18 "/>
</bind>
</comp>

<comp id="1383" class="1004" name="zext_ln14310_fu_1383">
<pin_list>
<pin id="1384" dir="0" index="0" bw="2" slack="0"/>
<pin id="1385" dir="1" index="1" bw="5" slack="0"/>
</pin_list>
<bind>
<opcode="zext(34) " fcode="zext"/>
<opset="zext_ln14310/18 "/>
</bind>
</comp>

<comp id="1387" class="1004" name="add_ln14310_fu_1387">
<pin_list>
<pin id="1388" dir="0" index="0" bw="5" slack="0"/>
<pin id="1389" dir="0" index="1" bw="2" slack="0"/>
<pin id="1390" dir="1" index="2" bw="5" slack="1"/>
</pin_list>
<bind>
<opcode="add(8) " fcode="add"/>
<opset="add_ln14310/18 "/>
</bind>
</comp>

<comp id="1393" class="1004" name="add_ln890_385_fu_1393">
<pin_list>
<pin id="1394" dir="0" index="0" bw="7" slack="0"/>
<pin id="1395" dir="0" index="1" bw="1" slack="0"/>
<pin id="1396" dir="1" index="2" bw="7" slack="0"/>
</pin_list>
<bind>
<opcode="add(8) " fcode="add"/>
<opset="add_ln890_385/18 "/>
</bind>
</comp>

<comp id="1399" class="1004" name="select_ln890_506_fu_1399">
<pin_list>
<pin id="1400" dir="0" index="0" bw="1" slack="0"/>
<pin id="1401" dir="0" index="1" bw="1" slack="0"/>
<pin id="1402" dir="0" index="2" bw="7" slack="0"/>
<pin id="1403" dir="1" index="3" bw="7" slack="0"/>
</pin_list>
<bind>
<opcode="select(49) " fcode="select"/>
<opset="select_ln890_506/18 "/>
</bind>
</comp>

<comp id="1407" class="1004" name="tmp_1001_cast_fu_1407">
<pin_list>
<pin id="1408" dir="0" index="0" bw="9" slack="0"/>
<pin id="1409" dir="0" index="1" bw="5" slack="1"/>
<pin id="1410" dir="0" index="2" bw="1" slack="0"/>
<pin id="1411" dir="1" index="3" bw="9" slack="0"/>
</pin_list>
<bind>
<opcode="bitconcatenate(1004) " fcode="bitconcatenate"/>
<opset="tmp_1001_cast/19 "/>
</bind>
</comp>

<comp id="1414" class="1004" name="zext_ln14310_1_fu_1414">
<pin_list>
<pin id="1415" dir="0" index="0" bw="5" slack="1"/>
<pin id="1416" dir="1" index="1" bw="9" slack="0"/>
</pin_list>
<bind>
<opcode="zext(34) " fcode="zext"/>
<opset="zext_ln14310_1/19 "/>
</bind>
</comp>

<comp id="1417" class="1004" name="add_ln14310_1_fu_1417">
<pin_list>
<pin id="1418" dir="0" index="0" bw="9" slack="0"/>
<pin id="1419" dir="0" index="1" bw="5" slack="0"/>
<pin id="1420" dir="1" index="2" bw="9" slack="0"/>
</pin_list>
<bind>
<opcode="add(8) " fcode="add"/>
<opset="add_ln14310_1/19 "/>
</bind>
</comp>

<comp id="1423" class="1004" name="zext_ln14310_2_fu_1423">
<pin_list>
<pin id="1424" dir="0" index="0" bw="9" slack="0"/>
<pin id="1425" dir="1" index="1" bw="64" slack="0"/>
</pin_list>
<bind>
<opcode="zext(34) " fcode="zext"/>
<opset="zext_ln14310_2/19 "/>
</bind>
</comp>

<comp id="1428" class="1004" name="add_ln691_1508_fu_1428">
<pin_list>
<pin id="1429" dir="0" index="0" bw="5" slack="1"/>
<pin id="1430" dir="0" index="1" bw="1" slack="0"/>
<pin id="1431" dir="1" index="2" bw="5" slack="1"/>
</pin_list>
<bind>
<opcode="add(8) " fcode="add"/>
<opset="add_ln691_1508/19 "/>
</bind>
</comp>

<comp id="1433" class="1004" name="add_ln890_384_fu_1433">
<pin_list>
<pin id="1434" dir="0" index="0" bw="14" slack="0"/>
<pin id="1435" dir="0" index="1" bw="1" slack="0"/>
<pin id="1436" dir="1" index="2" bw="14" slack="0"/>
</pin_list>
<bind>
<opcode="add(8) " fcode="add"/>
<opset="add_ln890_384/20 "/>
</bind>
</comp>

<comp id="1439" class="1004" name="div_i_i24_fu_1439">
<pin_list>
<pin id="1440" dir="0" index="0" bw="4" slack="0"/>
<pin id="1441" dir="0" index="1" bw="6" slack="0"/>
<pin id="1442" dir="0" index="2" bw="1" slack="0"/>
<pin id="1443" dir="0" index="3" bw="4" slack="0"/>
<pin id="1444" dir="1" index="4" bw="4" slack="1"/>
</pin_list>
<bind>
<opcode="partselect(1002) " fcode="partselect"/>
<opset="div_i_i24/20 "/>
</bind>
</comp>

<comp id="1449" class="1004" name="empty_2546_fu_1449">
<pin_list>
<pin id="1450" dir="0" index="0" bw="6" slack="0"/>
<pin id="1451" dir="1" index="1" bw="1" slack="2"/>
</pin_list>
<bind>
<opcode="trunc(33) " fcode="trunc"/>
<opset="empty_2546/20 "/>
</bind>
</comp>

<comp id="1453" class="1004" name="icmp_ln890_1551_fu_1453">
<pin_list>
<pin id="1454" dir="0" index="0" bw="14" slack="0"/>
<pin id="1455" dir="0" index="1" bw="14" slack="0"/>
<pin id="1456" dir="1" index="2" bw="1" slack="1"/>
</pin_list>
<bind>
<opcode="icmp(45) " fcode="icmp"/>
<opset="icmp_ln890_1551/20 "/>
</bind>
</comp>

<comp id="1459" class="1004" name="add_ln691_1503_fu_1459">
<pin_list>
<pin id="1460" dir="0" index="0" bw="2" slack="0"/>
<pin id="1461" dir="0" index="1" bw="1" slack="0"/>
<pin id="1462" dir="1" index="2" bw="2" slack="0"/>
</pin_list>
<bind>
<opcode="add(8) " fcode="add"/>
<opset="add_ln691_1503/20 "/>
</bind>
</comp>

<comp id="1465" class="1004" name="icmp_ln890_1557_fu_1465">
<pin_list>
<pin id="1466" dir="0" index="0" bw="14" slack="0"/>
<pin id="1467" dir="0" index="1" bw="14" slack="0"/>
<pin id="1468" dir="1" index="2" bw="1" slack="0"/>
</pin_list>
<bind>
<opcode="icmp(45) " fcode="icmp"/>
<opset="icmp_ln890_1557/20 "/>
</bind>
</comp>

<comp id="1471" class="1004" name="select_ln890_496_fu_1471">
<pin_list>
<pin id="1472" dir="0" index="0" bw="1" slack="0"/>
<pin id="1473" dir="0" index="1" bw="1" slack="0"/>
<pin id="1474" dir="0" index="2" bw="6" slack="0"/>
<pin id="1475" dir="1" index="3" bw="6" slack="1"/>
</pin_list>
<bind>
<opcode="select(49) " fcode="select"/>
<opset="select_ln890_496/20 "/>
</bind>
</comp>

<comp id="1479" class="1004" name="select_ln890_497_fu_1479">
<pin_list>
<pin id="1480" dir="0" index="0" bw="1" slack="0"/>
<pin id="1481" dir="0" index="1" bw="2" slack="0"/>
<pin id="1482" dir="0" index="2" bw="2" slack="0"/>
<pin id="1483" dir="1" index="3" bw="2" slack="0"/>
</pin_list>
<bind>
<opcode="select(49) " fcode="select"/>
<opset="select_ln890_497/20 "/>
</bind>
</comp>

<comp id="1487" class="1004" name="xor_ln890_23_fu_1487">
<pin_list>
<pin id="1488" dir="0" index="0" bw="1" slack="0"/>
<pin id="1489" dir="0" index="1" bw="1" slack="0"/>
<pin id="1490" dir="1" index="2" bw="1" slack="0"/>
</pin_list>
<bind>
<opcode="xor(25) " fcode="xor"/>
<opset="xor_ln890_23/20 "/>
</bind>
</comp>

<comp id="1493" class="1004" name="icmp_ln890_1558_fu_1493">
<pin_list>
<pin id="1494" dir="0" index="0" bw="5" slack="0"/>
<pin id="1495" dir="0" index="1" bw="5" slack="0"/>
<pin id="1496" dir="1" index="2" bw="1" slack="0"/>
</pin_list>
<bind>
<opcode="icmp(45) " fcode="icmp"/>
<opset="icmp_ln890_1558/20 "/>
</bind>
</comp>

<comp id="1499" class="1004" name="and_ln890_60_fu_1499">
<pin_list>
<pin id="1500" dir="0" index="0" bw="1" slack="0"/>
<pin id="1501" dir="0" index="1" bw="1" slack="0"/>
<pin id="1502" dir="1" index="2" bw="1" slack="0"/>
</pin_list>
<bind>
<opcode="and(23) " fcode="and"/>
<opset="and_ln890_60/20 "/>
</bind>
</comp>

<comp id="1505" class="1004" name="icmp_ln890_1559_fu_1505">
<pin_list>
<pin id="1506" dir="0" index="0" bw="9" slack="0"/>
<pin id="1507" dir="0" index="1" bw="9" slack="0"/>
<pin id="1508" dir="1" index="2" bw="1" slack="0"/>
</pin_list>
<bind>
<opcode="icmp(45) " fcode="icmp"/>
<opset="icmp_ln890_1559/20 "/>
</bind>
</comp>

<comp id="1511" class="1004" name="and_ln890_61_fu_1511">
<pin_list>
<pin id="1512" dir="0" index="0" bw="1" slack="0"/>
<pin id="1513" dir="0" index="1" bw="1" slack="0"/>
<pin id="1514" dir="1" index="2" bw="1" slack="0"/>
</pin_list>
<bind>
<opcode="and(23) " fcode="and"/>
<opset="and_ln890_61/20 "/>
</bind>
</comp>

<comp id="1517" class="1004" name="xor_ln14338_fu_1517">
<pin_list>
<pin id="1518" dir="0" index="0" bw="1" slack="0"/>
<pin id="1519" dir="0" index="1" bw="1" slack="0"/>
<pin id="1520" dir="1" index="2" bw="1" slack="0"/>
</pin_list>
<bind>
<opcode="xor(25) " fcode="xor"/>
<opset="xor_ln14338/20 "/>
</bind>
</comp>

<comp id="1523" class="1004" name="or_ln14338_fu_1523">
<pin_list>
<pin id="1524" dir="0" index="0" bw="1" slack="0"/>
<pin id="1525" dir="0" index="1" bw="1" slack="0"/>
<pin id="1526" dir="1" index="2" bw="1" slack="0"/>
</pin_list>
<bind>
<opcode="or(24) " fcode="or"/>
<opset="or_ln14338/20 "/>
</bind>
</comp>

<comp id="1529" class="1004" name="and_ln14338_fu_1529">
<pin_list>
<pin id="1530" dir="0" index="0" bw="1" slack="0"/>
<pin id="1531" dir="0" index="1" bw="1" slack="0"/>
<pin id="1532" dir="1" index="2" bw="1" slack="0"/>
</pin_list>
<bind>
<opcode="and(23) " fcode="and"/>
<opset="and_ln14338/20 "/>
</bind>
</comp>

<comp id="1535" class="1004" name="or_ln14340_fu_1535">
<pin_list>
<pin id="1536" dir="0" index="0" bw="1" slack="0"/>
<pin id="1537" dir="0" index="1" bw="1" slack="0"/>
<pin id="1538" dir="1" index="2" bw="1" slack="0"/>
</pin_list>
<bind>
<opcode="or(24) " fcode="or"/>
<opset="or_ln14340/20 "/>
</bind>
</comp>

<comp id="1541" class="1004" name="or_ln14340_1_fu_1541">
<pin_list>
<pin id="1542" dir="0" index="0" bw="1" slack="0"/>
<pin id="1543" dir="0" index="1" bw="1" slack="0"/>
<pin id="1544" dir="1" index="2" bw="1" slack="0"/>
</pin_list>
<bind>
<opcode="or(24) " fcode="or"/>
<opset="or_ln14340_1/20 "/>
</bind>
</comp>

<comp id="1547" class="1004" name="select_ln14340_fu_1547">
<pin_list>
<pin id="1548" dir="0" index="0" bw="1" slack="0"/>
<pin id="1549" dir="0" index="1" bw="1" slack="0"/>
<pin id="1550" dir="0" index="2" bw="5" slack="0"/>
<pin id="1551" dir="1" index="3" bw="5" slack="1"/>
</pin_list>
<bind>
<opcode="select(49) " fcode="select"/>
<opset="select_ln14340/20 "/>
</bind>
</comp>

<comp id="1555" class="1004" name="add_ln890_382_fu_1555">
<pin_list>
<pin id="1556" dir="0" index="0" bw="9" slack="0"/>
<pin id="1557" dir="0" index="1" bw="1" slack="0"/>
<pin id="1558" dir="1" index="2" bw="9" slack="0"/>
</pin_list>
<bind>
<opcode="add(8) " fcode="add"/>
<opset="add_ln890_382/20 "/>
</bind>
</comp>

<comp id="1561" class="1004" name="or_ln890_21_fu_1561">
<pin_list>
<pin id="1562" dir="0" index="0" bw="1" slack="0"/>
<pin id="1563" dir="0" index="1" bw="1" slack="0"/>
<pin id="1564" dir="1" index="2" bw="1" slack="0"/>
</pin_list>
<bind>
<opcode="or(24) " fcode="or"/>
<opset="or_ln890_21/20 "/>
</bind>
</comp>

<comp id="1567" class="1004" name="select_ln890_500_fu_1567">
<pin_list>
<pin id="1568" dir="0" index="0" bw="1" slack="0"/>
<pin id="1569" dir="0" index="1" bw="1" slack="0"/>
<pin id="1570" dir="0" index="2" bw="9" slack="0"/>
<pin id="1571" dir="1" index="3" bw="9" slack="0"/>
</pin_list>
<bind>
<opcode="select(49) " fcode="select"/>
<opset="select_ln890_500/20 "/>
</bind>
</comp>

<comp id="1575" class="1004" name="add_ln890_383_fu_1575">
<pin_list>
<pin id="1576" dir="0" index="0" bw="14" slack="0"/>
<pin id="1577" dir="0" index="1" bw="1" slack="0"/>
<pin id="1578" dir="1" index="2" bw="14" slack="0"/>
</pin_list>
<bind>
<opcode="add(8) " fcode="add"/>
<opset="add_ln890_383/20 "/>
</bind>
</comp>

<comp id="1581" class="1004" name="select_ln890_501_fu_1581">
<pin_list>
<pin id="1582" dir="0" index="0" bw="1" slack="0"/>
<pin id="1583" dir="0" index="1" bw="1" slack="0"/>
<pin id="1584" dir="0" index="2" bw="14" slack="0"/>
<pin id="1585" dir="1" index="3" bw="14" slack="0"/>
</pin_list>
<bind>
<opcode="select(49) " fcode="select"/>
<opset="select_ln890_501/20 "/>
</bind>
</comp>

<comp id="1589" class="1004" name="zext_ln14348_fu_1589">
<pin_list>
<pin id="1590" dir="0" index="0" bw="2" slack="1"/>
<pin id="1591" dir="1" index="1" bw="5" slack="0"/>
</pin_list>
<bind>
<opcode="zext(34) " fcode="zext"/>
<opset="zext_ln14348/21 "/>
</bind>
</comp>

<comp id="1592" class="1004" name="select_ln890_498_fu_1592">
<pin_list>
<pin id="1593" dir="0" index="0" bw="1" slack="1"/>
<pin id="1594" dir="0" index="1" bw="1" slack="0"/>
<pin id="1595" dir="0" index="2" bw="4" slack="1"/>
<pin id="1596" dir="1" index="3" bw="4" slack="0"/>
</pin_list>
<bind>
<opcode="select(49) " fcode="select"/>
<opset="select_ln890_498/21 "/>
</bind>
</comp>

<comp id="1598" class="1004" name="add_ln691_1504_fu_1598">
<pin_list>
<pin id="1599" dir="0" index="0" bw="6" slack="1"/>
<pin id="1600" dir="0" index="1" bw="1" slack="0"/>
<pin id="1601" dir="1" index="2" bw="6" slack="0"/>
</pin_list>
<bind>
<opcode="add(8) " fcode="add"/>
<opset="add_ln691_1504/21 "/>
</bind>
</comp>

<comp id="1603" class="1004" name="div_i_i367_mid1_fu_1603">
<pin_list>
<pin id="1604" dir="0" index="0" bw="4" slack="0"/>
<pin id="1605" dir="0" index="1" bw="6" slack="0"/>
<pin id="1606" dir="0" index="2" bw="1" slack="0"/>
<pin id="1607" dir="0" index="3" bw="4" slack="0"/>
<pin id="1608" dir="1" index="4" bw="4" slack="0"/>
</pin_list>
<bind>
<opcode="partselect(1002) " fcode="partselect"/>
<opset="div_i_i367_mid1/21 "/>
</bind>
</comp>

<comp id="1613" class="1004" name="select_ln14338_fu_1613">
<pin_list>
<pin id="1614" dir="0" index="0" bw="1" slack="1"/>
<pin id="1615" dir="0" index="1" bw="4" slack="0"/>
<pin id="1616" dir="0" index="2" bw="4" slack="0"/>
<pin id="1617" dir="1" index="3" bw="4" slack="0"/>
</pin_list>
<bind>
<opcode="select(49) " fcode="select"/>
<opset="select_ln14338/21 "/>
</bind>
</comp>

<comp id="1620" class="1004" name="select_ln890_499_fu_1620">
<pin_list>
<pin id="1621" dir="0" index="0" bw="1" slack="1"/>
<pin id="1622" dir="0" index="1" bw="6" slack="0"/>
<pin id="1623" dir="0" index="2" bw="6" slack="1"/>
<pin id="1624" dir="1" index="3" bw="6" slack="1"/>
</pin_list>
<bind>
<opcode="select(49) " fcode="select"/>
<opset="select_ln890_499/21 "/>
</bind>
</comp>

<comp id="1626" class="1004" name="shl_ln14348_fu_1626">
<pin_list>
<pin id="1627" dir="0" index="0" bw="5" slack="1"/>
<pin id="1628" dir="0" index="1" bw="1" slack="0"/>
<pin id="1629" dir="1" index="2" bw="5" slack="0"/>
</pin_list>
<bind>
<opcode="shl(20) " fcode="shl"/>
<opset="shl_ln14348/21 "/>
</bind>
</comp>

<comp id="1631" class="1004" name="add_ln14348_fu_1631">
<pin_list>
<pin id="1632" dir="0" index="0" bw="5" slack="0"/>
<pin id="1633" dir="0" index="1" bw="2" slack="0"/>
<pin id="1634" dir="1" index="2" bw="5" slack="0"/>
</pin_list>
<bind>
<opcode="add(8) " fcode="add"/>
<opset="add_ln14348/21 "/>
</bind>
</comp>

<comp id="1637" class="1004" name="or_ln11_fu_1637">
<pin_list>
<pin id="1638" dir="0" index="0" bw="9" slack="0"/>
<pin id="1639" dir="0" index="1" bw="5" slack="0"/>
<pin id="1640" dir="0" index="2" bw="4" slack="0"/>
<pin id="1641" dir="1" index="3" bw="9" slack="0"/>
</pin_list>
<bind>
<opcode="bitconcatenate(1004) " fcode="bitconcatenate"/>
<opset="or_ln11/21 "/>
</bind>
</comp>

<comp id="1645" class="1004" name="zext_ln14348_1_fu_1645">
<pin_list>
<pin id="1646" dir="0" index="0" bw="9" slack="0"/>
<pin id="1647" dir="1" index="1" bw="64" slack="0"/>
</pin_list>
<bind>
<opcode="zext(34) " fcode="zext"/>
<opset="zext_ln14348_1/21 "/>
</bind>
</comp>

<comp id="1650" class="1004" name="add_ln691_1505_fu_1650">
<pin_list>
<pin id="1651" dir="0" index="0" bw="5" slack="1"/>
<pin id="1652" dir="0" index="1" bw="1" slack="0"/>
<pin id="1653" dir="1" index="2" bw="5" slack="1"/>
</pin_list>
<bind>
<opcode="add(8) " fcode="add"/>
<opset="add_ln691_1505/21 "/>
</bind>
</comp>

<comp id="1655" class="1004" name="and_ln890_59_fu_1655">
<pin_list>
<pin id="1656" dir="0" index="0" bw="1" slack="2"/>
<pin id="1657" dir="0" index="1" bw="1" slack="2"/>
<pin id="1658" dir="1" index="2" bw="1" slack="0"/>
</pin_list>
<bind>
<opcode="and(23) " fcode="and"/>
<opset="and_ln890_59/22 "/>
</bind>
</comp>

<comp id="1659" class="1004" name="empty_2547_fu_1659">
<pin_list>
<pin id="1660" dir="0" index="0" bw="6" slack="1"/>
<pin id="1661" dir="1" index="1" bw="1" slack="0"/>
</pin_list>
<bind>
<opcode="trunc(33) " fcode="trunc"/>
<opset="empty_2547/22 "/>
</bind>
</comp>

<comp id="1662" class="1004" name="select_ln14338_1_fu_1662">
<pin_list>
<pin id="1663" dir="0" index="0" bw="1" slack="2"/>
<pin id="1664" dir="0" index="1" bw="1" slack="0"/>
<pin id="1665" dir="0" index="2" bw="1" slack="0"/>
<pin id="1666" dir="1" index="3" bw="1" slack="0"/>
</pin_list>
<bind>
<opcode="select(49) " fcode="select"/>
<opset="select_ln14338_1/22 "/>
</bind>
</comp>

<comp id="1669" class="1004" name="data_split_V_0_fu_1669">
<pin_list>
<pin id="1670" dir="0" index="0" bw="512" slack="0"/>
<pin id="1671" dir="1" index="1" bw="256" slack="0"/>
</pin_list>
<bind>
<opcode="trunc(33) " fcode="trunc"/>
<opset="data_split_V_0/22 "/>
</bind>
</comp>

<comp id="1673" class="1004" name="data_split_V_1_214_fu_1673">
<pin_list>
<pin id="1674" dir="0" index="0" bw="256" slack="0"/>
<pin id="1675" dir="0" index="1" bw="512" slack="0"/>
<pin id="1676" dir="0" index="2" bw="10" slack="0"/>
<pin id="1677" dir="0" index="3" bw="10" slack="0"/>
<pin id="1678" dir="1" index="4" bw="256" slack="0"/>
</pin_list>
<bind>
<opcode="partselect(1002) " fcode="partselect"/>
<opset="data_split_V_1_214/22 "/>
</bind>
</comp>

<comp id="1683" class="1004" name="select_ln14354_fu_1683">
<pin_list>
<pin id="1684" dir="0" index="0" bw="1" slack="0"/>
<pin id="1685" dir="0" index="1" bw="256" slack="0"/>
<pin id="1686" dir="0" index="2" bw="256" slack="0"/>
<pin id="1687" dir="1" index="3" bw="256" slack="1"/>
</pin_list>
<bind>
<opcode="select(49) " fcode="select"/>
<opset="select_ln14354/22 "/>
</bind>
</comp>

<comp id="1691" class="1004" name="add_ln890_381_fu_1691">
<pin_list>
<pin id="1692" dir="0" index="0" bw="14" slack="0"/>
<pin id="1693" dir="0" index="1" bw="1" slack="0"/>
<pin id="1694" dir="1" index="2" bw="14" slack="0"/>
</pin_list>
<bind>
<opcode="add(8) " fcode="add"/>
<opset="add_ln890_381/24 "/>
</bind>
</comp>

<comp id="1697" class="1004" name="div_i_i_fu_1697">
<pin_list>
<pin id="1698" dir="0" index="0" bw="4" slack="0"/>
<pin id="1699" dir="0" index="1" bw="6" slack="0"/>
<pin id="1700" dir="0" index="2" bw="1" slack="0"/>
<pin id="1701" dir="0" index="3" bw="4" slack="0"/>
<pin id="1702" dir="1" index="4" bw="4" slack="0"/>
</pin_list>
<bind>
<opcode="partselect(1002) " fcode="partselect"/>
<opset="div_i_i/24 "/>
</bind>
</comp>

<comp id="1707" class="1004" name="empty_2548_fu_1707">
<pin_list>
<pin id="1708" dir="0" index="0" bw="6" slack="0"/>
<pin id="1709" dir="1" index="1" bw="1" slack="0"/>
</pin_list>
<bind>
<opcode="trunc(33) " fcode="trunc"/>
<opset="empty_2548/24 "/>
</bind>
</comp>

<comp id="1711" class="1004" name="icmp_ln890_1545_fu_1711">
<pin_list>
<pin id="1712" dir="0" index="0" bw="14" slack="0"/>
<pin id="1713" dir="0" index="1" bw="14" slack="0"/>
<pin id="1714" dir="1" index="2" bw="1" slack="2147483647"/>
</pin_list>
<bind>
<opcode="icmp(45) " fcode="icmp"/>
<opset="icmp_ln890_1545/24 "/>
</bind>
</comp>

<comp id="1717" class="1004" name="add_ln691_fu_1717">
<pin_list>
<pin id="1718" dir="0" index="0" bw="2" slack="0"/>
<pin id="1719" dir="0" index="1" bw="1" slack="0"/>
<pin id="1720" dir="1" index="2" bw="2" slack="0"/>
</pin_list>
<bind>
<opcode="add(8) " fcode="add"/>
<opset="add_ln691/24 "/>
</bind>
</comp>

<comp id="1723" class="1004" name="icmp_ln890_1546_fu_1723">
<pin_list>
<pin id="1724" dir="0" index="0" bw="14" slack="0"/>
<pin id="1725" dir="0" index="1" bw="14" slack="0"/>
<pin id="1726" dir="1" index="2" bw="1" slack="0"/>
</pin_list>
<bind>
<opcode="icmp(45) " fcode="icmp"/>
<opset="icmp_ln890_1546/24 "/>
</bind>
</comp>

<comp id="1729" class="1004" name="select_ln890_fu_1729">
<pin_list>
<pin id="1730" dir="0" index="0" bw="1" slack="0"/>
<pin id="1731" dir="0" index="1" bw="1" slack="0"/>
<pin id="1732" dir="0" index="2" bw="6" slack="0"/>
<pin id="1733" dir="1" index="3" bw="6" slack="0"/>
</pin_list>
<bind>
<opcode="select(49) " fcode="select"/>
<opset="select_ln890/24 "/>
</bind>
</comp>

<comp id="1737" class="1004" name="select_ln890_491_fu_1737">
<pin_list>
<pin id="1738" dir="0" index="0" bw="1" slack="0"/>
<pin id="1739" dir="0" index="1" bw="2" slack="0"/>
<pin id="1740" dir="0" index="2" bw="2" slack="0"/>
<pin id="1741" dir="1" index="3" bw="2" slack="0"/>
</pin_list>
<bind>
<opcode="select(49) " fcode="select"/>
<opset="select_ln890_491/24 "/>
</bind>
</comp>

<comp id="1745" class="1004" name="select_ln890_492_fu_1745">
<pin_list>
<pin id="1746" dir="0" index="0" bw="1" slack="0"/>
<pin id="1747" dir="0" index="1" bw="1" slack="0"/>
<pin id="1748" dir="0" index="2" bw="4" slack="0"/>
<pin id="1749" dir="1" index="3" bw="4" slack="0"/>
</pin_list>
<bind>
<opcode="select(49) " fcode="select"/>
<opset="select_ln890_492/24 "/>
</bind>
</comp>

<comp id="1753" class="1004" name="xor_ln890_fu_1753">
<pin_list>
<pin id="1754" dir="0" index="0" bw="1" slack="0"/>
<pin id="1755" dir="0" index="1" bw="1" slack="0"/>
<pin id="1756" dir="1" index="2" bw="1" slack="0"/>
</pin_list>
<bind>
<opcode="xor(25) " fcode="xor"/>
<opset="xor_ln890/24 "/>
</bind>
</comp>

<comp id="1759" class="1004" name="and_ln890_fu_1759">
<pin_list>
<pin id="1760" dir="0" index="0" bw="1" slack="0"/>
<pin id="1761" dir="0" index="1" bw="1" slack="0"/>
<pin id="1762" dir="1" index="2" bw="1" slack="0"/>
</pin_list>
<bind>
<opcode="and(23) " fcode="and"/>
<opset="and_ln890/24 "/>
</bind>
</comp>

<comp id="1765" class="1004" name="icmp_ln890_1547_fu_1765">
<pin_list>
<pin id="1766" dir="0" index="0" bw="5" slack="0"/>
<pin id="1767" dir="0" index="1" bw="5" slack="0"/>
<pin id="1768" dir="1" index="2" bw="1" slack="0"/>
</pin_list>
<bind>
<opcode="icmp(45) " fcode="icmp"/>
<opset="icmp_ln890_1547/24 "/>
</bind>
</comp>

<comp id="1771" class="1004" name="and_ln890_57_fu_1771">
<pin_list>
<pin id="1772" dir="0" index="0" bw="1" slack="0"/>
<pin id="1773" dir="0" index="1" bw="1" slack="0"/>
<pin id="1774" dir="1" index="2" bw="1" slack="0"/>
</pin_list>
<bind>
<opcode="and(23) " fcode="and"/>
<opset="and_ln890_57/24 "/>
</bind>
</comp>

<comp id="1777" class="1004" name="icmp_ln890_1548_fu_1777">
<pin_list>
<pin id="1778" dir="0" index="0" bw="9" slack="0"/>
<pin id="1779" dir="0" index="1" bw="9" slack="0"/>
<pin id="1780" dir="1" index="2" bw="1" slack="0"/>
</pin_list>
<bind>
<opcode="icmp(45) " fcode="icmp"/>
<opset="icmp_ln890_1548/24 "/>
</bind>
</comp>

<comp id="1783" class="1004" name="and_ln890_58_fu_1783">
<pin_list>
<pin id="1784" dir="0" index="0" bw="1" slack="0"/>
<pin id="1785" dir="0" index="1" bw="1" slack="0"/>
<pin id="1786" dir="1" index="2" bw="1" slack="0"/>
</pin_list>
<bind>
<opcode="and(23) " fcode="and"/>
<opset="and_ln890_58/24 "/>
</bind>
</comp>

<comp id="1789" class="1004" name="add_ln691_1500_fu_1789">
<pin_list>
<pin id="1790" dir="0" index="0" bw="6" slack="0"/>
<pin id="1791" dir="0" index="1" bw="1" slack="0"/>
<pin id="1792" dir="1" index="2" bw="6" slack="0"/>
</pin_list>
<bind>
<opcode="add(8) " fcode="add"/>
<opset="add_ln691_1500/24 "/>
</bind>
</comp>

<comp id="1795" class="1004" name="div_i_i203_mid1_fu_1795">
<pin_list>
<pin id="1796" dir="0" index="0" bw="4" slack="0"/>
<pin id="1797" dir="0" index="1" bw="6" slack="0"/>
<pin id="1798" dir="0" index="2" bw="1" slack="0"/>
<pin id="1799" dir="0" index="3" bw="4" slack="0"/>
<pin id="1800" dir="1" index="4" bw="4" slack="0"/>
</pin_list>
<bind>
<opcode="partselect(1002) " fcode="partselect"/>
<opset="div_i_i203_mid1/24 "/>
</bind>
</comp>

<comp id="1805" class="1004" name="select_ln14376_fu_1805">
<pin_list>
<pin id="1806" dir="0" index="0" bw="1" slack="0"/>
<pin id="1807" dir="0" index="1" bw="4" slack="0"/>
<pin id="1808" dir="0" index="2" bw="4" slack="0"/>
<pin id="1809" dir="1" index="3" bw="4" slack="1"/>
</pin_list>
<bind>
<opcode="select(49) " fcode="select"/>
<opset="select_ln14376/24 "/>
</bind>
</comp>

<comp id="1813" class="1004" name="empty_2549_fu_1813">
<pin_list>
<pin id="1814" dir="0" index="0" bw="6" slack="0"/>
<pin id="1815" dir="1" index="1" bw="1" slack="0"/>
</pin_list>
<bind>
<opcode="trunc(33) " fcode="trunc"/>
<opset="empty_2549/24 "/>
</bind>
</comp>

<comp id="1817" class="1004" name="select_ln14376_1_fu_1817">
<pin_list>
<pin id="1818" dir="0" index="0" bw="1" slack="0"/>
<pin id="1819" dir="0" index="1" bw="1" slack="0"/>
<pin id="1820" dir="0" index="2" bw="1" slack="0"/>
<pin id="1821" dir="1" index="3" bw="1" slack="4"/>
</pin_list>
<bind>
<opcode="select(49) " fcode="select"/>
<opset="select_ln14376_1/24 "/>
</bind>
</comp>

<comp id="1825" class="1004" name="xor_ln14376_fu_1825">
<pin_list>
<pin id="1826" dir="0" index="0" bw="1" slack="0"/>
<pin id="1827" dir="0" index="1" bw="1" slack="0"/>
<pin id="1828" dir="1" index="2" bw="1" slack="0"/>
</pin_list>
<bind>
<opcode="xor(25) " fcode="xor"/>
<opset="xor_ln14376/24 "/>
</bind>
</comp>

<comp id="1831" class="1004" name="or_ln14376_fu_1831">
<pin_list>
<pin id="1832" dir="0" index="0" bw="1" slack="0"/>
<pin id="1833" dir="0" index="1" bw="1" slack="0"/>
<pin id="1834" dir="1" index="2" bw="1" slack="0"/>
</pin_list>
<bind>
<opcode="or(24) " fcode="or"/>
<opset="or_ln14376/24 "/>
</bind>
</comp>

<comp id="1837" class="1004" name="and_ln14376_fu_1837">
<pin_list>
<pin id="1838" dir="0" index="0" bw="1" slack="0"/>
<pin id="1839" dir="0" index="1" bw="1" slack="0"/>
<pin id="1840" dir="1" index="2" bw="1" slack="0"/>
</pin_list>
<bind>
<opcode="and(23) " fcode="and"/>
<opset="and_ln14376/24 "/>
</bind>
</comp>

<comp id="1843" class="1004" name="select_ln890_493_fu_1843">
<pin_list>
<pin id="1844" dir="0" index="0" bw="1" slack="0"/>
<pin id="1845" dir="0" index="1" bw="6" slack="0"/>
<pin id="1846" dir="0" index="2" bw="6" slack="0"/>
<pin id="1847" dir="1" index="3" bw="6" slack="0"/>
</pin_list>
<bind>
<opcode="select(49) " fcode="select"/>
<opset="select_ln890_493/24 "/>
</bind>
</comp>

<comp id="1851" class="1004" name="or_ln14378_fu_1851">
<pin_list>
<pin id="1852" dir="0" index="0" bw="1" slack="0"/>
<pin id="1853" dir="0" index="1" bw="1" slack="0"/>
<pin id="1854" dir="1" index="2" bw="1" slack="0"/>
</pin_list>
<bind>
<opcode="or(24) " fcode="or"/>
<opset="or_ln14378/24 "/>
</bind>
</comp>

<comp id="1857" class="1004" name="or_ln14378_1_fu_1857">
<pin_list>
<pin id="1858" dir="0" index="0" bw="1" slack="0"/>
<pin id="1859" dir="0" index="1" bw="1" slack="0"/>
<pin id="1860" dir="1" index="2" bw="1" slack="0"/>
</pin_list>
<bind>
<opcode="or(24) " fcode="or"/>
<opset="or_ln14378_1/24 "/>
</bind>
</comp>

<comp id="1863" class="1004" name="select_ln14378_fu_1863">
<pin_list>
<pin id="1864" dir="0" index="0" bw="1" slack="0"/>
<pin id="1865" dir="0" index="1" bw="1" slack="0"/>
<pin id="1866" dir="0" index="2" bw="5" slack="0"/>
<pin id="1867" dir="1" index="3" bw="5" slack="1"/>
</pin_list>
<bind>
<opcode="select(49) " fcode="select"/>
<opset="select_ln14378/24 "/>
</bind>
</comp>

<comp id="1871" class="1004" name="zext_ln14386_fu_1871">
<pin_list>
<pin id="1872" dir="0" index="0" bw="2" slack="1"/>
<pin id="1873" dir="1" index="1" bw="5" slack="0"/>
</pin_list>
<bind>
<opcode="zext(34) " fcode="zext"/>
<opset="zext_ln14386/25 "/>
</bind>
</comp>

<comp id="1874" class="1004" name="shl_ln14386_fu_1874">
<pin_list>
<pin id="1875" dir="0" index="0" bw="5" slack="1"/>
<pin id="1876" dir="0" index="1" bw="1" slack="0"/>
<pin id="1877" dir="1" index="2" bw="5" slack="0"/>
</pin_list>
<bind>
<opcode="shl(20) " fcode="shl"/>
<opset="shl_ln14386/25 "/>
</bind>
</comp>

<comp id="1879" class="1004" name="add_ln14386_fu_1879">
<pin_list>
<pin id="1880" dir="0" index="0" bw="5" slack="0"/>
<pin id="1881" dir="0" index="1" bw="2" slack="0"/>
<pin id="1882" dir="1" index="2" bw="5" slack="0"/>
</pin_list>
<bind>
<opcode="add(8) " fcode="add"/>
<opset="add_ln14386/25 "/>
</bind>
</comp>

<comp id="1885" class="1004" name="or_ln_fu_1885">
<pin_list>
<pin id="1886" dir="0" index="0" bw="9" slack="0"/>
<pin id="1887" dir="0" index="1" bw="5" slack="0"/>
<pin id="1888" dir="0" index="2" bw="4" slack="1"/>
<pin id="1889" dir="1" index="3" bw="9" slack="0"/>
</pin_list>
<bind>
<opcode="bitconcatenate(1004) " fcode="bitconcatenate"/>
<opset="or_ln/25 "/>
</bind>
</comp>

<comp id="1892" class="1004" name="zext_ln14386_1_fu_1892">
<pin_list>
<pin id="1893" dir="0" index="0" bw="9" slack="0"/>
<pin id="1894" dir="1" index="1" bw="64" slack="0"/>
</pin_list>
<bind>
<opcode="zext(34) " fcode="zext"/>
<opset="zext_ln14386_1/25 "/>
</bind>
</comp>

<comp id="1897" class="1004" name="add_ln691_1502_fu_1897">
<pin_list>
<pin id="1898" dir="0" index="0" bw="2" slack="0"/>
<pin id="1899" dir="0" index="1" bw="1" slack="0"/>
<pin id="1900" dir="1" index="2" bw="2" slack="0"/>
</pin_list>
<bind>
<opcode="add(8) " fcode="add"/>
<opset="add_ln691_1502/27 "/>
</bind>
</comp>

<comp id="1903" class="1004" name="icmp_ln878_fu_1903">
<pin_list>
<pin id="1904" dir="0" index="0" bw="2" slack="0"/>
<pin id="1905" dir="0" index="1" bw="2" slack="0"/>
<pin id="1906" dir="1" index="2" bw="1" slack="2147483647"/>
</pin_list>
<bind>
<opcode="icmp(45) " fcode="icmp"/>
<opset="icmp_ln878/27 "/>
</bind>
</comp>

<comp id="1909" class="1004" name="data_split_V_0_164_fu_1909">
<pin_list>
<pin id="1910" dir="0" index="0" bw="512" slack="0"/>
<pin id="1911" dir="1" index="1" bw="256" slack="1"/>
</pin_list>
<bind>
<opcode="trunc(33) " fcode="trunc"/>
<opset="data_split_V_0_164/27 "/>
</bind>
</comp>

<comp id="1913" class="1004" name="trunc_ln14388_fu_1913">
<pin_list>
<pin id="1914" dir="0" index="0" bw="2" slack="0"/>
<pin id="1915" dir="1" index="1" bw="1" slack="1"/>
</pin_list>
<bind>
<opcode="trunc(33) " fcode="trunc"/>
<opset="trunc_ln14388/27 "/>
</bind>
</comp>

<comp id="1917" class="1004" name="r_fu_1917">
<pin_list>
<pin id="1918" dir="0" index="0" bw="256" slack="0"/>
<pin id="1919" dir="0" index="1" bw="512" slack="0"/>
<pin id="1920" dir="0" index="2" bw="10" slack="0"/>
<pin id="1921" dir="0" index="3" bw="10" slack="0"/>
<pin id="1922" dir="1" index="4" bw="256" slack="1"/>
</pin_list>
<bind>
<opcode="partselect(1002) " fcode="partselect"/>
<opset="r/27 "/>
</bind>
</comp>

<comp id="1927" class="1004" name="icmp_ln878_74_fu_1927">
<pin_list>
<pin id="1928" dir="0" index="0" bw="2" slack="0"/>
<pin id="1929" dir="0" index="1" bw="2" slack="0"/>
<pin id="1930" dir="1" index="2" bw="1" slack="1"/>
</pin_list>
<bind>
<opcode="icmp(45) " fcode="icmp"/>
<opset="icmp_ln878_74/27 "/>
</bind>
</comp>

<comp id="1933" class="1004" name="data_split_V_1_load_load_fu_1933">
<pin_list>
<pin id="1934" dir="0" index="0" bw="256" slack="5"/>
<pin id="1935" dir="1" index="1" bw="256" slack="0"/>
</pin_list>
<bind>
<opcode="load(27) " fcode="load"/>
<opset="data_split_V_1_load/28 "/>
</bind>
</comp>

<comp id="1936" class="1004" name="data_split_V_1_210_load_load_fu_1936">
<pin_list>
<pin id="1937" dir="0" index="0" bw="256" slack="5"/>
<pin id="1938" dir="1" index="1" bw="256" slack="0"/>
</pin_list>
<bind>
<opcode="load(27) " fcode="load"/>
<opset="data_split_V_1_210_load/28 "/>
</bind>
</comp>

<comp id="1939" class="1004" name="data_split_V_1_212_fu_1939">
<pin_list>
<pin id="1940" dir="0" index="0" bw="1" slack="1"/>
<pin id="1941" dir="0" index="1" bw="256" slack="0"/>
<pin id="1942" dir="0" index="2" bw="256" slack="1"/>
<pin id="1943" dir="1" index="3" bw="256" slack="0"/>
</pin_list>
<bind>
<opcode="select(49) " fcode="select"/>
<opset="data_split_V_1_212/28 "/>
</bind>
</comp>

<comp id="1945" class="1004" name="data_split_V_1_213_fu_1945">
<pin_list>
<pin id="1946" dir="0" index="0" bw="1" slack="1"/>
<pin id="1947" dir="0" index="1" bw="256" slack="1"/>
<pin id="1948" dir="0" index="2" bw="256" slack="0"/>
<pin id="1949" dir="1" index="3" bw="256" slack="0"/>
</pin_list>
<bind>
<opcode="select(49) " fcode="select"/>
<opset="data_split_V_1_213/28 "/>
</bind>
</comp>

<comp id="1951" class="1004" name="zext_ln1497_fu_1951">
<pin_list>
<pin id="1952" dir="0" index="0" bw="256" slack="1"/>
<pin id="1953" dir="1" index="1" bw="512" slack="1"/>
</pin_list>
<bind>
<opcode="zext(34) " fcode="zext"/>
<opset="zext_ln1497/28 "/>
</bind>
</comp>

<comp id="1954" class="1004" name="select_ln14392_fu_1954">
<pin_list>
<pin id="1955" dir="0" index="0" bw="1" slack="4"/>
<pin id="1956" dir="0" index="1" bw="256" slack="0"/>
<pin id="1957" dir="0" index="2" bw="256" slack="0"/>
<pin id="1958" dir="1" index="3" bw="256" slack="0"/>
</pin_list>
<bind>
<opcode="select(49) " fcode="select"/>
<opset="select_ln14392/28 "/>
</bind>
</comp>

<comp id="1962" class="1004" name="store_ln14388_store_fu_1962">
<pin_list>
<pin id="1963" dir="0" index="0" bw="256" slack="0"/>
<pin id="1964" dir="0" index="1" bw="256" slack="5"/>
<pin id="1965" dir="1" index="2" bw="0" slack="2147483647"/>
</pin_list>
<bind>
<opcode="store(28) " fcode="store"/>
<opset="store_ln14388/28 "/>
</bind>
</comp>

<comp id="1967" class="1004" name="store_ln14388_store_fu_1967">
<pin_list>
<pin id="1968" dir="0" index="0" bw="256" slack="0"/>
<pin id="1969" dir="0" index="1" bw="256" slack="5"/>
<pin id="1970" dir="1" index="2" bw="0" slack="2147483647"/>
</pin_list>
<bind>
<opcode="store(28) " fcode="store"/>
<opset="store_ln14388/28 "/>
</bind>
</comp>

<comp id="1972" class="1004" name="add_ln691_1501_fu_1972">
<pin_list>
<pin id="1973" dir="0" index="0" bw="5" slack="4"/>
<pin id="1974" dir="0" index="1" bw="1" slack="0"/>
<pin id="1975" dir="1" index="2" bw="5" slack="1"/>
</pin_list>
<bind>
<opcode="add(8) " fcode="add"/>
<opset="add_ln691_1501/29 "/>
</bind>
</comp>

<comp id="1977" class="1004" name="add_ln890_fu_1977">
<pin_list>
<pin id="1978" dir="0" index="0" bw="9" slack="4"/>
<pin id="1979" dir="0" index="1" bw="1" slack="0"/>
<pin id="1980" dir="1" index="2" bw="9" slack="0"/>
</pin_list>
<bind>
<opcode="add(8) " fcode="add"/>
<opset="add_ln890/29 "/>
</bind>
</comp>

<comp id="1983" class="1004" name="or_ln890_fu_1983">
<pin_list>
<pin id="1984" dir="0" index="0" bw="1" slack="4"/>
<pin id="1985" dir="0" index="1" bw="1" slack="4"/>
<pin id="1986" dir="1" index="2" bw="1" slack="0"/>
</pin_list>
<bind>
<opcode="or(24) " fcode="or"/>
<opset="or_ln890/29 "/>
</bind>
</comp>

<comp id="1987" class="1004" name="select_ln890_494_fu_1987">
<pin_list>
<pin id="1988" dir="0" index="0" bw="1" slack="0"/>
<pin id="1989" dir="0" index="1" bw="1" slack="0"/>
<pin id="1990" dir="0" index="2" bw="9" slack="0"/>
<pin id="1991" dir="1" index="3" bw="9" slack="1"/>
</pin_list>
<bind>
<opcode="select(49) " fcode="select"/>
<opset="select_ln890_494/29 "/>
</bind>
</comp>

<comp id="1995" class="1004" name="add_ln890_380_fu_1995">
<pin_list>
<pin id="1996" dir="0" index="0" bw="14" slack="4"/>
<pin id="1997" dir="0" index="1" bw="1" slack="0"/>
<pin id="1998" dir="1" index="2" bw="14" slack="0"/>
</pin_list>
<bind>
<opcode="add(8) " fcode="add"/>
<opset="add_ln890_380/29 "/>
</bind>
</comp>

<comp id="2001" class="1004" name="select_ln890_495_fu_2001">
<pin_list>
<pin id="2002" dir="0" index="0" bw="1" slack="4"/>
<pin id="2003" dir="0" index="1" bw="1" slack="0"/>
<pin id="2004" dir="0" index="2" bw="14" slack="0"/>
<pin id="2005" dir="1" index="3" bw="14" slack="1"/>
</pin_list>
<bind>
<opcode="select(49) " fcode="select"/>
<opset="select_ln890_495/29 "/>
</bind>
</comp>

<comp id="2008" class="1005" name="add_ln890_395_reg_2008">
<pin_list>
<pin id="2009" dir="0" index="0" bw="12" slack="0"/>
<pin id="2010" dir="1" index="1" bw="12" slack="0"/>
</pin_list>
<bind>
<opset="add_ln890_395 "/>
</bind>
</comp>

<comp id="2016" class="1005" name="icmp_ln890334_reg_2016">
<pin_list>
<pin id="2017" dir="0" index="0" bw="1" slack="3"/>
<pin id="2018" dir="1" index="1" bw="1" slack="3"/>
</pin_list>
<bind>
<opset="icmp_ln890334 "/>
</bind>
</comp>

<comp id="2022" class="1005" name="and_ln14221_1_reg_2022">
<pin_list>
<pin id="2023" dir="0" index="0" bw="1" slack="3"/>
<pin id="2024" dir="1" index="1" bw="1" slack="3"/>
</pin_list>
<bind>
<opset="and_ln14221_1 "/>
</bind>
</comp>

<comp id="2027" class="1005" name="or_ln14222_reg_2027">
<pin_list>
<pin id="2028" dir="0" index="0" bw="1" slack="1"/>
<pin id="2029" dir="1" index="1" bw="1" slack="2147483647"/>
</pin_list>
<bind>
<opset="or_ln14222 "/>
</bind>
</comp>

<comp id="2031" class="1005" name="and_ln14222_reg_2031">
<pin_list>
<pin id="2032" dir="0" index="0" bw="1" slack="3"/>
<pin id="2033" dir="1" index="1" bw="1" slack="3"/>
</pin_list>
<bind>
<opset="and_ln14222 "/>
</bind>
</comp>

<comp id="2036" class="1005" name="data_split_V_1_reg_2036">
<pin_list>
<pin id="2037" dir="0" index="0" bw="256" slack="5"/>
<pin id="2038" dir="1" index="1" bw="256" slack="5"/>
</pin_list>
<bind>
<opset="data_split_V_1 "/>
</bind>
</comp>

<comp id="2042" class="1005" name="data_split_V_1_210_reg_2042">
<pin_list>
<pin id="2043" dir="0" index="0" bw="256" slack="5"/>
<pin id="2044" dir="1" index="1" bw="256" slack="5"/>
</pin_list>
<bind>
<opset="data_split_V_1_210 "/>
</bind>
</comp>

<comp id="2048" class="1005" name="add_ln691_1517_reg_2048">
<pin_list>
<pin id="2049" dir="0" index="0" bw="3" slack="0"/>
<pin id="2050" dir="1" index="1" bw="3" slack="0"/>
</pin_list>
<bind>
<opset="add_ln691_1517 "/>
</bind>
</comp>

<comp id="2053" class="1005" name="icmp_ln890_1550_reg_2053">
<pin_list>
<pin id="2054" dir="0" index="0" bw="1" slack="1"/>
<pin id="2055" dir="1" index="1" bw="1" slack="2147483647"/>
</pin_list>
<bind>
<opset="icmp_ln890_1550 "/>
</bind>
</comp>

<comp id="2057" class="1005" name="icmp_ln870_5_reg_2057">
<pin_list>
<pin id="2058" dir="0" index="0" bw="1" slack="1"/>
<pin id="2059" dir="1" index="1" bw="1" slack="2147483647"/>
</pin_list>
<bind>
<opset="icmp_ln870_5 "/>
</bind>
</comp>

<comp id="2061" class="1005" name="add_ln890_393_reg_2061">
<pin_list>
<pin id="2062" dir="0" index="0" bw="10" slack="0"/>
<pin id="2063" dir="1" index="1" bw="10" slack="0"/>
</pin_list>
<bind>
<opset="add_ln890_393 "/>
</bind>
</comp>

<comp id="2069" class="1005" name="add_ln890_392_reg_2069">
<pin_list>
<pin id="2070" dir="0" index="0" bw="10" slack="0"/>
<pin id="2071" dir="1" index="1" bw="10" slack="0"/>
</pin_list>
<bind>
<opset="add_ln890_392 "/>
</bind>
</comp>

<comp id="2077" class="1005" name="select_ln890_514_reg_2077">
<pin_list>
<pin id="2078" dir="0" index="0" bw="5" slack="0"/>
<pin id="2079" dir="1" index="1" bw="5" slack="0"/>
</pin_list>
<bind>
<opset="select_ln890_514 "/>
</bind>
</comp>

<comp id="2082" class="1005" name="select_ln890_515_reg_2082">
<pin_list>
<pin id="2083" dir="0" index="0" bw="5" slack="1"/>
<pin id="2084" dir="1" index="1" bw="5" slack="1"/>
</pin_list>
<bind>
<opset="select_ln890_515 "/>
</bind>
</comp>

<comp id="2088" class="1005" name="select_ln890_516_reg_2088">
<pin_list>
<pin id="2089" dir="0" index="0" bw="2" slack="0"/>
<pin id="2090" dir="1" index="1" bw="2" slack="0"/>
</pin_list>
<bind>
<opset="select_ln890_516 "/>
</bind>
</comp>

<comp id="2093" class="1005" name="add_ln14243_reg_2093">
<pin_list>
<pin id="2094" dir="0" index="0" bw="5" slack="1"/>
<pin id="2095" dir="1" index="1" bw="5" slack="1"/>
</pin_list>
<bind>
<opset="add_ln14243 "/>
</bind>
</comp>

<comp id="2098" class="1005" name="select_ln890_517_reg_2098">
<pin_list>
<pin id="2099" dir="0" index="0" bw="7" slack="0"/>
<pin id="2100" dir="1" index="1" bw="7" slack="0"/>
</pin_list>
<bind>
<opset="select_ln890_517 "/>
</bind>
</comp>

<comp id="2103" class="1005" name="add_ln691_1514_reg_2103">
<pin_list>
<pin id="2104" dir="0" index="0" bw="5" slack="1"/>
<pin id="2105" dir="1" index="1" bw="5" slack="1"/>
</pin_list>
<bind>
<opset="add_ln691_1514 "/>
</bind>
</comp>

<comp id="2108" class="1005" name="add_ln890_390_reg_2108">
<pin_list>
<pin id="2109" dir="0" index="0" bw="14" slack="0"/>
<pin id="2110" dir="1" index="1" bw="14" slack="0"/>
</pin_list>
<bind>
<opset="add_ln890_390 "/>
</bind>
</comp>

<comp id="2113" class="1005" name="div_i_i25_reg_2113">
<pin_list>
<pin id="2114" dir="0" index="0" bw="4" slack="1"/>
<pin id="2115" dir="1" index="1" bw="4" slack="1"/>
</pin_list>
<bind>
<opset="div_i_i25 "/>
</bind>
</comp>

<comp id="2118" class="1005" name="empty_reg_2118">
<pin_list>
<pin id="2119" dir="0" index="0" bw="1" slack="2"/>
<pin id="2120" dir="1" index="1" bw="1" slack="2"/>
</pin_list>
<bind>
<opset="empty "/>
</bind>
</comp>

<comp id="2123" class="1005" name="icmp_ln890_1554_reg_2123">
<pin_list>
<pin id="2124" dir="0" index="0" bw="1" slack="1"/>
<pin id="2125" dir="1" index="1" bw="1" slack="2147483647"/>
</pin_list>
<bind>
<opset="icmp_ln890_1554 "/>
</bind>
</comp>

<comp id="2127" class="1005" name="icmp_ln890_1562_reg_2127">
<pin_list>
<pin id="2128" dir="0" index="0" bw="1" slack="1"/>
<pin id="2129" dir="1" index="1" bw="1" slack="1"/>
</pin_list>
<bind>
<opset="icmp_ln890_1562 "/>
</bind>
</comp>

<comp id="2132" class="1005" name="select_ln890_507_reg_2132">
<pin_list>
<pin id="2133" dir="0" index="0" bw="6" slack="1"/>
<pin id="2134" dir="1" index="1" bw="6" slack="1"/>
</pin_list>
<bind>
<opset="select_ln890_507 "/>
</bind>
</comp>

<comp id="2138" class="1005" name="select_ln890_508_reg_2138">
<pin_list>
<pin id="2139" dir="0" index="0" bw="2" slack="0"/>
<pin id="2140" dir="1" index="1" bw="2" slack="0"/>
</pin_list>
<bind>
<opset="select_ln890_508 "/>
</bind>
</comp>

<comp id="2144" class="1005" name="xor_ln890_25_reg_2144">
<pin_list>
<pin id="2145" dir="0" index="0" bw="1" slack="2"/>
<pin id="2146" dir="1" index="1" bw="1" slack="2"/>
</pin_list>
<bind>
<opset="xor_ln890_25 "/>
</bind>
</comp>

<comp id="2149" class="1005" name="and_ln890_65_reg_2149">
<pin_list>
<pin id="2150" dir="0" index="0" bw="1" slack="1"/>
<pin id="2151" dir="1" index="1" bw="1" slack="1"/>
</pin_list>
<bind>
<opset="and_ln890_65 "/>
</bind>
</comp>

<comp id="2156" class="1005" name="select_ln14273_reg_2156">
<pin_list>
<pin id="2157" dir="0" index="0" bw="5" slack="1"/>
<pin id="2158" dir="1" index="1" bw="5" slack="1"/>
</pin_list>
<bind>
<opset="select_ln14273 "/>
</bind>
</comp>

<comp id="2162" class="1005" name="select_ln890_511_reg_2162">
<pin_list>
<pin id="2163" dir="0" index="0" bw="9" slack="0"/>
<pin id="2164" dir="1" index="1" bw="9" slack="0"/>
</pin_list>
<bind>
<opset="select_ln890_511 "/>
</bind>
</comp>

<comp id="2167" class="1005" name="select_ln890_512_reg_2167">
<pin_list>
<pin id="2168" dir="0" index="0" bw="14" slack="0"/>
<pin id="2169" dir="1" index="1" bw="14" slack="0"/>
</pin_list>
<bind>
<opset="select_ln890_512 "/>
</bind>
</comp>

<comp id="2172" class="1005" name="add_ln691_1510_reg_2172">
<pin_list>
<pin id="2173" dir="0" index="0" bw="6" slack="1"/>
<pin id="2174" dir="1" index="1" bw="6" slack="1"/>
</pin_list>
<bind>
<opset="add_ln691_1510 "/>
</bind>
</comp>

<comp id="2177" class="1005" name="select_ln890_510_reg_2177">
<pin_list>
<pin id="2178" dir="0" index="0" bw="6" slack="1"/>
<pin id="2179" dir="1" index="1" bw="6" slack="1"/>
</pin_list>
<bind>
<opset="select_ln890_510 "/>
</bind>
</comp>

<comp id="2182" class="1005" name="local_A_ping_V_addr_14_reg_2182">
<pin_list>
<pin id="2183" dir="0" index="0" bw="9" slack="1"/>
<pin id="2184" dir="1" index="1" bw="9" slack="1"/>
</pin_list>
<bind>
<opset="local_A_ping_V_addr_14 "/>
</bind>
</comp>

<comp id="2187" class="1005" name="add_ln691_1511_reg_2187">
<pin_list>
<pin id="2188" dir="0" index="0" bw="5" slack="1"/>
<pin id="2189" dir="1" index="1" bw="5" slack="1"/>
</pin_list>
<bind>
<opset="add_ln691_1511 "/>
</bind>
</comp>

<comp id="2192" class="1005" name="select_ln14287_reg_2192">
<pin_list>
<pin id="2193" dir="0" index="0" bw="256" slack="1"/>
<pin id="2194" dir="1" index="1" bw="256" slack="1"/>
</pin_list>
<bind>
<opset="select_ln14287 "/>
</bind>
</comp>

<comp id="2197" class="1005" name="arb_reg_2197">
<pin_list>
<pin id="2198" dir="0" index="0" bw="1" slack="1"/>
<pin id="2199" dir="1" index="1" bw="1" slack="1"/>
</pin_list>
<bind>
<opset="arb "/>
</bind>
</comp>

<comp id="2202" class="1005" name="c2_V_89_reg_2202">
<pin_list>
<pin id="2203" dir="0" index="0" bw="8" slack="1"/>
<pin id="2204" dir="1" index="1" bw="8" slack="1"/>
</pin_list>
<bind>
<opset="c2_V_89 "/>
</bind>
</comp>

<comp id="2207" class="1005" name="select_ln890_518_reg_2207">
<pin_list>
<pin id="2208" dir="0" index="0" bw="11" slack="1"/>
<pin id="2209" dir="1" index="1" bw="11" slack="1"/>
</pin_list>
<bind>
<opset="select_ln890_518 "/>
</bind>
</comp>

<comp id="2212" class="1005" name="add_ln691_1516_reg_2212">
<pin_list>
<pin id="2213" dir="0" index="0" bw="3" slack="0"/>
<pin id="2214" dir="1" index="1" bw="3" slack="0"/>
</pin_list>
<bind>
<opset="add_ln691_1516 "/>
</bind>
</comp>

<comp id="2217" class="1005" name="icmp_ln890_1549_reg_2217">
<pin_list>
<pin id="2218" dir="0" index="0" bw="1" slack="1"/>
<pin id="2219" dir="1" index="1" bw="1" slack="2147483647"/>
</pin_list>
<bind>
<opset="icmp_ln890_1549 "/>
</bind>
</comp>

<comp id="2221" class="1005" name="icmp_ln870_reg_2221">
<pin_list>
<pin id="2222" dir="0" index="0" bw="1" slack="1"/>
<pin id="2223" dir="1" index="1" bw="1" slack="2147483647"/>
</pin_list>
<bind>
<opset="icmp_ln870 "/>
</bind>
</comp>

<comp id="2225" class="1005" name="add_ln890_387_reg_2225">
<pin_list>
<pin id="2226" dir="0" index="0" bw="10" slack="0"/>
<pin id="2227" dir="1" index="1" bw="10" slack="0"/>
</pin_list>
<bind>
<opset="add_ln890_387 "/>
</bind>
</comp>

<comp id="2233" class="1005" name="add_ln890_386_reg_2233">
<pin_list>
<pin id="2234" dir="0" index="0" bw="10" slack="0"/>
<pin id="2235" dir="1" index="1" bw="10" slack="0"/>
</pin_list>
<bind>
<opset="add_ln890_386 "/>
</bind>
</comp>

<comp id="2241" class="1005" name="select_ln890_503_reg_2241">
<pin_list>
<pin id="2242" dir="0" index="0" bw="5" slack="0"/>
<pin id="2243" dir="1" index="1" bw="5" slack="0"/>
</pin_list>
<bind>
<opset="select_ln890_503 "/>
</bind>
</comp>

<comp id="2246" class="1005" name="select_ln890_504_reg_2246">
<pin_list>
<pin id="2247" dir="0" index="0" bw="5" slack="1"/>
<pin id="2248" dir="1" index="1" bw="5" slack="1"/>
</pin_list>
<bind>
<opset="select_ln890_504 "/>
</bind>
</comp>

<comp id="2252" class="1005" name="select_ln890_505_reg_2252">
<pin_list>
<pin id="2253" dir="0" index="0" bw="2" slack="0"/>
<pin id="2254" dir="1" index="1" bw="2" slack="0"/>
</pin_list>
<bind>
<opset="select_ln890_505 "/>
</bind>
</comp>

<comp id="2257" class="1005" name="add_ln14310_reg_2257">
<pin_list>
<pin id="2258" dir="0" index="0" bw="5" slack="1"/>
<pin id="2259" dir="1" index="1" bw="5" slack="1"/>
</pin_list>
<bind>
<opset="add_ln14310 "/>
</bind>
</comp>

<comp id="2262" class="1005" name="select_ln890_506_reg_2262">
<pin_list>
<pin id="2263" dir="0" index="0" bw="7" slack="0"/>
<pin id="2264" dir="1" index="1" bw="7" slack="0"/>
</pin_list>
<bind>
<opset="select_ln890_506 "/>
</bind>
</comp>

<comp id="2267" class="1005" name="add_ln691_1508_reg_2267">
<pin_list>
<pin id="2268" dir="0" index="0" bw="5" slack="1"/>
<pin id="2269" dir="1" index="1" bw="5" slack="1"/>
</pin_list>
<bind>
<opset="add_ln691_1508 "/>
</bind>
</comp>

<comp id="2272" class="1005" name="add_ln890_384_reg_2272">
<pin_list>
<pin id="2273" dir="0" index="0" bw="14" slack="0"/>
<pin id="2274" dir="1" index="1" bw="14" slack="0"/>
</pin_list>
<bind>
<opset="add_ln890_384 "/>
</bind>
</comp>

<comp id="2277" class="1005" name="div_i_i24_reg_2277">
<pin_list>
<pin id="2278" dir="0" index="0" bw="4" slack="1"/>
<pin id="2279" dir="1" index="1" bw="4" slack="1"/>
</pin_list>
<bind>
<opset="div_i_i24 "/>
</bind>
</comp>

<comp id="2282" class="1005" name="empty_2546_reg_2282">
<pin_list>
<pin id="2283" dir="0" index="0" bw="1" slack="2"/>
<pin id="2284" dir="1" index="1" bw="1" slack="2"/>
</pin_list>
<bind>
<opset="empty_2546 "/>
</bind>
</comp>

<comp id="2287" class="1005" name="icmp_ln890_1551_reg_2287">
<pin_list>
<pin id="2288" dir="0" index="0" bw="1" slack="1"/>
<pin id="2289" dir="1" index="1" bw="1" slack="2147483647"/>
</pin_list>
<bind>
<opset="icmp_ln890_1551 "/>
</bind>
</comp>

<comp id="2291" class="1005" name="icmp_ln890_1557_reg_2291">
<pin_list>
<pin id="2292" dir="0" index="0" bw="1" slack="1"/>
<pin id="2293" dir="1" index="1" bw="1" slack="1"/>
</pin_list>
<bind>
<opset="icmp_ln890_1557 "/>
</bind>
</comp>

<comp id="2296" class="1005" name="select_ln890_496_reg_2296">
<pin_list>
<pin id="2297" dir="0" index="0" bw="6" slack="1"/>
<pin id="2298" dir="1" index="1" bw="6" slack="1"/>
</pin_list>
<bind>
<opset="select_ln890_496 "/>
</bind>
</comp>

<comp id="2302" class="1005" name="select_ln890_497_reg_2302">
<pin_list>
<pin id="2303" dir="0" index="0" bw="2" slack="0"/>
<pin id="2304" dir="1" index="1" bw="2" slack="0"/>
</pin_list>
<bind>
<opset="select_ln890_497 "/>
</bind>
</comp>

<comp id="2308" class="1005" name="xor_ln890_23_reg_2308">
<pin_list>
<pin id="2309" dir="0" index="0" bw="1" slack="2"/>
<pin id="2310" dir="1" index="1" bw="1" slack="2"/>
</pin_list>
<bind>
<opset="xor_ln890_23 "/>
</bind>
</comp>

<comp id="2313" class="1005" name="and_ln890_61_reg_2313">
<pin_list>
<pin id="2314" dir="0" index="0" bw="1" slack="1"/>
<pin id="2315" dir="1" index="1" bw="1" slack="1"/>
</pin_list>
<bind>
<opset="and_ln890_61 "/>
</bind>
</comp>

<comp id="2320" class="1005" name="select_ln14340_reg_2320">
<pin_list>
<pin id="2321" dir="0" index="0" bw="5" slack="1"/>
<pin id="2322" dir="1" index="1" bw="5" slack="1"/>
</pin_list>
<bind>
<opset="select_ln14340 "/>
</bind>
</comp>

<comp id="2326" class="1005" name="select_ln890_500_reg_2326">
<pin_list>
<pin id="2327" dir="0" index="0" bw="9" slack="0"/>
<pin id="2328" dir="1" index="1" bw="9" slack="0"/>
</pin_list>
<bind>
<opset="select_ln890_500 "/>
</bind>
</comp>

<comp id="2331" class="1005" name="select_ln890_501_reg_2331">
<pin_list>
<pin id="2332" dir="0" index="0" bw="14" slack="0"/>
<pin id="2333" dir="1" index="1" bw="14" slack="0"/>
</pin_list>
<bind>
<opset="select_ln890_501 "/>
</bind>
</comp>

<comp id="2336" class="1005" name="add_ln691_1504_reg_2336">
<pin_list>
<pin id="2337" dir="0" index="0" bw="6" slack="1"/>
<pin id="2338" dir="1" index="1" bw="6" slack="1"/>
</pin_list>
<bind>
<opset="add_ln691_1504 "/>
</bind>
</comp>

<comp id="2341" class="1005" name="select_ln890_499_reg_2341">
<pin_list>
<pin id="2342" dir="0" index="0" bw="6" slack="1"/>
<pin id="2343" dir="1" index="1" bw="6" slack="1"/>
</pin_list>
<bind>
<opset="select_ln890_499 "/>
</bind>
</comp>

<comp id="2346" class="1005" name="local_A_pong_V_addr_7_reg_2346">
<pin_list>
<pin id="2347" dir="0" index="0" bw="9" slack="1"/>
<pin id="2348" dir="1" index="1" bw="9" slack="1"/>
</pin_list>
<bind>
<opset="local_A_pong_V_addr_7 "/>
</bind>
</comp>

<comp id="2351" class="1005" name="add_ln691_1505_reg_2351">
<pin_list>
<pin id="2352" dir="0" index="0" bw="5" slack="1"/>
<pin id="2353" dir="1" index="1" bw="5" slack="1"/>
</pin_list>
<bind>
<opset="add_ln691_1505 "/>
</bind>
</comp>

<comp id="2356" class="1005" name="select_ln14354_reg_2356">
<pin_list>
<pin id="2357" dir="0" index="0" bw="256" slack="1"/>
<pin id="2358" dir="1" index="1" bw="256" slack="1"/>
</pin_list>
<bind>
<opset="select_ln14354 "/>
</bind>
</comp>

<comp id="2361" class="1005" name="add_ln890_381_reg_2361">
<pin_list>
<pin id="2362" dir="0" index="0" bw="14" slack="0"/>
<pin id="2363" dir="1" index="1" bw="14" slack="0"/>
</pin_list>
<bind>
<opset="add_ln890_381 "/>
</bind>
</comp>

<comp id="2369" class="1005" name="icmp_ln890_1546_reg_2369">
<pin_list>
<pin id="2370" dir="0" index="0" bw="1" slack="4"/>
<pin id="2371" dir="1" index="1" bw="1" slack="4"/>
</pin_list>
<bind>
<opset="icmp_ln890_1546 "/>
</bind>
</comp>

<comp id="2375" class="1005" name="select_ln890_491_reg_2375">
<pin_list>
<pin id="2376" dir="0" index="0" bw="2" slack="0"/>
<pin id="2377" dir="1" index="1" bw="2" slack="0"/>
</pin_list>
<bind>
<opset="select_ln890_491 "/>
</bind>
</comp>

<comp id="2381" class="1005" name="and_ln890_58_reg_2381">
<pin_list>
<pin id="2382" dir="0" index="0" bw="1" slack="4"/>
<pin id="2383" dir="1" index="1" bw="1" slack="4"/>
</pin_list>
<bind>
<opset="and_ln890_58 "/>
</bind>
</comp>

<comp id="2386" class="1005" name="select_ln14376_reg_2386">
<pin_list>
<pin id="2387" dir="0" index="0" bw="4" slack="1"/>
<pin id="2388" dir="1" index="1" bw="4" slack="1"/>
</pin_list>
<bind>
<opset="select_ln14376 "/>
</bind>
</comp>

<comp id="2391" class="1005" name="select_ln14376_1_reg_2391">
<pin_list>
<pin id="2392" dir="0" index="0" bw="1" slack="4"/>
<pin id="2393" dir="1" index="1" bw="1" slack="4"/>
</pin_list>
<bind>
<opset="select_ln14376_1 "/>
</bind>
</comp>

<comp id="2396" class="1005" name="select_ln890_493_reg_2396">
<pin_list>
<pin id="2397" dir="0" index="0" bw="6" slack="0"/>
<pin id="2398" dir="1" index="1" bw="6" slack="0"/>
</pin_list>
<bind>
<opset="select_ln890_493 "/>
</bind>
</comp>

<comp id="2401" class="1005" name="select_ln14378_reg_2401">
<pin_list>
<pin id="2402" dir="0" index="0" bw="5" slack="1"/>
<pin id="2403" dir="1" index="1" bw="5" slack="1"/>
</pin_list>
<bind>
<opset="select_ln14378 "/>
</bind>
</comp>

<comp id="2407" class="1005" name="local_A_ping_V_addr_reg_2407">
<pin_list>
<pin id="2408" dir="0" index="0" bw="9" slack="1"/>
<pin id="2409" dir="1" index="1" bw="9" slack="1"/>
</pin_list>
<bind>
<opset="local_A_ping_V_addr "/>
</bind>
</comp>

<comp id="2412" class="1005" name="in_data_V_reg_2412">
<pin_list>
<pin id="2413" dir="0" index="0" bw="512" slack="1"/>
<pin id="2414" dir="1" index="1" bw="512" slack="1"/>
</pin_list>
<bind>
<opset="in_data_V "/>
</bind>
</comp>

<comp id="2417" class="1005" name="add_ln691_1502_reg_2417">
<pin_list>
<pin id="2418" dir="0" index="0" bw="2" slack="0"/>
<pin id="2419" dir="1" index="1" bw="2" slack="0"/>
</pin_list>
<bind>
<opset="add_ln691_1502 "/>
</bind>
</comp>

<comp id="2425" class="1005" name="data_split_V_0_164_reg_2425">
<pin_list>
<pin id="2426" dir="0" index="0" bw="256" slack="1"/>
<pin id="2427" dir="1" index="1" bw="256" slack="1"/>
</pin_list>
<bind>
<opset="data_split_V_0_164 "/>
</bind>
</comp>

<comp id="2431" class="1005" name="trunc_ln14388_reg_2431">
<pin_list>
<pin id="2432" dir="0" index="0" bw="1" slack="1"/>
<pin id="2433" dir="1" index="1" bw="1" slack="1"/>
</pin_list>
<bind>
<opset="trunc_ln14388 "/>
</bind>
</comp>

<comp id="2437" class="1005" name="r_reg_2437">
<pin_list>
<pin id="2438" dir="0" index="0" bw="256" slack="1"/>
<pin id="2439" dir="1" index="1" bw="256" slack="1"/>
</pin_list>
<bind>
<opset="r "/>
</bind>
</comp>

<comp id="2442" class="1005" name="icmp_ln878_74_reg_2442">
<pin_list>
<pin id="2443" dir="0" index="0" bw="1" slack="1"/>
<pin id="2444" dir="1" index="1" bw="1" slack="2147483647"/>
</pin_list>
<bind>
<opset="icmp_ln878_74 "/>
</bind>
</comp>

<comp id="2446" class="1005" name="zext_ln1497_reg_2446">
<pin_list>
<pin id="2447" dir="0" index="0" bw="512" slack="1"/>
<pin id="2448" dir="1" index="1" bw="512" slack="1"/>
</pin_list>
<bind>
<opset="zext_ln1497 "/>
</bind>
</comp>

<comp id="2451" class="1005" name="add_ln691_1501_reg_2451">
<pin_list>
<pin id="2452" dir="0" index="0" bw="5" slack="1"/>
<pin id="2453" dir="1" index="1" bw="5" slack="1"/>
</pin_list>
<bind>
<opset="add_ln691_1501 "/>
</bind>
</comp>

<comp id="2456" class="1005" name="select_ln890_494_reg_2456">
<pin_list>
<pin id="2457" dir="0" index="0" bw="9" slack="1"/>
<pin id="2458" dir="1" index="1" bw="9" slack="1"/>
</pin_list>
<bind>
<opset="select_ln890_494 "/>
</bind>
</comp>

<comp id="2461" class="1005" name="select_ln890_495_reg_2461">
<pin_list>
<pin id="2462" dir="0" index="0" bw="14" slack="1"/>
<pin id="2463" dir="1" index="1" bw="14" slack="1"/>
</pin_list>
<bind>
<opset="select_ln890_495 "/>
</bind>
</comp>

</comp_list>

<net_list>
<net id="201"><net_src comp="22" pin="0"/><net_sink comp="198" pin=0"/></net>

<net id="205"><net_src comp="22" pin="0"/><net_sink comp="202" pin=0"/></net>

<net id="209"><net_src comp="56" pin="0"/><net_sink comp="206" pin=0"/></net>

<net id="213"><net_src comp="56" pin="0"/><net_sink comp="210" pin=0"/></net>

<net id="218"><net_src comp="86" pin="0"/><net_sink comp="214" pin=0"/></net>

<net id="219"><net_src comp="0" pin="0"/><net_sink comp="214" pin=1"/></net>

<net id="225"><net_src comp="88" pin="0"/><net_sink comp="220" pin=0"/></net>

<net id="226"><net_src comp="2" pin="0"/><net_sink comp="220" pin=1"/></net>

<net id="227"><net_src comp="214" pin="2"/><net_sink comp="220" pin=2"/></net>

<net id="233"><net_src comp="156" pin="0"/><net_sink comp="228" pin=0"/></net>

<net id="234"><net_src comp="4" pin="0"/><net_sink comp="228" pin=1"/></net>

<net id="240"><net_src comp="114" pin="0"/><net_sink comp="235" pin=1"/></net>

<net id="250"><net_src comp="214" pin="2"/><net_sink comp="241" pin=4"/></net>

<net id="251"><net_src comp="235" pin="3"/><net_sink comp="241" pin=2"/></net>

<net id="257"><net_src comp="114" pin="0"/><net_sink comp="252" pin=1"/></net>

<net id="263"><net_src comp="252" pin="3"/><net_sink comp="258" pin=0"/></net>

<net id="269"><net_src comp="114" pin="0"/><net_sink comp="264" pin=1"/></net>

<net id="274"><net_src comp="214" pin="2"/><net_sink comp="258" pin=4"/></net>

<net id="275"><net_src comp="264" pin="3"/><net_sink comp="258" pin=2"/></net>

<net id="281"><net_src comp="114" pin="0"/><net_sink comp="276" pin=1"/></net>

<net id="282"><net_src comp="276" pin="3"/><net_sink comp="241" pin=0"/></net>

<net id="288"><net_src comp="114" pin="0"/><net_sink comp="283" pin=1"/></net>

<net id="289"><net_src comp="283" pin="3"/><net_sink comp="258" pin=0"/></net>

<net id="293"><net_src comp="26" pin="0"/><net_sink comp="290" pin=0"/></net>

<net id="300"><net_src comp="290" pin="1"/><net_sink comp="294" pin=0"/></net>

<net id="304"><net_src comp="28" pin="0"/><net_sink comp="301" pin=0"/></net>

<net id="311"><net_src comp="301" pin="1"/><net_sink comp="305" pin=0"/></net>

<net id="312"><net_src comp="305" pin="4"/><net_sink comp="301" pin=0"/></net>

<net id="316"><net_src comp="30" pin="0"/><net_sink comp="313" pin=0"/></net>

<net id="317"><net_src comp="32" pin="0"/><net_sink comp="313" pin=0"/></net>

<net id="324"><net_src comp="313" pin="1"/><net_sink comp="318" pin=0"/></net>

<net id="325"><net_src comp="313" pin="1"/><net_sink comp="318" pin=2"/></net>

<net id="329"><net_src comp="30" pin="0"/><net_sink comp="326" pin=0"/></net>

<net id="336"><net_src comp="326" pin="1"/><net_sink comp="330" pin=0"/></net>

<net id="340"><net_src comp="34" pin="0"/><net_sink comp="337" pin=0"/></net>

<net id="347"><net_src comp="337" pin="1"/><net_sink comp="341" pin=0"/></net>

<net id="348"><net_src comp="341" pin="4"/><net_sink comp="337" pin=0"/></net>

<net id="352"><net_src comp="58" pin="0"/><net_sink comp="349" pin=0"/></net>

<net id="359"><net_src comp="349" pin="1"/><net_sink comp="353" pin=2"/></net>

<net id="363"><net_src comp="68" pin="0"/><net_sink comp="360" pin=0"/></net>

<net id="370"><net_src comp="360" pin="1"/><net_sink comp="364" pin=2"/></net>

<net id="374"><net_src comp="68" pin="0"/><net_sink comp="371" pin=0"/></net>

<net id="381"><net_src comp="371" pin="1"/><net_sink comp="375" pin=2"/></net>

<net id="385"><net_src comp="90" pin="0"/><net_sink comp="382" pin=0"/></net>

<net id="392"><net_src comp="382" pin="1"/><net_sink comp="386" pin=2"/></net>

<net id="396"><net_src comp="92" pin="0"/><net_sink comp="393" pin=0"/></net>

<net id="403"><net_src comp="393" pin="1"/><net_sink comp="397" pin=2"/></net>

<net id="407"><net_src comp="94" pin="0"/><net_sink comp="404" pin=0"/></net>

<net id="414"><net_src comp="404" pin="1"/><net_sink comp="408" pin=2"/></net>

<net id="418"><net_src comp="90" pin="0"/><net_sink comp="415" pin=0"/></net>

<net id="425"><net_src comp="415" pin="1"/><net_sink comp="419" pin=2"/></net>

<net id="429"><net_src comp="118" pin="0"/><net_sink comp="426" pin=0"/></net>

<net id="436"><net_src comp="426" pin="1"/><net_sink comp="430" pin=2"/></net>

<net id="440"><net_src comp="94" pin="0"/><net_sink comp="437" pin=0"/></net>

<net id="447"><net_src comp="437" pin="1"/><net_sink comp="441" pin=2"/></net>

<net id="451"><net_src comp="118" pin="0"/><net_sink comp="448" pin=0"/></net>

<net id="458"><net_src comp="448" pin="1"/><net_sink comp="452" pin=2"/></net>

<net id="462"><net_src comp="120" pin="0"/><net_sink comp="459" pin=0"/></net>

<net id="469"><net_src comp="459" pin="1"/><net_sink comp="463" pin=2"/></net>

<net id="473"><net_src comp="122" pin="0"/><net_sink comp="470" pin=0"/></net>

<net id="480"><net_src comp="470" pin="1"/><net_sink comp="474" pin=2"/></net>

<net id="484"><net_src comp="90" pin="0"/><net_sink comp="481" pin=0"/></net>

<net id="491"><net_src comp="481" pin="1"/><net_sink comp="485" pin=2"/></net>

<net id="495"><net_src comp="58" pin="0"/><net_sink comp="492" pin=0"/></net>

<net id="502"><net_src comp="492" pin="1"/><net_sink comp="496" pin=2"/></net>

<net id="506"><net_src comp="68" pin="0"/><net_sink comp="503" pin=0"/></net>

<net id="513"><net_src comp="503" pin="1"/><net_sink comp="507" pin=2"/></net>

<net id="517"><net_src comp="68" pin="0"/><net_sink comp="514" pin=0"/></net>

<net id="524"><net_src comp="514" pin="1"/><net_sink comp="518" pin=2"/></net>

<net id="528"><net_src comp="90" pin="0"/><net_sink comp="525" pin=0"/></net>

<net id="535"><net_src comp="525" pin="1"/><net_sink comp="529" pin=2"/></net>

<net id="539"><net_src comp="92" pin="0"/><net_sink comp="536" pin=0"/></net>

<net id="546"><net_src comp="536" pin="1"/><net_sink comp="540" pin=2"/></net>

<net id="550"><net_src comp="94" pin="0"/><net_sink comp="547" pin=0"/></net>

<net id="557"><net_src comp="547" pin="1"/><net_sink comp="551" pin=2"/></net>

<net id="561"><net_src comp="90" pin="0"/><net_sink comp="558" pin=0"/></net>

<net id="568"><net_src comp="558" pin="1"/><net_sink comp="562" pin=2"/></net>

<net id="572"><net_src comp="118" pin="0"/><net_sink comp="569" pin=0"/></net>

<net id="579"><net_src comp="569" pin="1"/><net_sink comp="573" pin=2"/></net>

<net id="583"><net_src comp="94" pin="0"/><net_sink comp="580" pin=0"/></net>

<net id="590"><net_src comp="580" pin="1"/><net_sink comp="584" pin=2"/></net>

<net id="594"><net_src comp="118" pin="0"/><net_sink comp="591" pin=0"/></net>

<net id="601"><net_src comp="591" pin="1"/><net_sink comp="595" pin=2"/></net>

<net id="605"><net_src comp="120" pin="0"/><net_sink comp="602" pin=0"/></net>

<net id="612"><net_src comp="602" pin="1"/><net_sink comp="606" pin=2"/></net>

<net id="616"><net_src comp="122" pin="0"/><net_sink comp="613" pin=0"/></net>

<net id="623"><net_src comp="613" pin="1"/><net_sink comp="617" pin=2"/></net>

<net id="627"><net_src comp="90" pin="0"/><net_sink comp="624" pin=0"/></net>

<net id="634"><net_src comp="624" pin="1"/><net_sink comp="628" pin=2"/></net>

<net id="638"><net_src comp="118" pin="0"/><net_sink comp="635" pin=0"/></net>

<net id="645"><net_src comp="635" pin="1"/><net_sink comp="639" pin=2"/></net>

<net id="649"><net_src comp="94" pin="0"/><net_sink comp="646" pin=0"/></net>

<net id="656"><net_src comp="646" pin="1"/><net_sink comp="650" pin=2"/></net>

<net id="660"><net_src comp="118" pin="0"/><net_sink comp="657" pin=0"/></net>

<net id="667"><net_src comp="657" pin="1"/><net_sink comp="661" pin=2"/></net>

<net id="668"><net_src comp="661" pin="4"/><net_sink comp="657" pin=0"/></net>

<net id="672"><net_src comp="120" pin="0"/><net_sink comp="669" pin=0"/></net>

<net id="679"><net_src comp="669" pin="1"/><net_sink comp="673" pin=2"/></net>

<net id="683"><net_src comp="122" pin="0"/><net_sink comp="680" pin=0"/></net>

<net id="690"><net_src comp="680" pin="1"/><net_sink comp="684" pin=2"/></net>

<net id="691"><net_src comp="684" pin="4"/><net_sink comp="680" pin=0"/></net>

<net id="695"><net_src comp="90" pin="0"/><net_sink comp="692" pin=0"/></net>

<net id="702"><net_src comp="692" pin="1"/><net_sink comp="696" pin=2"/></net>

<net id="706"><net_src comp="94" pin="0"/><net_sink comp="703" pin=0"/></net>

<net id="713"><net_src comp="703" pin="1"/><net_sink comp="707" pin=0"/></net>

<net id="727"><net_src comp="294" pin="4"/><net_sink comp="723" pin=0"/></net>

<net id="728"><net_src comp="36" pin="0"/><net_sink comp="723" pin=1"/></net>

<net id="733"><net_src comp="294" pin="4"/><net_sink comp="729" pin=0"/></net>

<net id="734"><net_src comp="38" pin="0"/><net_sink comp="729" pin=1"/></net>

<net id="739"><net_src comp="305" pin="4"/><net_sink comp="735" pin=0"/></net>

<net id="740"><net_src comp="48" pin="0"/><net_sink comp="735" pin=1"/></net>

<net id="745"><net_src comp="735" pin="2"/><net_sink comp="741" pin=0"/></net>

<net id="746"><net_src comp="318" pin="4"/><net_sink comp="741" pin=1"/></net>

<net id="751"><net_src comp="735" pin="2"/><net_sink comp="747" pin=0"/></net>

<net id="752"><net_src comp="32" pin="0"/><net_sink comp="747" pin=1"/></net>

<net id="757"><net_src comp="330" pin="4"/><net_sink comp="753" pin=0"/></net>

<net id="758"><net_src comp="747" pin="2"/><net_sink comp="753" pin=1"/></net>

<net id="763"><net_src comp="341" pin="4"/><net_sink comp="759" pin=0"/></net>

<net id="764"><net_src comp="50" pin="0"/><net_sink comp="759" pin=1"/></net>

<net id="769"><net_src comp="759" pin="2"/><net_sink comp="765" pin=0"/></net>

<net id="770"><net_src comp="747" pin="2"/><net_sink comp="765" pin=1"/></net>

<net id="775"><net_src comp="765" pin="2"/><net_sink comp="771" pin=0"/></net>

<net id="776"><net_src comp="741" pin="2"/><net_sink comp="771" pin=1"/></net>

<net id="781"><net_src comp="759" pin="2"/><net_sink comp="777" pin=0"/></net>

<net id="782"><net_src comp="32" pin="0"/><net_sink comp="777" pin=1"/></net>

<net id="787"><net_src comp="735" pin="2"/><net_sink comp="783" pin=0"/></net>

<net id="788"><net_src comp="777" pin="2"/><net_sink comp="783" pin=1"/></net>

<net id="793"><net_src comp="753" pin="2"/><net_sink comp="789" pin=0"/></net>

<net id="794"><net_src comp="783" pin="2"/><net_sink comp="789" pin=1"/></net>

<net id="799"><net_src comp="353" pin="4"/><net_sink comp="795" pin=0"/></net>

<net id="800"><net_src comp="60" pin="0"/><net_sink comp="795" pin=1"/></net>

<net id="805"><net_src comp="353" pin="4"/><net_sink comp="801" pin=0"/></net>

<net id="806"><net_src comp="62" pin="0"/><net_sink comp="801" pin=1"/></net>

<net id="811"><net_src comp="353" pin="4"/><net_sink comp="807" pin=0"/></net>

<net id="812"><net_src comp="58" pin="0"/><net_sink comp="807" pin=1"/></net>

<net id="817"><net_src comp="364" pin="4"/><net_sink comp="813" pin=0"/></net>

<net id="818"><net_src comp="70" pin="0"/><net_sink comp="813" pin=1"/></net>

<net id="823"><net_src comp="364" pin="4"/><net_sink comp="819" pin=0"/></net>

<net id="824"><net_src comp="72" pin="0"/><net_sink comp="819" pin=1"/></net>

<net id="829"><net_src comp="375" pin="4"/><net_sink comp="825" pin=0"/></net>

<net id="830"><net_src comp="70" pin="0"/><net_sink comp="825" pin=1"/></net>

<net id="835"><net_src comp="375" pin="4"/><net_sink comp="831" pin=0"/></net>

<net id="836"><net_src comp="72" pin="0"/><net_sink comp="831" pin=1"/></net>

<net id="841"><net_src comp="386" pin="4"/><net_sink comp="837" pin=0"/></net>

<net id="842"><net_src comp="96" pin="0"/><net_sink comp="837" pin=1"/></net>

<net id="847"><net_src comp="397" pin="4"/><net_sink comp="843" pin=0"/></net>

<net id="848"><net_src comp="98" pin="0"/><net_sink comp="843" pin=1"/></net>

<net id="854"><net_src comp="843" pin="2"/><net_sink comp="849" pin=0"/></net>

<net id="855"><net_src comp="94" pin="0"/><net_sink comp="849" pin=1"/></net>

<net id="856"><net_src comp="408" pin="4"/><net_sink comp="849" pin=2"/></net>

<net id="862"><net_src comp="843" pin="2"/><net_sink comp="857" pin=0"/></net>

<net id="863"><net_src comp="837" pin="2"/><net_sink comp="857" pin=1"/></net>

<net id="864"><net_src comp="386" pin="4"/><net_sink comp="857" pin=2"/></net>

<net id="869"><net_src comp="857" pin="3"/><net_sink comp="865" pin=0"/></net>

<net id="870"><net_src comp="96" pin="0"/><net_sink comp="865" pin=1"/></net>

<net id="875"><net_src comp="843" pin="2"/><net_sink comp="871" pin=0"/></net>

<net id="876"><net_src comp="32" pin="0"/><net_sink comp="871" pin=1"/></net>

<net id="881"><net_src comp="419" pin="4"/><net_sink comp="877" pin=0"/></net>

<net id="882"><net_src comp="100" pin="0"/><net_sink comp="877" pin=1"/></net>

<net id="887"><net_src comp="877" pin="2"/><net_sink comp="883" pin=0"/></net>

<net id="888"><net_src comp="871" pin="2"/><net_sink comp="883" pin=1"/></net>

<net id="893"><net_src comp="849" pin="3"/><net_sink comp="889" pin=0"/></net>

<net id="894"><net_src comp="102" pin="0"/><net_sink comp="889" pin=1"/></net>

<net id="899"><net_src comp="883" pin="2"/><net_sink comp="895" pin=0"/></net>

<net id="900"><net_src comp="843" pin="2"/><net_sink comp="895" pin=1"/></net>

<net id="906"><net_src comp="895" pin="2"/><net_sink comp="901" pin=0"/></net>

<net id="907"><net_src comp="90" pin="0"/><net_sink comp="901" pin=1"/></net>

<net id="908"><net_src comp="419" pin="4"/><net_sink comp="901" pin=2"/></net>

<net id="914"><net_src comp="883" pin="2"/><net_sink comp="909" pin=0"/></net>

<net id="915"><net_src comp="889" pin="2"/><net_sink comp="909" pin=1"/></net>

<net id="916"><net_src comp="849" pin="3"/><net_sink comp="909" pin=2"/></net>

<net id="920"><net_src comp="909" pin="3"/><net_sink comp="917" pin=0"/></net>

<net id="925"><net_src comp="865" pin="2"/><net_sink comp="921" pin=0"/></net>

<net id="926"><net_src comp="917" pin="1"/><net_sink comp="921" pin=1"/></net>

<net id="931"><net_src comp="397" pin="4"/><net_sink comp="927" pin=0"/></net>

<net id="932"><net_src comp="104" pin="0"/><net_sink comp="927" pin=1"/></net>

<net id="938"><net_src comp="843" pin="2"/><net_sink comp="933" pin=0"/></net>

<net id="939"><net_src comp="104" pin="0"/><net_sink comp="933" pin=1"/></net>

<net id="940"><net_src comp="927" pin="2"/><net_sink comp="933" pin=2"/></net>

<net id="946"><net_src comp="110" pin="0"/><net_sink comp="941" pin=0"/></net>

<net id="947"><net_src comp="112" pin="0"/><net_sink comp="941" pin=2"/></net>

<net id="955"><net_src comp="941" pin="3"/><net_sink comp="951" pin=0"/></net>

<net id="956"><net_src comp="948" pin="1"/><net_sink comp="951" pin=1"/></net>

<net id="960"><net_src comp="951" pin="2"/><net_sink comp="957" pin=0"/></net>

<net id="961"><net_src comp="957" pin="1"/><net_sink comp="235" pin=2"/></net>

<net id="966"><net_src comp="96" pin="0"/><net_sink comp="962" pin=1"/></net>

<net id="971"><net_src comp="430" pin="4"/><net_sink comp="967" pin=0"/></net>

<net id="972"><net_src comp="124" pin="0"/><net_sink comp="967" pin=1"/></net>

<net id="979"><net_src comp="126" pin="0"/><net_sink comp="973" pin=0"/></net>

<net id="980"><net_src comp="463" pin="4"/><net_sink comp="973" pin=1"/></net>

<net id="981"><net_src comp="56" pin="0"/><net_sink comp="973" pin=2"/></net>

<net id="982"><net_src comp="128" pin="0"/><net_sink comp="973" pin=3"/></net>

<net id="986"><net_src comp="463" pin="4"/><net_sink comp="983" pin=0"/></net>

<net id="991"><net_src comp="430" pin="4"/><net_sink comp="987" pin=0"/></net>

<net id="992"><net_src comp="130" pin="0"/><net_sink comp="987" pin=1"/></net>

<net id="997"><net_src comp="441" pin="4"/><net_sink comp="993" pin=0"/></net>

<net id="998"><net_src comp="102" pin="0"/><net_sink comp="993" pin=1"/></net>

<net id="1003"><net_src comp="452" pin="4"/><net_sink comp="999" pin=0"/></net>

<net id="1004"><net_src comp="132" pin="0"/><net_sink comp="999" pin=1"/></net>

<net id="1010"><net_src comp="999" pin="2"/><net_sink comp="1005" pin=0"/></net>

<net id="1011"><net_src comp="120" pin="0"/><net_sink comp="1005" pin=1"/></net>

<net id="1012"><net_src comp="463" pin="4"/><net_sink comp="1005" pin=2"/></net>

<net id="1018"><net_src comp="999" pin="2"/><net_sink comp="1013" pin=0"/></net>

<net id="1019"><net_src comp="993" pin="2"/><net_sink comp="1013" pin=1"/></net>

<net id="1020"><net_src comp="441" pin="4"/><net_sink comp="1013" pin=2"/></net>

<net id="1025"><net_src comp="999" pin="2"/><net_sink comp="1021" pin=0"/></net>

<net id="1026"><net_src comp="32" pin="0"/><net_sink comp="1021" pin=1"/></net>

<net id="1031"><net_src comp="485" pin="4"/><net_sink comp="1027" pin=0"/></net>

<net id="1032"><net_src comp="100" pin="0"/><net_sink comp="1027" pin=1"/></net>

<net id="1037"><net_src comp="1027" pin="2"/><net_sink comp="1033" pin=0"/></net>

<net id="1038"><net_src comp="1021" pin="2"/><net_sink comp="1033" pin=1"/></net>

<net id="1043"><net_src comp="474" pin="4"/><net_sink comp="1039" pin=0"/></net>

<net id="1044"><net_src comp="134" pin="0"/><net_sink comp="1039" pin=1"/></net>

<net id="1049"><net_src comp="1039" pin="2"/><net_sink comp="1045" pin=0"/></net>

<net id="1050"><net_src comp="1021" pin="2"/><net_sink comp="1045" pin=1"/></net>

<net id="1055"><net_src comp="1039" pin="2"/><net_sink comp="1051" pin=0"/></net>

<net id="1056"><net_src comp="32" pin="0"/><net_sink comp="1051" pin=1"/></net>

<net id="1061"><net_src comp="999" pin="2"/><net_sink comp="1057" pin=0"/></net>

<net id="1062"><net_src comp="1051" pin="2"/><net_sink comp="1057" pin=1"/></net>

<net id="1067"><net_src comp="1033" pin="2"/><net_sink comp="1063" pin=0"/></net>

<net id="1068"><net_src comp="1057" pin="2"/><net_sink comp="1063" pin=1"/></net>

<net id="1073"><net_src comp="1063" pin="2"/><net_sink comp="1069" pin=0"/></net>

<net id="1074"><net_src comp="1045" pin="2"/><net_sink comp="1069" pin=1"/></net>

<net id="1079"><net_src comp="1069" pin="2"/><net_sink comp="1075" pin=0"/></net>

<net id="1080"><net_src comp="999" pin="2"/><net_sink comp="1075" pin=1"/></net>

<net id="1086"><net_src comp="1075" pin="2"/><net_sink comp="1081" pin=0"/></net>

<net id="1087"><net_src comp="90" pin="0"/><net_sink comp="1081" pin=1"/></net>

<net id="1088"><net_src comp="485" pin="4"/><net_sink comp="1081" pin=2"/></net>

<net id="1093"><net_src comp="474" pin="4"/><net_sink comp="1089" pin=0"/></net>

<net id="1094"><net_src comp="136" pin="0"/><net_sink comp="1089" pin=1"/></net>

<net id="1099"><net_src comp="1045" pin="2"/><net_sink comp="1095" pin=0"/></net>

<net id="1100"><net_src comp="999" pin="2"/><net_sink comp="1095" pin=1"/></net>

<net id="1106"><net_src comp="1095" pin="2"/><net_sink comp="1101" pin=0"/></net>

<net id="1107"><net_src comp="136" pin="0"/><net_sink comp="1101" pin=1"/></net>

<net id="1108"><net_src comp="1089" pin="2"/><net_sink comp="1101" pin=2"/></net>

<net id="1113"><net_src comp="452" pin="4"/><net_sink comp="1109" pin=0"/></net>

<net id="1114"><net_src comp="124" pin="0"/><net_sink comp="1109" pin=1"/></net>

<net id="1120"><net_src comp="999" pin="2"/><net_sink comp="1115" pin=0"/></net>

<net id="1121"><net_src comp="124" pin="0"/><net_sink comp="1115" pin=1"/></net>

<net id="1122"><net_src comp="1109" pin="2"/><net_sink comp="1115" pin=2"/></net>

<net id="1131"><net_src comp="112" pin="0"/><net_sink comp="1126" pin=1"/></net>

<net id="1136"><net_src comp="138" pin="0"/><net_sink comp="1132" pin=1"/></net>

<net id="1143"><net_src comp="126" pin="0"/><net_sink comp="1137" pin=0"/></net>

<net id="1144"><net_src comp="1132" pin="2"/><net_sink comp="1137" pin=1"/></net>

<net id="1145"><net_src comp="56" pin="0"/><net_sink comp="1137" pin=2"/></net>

<net id="1146"><net_src comp="128" pin="0"/><net_sink comp="1137" pin=3"/></net>

<net id="1152"><net_src comp="1137" pin="4"/><net_sink comp="1147" pin=1"/></net>

<net id="1153"><net_src comp="1126" pin="3"/><net_sink comp="1147" pin=2"/></net>

<net id="1159"><net_src comp="1132" pin="2"/><net_sink comp="1154" pin=1"/></net>

<net id="1164"><net_src comp="96" pin="0"/><net_sink comp="1160" pin=1"/></net>

<net id="1169"><net_src comp="1160" pin="2"/><net_sink comp="1165" pin=0"/></net>

<net id="1170"><net_src comp="1123" pin="1"/><net_sink comp="1165" pin=1"/></net>

<net id="1176"><net_src comp="110" pin="0"/><net_sink comp="1171" pin=0"/></net>

<net id="1177"><net_src comp="1165" pin="2"/><net_sink comp="1171" pin=1"/></net>

<net id="1178"><net_src comp="1147" pin="3"/><net_sink comp="1171" pin=2"/></net>

<net id="1182"><net_src comp="1171" pin="3"/><net_sink comp="1179" pin=0"/></net>

<net id="1183"><net_src comp="1179" pin="1"/><net_sink comp="252" pin=2"/></net>

<net id="1188"><net_src comp="96" pin="0"/><net_sink comp="1184" pin=1"/></net>

<net id="1201"><net_src comp="1193" pin="1"/><net_sink comp="1196" pin=1"/></net>

<net id="1202"><net_src comp="1189" pin="2"/><net_sink comp="1196" pin=2"/></net>

<net id="1206"><net_src comp="258" pin="3"/><net_sink comp="1203" pin=0"/></net>

<net id="1213"><net_src comp="140" pin="0"/><net_sink comp="1207" pin=0"/></net>

<net id="1214"><net_src comp="258" pin="3"/><net_sink comp="1207" pin=1"/></net>

<net id="1215"><net_src comp="142" pin="0"/><net_sink comp="1207" pin=2"/></net>

<net id="1216"><net_src comp="144" pin="0"/><net_sink comp="1207" pin=3"/></net>

<net id="1222"><net_src comp="1196" pin="3"/><net_sink comp="1217" pin=0"/></net>

<net id="1223"><net_src comp="1207" pin="4"/><net_sink comp="1217" pin=1"/></net>

<net id="1224"><net_src comp="1203" pin="1"/><net_sink comp="1217" pin=2"/></net>

<net id="1229"><net_src comp="32" pin="0"/><net_sink comp="1225" pin=1"/></net>

<net id="1234"><net_src comp="337" pin="1"/><net_sink comp="1230" pin=0"/></net>

<net id="1235"><net_src comp="158" pin="0"/><net_sink comp="1230" pin=1"/></net>

<net id="1245"><net_src comp="1236" pin="2"/><net_sink comp="1240" pin=0"/></net>

<net id="1246"><net_src comp="158" pin="0"/><net_sink comp="1240" pin=1"/></net>

<net id="1247"><net_src comp="1230" pin="2"/><net_sink comp="1240" pin=2"/></net>

<net id="1252"><net_src comp="301" pin="1"/><net_sink comp="1248" pin=0"/></net>

<net id="1253"><net_src comp="160" pin="0"/><net_sink comp="1248" pin=1"/></net>

<net id="1259"><net_src comp="160" pin="0"/><net_sink comp="1254" pin=1"/></net>

<net id="1260"><net_src comp="1248" pin="2"/><net_sink comp="1254" pin=2"/></net>

<net id="1265"><net_src comp="496" pin="4"/><net_sink comp="1261" pin=0"/></net>

<net id="1266"><net_src comp="60" pin="0"/><net_sink comp="1261" pin=1"/></net>

<net id="1271"><net_src comp="496" pin="4"/><net_sink comp="1267" pin=0"/></net>

<net id="1272"><net_src comp="62" pin="0"/><net_sink comp="1267" pin=1"/></net>

<net id="1277"><net_src comp="496" pin="4"/><net_sink comp="1273" pin=0"/></net>

<net id="1278"><net_src comp="58" pin="0"/><net_sink comp="1273" pin=1"/></net>

<net id="1283"><net_src comp="507" pin="4"/><net_sink comp="1279" pin=0"/></net>

<net id="1284"><net_src comp="70" pin="0"/><net_sink comp="1279" pin=1"/></net>

<net id="1289"><net_src comp="507" pin="4"/><net_sink comp="1285" pin=0"/></net>

<net id="1290"><net_src comp="72" pin="0"/><net_sink comp="1285" pin=1"/></net>

<net id="1295"><net_src comp="518" pin="4"/><net_sink comp="1291" pin=0"/></net>

<net id="1296"><net_src comp="70" pin="0"/><net_sink comp="1291" pin=1"/></net>

<net id="1301"><net_src comp="518" pin="4"/><net_sink comp="1297" pin=0"/></net>

<net id="1302"><net_src comp="72" pin="0"/><net_sink comp="1297" pin=1"/></net>

<net id="1307"><net_src comp="529" pin="4"/><net_sink comp="1303" pin=0"/></net>

<net id="1308"><net_src comp="96" pin="0"/><net_sink comp="1303" pin=1"/></net>

<net id="1313"><net_src comp="540" pin="4"/><net_sink comp="1309" pin=0"/></net>

<net id="1314"><net_src comp="98" pin="0"/><net_sink comp="1309" pin=1"/></net>

<net id="1320"><net_src comp="1309" pin="2"/><net_sink comp="1315" pin=0"/></net>

<net id="1321"><net_src comp="94" pin="0"/><net_sink comp="1315" pin=1"/></net>

<net id="1322"><net_src comp="551" pin="4"/><net_sink comp="1315" pin=2"/></net>

<net id="1328"><net_src comp="1309" pin="2"/><net_sink comp="1323" pin=0"/></net>

<net id="1329"><net_src comp="1303" pin="2"/><net_sink comp="1323" pin=1"/></net>

<net id="1330"><net_src comp="529" pin="4"/><net_sink comp="1323" pin=2"/></net>

<net id="1335"><net_src comp="1323" pin="3"/><net_sink comp="1331" pin=0"/></net>

<net id="1336"><net_src comp="96" pin="0"/><net_sink comp="1331" pin=1"/></net>

<net id="1341"><net_src comp="1309" pin="2"/><net_sink comp="1337" pin=0"/></net>

<net id="1342"><net_src comp="32" pin="0"/><net_sink comp="1337" pin=1"/></net>

<net id="1347"><net_src comp="562" pin="4"/><net_sink comp="1343" pin=0"/></net>

<net id="1348"><net_src comp="100" pin="0"/><net_sink comp="1343" pin=1"/></net>

<net id="1353"><net_src comp="1343" pin="2"/><net_sink comp="1349" pin=0"/></net>

<net id="1354"><net_src comp="1337" pin="2"/><net_sink comp="1349" pin=1"/></net>

<net id="1359"><net_src comp="1315" pin="3"/><net_sink comp="1355" pin=0"/></net>

<net id="1360"><net_src comp="102" pin="0"/><net_sink comp="1355" pin=1"/></net>

<net id="1365"><net_src comp="1349" pin="2"/><net_sink comp="1361" pin=0"/></net>

<net id="1366"><net_src comp="1309" pin="2"/><net_sink comp="1361" pin=1"/></net>

<net id="1372"><net_src comp="1361" pin="2"/><net_sink comp="1367" pin=0"/></net>

<net id="1373"><net_src comp="90" pin="0"/><net_sink comp="1367" pin=1"/></net>

<net id="1374"><net_src comp="562" pin="4"/><net_sink comp="1367" pin=2"/></net>

<net id="1380"><net_src comp="1349" pin="2"/><net_sink comp="1375" pin=0"/></net>

<net id="1381"><net_src comp="1355" pin="2"/><net_sink comp="1375" pin=1"/></net>

<net id="1382"><net_src comp="1315" pin="3"/><net_sink comp="1375" pin=2"/></net>

<net id="1386"><net_src comp="1375" pin="3"/><net_sink comp="1383" pin=0"/></net>

<net id="1391"><net_src comp="1331" pin="2"/><net_sink comp="1387" pin=0"/></net>

<net id="1392"><net_src comp="1383" pin="1"/><net_sink comp="1387" pin=1"/></net>

<net id="1397"><net_src comp="540" pin="4"/><net_sink comp="1393" pin=0"/></net>

<net id="1398"><net_src comp="104" pin="0"/><net_sink comp="1393" pin=1"/></net>

<net id="1404"><net_src comp="1309" pin="2"/><net_sink comp="1399" pin=0"/></net>

<net id="1405"><net_src comp="104" pin="0"/><net_sink comp="1399" pin=1"/></net>

<net id="1406"><net_src comp="1393" pin="2"/><net_sink comp="1399" pin=2"/></net>

<net id="1412"><net_src comp="110" pin="0"/><net_sink comp="1407" pin=0"/></net>

<net id="1413"><net_src comp="112" pin="0"/><net_sink comp="1407" pin=2"/></net>

<net id="1421"><net_src comp="1407" pin="3"/><net_sink comp="1417" pin=0"/></net>

<net id="1422"><net_src comp="1414" pin="1"/><net_sink comp="1417" pin=1"/></net>

<net id="1426"><net_src comp="1417" pin="2"/><net_sink comp="1423" pin=0"/></net>

<net id="1427"><net_src comp="1423" pin="1"/><net_sink comp="264" pin=2"/></net>

<net id="1432"><net_src comp="96" pin="0"/><net_sink comp="1428" pin=1"/></net>

<net id="1437"><net_src comp="573" pin="4"/><net_sink comp="1433" pin=0"/></net>

<net id="1438"><net_src comp="124" pin="0"/><net_sink comp="1433" pin=1"/></net>

<net id="1445"><net_src comp="126" pin="0"/><net_sink comp="1439" pin=0"/></net>

<net id="1446"><net_src comp="606" pin="4"/><net_sink comp="1439" pin=1"/></net>

<net id="1447"><net_src comp="56" pin="0"/><net_sink comp="1439" pin=2"/></net>

<net id="1448"><net_src comp="128" pin="0"/><net_sink comp="1439" pin=3"/></net>

<net id="1452"><net_src comp="606" pin="4"/><net_sink comp="1449" pin=0"/></net>

<net id="1457"><net_src comp="573" pin="4"/><net_sink comp="1453" pin=0"/></net>

<net id="1458"><net_src comp="130" pin="0"/><net_sink comp="1453" pin=1"/></net>

<net id="1463"><net_src comp="584" pin="4"/><net_sink comp="1459" pin=0"/></net>

<net id="1464"><net_src comp="102" pin="0"/><net_sink comp="1459" pin=1"/></net>

<net id="1469"><net_src comp="595" pin="4"/><net_sink comp="1465" pin=0"/></net>

<net id="1470"><net_src comp="132" pin="0"/><net_sink comp="1465" pin=1"/></net>

<net id="1476"><net_src comp="1465" pin="2"/><net_sink comp="1471" pin=0"/></net>

<net id="1477"><net_src comp="120" pin="0"/><net_sink comp="1471" pin=1"/></net>

<net id="1478"><net_src comp="606" pin="4"/><net_sink comp="1471" pin=2"/></net>

<net id="1484"><net_src comp="1465" pin="2"/><net_sink comp="1479" pin=0"/></net>

<net id="1485"><net_src comp="1459" pin="2"/><net_sink comp="1479" pin=1"/></net>

<net id="1486"><net_src comp="584" pin="4"/><net_sink comp="1479" pin=2"/></net>

<net id="1491"><net_src comp="1465" pin="2"/><net_sink comp="1487" pin=0"/></net>

<net id="1492"><net_src comp="32" pin="0"/><net_sink comp="1487" pin=1"/></net>

<net id="1497"><net_src comp="628" pin="4"/><net_sink comp="1493" pin=0"/></net>

<net id="1498"><net_src comp="100" pin="0"/><net_sink comp="1493" pin=1"/></net>

<net id="1503"><net_src comp="1493" pin="2"/><net_sink comp="1499" pin=0"/></net>

<net id="1504"><net_src comp="1487" pin="2"/><net_sink comp="1499" pin=1"/></net>

<net id="1509"><net_src comp="617" pin="4"/><net_sink comp="1505" pin=0"/></net>

<net id="1510"><net_src comp="134" pin="0"/><net_sink comp="1505" pin=1"/></net>

<net id="1515"><net_src comp="1505" pin="2"/><net_sink comp="1511" pin=0"/></net>

<net id="1516"><net_src comp="1487" pin="2"/><net_sink comp="1511" pin=1"/></net>

<net id="1521"><net_src comp="1505" pin="2"/><net_sink comp="1517" pin=0"/></net>

<net id="1522"><net_src comp="32" pin="0"/><net_sink comp="1517" pin=1"/></net>

<net id="1527"><net_src comp="1465" pin="2"/><net_sink comp="1523" pin=0"/></net>

<net id="1528"><net_src comp="1517" pin="2"/><net_sink comp="1523" pin=1"/></net>

<net id="1533"><net_src comp="1499" pin="2"/><net_sink comp="1529" pin=0"/></net>

<net id="1534"><net_src comp="1523" pin="2"/><net_sink comp="1529" pin=1"/></net>

<net id="1539"><net_src comp="1529" pin="2"/><net_sink comp="1535" pin=0"/></net>

<net id="1540"><net_src comp="1511" pin="2"/><net_sink comp="1535" pin=1"/></net>

<net id="1545"><net_src comp="1535" pin="2"/><net_sink comp="1541" pin=0"/></net>

<net id="1546"><net_src comp="1465" pin="2"/><net_sink comp="1541" pin=1"/></net>

<net id="1552"><net_src comp="1541" pin="2"/><net_sink comp="1547" pin=0"/></net>

<net id="1553"><net_src comp="90" pin="0"/><net_sink comp="1547" pin=1"/></net>

<net id="1554"><net_src comp="628" pin="4"/><net_sink comp="1547" pin=2"/></net>

<net id="1559"><net_src comp="617" pin="4"/><net_sink comp="1555" pin=0"/></net>

<net id="1560"><net_src comp="136" pin="0"/><net_sink comp="1555" pin=1"/></net>

<net id="1565"><net_src comp="1511" pin="2"/><net_sink comp="1561" pin=0"/></net>

<net id="1566"><net_src comp="1465" pin="2"/><net_sink comp="1561" pin=1"/></net>

<net id="1572"><net_src comp="1561" pin="2"/><net_sink comp="1567" pin=0"/></net>

<net id="1573"><net_src comp="136" pin="0"/><net_sink comp="1567" pin=1"/></net>

<net id="1574"><net_src comp="1555" pin="2"/><net_sink comp="1567" pin=2"/></net>

<net id="1579"><net_src comp="595" pin="4"/><net_sink comp="1575" pin=0"/></net>

<net id="1580"><net_src comp="124" pin="0"/><net_sink comp="1575" pin=1"/></net>

<net id="1586"><net_src comp="1465" pin="2"/><net_sink comp="1581" pin=0"/></net>

<net id="1587"><net_src comp="124" pin="0"/><net_sink comp="1581" pin=1"/></net>

<net id="1588"><net_src comp="1575" pin="2"/><net_sink comp="1581" pin=2"/></net>

<net id="1597"><net_src comp="112" pin="0"/><net_sink comp="1592" pin=1"/></net>

<net id="1602"><net_src comp="138" pin="0"/><net_sink comp="1598" pin=1"/></net>

<net id="1609"><net_src comp="126" pin="0"/><net_sink comp="1603" pin=0"/></net>

<net id="1610"><net_src comp="1598" pin="2"/><net_sink comp="1603" pin=1"/></net>

<net id="1611"><net_src comp="56" pin="0"/><net_sink comp="1603" pin=2"/></net>

<net id="1612"><net_src comp="128" pin="0"/><net_sink comp="1603" pin=3"/></net>

<net id="1618"><net_src comp="1603" pin="4"/><net_sink comp="1613" pin=1"/></net>

<net id="1619"><net_src comp="1592" pin="3"/><net_sink comp="1613" pin=2"/></net>

<net id="1625"><net_src comp="1598" pin="2"/><net_sink comp="1620" pin=1"/></net>

<net id="1630"><net_src comp="96" pin="0"/><net_sink comp="1626" pin=1"/></net>

<net id="1635"><net_src comp="1626" pin="2"/><net_sink comp="1631" pin=0"/></net>

<net id="1636"><net_src comp="1589" pin="1"/><net_sink comp="1631" pin=1"/></net>

<net id="1642"><net_src comp="110" pin="0"/><net_sink comp="1637" pin=0"/></net>

<net id="1643"><net_src comp="1631" pin="2"/><net_sink comp="1637" pin=1"/></net>

<net id="1644"><net_src comp="1613" pin="3"/><net_sink comp="1637" pin=2"/></net>

<net id="1648"><net_src comp="1637" pin="3"/><net_sink comp="1645" pin=0"/></net>

<net id="1649"><net_src comp="1645" pin="1"/><net_sink comp="276" pin=2"/></net>

<net id="1654"><net_src comp="96" pin="0"/><net_sink comp="1650" pin=1"/></net>

<net id="1667"><net_src comp="1659" pin="1"/><net_sink comp="1662" pin=1"/></net>

<net id="1668"><net_src comp="1655" pin="2"/><net_sink comp="1662" pin=2"/></net>

<net id="1672"><net_src comp="241" pin="3"/><net_sink comp="1669" pin=0"/></net>

<net id="1679"><net_src comp="140" pin="0"/><net_sink comp="1673" pin=0"/></net>

<net id="1680"><net_src comp="241" pin="3"/><net_sink comp="1673" pin=1"/></net>

<net id="1681"><net_src comp="142" pin="0"/><net_sink comp="1673" pin=2"/></net>

<net id="1682"><net_src comp="144" pin="0"/><net_sink comp="1673" pin=3"/></net>

<net id="1688"><net_src comp="1662" pin="3"/><net_sink comp="1683" pin=0"/></net>

<net id="1689"><net_src comp="1673" pin="4"/><net_sink comp="1683" pin=1"/></net>

<net id="1690"><net_src comp="1669" pin="1"/><net_sink comp="1683" pin=2"/></net>

<net id="1695"><net_src comp="639" pin="4"/><net_sink comp="1691" pin=0"/></net>

<net id="1696"><net_src comp="124" pin="0"/><net_sink comp="1691" pin=1"/></net>

<net id="1703"><net_src comp="126" pin="0"/><net_sink comp="1697" pin=0"/></net>

<net id="1704"><net_src comp="673" pin="4"/><net_sink comp="1697" pin=1"/></net>

<net id="1705"><net_src comp="56" pin="0"/><net_sink comp="1697" pin=2"/></net>

<net id="1706"><net_src comp="128" pin="0"/><net_sink comp="1697" pin=3"/></net>

<net id="1710"><net_src comp="673" pin="4"/><net_sink comp="1707" pin=0"/></net>

<net id="1715"><net_src comp="639" pin="4"/><net_sink comp="1711" pin=0"/></net>

<net id="1716"><net_src comp="130" pin="0"/><net_sink comp="1711" pin=1"/></net>

<net id="1721"><net_src comp="650" pin="4"/><net_sink comp="1717" pin=0"/></net>

<net id="1722"><net_src comp="102" pin="0"/><net_sink comp="1717" pin=1"/></net>

<net id="1727"><net_src comp="661" pin="4"/><net_sink comp="1723" pin=0"/></net>

<net id="1728"><net_src comp="132" pin="0"/><net_sink comp="1723" pin=1"/></net>

<net id="1734"><net_src comp="1723" pin="2"/><net_sink comp="1729" pin=0"/></net>

<net id="1735"><net_src comp="120" pin="0"/><net_sink comp="1729" pin=1"/></net>

<net id="1736"><net_src comp="673" pin="4"/><net_sink comp="1729" pin=2"/></net>

<net id="1742"><net_src comp="1723" pin="2"/><net_sink comp="1737" pin=0"/></net>

<net id="1743"><net_src comp="1717" pin="2"/><net_sink comp="1737" pin=1"/></net>

<net id="1744"><net_src comp="650" pin="4"/><net_sink comp="1737" pin=2"/></net>

<net id="1750"><net_src comp="1723" pin="2"/><net_sink comp="1745" pin=0"/></net>

<net id="1751"><net_src comp="112" pin="0"/><net_sink comp="1745" pin=1"/></net>

<net id="1752"><net_src comp="1697" pin="4"/><net_sink comp="1745" pin=2"/></net>

<net id="1757"><net_src comp="1723" pin="2"/><net_sink comp="1753" pin=0"/></net>

<net id="1758"><net_src comp="32" pin="0"/><net_sink comp="1753" pin=1"/></net>

<net id="1763"><net_src comp="1707" pin="1"/><net_sink comp="1759" pin=0"/></net>

<net id="1764"><net_src comp="1753" pin="2"/><net_sink comp="1759" pin=1"/></net>

<net id="1769"><net_src comp="696" pin="4"/><net_sink comp="1765" pin=0"/></net>

<net id="1770"><net_src comp="100" pin="0"/><net_sink comp="1765" pin=1"/></net>

<net id="1775"><net_src comp="1765" pin="2"/><net_sink comp="1771" pin=0"/></net>

<net id="1776"><net_src comp="1753" pin="2"/><net_sink comp="1771" pin=1"/></net>

<net id="1781"><net_src comp="684" pin="4"/><net_sink comp="1777" pin=0"/></net>

<net id="1782"><net_src comp="134" pin="0"/><net_sink comp="1777" pin=1"/></net>

<net id="1787"><net_src comp="1777" pin="2"/><net_sink comp="1783" pin=0"/></net>

<net id="1788"><net_src comp="1753" pin="2"/><net_sink comp="1783" pin=1"/></net>

<net id="1793"><net_src comp="1729" pin="3"/><net_sink comp="1789" pin=0"/></net>

<net id="1794"><net_src comp="138" pin="0"/><net_sink comp="1789" pin=1"/></net>

<net id="1801"><net_src comp="126" pin="0"/><net_sink comp="1795" pin=0"/></net>

<net id="1802"><net_src comp="1789" pin="2"/><net_sink comp="1795" pin=1"/></net>

<net id="1803"><net_src comp="56" pin="0"/><net_sink comp="1795" pin=2"/></net>

<net id="1804"><net_src comp="128" pin="0"/><net_sink comp="1795" pin=3"/></net>

<net id="1810"><net_src comp="1783" pin="2"/><net_sink comp="1805" pin=0"/></net>

<net id="1811"><net_src comp="1795" pin="4"/><net_sink comp="1805" pin=1"/></net>

<net id="1812"><net_src comp="1745" pin="3"/><net_sink comp="1805" pin=2"/></net>

<net id="1816"><net_src comp="1789" pin="2"/><net_sink comp="1813" pin=0"/></net>

<net id="1822"><net_src comp="1783" pin="2"/><net_sink comp="1817" pin=0"/></net>

<net id="1823"><net_src comp="1813" pin="1"/><net_sink comp="1817" pin=1"/></net>

<net id="1824"><net_src comp="1759" pin="2"/><net_sink comp="1817" pin=2"/></net>

<net id="1829"><net_src comp="1777" pin="2"/><net_sink comp="1825" pin=0"/></net>

<net id="1830"><net_src comp="32" pin="0"/><net_sink comp="1825" pin=1"/></net>

<net id="1835"><net_src comp="1723" pin="2"/><net_sink comp="1831" pin=0"/></net>

<net id="1836"><net_src comp="1825" pin="2"/><net_sink comp="1831" pin=1"/></net>

<net id="1841"><net_src comp="1771" pin="2"/><net_sink comp="1837" pin=0"/></net>

<net id="1842"><net_src comp="1831" pin="2"/><net_sink comp="1837" pin=1"/></net>

<net id="1848"><net_src comp="1783" pin="2"/><net_sink comp="1843" pin=0"/></net>

<net id="1849"><net_src comp="1789" pin="2"/><net_sink comp="1843" pin=1"/></net>

<net id="1850"><net_src comp="1729" pin="3"/><net_sink comp="1843" pin=2"/></net>

<net id="1855"><net_src comp="1837" pin="2"/><net_sink comp="1851" pin=0"/></net>

<net id="1856"><net_src comp="1783" pin="2"/><net_sink comp="1851" pin=1"/></net>

<net id="1861"><net_src comp="1851" pin="2"/><net_sink comp="1857" pin=0"/></net>

<net id="1862"><net_src comp="1723" pin="2"/><net_sink comp="1857" pin=1"/></net>

<net id="1868"><net_src comp="1857" pin="2"/><net_sink comp="1863" pin=0"/></net>

<net id="1869"><net_src comp="90" pin="0"/><net_sink comp="1863" pin=1"/></net>

<net id="1870"><net_src comp="696" pin="4"/><net_sink comp="1863" pin=2"/></net>

<net id="1878"><net_src comp="96" pin="0"/><net_sink comp="1874" pin=1"/></net>

<net id="1883"><net_src comp="1874" pin="2"/><net_sink comp="1879" pin=0"/></net>

<net id="1884"><net_src comp="1871" pin="1"/><net_sink comp="1879" pin=1"/></net>

<net id="1890"><net_src comp="110" pin="0"/><net_sink comp="1885" pin=0"/></net>

<net id="1891"><net_src comp="1879" pin="2"/><net_sink comp="1885" pin=1"/></net>

<net id="1895"><net_src comp="1885" pin="3"/><net_sink comp="1892" pin=0"/></net>

<net id="1896"><net_src comp="1892" pin="1"/><net_sink comp="283" pin=2"/></net>

<net id="1901"><net_src comp="707" pin="4"/><net_sink comp="1897" pin=0"/></net>

<net id="1902"><net_src comp="102" pin="0"/><net_sink comp="1897" pin=1"/></net>

<net id="1907"><net_src comp="707" pin="4"/><net_sink comp="1903" pin=0"/></net>

<net id="1908"><net_src comp="192" pin="0"/><net_sink comp="1903" pin=1"/></net>

<net id="1912"><net_src comp="717" pin="4"/><net_sink comp="1909" pin=0"/></net>

<net id="1916"><net_src comp="707" pin="4"/><net_sink comp="1913" pin=0"/></net>

<net id="1923"><net_src comp="140" pin="0"/><net_sink comp="1917" pin=0"/></net>

<net id="1924"><net_src comp="717" pin="4"/><net_sink comp="1917" pin=1"/></net>

<net id="1925"><net_src comp="142" pin="0"/><net_sink comp="1917" pin=2"/></net>

<net id="1926"><net_src comp="144" pin="0"/><net_sink comp="1917" pin=3"/></net>

<net id="1931"><net_src comp="1897" pin="2"/><net_sink comp="1927" pin=0"/></net>

<net id="1932"><net_src comp="192" pin="0"/><net_sink comp="1927" pin=1"/></net>

<net id="1944"><net_src comp="1936" pin="1"/><net_sink comp="1939" pin=1"/></net>

<net id="1950"><net_src comp="1933" pin="1"/><net_sink comp="1945" pin=2"/></net>

<net id="1959"><net_src comp="1945" pin="3"/><net_sink comp="1954" pin=1"/></net>

<net id="1960"><net_src comp="1939" pin="3"/><net_sink comp="1954" pin=2"/></net>

<net id="1961"><net_src comp="1954" pin="3"/><net_sink comp="228" pin=2"/></net>

<net id="1966"><net_src comp="1939" pin="3"/><net_sink comp="1962" pin=0"/></net>

<net id="1971"><net_src comp="1945" pin="3"/><net_sink comp="1967" pin=0"/></net>

<net id="1976"><net_src comp="96" pin="0"/><net_sink comp="1972" pin=1"/></net>

<net id="1981"><net_src comp="680" pin="1"/><net_sink comp="1977" pin=0"/></net>

<net id="1982"><net_src comp="136" pin="0"/><net_sink comp="1977" pin=1"/></net>

<net id="1992"><net_src comp="1983" pin="2"/><net_sink comp="1987" pin=0"/></net>

<net id="1993"><net_src comp="136" pin="0"/><net_sink comp="1987" pin=1"/></net>

<net id="1994"><net_src comp="1977" pin="2"/><net_sink comp="1987" pin=2"/></net>

<net id="1999"><net_src comp="657" pin="1"/><net_sink comp="1995" pin=0"/></net>

<net id="2000"><net_src comp="124" pin="0"/><net_sink comp="1995" pin=1"/></net>

<net id="2006"><net_src comp="124" pin="0"/><net_sink comp="2001" pin=1"/></net>

<net id="2007"><net_src comp="1995" pin="2"/><net_sink comp="2001" pin=2"/></net>

<net id="2011"><net_src comp="723" pin="2"/><net_sink comp="2008" pin=0"/></net>

<net id="2012"><net_src comp="2008" pin="1"/><net_sink comp="294" pin=2"/></net>

<net id="2019"><net_src comp="735" pin="2"/><net_sink comp="2016" pin=0"/></net>

<net id="2020"><net_src comp="2016" pin="1"/><net_sink comp="1236" pin=1"/></net>

<net id="2021"><net_src comp="2016" pin="1"/><net_sink comp="1254" pin=0"/></net>

<net id="2025"><net_src comp="765" pin="2"/><net_sink comp="2022" pin=0"/></net>

<net id="2026"><net_src comp="2022" pin="1"/><net_sink comp="1236" pin=0"/></net>

<net id="2030"><net_src comp="771" pin="2"/><net_sink comp="2027" pin=0"/></net>

<net id="2034"><net_src comp="789" pin="2"/><net_sink comp="2031" pin=0"/></net>

<net id="2035"><net_src comp="2031" pin="1"/><net_sink comp="1225" pin=0"/></net>

<net id="2039"><net_src comp="206" pin="1"/><net_sink comp="2036" pin=0"/></net>

<net id="2040"><net_src comp="2036" pin="1"/><net_sink comp="1933" pin=0"/></net>

<net id="2041"><net_src comp="2036" pin="1"/><net_sink comp="1967" pin=1"/></net>

<net id="2045"><net_src comp="210" pin="1"/><net_sink comp="2042" pin=0"/></net>

<net id="2046"><net_src comp="2042" pin="1"/><net_sink comp="1936" pin=0"/></net>

<net id="2047"><net_src comp="2042" pin="1"/><net_sink comp="1962" pin=1"/></net>

<net id="2051"><net_src comp="795" pin="2"/><net_sink comp="2048" pin=0"/></net>

<net id="2052"><net_src comp="2048" pin="1"/><net_sink comp="353" pin=0"/></net>

<net id="2056"><net_src comp="801" pin="2"/><net_sink comp="2053" pin=0"/></net>

<net id="2060"><net_src comp="807" pin="2"/><net_sink comp="2057" pin=0"/></net>

<net id="2064"><net_src comp="813" pin="2"/><net_sink comp="2061" pin=0"/></net>

<net id="2065"><net_src comp="2061" pin="1"/><net_sink comp="364" pin=0"/></net>

<net id="2072"><net_src comp="825" pin="2"/><net_sink comp="2069" pin=0"/></net>

<net id="2073"><net_src comp="2069" pin="1"/><net_sink comp="375" pin=0"/></net>

<net id="2080"><net_src comp="857" pin="3"/><net_sink comp="2077" pin=0"/></net>

<net id="2081"><net_src comp="2077" pin="1"/><net_sink comp="386" pin=0"/></net>

<net id="2085"><net_src comp="901" pin="3"/><net_sink comp="2082" pin=0"/></net>

<net id="2086"><net_src comp="2082" pin="1"/><net_sink comp="948" pin=0"/></net>

<net id="2087"><net_src comp="2082" pin="1"/><net_sink comp="962" pin=0"/></net>

<net id="2091"><net_src comp="909" pin="3"/><net_sink comp="2088" pin=0"/></net>

<net id="2092"><net_src comp="2088" pin="1"/><net_sink comp="408" pin=0"/></net>

<net id="2096"><net_src comp="921" pin="2"/><net_sink comp="2093" pin=0"/></net>

<net id="2097"><net_src comp="2093" pin="1"/><net_sink comp="941" pin=1"/></net>

<net id="2101"><net_src comp="933" pin="3"/><net_sink comp="2098" pin=0"/></net>

<net id="2102"><net_src comp="2098" pin="1"/><net_sink comp="397" pin=0"/></net>

<net id="2106"><net_src comp="962" pin="2"/><net_sink comp="2103" pin=0"/></net>

<net id="2107"><net_src comp="2103" pin="1"/><net_sink comp="419" pin=0"/></net>

<net id="2111"><net_src comp="967" pin="2"/><net_sink comp="2108" pin=0"/></net>

<net id="2112"><net_src comp="2108" pin="1"/><net_sink comp="430" pin=0"/></net>

<net id="2116"><net_src comp="973" pin="4"/><net_sink comp="2113" pin=0"/></net>

<net id="2117"><net_src comp="2113" pin="1"/><net_sink comp="1126" pin=2"/></net>

<net id="2121"><net_src comp="983" pin="1"/><net_sink comp="2118" pin=0"/></net>

<net id="2122"><net_src comp="2118" pin="1"/><net_sink comp="1189" pin=0"/></net>

<net id="2126"><net_src comp="987" pin="2"/><net_sink comp="2123" pin=0"/></net>

<net id="2130"><net_src comp="999" pin="2"/><net_sink comp="2127" pin=0"/></net>

<net id="2131"><net_src comp="2127" pin="1"/><net_sink comp="1126" pin=0"/></net>

<net id="2135"><net_src comp="1005" pin="3"/><net_sink comp="2132" pin=0"/></net>

<net id="2136"><net_src comp="2132" pin="1"/><net_sink comp="1132" pin=0"/></net>

<net id="2137"><net_src comp="2132" pin="1"/><net_sink comp="1154" pin=2"/></net>

<net id="2141"><net_src comp="1013" pin="3"/><net_sink comp="2138" pin=0"/></net>

<net id="2142"><net_src comp="2138" pin="1"/><net_sink comp="441" pin=0"/></net>

<net id="2143"><net_src comp="2138" pin="1"/><net_sink comp="1123" pin=0"/></net>

<net id="2147"><net_src comp="1021" pin="2"/><net_sink comp="2144" pin=0"/></net>

<net id="2148"><net_src comp="2144" pin="1"/><net_sink comp="1189" pin=1"/></net>

<net id="2152"><net_src comp="1045" pin="2"/><net_sink comp="2149" pin=0"/></net>

<net id="2153"><net_src comp="2149" pin="1"/><net_sink comp="1147" pin=0"/></net>

<net id="2154"><net_src comp="2149" pin="1"/><net_sink comp="1154" pin=0"/></net>

<net id="2155"><net_src comp="2149" pin="1"/><net_sink comp="1196" pin=0"/></net>

<net id="2159"><net_src comp="1081" pin="3"/><net_sink comp="2156" pin=0"/></net>

<net id="2160"><net_src comp="2156" pin="1"/><net_sink comp="1160" pin=0"/></net>

<net id="2161"><net_src comp="2156" pin="1"/><net_sink comp="1184" pin=0"/></net>

<net id="2165"><net_src comp="1101" pin="3"/><net_sink comp="2162" pin=0"/></net>

<net id="2166"><net_src comp="2162" pin="1"/><net_sink comp="474" pin=0"/></net>

<net id="2170"><net_src comp="1115" pin="3"/><net_sink comp="2167" pin=0"/></net>

<net id="2171"><net_src comp="2167" pin="1"/><net_sink comp="452" pin=0"/></net>

<net id="2175"><net_src comp="1132" pin="2"/><net_sink comp="2172" pin=0"/></net>

<net id="2176"><net_src comp="2172" pin="1"/><net_sink comp="1193" pin=0"/></net>

<net id="2180"><net_src comp="1154" pin="3"/><net_sink comp="2177" pin=0"/></net>

<net id="2181"><net_src comp="2177" pin="1"/><net_sink comp="463" pin=0"/></net>

<net id="2185"><net_src comp="252" pin="3"/><net_sink comp="2182" pin=0"/></net>

<net id="2186"><net_src comp="2182" pin="1"/><net_sink comp="258" pin=0"/></net>

<net id="2190"><net_src comp="1184" pin="2"/><net_sink comp="2187" pin=0"/></net>

<net id="2191"><net_src comp="2187" pin="1"/><net_sink comp="485" pin=0"/></net>

<net id="2195"><net_src comp="1217" pin="3"/><net_sink comp="2192" pin=0"/></net>

<net id="2196"><net_src comp="2192" pin="1"/><net_sink comp="228" pin=2"/></net>

<net id="2200"><net_src comp="1225" pin="2"/><net_sink comp="2197" pin=0"/></net>

<net id="2201"><net_src comp="2197" pin="1"/><net_sink comp="330" pin=2"/></net>

<net id="2205"><net_src comp="1240" pin="3"/><net_sink comp="2202" pin=0"/></net>

<net id="2206"><net_src comp="2202" pin="1"/><net_sink comp="341" pin=2"/></net>

<net id="2210"><net_src comp="1254" pin="3"/><net_sink comp="2207" pin=0"/></net>

<net id="2211"><net_src comp="2207" pin="1"/><net_sink comp="305" pin=2"/></net>

<net id="2215"><net_src comp="1261" pin="2"/><net_sink comp="2212" pin=0"/></net>

<net id="2216"><net_src comp="2212" pin="1"/><net_sink comp="496" pin=0"/></net>

<net id="2220"><net_src comp="1267" pin="2"/><net_sink comp="2217" pin=0"/></net>

<net id="2224"><net_src comp="1273" pin="2"/><net_sink comp="2221" pin=0"/></net>

<net id="2228"><net_src comp="1279" pin="2"/><net_sink comp="2225" pin=0"/></net>

<net id="2229"><net_src comp="2225" pin="1"/><net_sink comp="507" pin=0"/></net>

<net id="2236"><net_src comp="1291" pin="2"/><net_sink comp="2233" pin=0"/></net>

<net id="2237"><net_src comp="2233" pin="1"/><net_sink comp="518" pin=0"/></net>

<net id="2244"><net_src comp="1323" pin="3"/><net_sink comp="2241" pin=0"/></net>

<net id="2245"><net_src comp="2241" pin="1"/><net_sink comp="529" pin=0"/></net>

<net id="2249"><net_src comp="1367" pin="3"/><net_sink comp="2246" pin=0"/></net>

<net id="2250"><net_src comp="2246" pin="1"/><net_sink comp="1414" pin=0"/></net>

<net id="2251"><net_src comp="2246" pin="1"/><net_sink comp="1428" pin=0"/></net>

<net id="2255"><net_src comp="1375" pin="3"/><net_sink comp="2252" pin=0"/></net>

<net id="2256"><net_src comp="2252" pin="1"/><net_sink comp="551" pin=0"/></net>

<net id="2260"><net_src comp="1387" pin="2"/><net_sink comp="2257" pin=0"/></net>

<net id="2261"><net_src comp="2257" pin="1"/><net_sink comp="1407" pin=1"/></net>

<net id="2265"><net_src comp="1399" pin="3"/><net_sink comp="2262" pin=0"/></net>

<net id="2266"><net_src comp="2262" pin="1"/><net_sink comp="540" pin=0"/></net>

<net id="2270"><net_src comp="1428" pin="2"/><net_sink comp="2267" pin=0"/></net>

<net id="2271"><net_src comp="2267" pin="1"/><net_sink comp="562" pin=0"/></net>

<net id="2275"><net_src comp="1433" pin="2"/><net_sink comp="2272" pin=0"/></net>

<net id="2276"><net_src comp="2272" pin="1"/><net_sink comp="573" pin=0"/></net>

<net id="2280"><net_src comp="1439" pin="4"/><net_sink comp="2277" pin=0"/></net>

<net id="2281"><net_src comp="2277" pin="1"/><net_sink comp="1592" pin=2"/></net>

<net id="2285"><net_src comp="1449" pin="1"/><net_sink comp="2282" pin=0"/></net>

<net id="2286"><net_src comp="2282" pin="1"/><net_sink comp="1655" pin=0"/></net>

<net id="2290"><net_src comp="1453" pin="2"/><net_sink comp="2287" pin=0"/></net>

<net id="2294"><net_src comp="1465" pin="2"/><net_sink comp="2291" pin=0"/></net>

<net id="2295"><net_src comp="2291" pin="1"/><net_sink comp="1592" pin=0"/></net>

<net id="2299"><net_src comp="1471" pin="3"/><net_sink comp="2296" pin=0"/></net>

<net id="2300"><net_src comp="2296" pin="1"/><net_sink comp="1598" pin=0"/></net>

<net id="2301"><net_src comp="2296" pin="1"/><net_sink comp="1620" pin=2"/></net>

<net id="2305"><net_src comp="1479" pin="3"/><net_sink comp="2302" pin=0"/></net>

<net id="2306"><net_src comp="2302" pin="1"/><net_sink comp="584" pin=0"/></net>

<net id="2307"><net_src comp="2302" pin="1"/><net_sink comp="1589" pin=0"/></net>

<net id="2311"><net_src comp="1487" pin="2"/><net_sink comp="2308" pin=0"/></net>

<net id="2312"><net_src comp="2308" pin="1"/><net_sink comp="1655" pin=1"/></net>

<net id="2316"><net_src comp="1511" pin="2"/><net_sink comp="2313" pin=0"/></net>

<net id="2317"><net_src comp="2313" pin="1"/><net_sink comp="1613" pin=0"/></net>

<net id="2318"><net_src comp="2313" pin="1"/><net_sink comp="1620" pin=0"/></net>

<net id="2319"><net_src comp="2313" pin="1"/><net_sink comp="1662" pin=0"/></net>

<net id="2323"><net_src comp="1547" pin="3"/><net_sink comp="2320" pin=0"/></net>

<net id="2324"><net_src comp="2320" pin="1"/><net_sink comp="1626" pin=0"/></net>

<net id="2325"><net_src comp="2320" pin="1"/><net_sink comp="1650" pin=0"/></net>

<net id="2329"><net_src comp="1567" pin="3"/><net_sink comp="2326" pin=0"/></net>

<net id="2330"><net_src comp="2326" pin="1"/><net_sink comp="617" pin=0"/></net>

<net id="2334"><net_src comp="1581" pin="3"/><net_sink comp="2331" pin=0"/></net>

<net id="2335"><net_src comp="2331" pin="1"/><net_sink comp="595" pin=0"/></net>

<net id="2339"><net_src comp="1598" pin="2"/><net_sink comp="2336" pin=0"/></net>

<net id="2340"><net_src comp="2336" pin="1"/><net_sink comp="1659" pin=0"/></net>

<net id="2344"><net_src comp="1620" pin="3"/><net_sink comp="2341" pin=0"/></net>

<net id="2345"><net_src comp="2341" pin="1"/><net_sink comp="606" pin=0"/></net>

<net id="2349"><net_src comp="276" pin="3"/><net_sink comp="2346" pin=0"/></net>

<net id="2350"><net_src comp="2346" pin="1"/><net_sink comp="241" pin=0"/></net>

<net id="2354"><net_src comp="1650" pin="2"/><net_sink comp="2351" pin=0"/></net>

<net id="2355"><net_src comp="2351" pin="1"/><net_sink comp="628" pin=0"/></net>

<net id="2359"><net_src comp="1683" pin="3"/><net_sink comp="2356" pin=0"/></net>

<net id="2360"><net_src comp="2356" pin="1"/><net_sink comp="228" pin=2"/></net>

<net id="2364"><net_src comp="1691" pin="2"/><net_sink comp="2361" pin=0"/></net>

<net id="2365"><net_src comp="2361" pin="1"/><net_sink comp="639" pin=0"/></net>

<net id="2372"><net_src comp="1723" pin="2"/><net_sink comp="2369" pin=0"/></net>

<net id="2373"><net_src comp="2369" pin="1"/><net_sink comp="1983" pin=1"/></net>

<net id="2374"><net_src comp="2369" pin="1"/><net_sink comp="2001" pin=0"/></net>

<net id="2378"><net_src comp="1737" pin="3"/><net_sink comp="2375" pin=0"/></net>

<net id="2379"><net_src comp="2375" pin="1"/><net_sink comp="650" pin=0"/></net>

<net id="2380"><net_src comp="2375" pin="1"/><net_sink comp="1871" pin=0"/></net>

<net id="2384"><net_src comp="1783" pin="2"/><net_sink comp="2381" pin=0"/></net>

<net id="2385"><net_src comp="2381" pin="1"/><net_sink comp="1983" pin=0"/></net>

<net id="2389"><net_src comp="1805" pin="3"/><net_sink comp="2386" pin=0"/></net>

<net id="2390"><net_src comp="2386" pin="1"/><net_sink comp="1885" pin=2"/></net>

<net id="2394"><net_src comp="1817" pin="3"/><net_sink comp="2391" pin=0"/></net>

<net id="2395"><net_src comp="2391" pin="1"/><net_sink comp="1954" pin=0"/></net>

<net id="2399"><net_src comp="1843" pin="3"/><net_sink comp="2396" pin=0"/></net>

<net id="2400"><net_src comp="2396" pin="1"/><net_sink comp="673" pin=0"/></net>

<net id="2404"><net_src comp="1863" pin="3"/><net_sink comp="2401" pin=0"/></net>

<net id="2405"><net_src comp="2401" pin="1"/><net_sink comp="1874" pin=0"/></net>

<net id="2406"><net_src comp="2401" pin="1"/><net_sink comp="1972" pin=0"/></net>

<net id="2410"><net_src comp="283" pin="3"/><net_sink comp="2407" pin=0"/></net>

<net id="2411"><net_src comp="2407" pin="1"/><net_sink comp="258" pin=0"/></net>

<net id="2415"><net_src comp="258" pin="3"/><net_sink comp="2412" pin=0"/></net>

<net id="2416"><net_src comp="2412" pin="1"/><net_sink comp="717" pin=0"/></net>

<net id="2420"><net_src comp="1897" pin="2"/><net_sink comp="2417" pin=0"/></net>

<net id="2421"><net_src comp="2417" pin="1"/><net_sink comp="707" pin=2"/></net>

<net id="2428"><net_src comp="1909" pin="1"/><net_sink comp="2425" pin=0"/></net>

<net id="2429"><net_src comp="2425" pin="1"/><net_sink comp="1939" pin=2"/></net>

<net id="2430"><net_src comp="2425" pin="1"/><net_sink comp="1945" pin=1"/></net>

<net id="2434"><net_src comp="1913" pin="1"/><net_sink comp="2431" pin=0"/></net>

<net id="2435"><net_src comp="2431" pin="1"/><net_sink comp="1939" pin=0"/></net>

<net id="2436"><net_src comp="2431" pin="1"/><net_sink comp="1945" pin=0"/></net>

<net id="2440"><net_src comp="1917" pin="4"/><net_sink comp="2437" pin=0"/></net>

<net id="2441"><net_src comp="2437" pin="1"/><net_sink comp="1951" pin=0"/></net>

<net id="2445"><net_src comp="1927" pin="2"/><net_sink comp="2442" pin=0"/></net>

<net id="2449"><net_src comp="1951" pin="1"/><net_sink comp="2446" pin=0"/></net>

<net id="2450"><net_src comp="2446" pin="1"/><net_sink comp="717" pin=2"/></net>

<net id="2454"><net_src comp="1972" pin="2"/><net_sink comp="2451" pin=0"/></net>

<net id="2455"><net_src comp="2451" pin="1"/><net_sink comp="696" pin=0"/></net>

<net id="2459"><net_src comp="1987" pin="3"/><net_sink comp="2456" pin=0"/></net>

<net id="2460"><net_src comp="2456" pin="1"/><net_sink comp="684" pin=0"/></net>

<net id="2464"><net_src comp="2001" pin="3"/><net_sink comp="2461" pin=0"/></net>

<net id="2465"><net_src comp="2461" pin="1"/><net_sink comp="661" pin=0"/></net>

</net_list>

</model> 
---------------- Datapath Model END ------------------

* FSMD analyzer results:
  - Output states:
	Port: fifo_A_A_IO_L2_in_1_x16 | {5 16 }
	Port: fifo_A_PE_0_0_x125 | {12 23 28 }
 - Input state : 
	Port: A_IO_L2_in_0_x1 : fifo_A_A_IO_L2_in_0_x15 | {5 8 16 19 }
  - Chain level:
	State 1
		specmemcore_ln14211 : 1
		specmemcore_ln14212 : 1
	State 2
		add_ln890_395 : 1
		icmp_ln890 : 1
		br_ln890 : 2
		icmp_ln890334 : 1
		or_ln14221 : 2
		xor_ln14221 : 2
		and_ln14221 : 2
		icmp_ln14223 : 1
		and_ln14221_1 : 2
		or_ln14222 : 2
		xor_ln14222 : 2
		or_ln14222_1 : 2
		and_ln14222 : 2
		br_ln14227 : 2
	State 3
		add_ln691_1517 : 1
		icmp_ln890_1550 : 1
		br_ln14229 : 2
		icmp_ln870_5 : 1
		br_ln14232 : 2
	State 4
		add_ln890_393 : 1
		icmp_ln890_1556 : 1
		br_ln890 : 2
	State 5
	State 6
	State 7
		add_ln890_392 : 1
		icmp_ln890_1555 : 1
		br_ln890 : 2
		add_ln691_1512 : 1
		icmp_ln890_1565 : 1
		select_ln890_513 : 2
		select_ln890_514 : 2
		shl_ln14243 : 3
		xor_ln890_26 : 2
		icmp_ln890_1566 : 1
		and_ln890_66 : 2
		add_ln691_1513 : 3
		or_ln890_24 : 2
		select_ln890_515 : 2
		select_ln890_516 : 2
		zext_ln14243 : 3
		add_ln14243 : 4
		add_ln890_391 : 1
		select_ln890_517 : 2
	State 8
		add_ln14243_1 : 1
		zext_ln14243_2 : 2
		local_A_pong_V_addr : 3
		store_ln14243 : 4
	State 9
		add_ln890_390 : 1
		div_i_i25 : 1
		empty : 1
		icmp_ln890_1554 : 1
		br_ln890 : 2
		add_ln691_1509 : 1
		icmp_ln890_1562 : 1
		select_ln890_507 : 2
		select_ln890_508 : 2
		xor_ln890_25 : 2
		icmp_ln890_1563 : 1
		and_ln890_64 : 2
		icmp_ln890_1564 : 1
		and_ln890_65 : 2
		xor_ln14271 : 2
		or_ln14271 : 2
		and_ln14271 : 2
		or_ln14273 : 2
		or_ln14273_1 : 2
		select_ln14273 : 2
		add_ln890_388 : 1
		or_ln890_23 : 2
		select_ln890_511 : 2
		add_ln890_389 : 1
		select_ln890_512 : 2
	State 10
		div_i_i623_mid1 : 1
		select_ln14271 : 2
		select_ln890_510 : 1
		or_ln12 : 3
		zext_ln14281_1 : 4
		local_A_ping_V_addr_14 : 5
		in_data_V_48 : 6
	State 11
		select_ln14271_1 : 1
		data_split_V_0_163 : 1
		data_split_V_1_215 : 1
		select_ln14287 : 2
	State 12
	State 13
		select_ln890_518 : 1
	State 14
		add_ln691_1516 : 1
		icmp_ln890_1549 : 1
		br_ln14296 : 2
		icmp_ln870 : 1
		br_ln14299 : 2
	State 15
		add_ln890_387 : 1
		icmp_ln890_1553 : 1
		br_ln890 : 2
	State 16
	State 17
	State 18
		add_ln890_386 : 1
		icmp_ln890_1552 : 1
		br_ln890 : 2
		add_ln691_1506 : 1
		icmp_ln890_1560 : 1
		select_ln890_502 : 2
		select_ln890_503 : 2
		shl_ln14310 : 3
		xor_ln890_24 : 2
		icmp_ln890_1561 : 1
		and_ln890_62 : 2
		add_ln691_1507 : 3
		or_ln890_22 : 2
		select_ln890_504 : 2
		select_ln890_505 : 2
		zext_ln14310 : 3
		add_ln14310 : 4
		add_ln890_385 : 1
		select_ln890_506 : 2
	State 19
		add_ln14310_1 : 1
		zext_ln14310_2 : 2
		local_A_ping_V_addr_13 : 3
		store_ln14310 : 4
	State 20
		add_ln890_384 : 1
		div_i_i24 : 1
		empty_2546 : 1
		icmp_ln890_1551 : 1
		br_ln890 : 2
		add_ln691_1503 : 1
		icmp_ln890_1557 : 1
		select_ln890_496 : 2
		select_ln890_497 : 2
		xor_ln890_23 : 2
		icmp_ln890_1558 : 1
		and_ln890_60 : 2
		icmp_ln890_1559 : 1
		and_ln890_61 : 2
		xor_ln14338 : 2
		or_ln14338 : 2
		and_ln14338 : 2
		or_ln14340 : 2
		or_ln14340_1 : 2
		select_ln14340 : 2
		add_ln890_382 : 1
		or_ln890_21 : 2
		select_ln890_500 : 2
		add_ln890_383 : 1
		select_ln890_501 : 2
	State 21
		div_i_i367_mid1 : 1
		select_ln14338 : 2
		select_ln890_499 : 1
		or_ln11 : 3
		zext_ln14348_1 : 4
		local_A_pong_V_addr_7 : 5
		in_data_V_47 : 6
	State 22
		select_ln14338_1 : 1
		data_split_V_0 : 1
		data_split_V_1_214 : 1
		select_ln14354 : 2
	State 23
	State 24
		add_ln890_381 : 1
		div_i_i : 1
		empty_2548 : 1
		icmp_ln890_1545 : 1
		br_ln890 : 2
		add_ln691 : 1
		icmp_ln890_1546 : 1
		select_ln890 : 2
		select_ln890_491 : 2
		select_ln890_492 : 2
		xor_ln890 : 2
		and_ln890 : 2
		icmp_ln890_1547 : 1
		and_ln890_57 : 2
		icmp_ln890_1548 : 1
		and_ln890_58 : 2
		add_ln691_1500 : 3
		div_i_i203_mid1 : 4
		select_ln14376 : 5
		empty_2549 : 4
		select_ln14376_1 : 5
		xor_ln14376 : 2
		or_ln14376 : 2
		and_ln14376 : 2
		select_ln890_493 : 2
		or_ln14378 : 2
		or_ln14378_1 : 2
		select_ln14378 : 2
	State 25
		or_ln : 1
		zext_ln14386_1 : 2
		local_A_ping_V_addr : 3
		in_data_V : 4
	State 26
	State 27
		add_ln691_1502 : 1
		icmp_ln878 : 1
		br_ln14387 : 2
		data_split_V_0_164 : 1
		trunc_ln14388 : 1
		r : 1
		icmp_ln878_74 : 2
	State 28
		data_split_V_1_212 : 1
		data_split_V_1_213 : 1
		select_ln14392 : 2
		write_ln174 : 3
		store_ln14388 : 2
		store_ln14388 : 2
	State 29
		select_ln890_495 : 1


============================================================
+ Verbose Summary: Datapath Resource usage 
============================================================

* Functional unit list:
|----------|----------------------------|---------|---------|
| Operation|       Functional Unit      |    FF   |   LUT   |
|----------|----------------------------|---------|---------|
|          |   select_ln890_513_fu_849  |    0    |    2    |
|          |   select_ln890_514_fu_857  |    0    |    5    |
|          |   select_ln890_515_fu_901  |    0    |    5    |
|          |   select_ln890_516_fu_909  |    0    |    2    |
|          |   select_ln890_517_fu_933  |    0    |    7    |
|          |  select_ln890_507_fu_1005  |    0    |    6    |
|          |  select_ln890_508_fu_1013  |    0    |    2    |
|          |   select_ln14273_fu_1081   |    0    |    5    |
|          |  select_ln890_511_fu_1101  |    0    |    9    |
|          |  select_ln890_512_fu_1115  |    0    |    14   |
|          |  select_ln890_509_fu_1126  |    0    |    4    |
|          |   select_ln14271_fu_1147   |    0    |    4    |
|          |  select_ln890_510_fu_1154  |    0    |    6    |
|          |  select_ln14271_1_fu_1196  |    0    |    2    |
|          |   select_ln14287_fu_1217   |    0    |   221   |
|          |       c2_V_89_fu_1240      |    0    |    8    |
|          |  select_ln890_518_fu_1254  |    0    |    11   |
|          |  select_ln890_502_fu_1315  |    0    |    2    |
|          |  select_ln890_503_fu_1323  |    0    |    5    |
|          |  select_ln890_504_fu_1367  |    0    |    5    |
|          |  select_ln890_505_fu_1375  |    0    |    2    |
|  select  |  select_ln890_506_fu_1399  |    0    |    7    |
|          |  select_ln890_496_fu_1471  |    0    |    6    |
|          |  select_ln890_497_fu_1479  |    0    |    2    |
|          |   select_ln14340_fu_1547   |    0    |    5    |
|          |  select_ln890_500_fu_1567  |    0    |    9    |
|          |  select_ln890_501_fu_1581  |    0    |    14   |
|          |  select_ln890_498_fu_1592  |    0    |    4    |
|          |   select_ln14338_fu_1613   |    0    |    4    |
|          |  select_ln890_499_fu_1620  |    0    |    6    |
|          |  select_ln14338_1_fu_1662  |    0    |    2    |
|          |   select_ln14354_fu_1683   |    0    |   221   |
|          |    select_ln890_fu_1729    |    0    |    6    |
|          |  select_ln890_491_fu_1737  |    0    |    2    |
|          |  select_ln890_492_fu_1745  |    0    |    4    |
|          |   select_ln14376_fu_1805   |    0    |    4    |
|          |  select_ln14376_1_fu_1817  |    0    |    2    |
|          |  select_ln890_493_fu_1843  |    0    |    6    |
|          |   select_ln14378_fu_1863   |    0    |    5    |
|          | data_split_V_1_212_fu_1939 |    0    |   221   |
|          | data_split_V_1_213_fu_1945 |    0    |   221   |
|          |   select_ln14392_fu_1954   |    0    |   221   |
|          |  select_ln890_494_fu_1987  |    0    |    9    |
|          |  select_ln890_495_fu_2001  |    0    |    14   |
|----------|----------------------------|---------|---------|
|          |    add_ln890_395_fu_723    |    0    |    19   |
|          |    add_ln691_1517_fu_795   |    0    |    10   |
|          |    add_ln890_393_fu_813    |    0    |    17   |
|          |    add_ln890_392_fu_825    |    0    |    17   |
|          |    add_ln691_1512_fu_837   |    0    |    12   |
|          |    add_ln691_1513_fu_889   |    0    |    9    |
|          |     add_ln14243_fu_921     |    0    |    12   |
|          |    add_ln890_391_fu_927    |    0    |    14   |
|          |    add_ln14243_1_fu_951    |    0    |    16   |
|          |    add_ln691_1514_fu_962   |    0    |    12   |
|          |    add_ln890_390_fu_967    |    0    |    21   |
|          |    add_ln691_1509_fu_993   |    0    |    9    |
|          |    add_ln890_388_fu_1089   |    0    |    16   |
|          |    add_ln890_389_fu_1109   |    0    |    21   |
|          |   add_ln691_1510_fu_1132   |    0    |    13   |
|          |     add_ln14281_fu_1165    |    0    |    12   |
|          |   add_ln691_1511_fu_1184   |    0    |    12   |
|          |   add_ln691_1515_fu_1230   |    0    |    15   |
|          |    add_ln890_394_fu_1248   |    0    |    18   |
|          |   add_ln691_1516_fu_1261   |    0    |    10   |
|          |    add_ln890_387_fu_1279   |    0    |    17   |
|    add   |    add_ln890_386_fu_1291   |    0    |    17   |
|          |   add_ln691_1506_fu_1303   |    0    |    12   |
|          |   add_ln691_1507_fu_1355   |    0    |    9    |
|          |     add_ln14310_fu_1387    |    0    |    12   |
|          |    add_ln890_385_fu_1393   |    0    |    14   |
|          |    add_ln14310_1_fu_1417   |    0    |    16   |
|          |   add_ln691_1508_fu_1428   |    0    |    12   |
|          |    add_ln890_384_fu_1433   |    0    |    21   |
|          |   add_ln691_1503_fu_1459   |    0    |    9    |
|          |    add_ln890_382_fu_1555   |    0    |    16   |
|          |    add_ln890_383_fu_1575   |    0    |    21   |
|          |   add_ln691_1504_fu_1598   |    0    |    13   |
|          |     add_ln14348_fu_1631    |    0    |    12   |
|          |   add_ln691_1505_fu_1650   |    0    |    12   |
|          |    add_ln890_381_fu_1691   |    0    |    21   |
|          |      add_ln691_fu_1717     |    0    |    9    |
|          |   add_ln691_1500_fu_1789   |    0    |    13   |
|          |     add_ln14386_fu_1879    |    0    |    12   |
|          |   add_ln691_1502_fu_1897   |    0    |    9    |
|          |   add_ln691_1501_fu_1972   |    0    |    12   |
|          |      add_ln890_fu_1977     |    0    |    16   |
|          |    add_ln890_380_fu_1995   |    0    |    21   |
|----------|----------------------------|---------|---------|
|          |      icmp_ln890_fu_729     |    0    |    12   |
|          |    icmp_ln890334_fu_735    |    0    |    11   |
|          |     icmp_ln14223_fu_759    |    0    |    11   |
|          |   icmp_ln890_1550_fu_801   |    0    |    8    |
|          |     icmp_ln870_5_fu_807    |    0    |    8    |
|          |   icmp_ln890_1556_fu_819   |    0    |    11   |
|          |   icmp_ln890_1555_fu_831   |    0    |    11   |
|          |   icmp_ln890_1565_fu_843   |    0    |    10   |
|          |   icmp_ln890_1566_fu_877   |    0    |    9    |
|          |   icmp_ln890_1554_fu_987   |    0    |    12   |
|          |   icmp_ln890_1562_fu_999   |    0    |    12   |
|          |   icmp_ln890_1563_fu_1027  |    0    |    9    |
|          |   icmp_ln890_1564_fu_1039  |    0    |    11   |
|          |   icmp_ln890_1549_fu_1267  |    0    |    8    |
|   icmp   |     icmp_ln870_fu_1273     |    0    |    8    |
|          |   icmp_ln890_1553_fu_1285  |    0    |    11   |
|          |   icmp_ln890_1552_fu_1297  |    0    |    11   |
|          |   icmp_ln890_1560_fu_1309  |    0    |    10   |
|          |   icmp_ln890_1561_fu_1343  |    0    |    9    |
|          |   icmp_ln890_1551_fu_1453  |    0    |    12   |
|          |   icmp_ln890_1557_fu_1465  |    0    |    12   |
|          |   icmp_ln890_1558_fu_1493  |    0    |    9    |
|          |   icmp_ln890_1559_fu_1505  |    0    |    11   |
|          |   icmp_ln890_1545_fu_1711  |    0    |    12   |
|          |   icmp_ln890_1546_fu_1723  |    0    |    12   |
|          |   icmp_ln890_1547_fu_1765  |    0    |    9    |
|          |   icmp_ln890_1548_fu_1777  |    0    |    11   |
|          |     icmp_ln878_fu_1903     |    0    |    8    |
|          |    icmp_ln878_74_fu_1927   |    0    |    8    |
|----------|----------------------------|---------|---------|
|          |      or_ln14221_fu_741     |    0    |    2    |
|          |      or_ln14222_fu_771     |    0    |    2    |
|          |     or_ln14222_1_fu_783    |    0    |    2    |
|          |     or_ln890_24_fu_895     |    0    |    2    |
|          |     or_ln14271_fu_1057     |    0    |    2    |
|          |     or_ln14273_fu_1069     |    0    |    2    |
|          |    or_ln14273_1_fu_1075    |    0    |    2    |
|          |     or_ln890_23_fu_1095    |    0    |    2    |
|    or    |      or_ln691_fu_1236      |    0    |    2    |
|          |     or_ln890_22_fu_1361    |    0    |    2    |
|          |     or_ln14338_fu_1523     |    0    |    2    |
|          |     or_ln14340_fu_1535     |    0    |    2    |
|          |    or_ln14340_1_fu_1541    |    0    |    2    |
|          |     or_ln890_21_fu_1561    |    0    |    2    |
|          |     or_ln14376_fu_1831     |    0    |    2    |
|          |     or_ln14378_fu_1851     |    0    |    2    |
|          |    or_ln14378_1_fu_1857    |    0    |    2    |
|          |      or_ln890_fu_1983      |    0    |    2    |
|----------|----------------------------|---------|---------|
|          |     and_ln14221_fu_753     |    0    |    2    |
|          |    and_ln14221_1_fu_765    |    0    |    2    |
|          |     and_ln14222_fu_789     |    0    |    2    |
|          |     and_ln890_66_fu_883    |    0    |    2    |
|          |    and_ln890_64_fu_1033    |    0    |    2    |
|          |    and_ln890_65_fu_1045    |    0    |    2    |
|          |     and_ln14271_fu_1063    |    0    |    2    |
|          |    and_ln890_63_fu_1189    |    0    |    2    |
|    and   |    and_ln890_62_fu_1349    |    0    |    2    |
|          |    and_ln890_60_fu_1499    |    0    |    2    |
|          |    and_ln890_61_fu_1511    |    0    |    2    |
|          |     and_ln14338_fu_1529    |    0    |    2    |
|          |    and_ln890_59_fu_1655    |    0    |    2    |
|          |      and_ln890_fu_1759     |    0    |    2    |
|          |    and_ln890_57_fu_1771    |    0    |    2    |
|          |    and_ln890_58_fu_1783    |    0    |    2    |
|          |     and_ln14376_fu_1837    |    0    |    2    |
|----------|----------------------------|---------|---------|
|          |     xor_ln14221_fu_747     |    0    |    2    |
|          |     xor_ln14222_fu_777     |    0    |    2    |
|          |     xor_ln890_26_fu_871    |    0    |    2    |
|          |    xor_ln890_25_fu_1021    |    0    |    2    |
|          |     xor_ln14271_fu_1051    |    0    |    2    |
|    xor   |         arb_fu_1225        |    0    |    2    |
|          |    xor_ln890_24_fu_1337    |    0    |    2    |
|          |    xor_ln890_23_fu_1487    |    0    |    2    |
|          |     xor_ln14338_fu_1517    |    0    |    2    |
|          |      xor_ln890_fu_1753     |    0    |    2    |
|          |     xor_ln14376_fu_1825    |    0    |    2    |
|----------|----------------------------|---------|---------|
|   read   |       grp_read_fu_214      |    0    |    0    |
|----------|----------------------------|---------|---------|
|   write  |      grp_write_fu_220      |    0    |    0    |
|          |      grp_write_fu_228      |    0    |    0    |
|----------|----------------------------|---------|---------|
|          |     shl_ln14243_fu_865     |    0    |    0    |
|          |     shl_ln14281_fu_1160    |    0    |    0    |
|    shl   |     shl_ln14310_fu_1331    |    0    |    0    |
|          |     shl_ln14348_fu_1626    |    0    |    0    |
|          |     shl_ln14386_fu_1874    |    0    |    0    |
|----------|----------------------------|---------|---------|
|          |     zext_ln14243_fu_917    |    0    |    0    |
|          |    zext_ln14243_1_fu_948   |    0    |    0    |
|          |    zext_ln14243_2_fu_957   |    0    |    0    |
|          |    zext_ln14281_fu_1123    |    0    |    0    |
|          |   zext_ln14281_1_fu_1179   |    0    |    0    |
|          |    zext_ln14310_fu_1383    |    0    |    0    |
|   zext   |   zext_ln14310_1_fu_1414   |    0    |    0    |
|          |   zext_ln14310_2_fu_1423   |    0    |    0    |
|          |    zext_ln14348_fu_1589    |    0    |    0    |
|          |   zext_ln14348_1_fu_1645   |    0    |    0    |
|          |    zext_ln14386_fu_1871    |    0    |    0    |
|          |   zext_ln14386_1_fu_1892   |    0    |    0    |
|          |     zext_ln1497_fu_1951    |    0    |    0    |
|----------|----------------------------|---------|---------|
|          |    tmp_1007_cast_fu_941    |    0    |    0    |
|          |       or_ln12_fu_1171      |    0    |    0    |
|bitconcatenate|    tmp_1001_cast_fu_1407   |    0    |    0    |
|          |       or_ln11_fu_1637      |    0    |    0    |
|          |        or_ln_fu_1885       |    0    |    0    |
|----------|----------------------------|---------|---------|
|          |      div_i_i25_fu_973      |    0    |    0    |
|          |   div_i_i623_mid1_fu_1137  |    0    |    0    |
|          | data_split_V_1_215_fu_1207 |    0    |    0    |
|          |      div_i_i24_fu_1439     |    0    |    0    |
|partselect|   div_i_i367_mid1_fu_1603  |    0    |    0    |
|          | data_split_V_1_214_fu_1673 |    0    |    0    |
|          |       div_i_i_fu_1697      |    0    |    0    |
|          |   div_i_i203_mid1_fu_1795  |    0    |    0    |
|          |          r_fu_1917         |    0    |    0    |
|----------|----------------------------|---------|---------|
|          |        empty_fu_983        |    0    |    0    |
|          |     empty_2545_fu_1193     |    0    |    0    |
|          | data_split_V_0_163_fu_1203 |    0    |    0    |
|          |     empty_2546_fu_1449     |    0    |    0    |
|   trunc  |     empty_2547_fu_1659     |    0    |    0    |
|          |   data_split_V_0_fu_1669   |    0    |    0    |
|          |     empty_2548_fu_1707     |    0    |    0    |
|          |     empty_2549_fu_1813     |    0    |    0    |
|          | data_split_V_0_164_fu_1909 |    0    |    0    |
|          |    trunc_ln14388_fu_1913   |    0    |    0    |
|----------|----------------------------|---------|---------|
|   Total  |                            |    0    |   2321  |
|----------|----------------------------|---------|---------|

Memories:
+--------------+--------+--------+--------+
|              |  BRAM  |   FF   |   LUT  |
+--------------+--------+--------+--------+
|local_A_ping_V|    8   |    0   |    0   |
|local_A_pong_V|    8   |    0   |    0   |
+--------------+--------+--------+--------+
|     Total    |   16   |    0   |    0   |
+--------------+--------+--------+--------+

* Register list:
+-------------------------------+--------+
|                               |   FF   |
+-------------------------------+--------+
|      add_ln14243_reg_2093     |    5   |
|      add_ln14310_reg_2257     |    5   |
|    add_ln691_1501_reg_2451    |    5   |
|    add_ln691_1502_reg_2417    |    2   |
|    add_ln691_1504_reg_2336    |    6   |
|    add_ln691_1505_reg_2351    |    5   |
|    add_ln691_1508_reg_2267    |    5   |
|    add_ln691_1510_reg_2172    |    6   |
|    add_ln691_1511_reg_2187    |    5   |
|    add_ln691_1514_reg_2103    |    5   |
|    add_ln691_1516_reg_2212    |    3   |
|    add_ln691_1517_reg_2048    |    3   |
|     add_ln890_381_reg_2361    |   14   |
|     add_ln890_384_reg_2272    |   14   |
|     add_ln890_386_reg_2233    |   10   |
|     add_ln890_387_reg_2225    |   10   |
|     add_ln890_390_reg_2108    |   14   |
|     add_ln890_392_reg_2069    |   10   |
|     add_ln890_393_reg_2061    |   10   |
|     add_ln890_395_reg_2008    |   12   |
|     and_ln14221_1_reg_2022    |    1   |
|      and_ln14222_reg_2031     |    1   |
|     and_ln890_58_reg_2381     |    1   |
|     and_ln890_61_reg_2313     |    1   |
|     and_ln890_65_reg_2149     |    1   |
|         arb_39_reg_326        |    1   |
|          arb_reg_2197         |    1   |
|        c2_V_89_reg_2202       |    8   |
|          c2_V_reg_337         |    8   |
|         c3_V_5_reg_349        |    3   |
|          c3_V_reg_492         |    3   |
|        c4_V_95_reg_382        |    5   |
|          c4_V_reg_525         |    5   |
|        c5_V_149_reg_580       |    2   |
|        c5_V_150_reg_547       |    2   |
|        c5_V_151_reg_437       |    2   |
|        c5_V_152_reg_404       |    2   |
|          c5_V_reg_646         |    2   |
|        c6_V_136_reg_602       |    6   |
|        c6_V_137_reg_459       |    6   |
|        c6_V_138_reg_558       |    5   |
|        c6_V_139_reg_415       |    5   |
|          c6_V_reg_669         |    6   |
|        c8_V_27_reg_624        |    5   |
|        c8_V_28_reg_481        |    5   |
|          c8_V_reg_692         |    5   |
|  data_split_V_0_164_reg_2425  |   256  |
|  data_split_V_1_210_reg_2042  |   256  |
|    data_split_V_1_reg_2036    |   256  |
|       div_i_i24_reg_2277      |    4   |
|       div_i_i25_reg_2113      |    4   |
|      empty_2546_reg_2282      |    1   |
|         empty_reg_2118        |    1   |
|     icmp_ln870_5_reg_2057     |    1   |
|      icmp_ln870_reg_2221      |    1   |
|     icmp_ln878_74_reg_2442    |    1   |
|     icmp_ln890334_reg_2016    |    1   |
|    icmp_ln890_1546_reg_2369   |    1   |
|    icmp_ln890_1549_reg_2217   |    1   |
|    icmp_ln890_1550_reg_2053   |    1   |
|    icmp_ln890_1551_reg_2287   |    1   |
|    icmp_ln890_1554_reg_2123   |    1   |
|    icmp_ln890_1557_reg_2291   |    1   |
|    icmp_ln890_1562_reg_2127   |    1   |
|       in_data_V_reg_2412      |   512  |
|   indvar_flatten103_reg_514   |   10   |
|   indvar_flatten123_reg_503   |   10   |
|   indvar_flatten131_reg_613   |    9   |
|    indvar_flatten13_reg_371   |   10   |
|   indvar_flatten143_reg_591   |   14   |
|   indvar_flatten171_reg_569   |   14   |
|   indvar_flatten179_reg_301   |   11   |
|   indvar_flatten193_reg_290   |   12   |
|   indvar_flatten201_reg_680   |    9   |
|   indvar_flatten217_reg_657   |   14   |
|   indvar_flatten251_reg_635   |   14   |
|    indvar_flatten33_reg_360   |   10   |
|    indvar_flatten41_reg_470   |    9   |
|    indvar_flatten53_reg_448   |   14   |
|    indvar_flatten81_reg_426   |   14   |
|    indvar_flatten89_reg_536   |    7   |
|     indvar_flatten_reg_393    |    7   |
|     intra_trans_en_reg_313    |    1   |
|local_A_ping_V_addr_14_reg_2182|    9   |
|  local_A_ping_V_addr_reg_2407 |    9   |
| local_A_pong_V_addr_7_reg_2346|    9   |
|          n_V_reg_703          |    2   |
|      or_ln14222_reg_2027      |    1   |
|        p_Val2_s_reg_714       |   512  |
|           r_reg_2437          |   256  |
|    select_ln14273_reg_2156    |    5   |
|    select_ln14287_reg_2192    |   256  |
|    select_ln14340_reg_2320    |    5   |
|    select_ln14354_reg_2356    |   256  |
|   select_ln14376_1_reg_2391   |    1   |
|    select_ln14376_reg_2386    |    4   |
|    select_ln14378_reg_2401    |    5   |
|   select_ln890_491_reg_2375   |    2   |
|   select_ln890_493_reg_2396   |    6   |
|   select_ln890_494_reg_2456   |    9   |
|   select_ln890_495_reg_2461   |   14   |
|   select_ln890_496_reg_2296   |    6   |
|   select_ln890_497_reg_2302   |    2   |
|   select_ln890_499_reg_2341   |    6   |
|   select_ln890_500_reg_2326   |    9   |
|   select_ln890_501_reg_2331   |   14   |
|   select_ln890_503_reg_2241   |    5   |
|   select_ln890_504_reg_2246   |    5   |
|   select_ln890_505_reg_2252   |    2   |
|   select_ln890_506_reg_2262   |    7   |
|   select_ln890_507_reg_2132   |    6   |
|   select_ln890_508_reg_2138   |    2   |
|   select_ln890_510_reg_2177   |    6   |
|   select_ln890_511_reg_2162   |    9   |
|   select_ln890_512_reg_2167   |   14   |
|   select_ln890_514_reg_2077   |    5   |
|   select_ln890_515_reg_2082   |    5   |
|   select_ln890_516_reg_2088   |    2   |
|   select_ln890_517_reg_2098   |    7   |
|   select_ln890_518_reg_2207   |   11   |
|     trunc_ln14388_reg_2431    |    1   |
|     xor_ln890_23_reg_2308     |    1   |
|     xor_ln890_25_reg_2144     |    1   |
|      zext_ln1497_reg_2446     |   512  |
+-------------------------------+--------+
|             Total             |  3730  |
+-------------------------------+--------+

* Multiplexer (MUX) list: 
|---------------------------|------|------|------|--------||---------||---------|
|            Comp           |  Pin | Size |  BW  | S x BW ||  Delay  ||   LUT   |
|---------------------------|------|------|------|--------||---------||---------|
|      grp_write_fu_228     |  p2  |   3  |  256 |   768  ||    14   |
|     grp_access_fu_241     |  p0  |   2  |   9  |   18   ||    9    |
|     grp_access_fu_258     |  p0  |   4  |   9  |   36   ||    20   |
| indvar_flatten179_reg_301 |  p0  |   2  |  11  |   22   ||    9    |
|   intra_trans_en_reg_313  |  p0  |   2  |   1  |    2   |
|        c2_V_reg_337       |  p0  |   2  |   8  |   16   ||    9    |
| indvar_flatten217_reg_657 |  p0  |   2  |  14  |   28   ||    9    |
| indvar_flatten201_reg_680 |  p0  |   2  |   9  |   18   ||    9    |
|---------------------------|------|------|------|--------||---------||---------|
|           Total           |      |      |      |   908  || 3.19457 ||    79   |
|---------------------------|------|------|------|--------||---------||---------|



* Summary:
+-----------+--------+--------+--------+--------+
|           |  BRAM  |  Delay |   FF   |   LUT  |
+-----------+--------+--------+--------+--------+
|  Function |    -   |    -   |    0   |  2321  |
|   Memory  |   16   |    -   |    0   |    0   |
|Multiplexer|    -   |    3   |    -   |   79   |
|  Register |    -   |    -   |  3730  |    -   |
+-----------+--------+--------+--------+--------+
|   Total   |   16   |    3   |  3730  |  2400  |
+-----------+--------+--------+--------+--------+
